/* Script generated Thu Feb 23 2017 19:12:45 GMT-0500 (Eastern Standard Time)*/

DROP VIEW IF EXISTS AgeCategoryStatistics;
DROP VIEW IF EXISTS Reactions;
DROP TABLE IF EXISTS studyperiod ;
DROP TABLE IF EXISTS workperiod  ;
DROP TABLE IF EXISTS message  ;
DROP TABLE IF EXISTS commentreaction  ;
DROP TABLE IF EXISTS comment  ;
DROP TABLE IF EXISTS postreaction  ;
DROP TABLE IF EXISTS post  ;
DROP TABLE IF EXISTS wall  ;
DROP TABLE IF EXISTS partof  ;
DROP TABLE IF EXISTS follows  ;
DROP TABLE IF EXISTS users  ;
DROP TABLE IF EXISTS conversation  ;
DROP TABLE IF EXISTS workplace  ;
DROP TABLE IF EXISTS school  ;
DROP TABLE IF EXISTS organization  ;
DROP TABLE IF EXISTS location  ;

/* It is impossible for an email to contain more than 320 characters */
CREATE TABLE Location(
  city VARCHAR(50) NOT NULL,
  country VARCHAR(50) NOT NULL,
  PRIMARY KEY (city, country)
);
CREATE TABLE Users(
  email VARCHAR(320) PRIMARY KEY CHECK (email ~ '^[a-zA-Z0-9\-.]+@[a-zA-Z0-9\-]+\.[a-zA-Z0-9\-.]+$'),
  first_name VARCHAR(50) NOT NULL,
  last_name VARCHAR(50) NOT NULL,
  birthday DATE NOT NULL,
  password VARCHAR(20) NOT NULL,
  gender VARCHAR(1) NOT NULL CHECK (gender='m' OR gender='f' OR gender='o'),
  city VARCHAR(50),
  country VARCHAR(50),
  FOREIGN KEY (city, country) REFERENCES Location(city, country)
);
CREATE TABLE Conversation(
  convo_id SERIAL PRIMARY KEY,
  name VARCHAR(100) NOT NULL
);
CREATE TABLE PartOf(
  email VARCHAR(320) REFERENCES Users(email),
  convo_id SERIAL REFERENCES Conversation(convo_id),
  PRIMARY KEY (email, convo_id)
);
CREATE TABLE Message(
  msg_id SERIAL PRIMARY KEY,
  email VARCHAR(320) REFERENCES Users(email),
  convo_id SERIAL REFERENCES Conversation(convo_id),
  time TIMESTAMP DEFAULT current_timestamp NOT NULL,
  content VARCHAR(2000) NOT NULL
);
/* Wall description is not required, permissions are stored as numbered values */
CREATE TABLE Wall(
  wall_id SERIAL PRIMARY KEY,
  descr VARCHAR(500),
  permission SMALLINT DEFAULT 0 NOT NULL,
  email VARCHAR(320) REFERENCES Users(email)
);
CREATE TABLE Post(
  pid SERIAL PRIMARY KEY,
  wall_id SERIAL REFERENCES Wall(wall_id),
  email VARCHAR(320) REFERENCES Users(email),
  date TIMESTAMP DEFAULT current_timestamp NOT NULL,
  text VARCHAR(2000) NOT NULL,
  url VARCHAR(2000)
);
CREATE TABLE Comment(
  cid SERIAL PRIMARY KEY,
  pid SERIAL REFERENCES Post(pid),
  email VARCHAR(320) REFERENCES Users(email),
  text TEXT NOT NULL,
  time TIMESTAMP DEFAULT current_timestamp NOT NULL
);

/*
Description is not required. Phone numbers are stored as characters, we chose a length
of 20 because it seemed reasonable. There are no phone numbers with more than 20 characters.
 */
CREATE TABLE Organization(
  org_id SERIAL PRIMARY KEY,
  name VARCHAR(100) NOT NULL,
  description VARCHAR(500),
  phone_number VARCHAR(20) NOT NULL,
  address VARCHAR(100) NOT NULL,
  email VARCHAR(320) CHECK (email ~ '^[a-zA-Z0-9\-.]+@[a-zA-Z0-9\-]+\.[a-zA-Z0-9\-.]+$'),
  city VARCHAR(50),
  country VARCHAR(50),
  FOREIGN KEY (city, country) REFERENCES Location(city, country)
);
CREATE TABLE School(
  org_id SERIAL REFERENCES Organization(org_id) PRIMARY KEY
);
CREATE TABLE Workplace(
  org_id SERIAL REFERENCES Organization(org_id) PRIMARY KEY
);
CREATE TABLE CommentReaction(
  cid SERIAL REFERENCES Comment(cid),
  email VARCHAR(320) REFERENCES Users(email),
  type VARCHAR(7) CHECK (type IN ('angry', 'happy', 'sad', 'like', 'excited')),
  PRIMARY KEY (cid, email)
);
CREATE TABLE PostReaction(
  pid SERIAL REFERENCES Post(pid),
  email VARCHAR(320) REFERENCES Users(email),
  type VARCHAR(7) CHECK (type IN ('angry', 'happy', 'sad', 'like', 'excited')),
  PRIMARY KEY (pid, email)
);
CREATE TABLE Follows(
  follower VARCHAR(320) REFERENCES Users(email),
  followed_by VARCHAR(320) REFERENCES Users(email),
  since TIMESTAMP DEFAULT current_timestamp NOT NULL
);
CREATE TABLE WorkPeriod(
  email VARCHAR(320) REFERENCES Users(email),
  org_id SERIAL REFERENCES Workplace(org_id),
  from_date DATE NOT NULL,
  to_date DATE NOT NULL,
  job_title VARCHAR(100) NOT NULL,
  CHECK (from_date <= to_date),
PRIMARY KEY (email,org_id,from_date,to_date)
);
CREATE TABLE StudyPeriod(
  email VARCHAR(320) REFERENCES Users(email),
  org_id SERIAL REFERENCES School(org_id),
  from_date DATE NOT NULL,
  to_date DATE NOT NULL,
  edu_level VARCHAR(100) NOT NULL,
  CHECK (from_date <= to_date),
  PRIMARY KEY (email,org_id,from_date,to_date)
);/nINSERT INTO location values('Santa Rita', 'Guam') ;
INSERT INTO location values('Monrovia', 'Liberia') ;
INSERT INTO location values('Baku', 'Azerbaijan') ;
INSERT INTO location values('Maseru', 'Lesotho') ;
INSERT INTO location values('Naifaru', 'Maldives') ;
INSERT INTO location values('Saipan', 'Northern Mariana Islands') ;
INSERT INTO location values('Lovran', 'Croatia') ;
INSERT INTO location values('Lilongwe', 'Malawi') ;
INSERT INTO location values('Funafuti', 'Tuvalu') ;
INSERT INTO location values('Belhar', 'South Africa') ;
INSERT INTO location values('Gibraltar', 'Gibraltar') ;
INSERT INTO location values('Colo', 'United States') ;
INSERT INTO location values('Climax', 'United States') ;
INSERT INTO location values('Schellenberg', 'Liechtenstein') ;
INSERT INTO location values('Niamey', 'Niger') ;
INSERT INTO location values('Salem', 'Montserrat') ;
INSERT INTO location values('Adamstown', 'Pitcairn Islands') ;
INSERT INTO location values('Dang', 'India') ;
INSERT INTO location values('Punta del Este', 'Uruguay') ;
INSERT INTO location values('Davy Hill', 'Montserrat') ;
INSERT INTO location values('Philipsburg', 'Sint Maarten') ;
INSERT INTO location values('Beira', 'Mozambique') ;
INSERT INTO location values('Jacmel', 'Haiti') ;
INSERT INTO location values('Morvant', 'Trinidad and Tobago') ;
INSERT INTO location values('Mladkov', 'Czech Republic') ;
INSERT INTO location values('Budva', 'Montenegro') ;
INSERT INTO location values('Akranes', 'Iceland') ;
INSERT INTO location values('Grand Cul-de-Sac', 'Saint-Barthelemy') ;
INSERT INTO location values('Alofi', 'Niue') ;
INSERT INTO location values('Bujumbura', 'Burundi') ;
INSERT INTO location values('Zolotarevka', 'Russia') ;
INSERT INTO location values('Ban Don Sak', 'Thailand') ;
INSERT INTO location values('Umwa Village', 'Kiribati') ;
INSERT INTO location values('Hvalba', 'Faroe Islands') ;
INSERT INTO location values('Bermudez', 'Colombia') ;
INSERT INTO location values('Floreal', 'Mauritius') ;
INSERT INTO location values('Nara', 'Japan') ;
INSERT INTO location values('Presteigne', 'United Kingdom') ;
INSERT INTO location values('American Samoa', 'American Samoa') ;
INSERT INTO location values('Canelones', 'Uruguay') ;
INSERT INTO location values('Sansanne-Mango', 'Togo') ;
INSERT INTO location values('Ruggell', 'Liechtenstein') ;
INSERT INTO location values('Samphanthawong', 'Thailand') ;
INSERT INTO location values('Pannipitiya', 'Sri Lanka') ;
INSERT INTO location values('Kabul', 'Afghanistan') ;
INSERT INTO location values('Antarctica', 'Antarctica') ;
INSERT INTO location values('Pyongyang', 'North Korea') ;
INSERT INTO location values('Bangui', 'Central African Republic') ;
INSERT INTO location values('Hamilton', 'Bermuda') ;
INSERT INTO location values('Mampong', 'Ghana') ;
INSERT INTO location values('Abadan', 'Iran') ;
INSERT INTO location values('La Habana', 'Cuba') ;
INSERT INTO location values('Mogadishu', 'Somalia') ;
INSERT INTO location values('Ma¶nni', 'Finland') ;
INSERT INTO location values('Loo', 'Estonia') ;
INSERT INTO location values('Bamako', 'Mali') ;
INSERT INTO location values('Rodange', 'Luxembourg') ;
INSERT INTO location values('Stanley', 'Falkland Islands') ;
INSERT INTO location values('Kourou', 'French Guiana') ;
INSERT INTO location values('Dili', 'East Timor') ;
INSERT INTO location values('Holmestrand', 'Norway') ;
INSERT INTO location values('Chlorakas', 'Cyprus') ;
INSERT INTO location values('Dauphin', 'Saint Lucia') ;
INSERT INTO location values('Darganata', 'Turkmenistan') ;
INSERT INTO location values('Zabbar', 'Malta') ;
INSERT INTO location values('Teixoso', 'Portugal') ;
INSERT INTO location values('Marchtrenk', 'Austria') ;
INSERT INTO location values('Tiaret', 'Algeria') ;
INSERT INTO location values('Vredeberg', 'Curaa§ao') ;
INSERT INTO location values('Thabit', 'Sudan') ;
INSERT INTO location values('San Jose de Ocoa', 'Dominican Republic') ;
INSERT INTO location values('Vientiane', 'Laos') ;
INSERT INTO location values('Villarrica', 'Paraguay') ;
INSERT INTO location values('Madaba', 'Hashemite Kingdom of Jordan') ;
INSERT INTO location values('Dushanbe', 'Tajikistan') ;
INSERT INTO location values('Phuntsholing', 'Bhutan') ;
INSERT INTO location values('Jimani', 'Dominican Republic') ;
INSERT INTO location values('Slatina', 'Bulgaria') ;
INSERT INTO location values('Gwanda', 'Zimbabwe') ;
INSERT INTO location values('Tandang Sora', 'Philippines') ;
INSERT INTO location values('Arusha', 'Tanzania') ;
INSERT INTO location values('Made', 'Malawi') ;
INSERT INTO location values('Oliveira do Douro', 'Portugal') ;
INSERT INTO location values('Batna City', 'Algeria') ;
INSERT INTO location values('Dunmore Town', 'Bahamas') ;
INSERT INTO location values('Ruwi', 'Oman') ;
INSERT INTO location values('Nizwa', 'Oman') ;
INSERT INTO location values('Obernberg', 'Austria') ;
INSERT INTO location values('Arecibo', 'Puerto Rico') ;
INSERT INTO location values('Rana', 'Afghanistan') ;
INSERT INTO location values('Salt', 'Hashemite Kingdom of Jordan') ;
INSERT INTO location values('A¶egums', 'Latvia') ;
INSERT INTO location values('Vargas', 'Venezuela') ;
INSERT INTO location values('Negeribesar', 'Indonesia') ;
INSERT INTO location values('Cotonou', 'Benin') ;
INSERT INTO location values('Az Zamalik', 'Egypt') ;
INSERT INTO location values('Shar', 'Afghanistan') ;
INSERT INTO location values('Emmastad', 'Curaa§ao') ;
INSERT INTO location values('Blantyre', 'Malawi') ;
INSERT INTO location values('Vailala', 'Wallis and Futuna') ;
/* Script generated Thu Feb 23 2017 19:12:45 GMT-0500 (Eastern Standard Time)*/

INSERT INTO users values('smiley-metal@icloud.fr','Earl','Watkins','Fri Mar 23 1973', 'cacbeburik','m','Presteigne','United Kingdom') ;
INSERT INTO users values('selfish-house@sympatico.io','Eula','Carlson','Sun Jul 24 1988', 'gerifukowo','f','Rodange','Luxembourg') ;
INSERT INTO users values('regal-rod@me.co','Mario','Willis','Wed Aug 12 1992', 'anagiphujo','m','Salt','Hashemite Kingdom of Jordan') ;
INSERT INTO users values('mint-support@hotmail.us','Sophie','Barnes','Mon Nov 28 1960', 'cugavwilim','f','Baku','Azerbaijan') ;
INSERT INTO users values('heavenly-quarter@sympatico.uk','Kyle','Griffith','Wed Oct 14 1959', 'relizfazog','m','Ruwi','Oman') ;
INSERT INTO users values('gaping-credit@gmail.net','Dylan','Douglas','Sat May 11 1974', 'ukfepvijoj','m','Bamako','Mali') ;
INSERT INTO users values('panoramic-foot@gmail.us','Vernon','Grant','Mon Jul 15 1968', 'piluvawako','m','Hamilton','Bermuda') ;
INSERT INTO users values('moaning-cherries@icloud.co','Pearl','Matthews','Sat Mar 13 1993', 'dajcihuhir','f','Maseru','Lesotho') ;
INSERT INTO users values('merciful-degree@icloud.fr','Calvin','Daniel','Sat Feb 10 1968', 'rivtigmohe','m','Oliveira do Douro','Portugal') ;
INSERT INTO users values('green-airport@gmail.fr','Aiden','Freeman','Mon Dec 18 1978', 'ajtiujnoog','m','Belhar','South Africa') ;
INSERT INTO users values('old-plastic@videotron.fr','Nelle','Moore','Mon Dec 01 1980', 'waapiwansa','f','Jacmel','Haiti') ;
INSERT INTO users values('merciful-library@hotmail.net','Alejandro','Reed','Sat Aug 28 1954', 'dezwiwwinu','m','Obernberg','Austria') ;
INSERT INTO users values('miscreant-girl@icloud.net','Hulda','Cummings','Sat Oct 03 1987', 'kisvahecwa','f','Vargas','Venezuela') ;
INSERT INTO users values('knowledgeable-coast@icloud.fr','Leonard','Colon','Mon Aug 14 1961', 'uvguzzituj','m','Dunmore Town','Bahamas') ;
INSERT INTO users values('physical-servant@sympatico.us','Helena','Little','Sat May 25 1963', 'eskadbobza','f','Alofi','Niue') ;
INSERT INTO users values('periodic-cent@hotmail.com','Dennis','Adkins','Wed Jun 17 1970', 'sothoephom','m','Vailala','Wallis and Futuna') ;
INSERT INTO users values('humane-fork@yahoo.uk','Matilda','Lee','Mon Sep 26 1994', 'hemebtanje','f','Canelones','Uruguay') ;
INSERT INTO users values('oval-business@videotron.uk','Johnny','Robertson','Mon Sep 19 1960', 'hufiwverke','m','Climax','United States') ;
INSERT INTO users values('dead-mask@hotmail.co','Steve','Ortega','Sat Mar 21 1998', 'zobhamubum','m','Climax','United States') ;
INSERT INTO users values('obtainable-cannon@yahoo.com','Catherine','Casey','Sat Jul 01 1995', 'opuojuvnab','f','Shar','Afghanistan') ;
INSERT INTO users values('abrasive-son@hotmail.fr','Cole','McBride','Tue Oct 27 1953', 'cissicogce','m','Philipsburg','Sint Maarten') ;
INSERT INTO users values('casual-roof@mac.com','Leroy','Grant','Wed Mar 20 1974', 'zeuwuwopro','m','Dunmore Town','Bahamas') ;
INSERT INTO users values('evil-minister@gmail.io','Louise','Warner','Sat Aug 21 1965', 'iltuhomgou','f','Antarctica','Antarctica') ;
INSERT INTO users values('gruesome-tax@mac.net','Stephen','Clayton','Sat Jan 20 1968', 'gecficejot','m','Dushanbe','Tajikistan') ;
INSERT INTO users values('far-jeans@sympatico.co','Isaac','Schultz','Fri Feb 15 1985', 'pefodkepuz','m','Antarctica','Antarctica') ;
INSERT INTO users values('shy-cemetery@videotron.co','Leila','Rose','Thu Sep 19 1991', 'atoidoejua','f','Monrovia','Liberia') ;
INSERT INTO users values('enthusiastic-suit@videotron.co','Billy','Ryan','Fri Apr 24 1987', 'vejduzupuu','m','Pannipitiya','Sri Lanka') ;
INSERT INTO users values('soggy-impulse@sympatico.net','Paul','Dean','Sat Jul 15 1972', 'siawpupref','m','Slatina','Bulgaria') ;
INSERT INTO users values('hateful-hill@me.com','Loretta','Bates','Sun Jan 30 1983', 'zorupparik','f','Dunmore Town','Bahamas') ;
INSERT INTO users values('star-ladybug@icloud.ca','Barry','Garcia','Thu Feb 07 1991', 'bikjeseaju','m','Beira','Mozambique') ;
INSERT INTO users values('expensive-zinc@hotmail.ca','Teresa','Quinn','Mon Jul 22 1985', 'kodepenool','f','Sansanne-Mango','Togo') ;
INSERT INTO users values('painful-stocking@me.uk','Jordan','Morales','Wed Mar 17 1982', 'misahsebog','m','Az Zamalik','Egypt') ;
INSERT INTO users values('careful-committee@videotron.ca','Walter','Wagner','Thu Apr 28 1983', 'tavfumjaco','m','Samphanthawong','Thailand') ;
INSERT INTO users values('common-umbrella@me.io','Clyde','Clark','Wed Dec 30 1987', 'hivaptuhuw','m','Vientiane','Laos') ;
INSERT INTO users values('smooth-sheep@yahoo.com','Lola','Garza','Tue Mar 18 1952', 'jaganoznid','f','Dili','East Timor') ;
INSERT INTO users values('periodic-muscle@videotron.co','Gordon','Sims','Fri Nov 23 1962', 'odigicacki','m','Bermudez','Colombia') ;
INSERT INTO users values('gaudy-ground@me.net','Lottie','Christensen','Thu Feb 11 1993', 'gifocohsep','f','Vargas','Venezuela') ;
INSERT INTO users values('serene-berry@gmail.net','Anthony','Jackson','Wed Mar 13 1963', 'teragrerus','m','Maseru','Lesotho') ;
INSERT INTO users values('mountainous-crowd@mac.co','Adelaide','Doyle','Wed Feb 08 1956', 'zuciizokij','f','Alofi','Niue') ;
INSERT INTO users values('vivacious-recess@icloud.net','Landon','Williams','Sat Mar 31 1956', 'rozwohvahe','m','Rodange','Luxembourg') ;
INSERT INTO users values('fancy-bath@videotron.co','Charlotte','Keller','Tue Mar 29 1977', 'dakzakvuvo','f','Ruggell','Liechtenstein') ;
INSERT INTO users values('genial-cart@me.net','Adrian','Hicks','Fri Nov 14 1969', 'anobuhkuoj','m','A¶egums','Latvia') ;
INSERT INTO users values('first-sleet@yahoo.uk','Allen','Colon','Mon Aug 28 1995', 'bicahpoubs','m','Akranes','Iceland') ;
INSERT INTO users values('righteous-tramp@icloud.net','Delia','Pope','Wed May 21 1975', 'ukvectoezu','f','Obernberg','Austria') ;
INSERT INTO users values('perfect-knee@mac.fr','Gabriel','Sutton','Sun Oct 10 1954', 'tisdajjokr','m','Adamstown','Pitcairn Islands') ;
INSERT INTO users values('ludicrous-cub@mac.fr','Olive','Ballard','Mon Jun 13 1955', 'hirovavavf','f','Sansanne-Mango','Togo') ;
INSERT INTO users values('fretful-instrument@hotmail.fr','Curtis','Brady','Mon Sep 08 1969', 'bowapilule','m','Dushanbe','Tajikistan') ;
INSERT INTO users values('abounding-income@sympatico.io','Cole','Lewis','Fri Mar 25 1988', 'uwkajsufuc','m','Maseru','Lesotho') ;
INSERT INTO users values('barbarous-railway@yahoo.co','Landon','Gordon','Sat Oct 27 1973', 'igomhofvem','m','Presteigne','United Kingdom') ;
INSERT INTO users values('entertaining-stranger@videotron.fr','Gene','Mathis','Fri Apr 03 1998', 'zecesuznuu','m','Punta del Este','Uruguay') ;
INSERT INTO users values('mute-year@mac.com','Garrett','Walton','Fri Feb 22 1974', 'zuwosbatmo','m','Floreal','Mauritius') ;
INSERT INTO users values('red-shape@yahoo.co','Carlos','Johnston','Sun Nov 14 1965', 'bewsedatse','m','Bermudez','Colombia') ;
INSERT INTO users values('damp-tree@me.us','Lilly','Fields','Wed Mar 29 1961', 'gasevuthuk','f','Bermudez','Colombia') ;
INSERT INTO users values('crazy-wrist@icloud.com','Carrie','Hampton','Thu Oct 03 1957', 'sihmemtufg','f','Belhar','South Africa') ;
INSERT INTO users values('forlorn-aunt@gmail.uk','Terry','Chambers','Tue Aug 15 1961', 'becoowujoj','m','Presteigne','United Kingdom') ;
INSERT INTO users values('icy-machine@hotmail.uk','Gertrude','Valdez','Wed Mar 25 1992', 'maceclibre','f','Gibraltar','Gibraltar') ;
INSERT INTO users values('zealous-sleep@hotmail.com','Dorothy','Carr','Sun Apr 27 1969', 'pocertujut','f','Dunmore Town','Bahamas') ;
INSERT INTO users values('humane-ocean@icloud.uk','Norman','White','Mon Jun 15 1959', 'adcirojibi','m','Sansanne-Mango','Togo') ;
INSERT INTO users values('dear-memory@sympatico.ca','Jonathan','Fleming','Sat Aug 12 1961', 'cejivtatev','m','Kourou','French Guiana') ;
INSERT INTO users values('romantic-mitten@videotron.com','Lina','Rice','Mon Nov 14 1960', 'conrugewek','f','Monrovia','Liberia') ;
INSERT INTO users values('brave-pet@mac.ca','Hester','Morrison','Tue Aug 23 1994', 'ilazainoji','f','Abadan','Iran') ;
INSERT INTO users values('wanted-pump@gmail.net','Evelyn','Blair','Fri Oct 31 1952', 'elkewawlog','f','Zolotarevka','Russia') ;
INSERT INTO users values('purring-stream@hotmail.net','Gerald','Powell','Sun Aug 27 1972', 'boijebilar','m','Alofi','Niue') ;
INSERT INTO users values('screeching-road@hotmail.co','Alice','Hardy','Tue Jan 21 1975', 'rizozcoigd','f','Rana','Afghanistan') ;
INSERT INTO users values('frightened-orange@videotron.net','Marvin','Craig','Sat Jul 25 1981', 'rabumtemse','m','Belhar','South Africa') ;
INSERT INTO users values('dry-pump@mac.us','Jeremy','Allen','Tue Nov 24 1981', 'velguzhutv','m','Niamey','Niger') ;
INSERT INTO users values('classy-company@gmail.us','Edwin','Ramsey','Mon Aug 02 1965', 'egigovatko','m','Monrovia','Liberia') ;
INSERT INTO users values('rapid-books@videotron.com','Lee','Sutton','Tue Mar 19 1991', 'bofutwotel','m','Bermudez','Colombia') ;
INSERT INTO users values('elated-meeting@yahoo.io','Charlotte','Matthews','Sun Jul 02 1989', 'ralfuzevte','f','Marchtrenk','Austria') ;
INSERT INTO users values('super-line@icloud.net','Lora','Simmons','Sat Feb 08 1964', 'upovancoms','f','Villarrica','Paraguay') ;
INSERT INTO users values('addicted-thread@hotmail.co','Addie','Gardner','Sat Oct 09 1982', 'atkabpanji','f','Niamey','Niger') ;
INSERT INTO users values('vivid-island@mac.com','Steven','Stephens','Thu May 10 1973', 'cuhihgekui','m','Vailala','Wallis and Futuna') ;
INSERT INTO users values('tangible-harbor@mac.uk','Jessie','Banks','Thu Mar 04 1971', 'niisanacpu','f','Grand Cul-de-Sac','Saint-Barthelemy') ;
INSERT INTO users values('one-cover@sympatico.uk','Kyle','Russell','Tue Oct 20 1964', 'wukuhnonur','m','Arusha','Tanzania') ;
INSERT INTO users values('vast-oil@mac.com','Sarah','Dunn','Sun Feb 01 1987', 'lehcubugoj','f','Funafuti','Tuvalu') ;
INSERT INTO users values('dark-drink@gmail.io','Jennie','Lawson','Tue Nov 13 1973', 'lekazabbaw','f','Batna City','Algeria') ;
INSERT INTO users values('muddled-hour@mac.uk','Adelaide','Singleton','Fri Apr 26 1974', 'seenkiwzol','f','Adamstown','Pitcairn Islands') ;
INSERT INTO users values('envious-butter@videotron.net','Leo','Nash','Fri Jan 27 1956', 'ofoicvoefa','m','Naifaru','Maldives') ;
INSERT INTO users values('obtainable-popcorn@me.co','Rosalie','Perry','Mon Jul 05 1965', 'jeihasatej','f','Santa Rita','Guam') ;
INSERT INTO users values('brown-party@icloud.us','Derrick','Chambers','Thu Oct 02 1980', 'wunetokego','m','American Samoa','American Samoa') ;
INSERT INTO users values('chunky-silver@gmail.uk','Lulu','Watson','Sun Jun 07 1998', 'fukohopijo','f','Antarctica','Antarctica') ;
INSERT INTO users values('elegant-elbow@yahoo.co','Ann','Morrison','Mon May 14 1956', 'fagofaahav','f','Funafuti','Tuvalu') ;
INSERT INTO users values('deeply-throat@yahoo.net','Caroline','Brown','Tue Jan 28 1992', 'ikerzisbit','f','Bamako','Mali') ;
INSERT INTO users values('watery-loaf@videotron.uk','Fred','Jacobs','Mon Nov 18 1985', 'terazmemon','m','Zolotarevka','Russia') ;
INSERT INTO users values('benevolent-whistle@icloud.net','Caleb','Armstrong','Sat Apr 20 1996', 'carkarmemz','m','Salem','Montserrat') ;
INSERT INTO users values('spotted-wing@yahoo.fr','Elizabeth','Graves','Thu Oct 25 1990', 'bijowicewu','f','Rodange','Luxembourg') ;
INSERT INTO users values('phobic-skate@videotron.net','Edith','Lambert','Fri Jun 29 1973', 'videbuftog','f','Rana','Afghanistan') ;
INSERT INTO users values('future-oranges@yahoo.co','Brian','Garrett','Thu Sep 22 1960', 'welekumieg','m','Dushanbe','Tajikistan') ;
INSERT INTO users values('disgusting-door@mac.co','Isabel','Richards','Fri Jun 25 1993', 'ogzabohmoa','f','Bujumbura','Burundi') ;
INSERT INTO users values('likeable-harbor@me.io','Virgie','Armstrong','Wed Mar 10 1976', 'upupzilibp','f','Funafuti','Tuvalu') ;
INSERT INTO users values('protective-plastic@gmail.net','Alejandro','Jennings','Sat Mar 11 1989', 'odvubgikge','m','Mogadishu','Somalia') ;
INSERT INTO users values('magenta-earthquake@yahoo.co','Alfred','Fuller','Sat Dec 15 1956', 'nijtirculr','m','Mogadishu','Somalia') ;
INSERT INTO users values('scandalous-riddle@videotron.us','Lois','Schwartz','Sat Jun 04 1983', 'koodkejohz','f','Baku','Azerbaijan') ;
INSERT INTO users values('rigid-measure@me.io','Callie','Guerrero','Thu Nov 03 1966', 'jobruwizac','f','Maseru','Lesotho') ;
INSERT INTO users values('pastoral-border@me.us','Cordelia','Drake','Mon Oct 21 1991', 'ujisujfadz','f','Arusha','Tanzania') ;
INSERT INTO users values('pretty-feeling@mac.co','Cory','Daniel','Mon Jan 05 1998', 'nojsevadiz','m','A¶egums','Latvia') ;
INSERT INTO users values('jolly-jail@icloud.net','Lettie','Hughes','Sun Oct 01 1972', 'sinzuavobo','f','Hvalba','Faroe Islands') ;
INSERT INTO users values('motionless-birds@hotmail.ca','Luis','Reyes','Wed May 10 1995', 'micwonpubt','m','Belhar','South Africa') ;
INSERT INTO users values('civil-houses@icloud.io','Hannah','Quinn','Fri Apr 18 1997', 'wumaeznehr','f','Lovran','Croatia') ;
INSERT INTO users values('wry-request@mac.us','Francis','Owens','Sat Nov 09 1991', 'kacovakavo','f','Punta del Este','Uruguay') ;
/* Script generated Thu Feb 23 2017 19:12:45 GMT-0500 (Eastern Standard Time)*/

INSERT INTO organization values('1','Glad butter','Vacug nup fic efjot ulvacmej bovamwat hifpum resgive dafeh ciw zetgug urlu galfe zi widfenteh purhev ojeiza.','(783) 404-7900', '1800 Fout Avenue','glad-butter@gmail.us','Villarrica','Paraguay') ;
INSERT INTO workplace values('1') ;
INSERT INTO organization values('2','Obsequious uncle','Fus ez jiferag egdozap zetozuva baces povzukfa ti na sogab tifeb som nakiif kajpijwe moh suulguh ed.','(837) 638-6810', '385 Vetceg Path','obsequious-uncle@gmail.us','Funafuti','Tuvalu') ;
INSERT INTO workplace values('2') ;
INSERT INTO organization values('3','Peachy ship','Voam isu guje veghiloj aruda ugmima gotetdul oviruhom amrurbus bez jionerif cetzogoci han la foc.','(284) 708-5616', '1000 Vaval Road','peachy-ship@yahoo.net','Holmestrand','Norway') ;
INSERT INTO workplace values('3') ;
INSERT INTO organization values('4','Perpetual hope','Juwrot dirfuz afu dare segecid abzolace poppusgaw jul georu lun ez arefaaj apuh mecpozci sisobu bulofa hemupfo.','(910) 267-8107', '497 Koduv Pass','perpetual-hope@me.us','Darganata','Turkmenistan') ;
INSERT INTO school values('4') ;
INSERT INTO organization values('5','Grouchy linen','Limsot atigzac wicwurez dinhu lif azatel wumwive pu jocleera pabwol kamrekvew ataniku vasikival bitnockok.','(879) 592-9829', '1478 Tokef Trail','grouchy-linen@gmail.us','A¶egums','Latvia') ;
INSERT INTO school values('5') ;
INSERT INTO organization values('6','Swank pancake','Lefnok tiffa bugimbi bezsokruc ma cesab ti lucu gil izi il zup ureku.','(959) 787-9045', '1650 Wafnim Drive','swank-pancake@yahoo.co','Made','Malawi') ;
INSERT INTO workplace values('6') ;
INSERT INTO organization values('7','Hip hate','Hohku eb ene nofjovca ihe ba zukuto mubcu eve muhef nobanjow uciki nid vemawov mikcap ume.','(324) 444-6034', '1570 Ketev Highway','hip-hate@videotron.com','Morvant','Trinidad and Tobago') ;
INSERT INTO workplace values('7') ;
INSERT INTO organization values('8','Pushy calendar','Na robow wohaw suve seni ap piobce andadzob ejeut le lab hefvemud pun.','(722) 887-9107', '1012 Dicrin Loop','pushy-calendar@me.com','Bujumbura','Burundi') ;
INSERT INTO school values('8') ;
INSERT INTO organization values('9','Nutritious desk','Eceacsiz ciscujem kozazok wavaem seg kijutli na izu wonhep si neghop atulivpi faz.','(577) 377-8677', '1454 Hurfew Street','nutritious-desk@gmail.fr','Presteigne','United Kingdom') ;
INSERT INTO workplace values('9') ;
INSERT INTO organization values('10','Aberrant country','Murcar neze zoz fuezow kiblujoga ve ledeh ujiriswec hezmatira isdedmu ruvi zubdof wi huapu god.','(863) 346-3960', '844 Evougi Pike','aberrant-country@mac.fr','Vientiane','Laos') ;
INSERT INTO school values('10') ;
INSERT INTO organization values('11','Massive eggnog','Moz cooduha uhemodu rehvuvafa ciwataz nizwibev kazem mapca for zubednus um oj.','(314) 546-8119', '1029 Ninkul Court','massive-eggnog@icloud.io','Ma¶nni','Finland') ;
INSERT INTO workplace values('11') ;
INSERT INTO organization values('12','Quick self','Culal gual dodzel nesod ekjubek widjo mujmewna wipirhe la bo lu afuabiku ro bopul agitak beh.','(610) 431-4815', '1043 Koku Terrace','quick-self@gmail.us','Made','Malawi') ;
INSERT INTO workplace values('12') ;
INSERT INTO organization values('13','Frequent stew','Tisgo ona agakikep laufoli deza dajdokino kabusu fowgeg jolowekof do oh bahukni fupiam rimli ogero conamig.','(981) 467-9311', '1951 Siso Place','frequent-stew@hotmail.fr','Blantyre','Malawi') ;
INSERT INTO school values('13') ;
INSERT INTO organization values('14','Close library','Tarcuwka icamiti votuoz mos wivce ehuwe vuluh zik zohooke uce elpuhzu vumun ge tuzut misiinu cocicos ci.','(360) 531-3908', '934 Wowwoc Loop','close-library@sympatico.io','La Habana','Cuba') ;
INSERT INTO school values('14') ;
INSERT INTO organization values('15','Gentle bear','Pun iceto vekatet gatko fombu wabgub hiisinuc ni ufipupe littitwe eputudob zezu.','(619) 440-2241', '43 Fecez Drive','gentle-bear@me.net','Blantyre','Malawi') ;
INSERT INTO workplace values('15') ;
INSERT INTO organization values('16','Oval form','Ohakedace zazupidid himrive zujtohibo sijtik zepzis bo rutlazevu nor nolza zuowa jivafi afafaum.','(822) 565-8770', '346 Uzwuw Heights','oval-form@icloud.us','Grand Cul-de-Sac','Saint-Barthelemy') ;
INSERT INTO workplace values('16') ;
INSERT INTO organization values('17','Mute join','Ic fapobceg ruem labdihlo kabov ib pa omfi cig ictig igfe zodete bubaze nidapzo towen ve zuwelfuk de.','(846) 536-6719', '625 Aljij Highway','mute-join@sympatico.net','Canelones','Uruguay') ;
INSERT INTO workplace values('17') ;
INSERT INTO organization values('18','Gainful surprise','Zod het azirul tov nukoj wecupe tuw rezohi bezpawe kej gugder opiri watabped liwujva lokvuduko ed ar.','(544) 508-9120', '1869 Ruvadi Key','gainful-surprise@yahoo.net','Abadan','Iran') ;
INSERT INTO workplace values('18') ;
INSERT INTO organization values('19','Few winter','Dud ombi zeuleeke far ida sowauwo ibwioz vadicar ipvo tasu kud tijir falime zutil fibbe joos voswuf lailum.','(381) 713-1242', '500 Kavmo Pass','few-winter@gmail.com','Santa Rita','Guam') ;
INSERT INTO workplace values('19') ;
INSERT INTO organization values('20','Gamy behavior','Caltemhov wivuw ge patic co alep nu ulza dub uzpil pot ribwog ibeminer.','(639) 443-6595', '559 Iftin Court','gamy-behavior@yahoo.co','Davy Hill','Montserrat') ;
INSERT INTO workplace values('20') ;
INSERT INTO organization values('21','Demonic boat','Or bibuj mebaseto litwerzav ujlez gojazi catlo kocge geeheri awsu daluli lo bimi zoje fuliw fiwulu efube sartifol.','(513) 382-9906', '1466 Najom Key','demonic-boat@hotmail.net','Jacmel','Haiti') ;
INSERT INTO workplace values('21') ;
INSERT INTO organization values('22','Ceaseless slave','Va ciwsih si kij meh le fefkothuw ukaje regupi dewa bovpanu boknite democ lutoku famof gek el.','(632) 321-6865', '1342 Algi Square','ceaseless-slave@me.us','Vargas','Venezuela') ;
INSERT INTO school values('22') ;
INSERT INTO organization values('23','Devout produce','Ukunarid satazov oli enboh wappicaj rarte camwetha tilpad burlioh dukuje wabfice ga uji peknez tehva koc lodevak di.','(474) 573-5791', '1359 Zoscud Path','devout-produce@hotmail.net','Mladkov','Czech Republic') ;
INSERT INTO school values('23') ;
INSERT INTO organization values('24','Stale pencil','Ane wudfug zuh su niufo lemal sivimka eko huvic dubcu nal jiket cegidlu nezo ba akietiogo.','(342) 806-9215', '967 Rinri Ridge','stale-pencil@sympatico.us','Zabbar','Malta') ;
INSERT INTO school values('24') ;
INSERT INTO organization values('25','Social coil','Ezedoz vew dadmopik lirfo lo jeuh velci gociso feazo juf gohjufvu lateib agta roipaduz urjube vitef buhitupuv.','(340) 532-6348', '1399 Tilfo Plaza','social-coil@yahoo.uk','Vientiane','Laos') ;
INSERT INTO school values('25') ;
INSERT INTO organization values('26','Lowly talk','Nuvokok opaotsew ug hepa goze vo pizpuwsol uliad dahec ni ojekarid gizkoer moontu zonco vogejag useg po.','(582) 882-8140', '309 Rofo Boulevard','lowly-talk@videotron.co','Blantyre','Malawi') ;
INSERT INTO school values('26') ;
INSERT INTO organization values('27','Stunning notebook','Heotre pebra ji ga tafu gif zu pig oci voapji uvuli pijbida livishus hesem likezim ab.','(620) 517-8153', '1205 Jatgo View','stunning-notebook@videotron.us','Batna City','Algeria') ;
INSERT INTO school values('27') ;
INSERT INTO organization values('28','Rich crib','Gomawnib nimugot joiw ki ofa pan afikitu ga duhuawe dena beva hundita abe.','(279) 341-8475', '1530 Goniku Drive','rich-crib@gmail.net','Arusha','Tanzania') ;
INSERT INTO school values('28') ;
INSERT INTO organization values('29','Certain balance','Ku zichemu tat zinonfa fag akupah rer bev pipucikef at siw retaic kasippuk taajoru veupavem.','(923) 227-4553', '848 Gijed River','certain-balance@yahoo.io','Dang','India') ;
INSERT INTO workplace values('29') ;
INSERT INTO organization values('30','Alleged knowledge','Weducso deg jifaz ubibof vucikamir ejidot veffaha cuvra tilcuvda pikoz zajaf vetor vevaobi gamsu.','(838) 741-3123', '1919 Jotum Point','alleged-knowledge@videotron.fr','Hamilton','Bermuda') ;
INSERT INTO workplace values('30') ;
INSERT INTO organization values('31','Cloistered pan','Se jezzekda rus edi hopocpa kajifat hatsifo mav letavgik cuiso fuewrah tad kihu.','(304) 965-5824', '1966 Bila Court','cloistered-pan@videotron.uk','Nara','Japan') ;
INSERT INTO workplace values('31') ;
INSERT INTO organization values('32','Moaning bear','Eduriace ozco ekjecisu aho puza ge mopi epookafo nuhoupe ene kep pov feb tob falsep def ipwuc.','(364) 659-5505', '1386 Padiv Key','moaning-bear@yahoo.io','Philipsburg','Sint Maarten') ;
INSERT INTO school values('32') ;
INSERT INTO organization values('33','Handsomely bell','Azusitij oza ma padewbi pokorup efnez ota nuli zu rizip ipmifij irasite vuojab.','(324) 504-5927', '329 Sanih Lane','handsomely-bell@me.net','Morvant','Trinidad and Tobago') ;
INSERT INTO workplace values('33') ;
INSERT INTO organization values('34','Deeply sock','Zamojone rubri vozbipup uhuraop kocadle heepo aheeduro til zu ivge kirikda ki sipupe ocizec en.','(216) 276-1723', '1558 Leseka Manor','deeply-sock@icloud.net','Kabul','Afghanistan') ;
INSERT INTO school values('34') ;
INSERT INTO organization values('35','Macho bee','Tuviwol kehwu hova kosaz vavelnum popad rimpiren sul viete ukiozwo abuur elego cuh tut zocu kopnaiw najni cepruec.','(876) 483-4418', '912 Nonok Grove','macho-bee@gmail.us','Salt','Hashemite Kingdom of Jordan') ;
INSERT INTO school values('35') ;
INSERT INTO organization values('36','Vivacious volleyball','Ohoseg nu odokip jikjirwa winmo pilcipu ka dada fakevas cejjowi dewhaha ciabagu kacidibu.','(712) 580-1238', '925 Etjus Grove','vivacious-volleyball@me.fr','Tandang Sora','Philippines') ;
INSERT INTO workplace values('36') ;
INSERT INTO organization values('37','Jazzed bath','Lalkone kigpifa dihiskis ficfu put nafnec evirohil makdolopu tajoju uwabuboz bamjuh dojme negza.','(834) 236-8855', '309 Pipku Grove','jazzed-bath@mac.fr','Loo','Estonia') ;
INSERT INTO workplace values('37') ;
INSERT INTO organization values('38','Enormous cars','Vo envi uma refizu kogjipruw buc sebemaf raku wucedpe ub log jahba bunmahac kilar sejhu edudosuv zuigono.','(974) 686-7924', '1492 Osepi Lane','enormous-cars@yahoo.io','Akranes','Iceland') ;
INSERT INTO school values('38') ;
INSERT INTO organization values('39','Watery chalk','Ukuca otzugu uj kafe mup nefju dazpula hus wusibjo icmumu baf iminvot tonwat.','(607) 649-2154', '1024 Cotec Terrace','watery-chalk@icloud.com','Samphanthawong','Thailand') ;
INSERT INTO school values('39') ;
INSERT INTO organization values('40','Erratic gun','Pecouko lalizu tod lakik huftupu ifhahov jazbif zezil tiikwi ibeejvu dodoko iva ibejuk.','(503) 215-6043', '442 Noti Path','erratic-gun@sympatico.co','Lilongwe','Malawi') ;
INSERT INTO school values('40') ;
INSERT INTO organization values('41','Fixed cake','Uwikbi wevbo uc duegavez ute ni tuede culmidur patal veminames liiwowe jof.','(657) 599-1968', '709 Geraw Plaza','fixed-cake@yahoo.io','Ruwi','Oman') ;
INSERT INTO workplace values('41') ;
INSERT INTO organization values('42','Reach discussion','Kikmoc ruh bolenlad fo wu vewsolud akji wifus cupaco re seige pa af beruwe.','(241) 762-7512', '756 Ziso Plaza','reach-discussion@icloud.ca','Slatina','Bulgaria') ;
INSERT INTO school values('42') ;
INSERT INTO organization values('43','Tested effect','Mimezjos kiskesez vismolmej deoh tiuso nufrosso ibowo ti rukgorip gogner laulo kof dof novpidagi.','(345) 255-3610', '1337 Jazba Terrace','tested-effect@mac.com','Az Zamalik','Egypt') ;
INSERT INTO school values('43') ;
INSERT INTO organization values('44','Ordinary watch','Za pumzi laldeta gi newed evamidiw piwekte banek zu ugudan bijlez josida bidusini.','(223) 587-5356', '332 Tugat Plaza','ordinary-watch@videotron.com','Antarctica','Antarctica') ;
INSERT INTO workplace values('44') ;
INSERT INTO organization values('45','Obeisant straw','Ripigul gume padi keraw dateprir vicsurza jovag fib fo jeakugu omofa lem ahni.','(456) 443-7264', '770 Hizav Pike','obeisant-straw@videotron.io','Zabbar','Malta') ;
INSERT INTO workplace values('45') ;
INSERT INTO organization values('46','Slim animal','Igi luaja luvof kih ru ju puzvi lopeuc bup ra uza ol kof.','(511) 596-4548', '1996 Waev Grove','slim-animal@gmail.net','Nizwa','Oman') ;
INSERT INTO workplace values('46') ;
INSERT INTO organization values('47','Usable donkey','Bunboz nemubo tecgi velizara icama fove borif vep adiepa teazta niri zacafut hejippi.','(581) 532-9398', '951 Umara Turnpike','usable-donkey@hotmail.io','La Habana','Cuba') ;
INSERT INTO school values('47') ;
INSERT INTO organization values('48','Slippery quilt','Ha wanomkak fu mira gutfood abakelpig fugo hifmucor da ozudo wupbob hiovuf uga igilaf.','(557) 531-2324', '1734 Biug Center','slippery-quilt@mac.io','Dauphin','Saint Lucia') ;
INSERT INTO workplace values('48') ;
INSERT INTO organization values('49','Unbiased peace','Cezudvo ke zemaslu por zabugerem lec he ro hu vediveje efinagew buc.','(554) 410-7708', '473 Ecdi Loop','unbiased-peace@icloud.io','Akranes','Iceland') ;
INSERT INTO workplace values('49') ;
INSERT INTO organization values('50','Little control','Bav ezco zacdeze ji ehnecug gidlo bupra ja famjepvo ban kuted fifrubu ruznemuw sal em wu te su.','(525) 993-7253', '281 Adudu Circle','little-control@mac.us','Rana','Afghanistan') ;
INSERT INTO school values('50') ;
INSERT INTO organization values('51','Squalid vest','Tag neiweho mosum fe nu nu waruda gufooz jigizsec osfote savi hulozim otiuci om li.','(818) 246-7109', '8 Awugi Terrace','squalid-vest@sympatico.us','Sansanne-Mango','Togo') ;
INSERT INTO school values('51') ;
INSERT INTO organization values('52','Fine crown','Ca iwka nu baewho zase co weha ga ucelo wub za ob fiz nulehi viwag bawuw wab.','(410) 685-1398', '919 Vivit Extension','fine-crown@sympatico.fr','Jacmel','Haiti') ;
INSERT INTO workplace values('52') ;
INSERT INTO organization values('53','Nippy head','Ge koknivi ikocuha lituscib fedka tonib ru fucga iwvi laslid ocimeg lakar hicvofe uko.','(551) 457-2561', '1064 Kifot Junction','nippy-head@icloud.com','Batna City','Algeria') ;
INSERT INTO workplace values('53') ;
INSERT INTO organization values('54','Smoggy hat','Iw nolpozad rojwic cebit luswu kigahog vofeh divuuw newfaapu finalpo dilawe bowliate ireve zede wovadwol.','(503) 299-4130', '138 Nifsi View','smoggy-hat@icloud.us','Rodange','Luxembourg') ;
INSERT INTO school values('54') ;
INSERT INTO organization values('55','Null skate','Fulafde hihhi jicnekta racdofu otu wultu jumij raig tup hicuw fuhu bucra voerodu vu nep eripuvip zaw avfefder.','(675) 489-8517', '1597 Jajuk Street','null-skate@icloud.ca','Tandang Sora','Philippines') ;
INSERT INTO workplace values('55') ;
INSERT INTO organization values('56','Lowly pin','Fuj ra ke gal bofpabweg nizsiwut nog oruduno huguhaevi ganpe kesik jehki dih afanoj vinhic jupjigdit hutjuw.','(912) 745-2334', '1503 Done Place','lowly-pin@icloud.com','Vargas','Venezuela') ;
INSERT INTO workplace values('56') ;
INSERT INTO organization values('57','Subsequent jar','Ikevjef fovvivag topij luhbez lez kevike marakba nuira mibeh bota rapkogip pimere naela li dike zet ihuhek bobitpik.','(351) 280-7416', '989 Cakij Ridge','subsequent-jar@gmail.net','Dunmore Town','Bahamas') ;
INSERT INTO school values('57') ;
INSERT INTO organization values('58','Smelly box','Sackahuc or umoza vevdo nunveafi od ejo po en zobomi edbovap he lomuvzo rab wuswel cupav lu.','(615) 520-1838', '656 Keohi Lane','smelly-box@sympatico.co','Santa Rita','Guam') ;
INSERT INTO school values('58') ;
INSERT INTO organization values('59','Winged relation','Fuwut etu egurar rodmiggi kegjenu gigip zolrausu za jewi ve tutok achacuf.','(416) 821-1086', '69 Lilro Heights','winged-relation@hotmail.net','Rana','Afghanistan') ;
INSERT INTO workplace values('59') ;
INSERT INTO organization values('60','Encouraging discussion','Fibemlon asuwi jigolo puhzam hafasasit po dohco ef cig jelma nelet wo aho razorkug sogfepji zojham sefkon.','(930) 927-2441', '1125 Ifosi Square','encouraging-discussion@yahoo.uk','Arecibo','Puerto Rico') ;
INSERT INTO school values('60') ;
INSERT INTO organization values('61','Fabulous shirt','Kohanisu ce ka pukfi jupdiub liwuctin bu reuf uzere pabcoh somapdi meli obivadkuj.','(529) 292-9149', '1068 Obeces Boulevard','fabulous-shirt@yahoo.co','La Habana','Cuba') ;
INSERT INTO school values('61') ;
INSERT INTO organization values('62','Spectacular title','Ruelro hi zaltode ban vozjap ilfimbi pur jufje uravgad bo jibcam ne.','(757) 510-9949', '1938 Fagvom Ridge','spectacular-title@icloud.io','Colo','United States') ;
INSERT INTO school values('62') ;
INSERT INTO organization values('63','Good birth','Suskewaf lo pavo eh nidgabdun rehoizo ga afemam ved vaz juoloup hol ogerauhu ti.','(531) 453-4639', '1741 Jule Manor','good-birth@hotmail.com','Arusha','Tanzania') ;
INSERT INTO school values('63') ;
INSERT INTO organization values('64','Wistful earthquake','Mum akbo adduar luj matuwe jovit giogu sahzac welewim hurfadev ni mawik gafipu ili sohu meziviete.','(658) 963-1615', '1193 Igguw Boulevard','wistful-earthquake@me.fr','Umwa Village','Kiribati') ;
INSERT INTO school values('64') ;
INSERT INTO organization values('65','Agile step','Uckomaz du ne mukih muki fadwipa ba naneso wa za ejukilbih ko odo kemo jana imiumumut nes.','(468) 426-4535', '1814 Nipgo Circle','agile-step@videotron.uk','American Samoa','American Samoa') ;
INSERT INTO school values('65') ;
INSERT INTO organization values('66','Horrible road','Wecuw cucbab tak jolam vi wocha cisectum hoj subbarda luwijut zatmil ecunu ijuzuow.','(752) 947-8649', '231 Bupoz Park','horrible-road@me.com','Vargas','Venezuela') ;
INSERT INTO school values('66') ;
INSERT INTO organization values('67','Try prose','Mu cemwubesi wenfuprej tecife je caeku ose nosem rizecpug nescudtof cetcijoku ziage guz ge ic ezubojfar ci.','(253) 479-2205', '1305 Tivut Highway','try-prose@mac.ca','Pyongyang','North Korea') ;
INSERT INTO school values('67') ;
INSERT INTO organization values('68','Simplistic boy','Di rihfedam ibnup dudhil osibapom belhejoz upfejuj na jurmome hetujgip hacu macto kecul.','(607) 241-8737', '37 Webaz View','simplistic-boy@hotmail.io','Morvant','Trinidad and Tobago') ;
INSERT INTO school values('68') ;
INSERT INTO organization values('69','Narrow island','Mikmedep risweube daoru bedbudvev zut litzel vapulo weewig voru bategeh zizgug pokdup lahu hutihaap ha.','(387) 203-8553', '1815 Vifbam Square','narrow-island@sympatico.us','Zabbar','Malta') ;
INSERT INTO workplace values('69') ;
INSERT INTO organization values('70','Evasive laborer','Apcez gowaf ba tuh iklid ottihi uwrik evace koja vu de ga ta.','(975) 234-9253', '297 Vuhci Lane','evasive-laborer@hotmail.com','Beira','Mozambique') ;
INSERT INTO workplace values('70') ;
INSERT INTO organization values('71','Illegal fireman','Feson zevo gecri vu vilzagu etzil cacobtog ufilo map bepbet hovev opo guh od zilzo.','(773) 282-4178', '1647 Jagku Junction','illegal-fireman@videotron.com','Dili','East Timor') ;
INSERT INTO workplace values('71') ;
INSERT INTO organization values('72','Learned form','Jas paf ita ejadukop iv viseeco olo so lif ipe pu jubcosfe ufuvud ruw.','(235) 877-7736', '1849 Ujvu Turnpike','learned-form@yahoo.com','American Samoa','American Samoa') ;
INSERT INTO workplace values('72') ;
INSERT INTO organization values('73','Excited thread','Pog pelafopuk pokpa se woc rivir vuzim su go sadhi ajraez verpusa.','(512) 611-9938', '1741 Laveg Place','excited-thread@gmail.fr','Hamilton','Bermuda') ;
INSERT INTO workplace values('73') ;
INSERT INTO organization values('74','Snugly temper','Vat jeese sahabcac waco jojopoh popga li tigtu fileatu radpe zehet talurpor zemebiju mulen pegrez.','(889) 604-6356', '1719 Sarow Grove','snugly-temper@videotron.fr','Baku','Azerbaijan') ;
INSERT INTO school values('74') ;
INSERT INTO organization values('75','Dazzling bubble','Be ib mov we misisino suraspuw odu becniw hi ahohopu uf ozhal couldik nab jozzigba lumrije le.','(974) 567-9893', '721 Jokab Trail','dazzling-bubble@videotron.uk','Gwanda','Zimbabwe') ;
INSERT INTO school values('75') ;
INSERT INTO organization values('76','Sticky stone','Web cibsi som riviwaal wolip irjohug ke we natof sesmivna dazere lotuhfen vacuh ceho.','(249) 702-9976', '1459 Vuvut Extension','sticky-stone@me.co','Schellenberg','Liechtenstein') ;
INSERT INTO workplace values('76') ;
INSERT INTO organization values('77','Deafening grain','Geffi hubog kado zuragko kuape jab huvol jewgap wekusoide adi hit ici mototmu az viclaguj.','(629) 985-4117', '1769 Sistaw Loop','deafening-grain@mac.us','Saipan','Northern Mariana Islands') ;
INSERT INTO school values('77') ;
INSERT INTO organization values('78','Striped bucket','Eriwuaz veg ut difwu hezla nuj pe jatfinolu il vodsijbis lo leado tinasles misufo vawek cup pen ani.','(268) 755-8634', '1578 Jiwup Turnpike','striped-bucket@sympatico.fr','Maseru','Lesotho') ;
INSERT INTO school values('78') ;
INSERT INTO organization values('79','Even lamp','Iga fi jahhisab zigus reuw je forabez ef pe piwuf laddab hilifva potecec kempo bacurov.','(943) 509-1540', '834 Emolup Manor','even-lamp@videotron.com','Tandang Sora','Philippines') ;
INSERT INTO school values('79') ;
INSERT INTO organization values('80','Determined bit','Sis jok cib wejove dobiwrod nehwu arehuek riwiricu rijwa cacvuiwe rebentig hujig abhi kefvingon godfuj.','(610) 537-2547', '1370 Anuco Boulevard','determined-bit@hotmail.com','Tiaret','Algeria') ;
INSERT INTO school values('80') ;
INSERT INTO organization values('81','Apt soda','Kutfi cek dejaji foczo omisu eja sokjokvo nipugi ucaluoha ug zawa apukeg puwsema.','(972) 448-8564', '1585 Poda Court','apt-soda@hotmail.co','Kabul','Afghanistan') ;
INSERT INTO workplace values('81') ;
INSERT INTO organization values('82','Mere addition','Eb seusake nu unwi ta imega dormo appe ib fotef zujjocij fafo la ug napelnul puweh.','(584) 681-4406', '901 Jedu Terrace','mere-addition@gmail.com','Funafuti','Tuvalu') ;
INSERT INTO workplace values('82') ;
INSERT INTO organization values('83','Awful apparel','Saw jalfetolu ihtu odte bu zemha fi wejatle turbev asouro zun peje sisuwuz obku rajmel.','(231) 895-7051', '374 Pafbih Pike','awful-apparel@icloud.uk','Abadan','Iran') ;
INSERT INTO workplace values('83') ;
INSERT INTO organization values('84','Naive way','Safva mojakdu bekfano vigeet magam bafmuw nupiw ujsokfuv deklizber vu goajor duwij sojvus gubanjir.','(705) 885-3981', '1482 Ovle Lane','naive-way@hotmail.fr','Villarrica','Paraguay') ;
INSERT INTO school values('84') ;
INSERT INTO organization values('85','Bright cover','Durku zujla vuwve dusoke sumzov kiboof ejo go ver wuug opmowno tofijad cecric jo id tor.','(748) 558-3085', '220 Sonmi Glen','bright-cover@yahoo.us','Presteigne','United Kingdom') ;
INSERT INTO workplace values('85') ;
INSERT INTO organization values('86','Unequaled van','Bofabjeh pe lak nodeoru zu gis ramtuva doj rehku fipnobhuh ad pofogju loczu decasa sud dudbewgac halocomi.','(382) 475-4416', '30 Fehci Way','unequaled-van@me.com','Mogadishu','Somalia') ;
INSERT INTO school values('86') ;
INSERT INTO organization values('87','Chunky wilderness','Ovaovov ketle cegidwi pih vaut weheto avod efiwameme ibi lu lad jew ravheh vew iguserew tu.','(808) 835-4006', '571 Deek Street','chunky-wilderness@hotmail.co','Floreal','Mauritius') ;
INSERT INTO workplace values('87') ;
INSERT INTO organization values('88','Measly development','Sil oc ej udpacwe wus tib favatat fodvugro teuwe asjaet becu padi safuwwij hed ze ata.','(613) 641-8188', '810 Amhus Pass','measly-development@gmail.net','Arusha','Tanzania') ;
INSERT INTO school values('88') ;
INSERT INTO organization values('89','Nosy crown','Jebengu joz vovcil jicsanhoz pinaok ecgalbof fe pah kom ocuroha hisi favad rizaj sopu ukjovviv ihzatju.','(957) 579-3178', '1559 Lulic Boulevard','nosy-crown@videotron.net','Sansanne-Mango','Togo') ;
INSERT INTO workplace values('89') ;
INSERT INTO organization values('90','Rooted fang','Nuc nufsogvah fotipuubo vipkugbe na ofuhri de wahup fe juoto iksovmec jet.','(544) 717-4991', '347 Kuta Trail','rooted-fang@icloud.com','Dauphin','Saint Lucia') ;
INSERT INTO workplace values('90') ;
INSERT INTO organization values('91','Hesitant roof','Ji la ottam vev hof lu lituga gudof japahos raig vu ejairbok.','(956) 852-1885', '661 Ilgoz Key','hesitant-roof@gmail.uk','Teixoso','Portugal') ;
INSERT INTO school values('91') ;
INSERT INTO organization values('92','Puzzled vein','Wac juz vi tirot hapkaf ekresdi ca geuchep tumtecvaj bivebe cat kiw naakati al oti hi pepob kuzviz.','(749) 558-4458', '622 Deimi Junction','puzzled-vein@videotron.ca','Negeribesar','Indonesia') ;
INSERT INTO workplace values('92') ;
INSERT INTO organization values('93','Strong language','Ozeuge izuzi jefo giz umezutvaw lepalda uride givtowe gafoc paob varga dif puutoes pevwuc zedfe jiefbu zumeruc.','(845) 830-4887', '920 Huvo Path','strong-language@mac.uk','Villarrica','Paraguay') ;
INSERT INTO school values('93') ;
INSERT INTO organization values('94','Enchanting thing','Edawevru lukwem gov sukaoli hakwegkop do arvopju fo lu ujefe futumce fomufe seuso la gumugsa zip.','(903) 803-4121', '1661 Taep Turnpike','enchanting-thing@gmail.fr','Naifaru','Maldives') ;
INSERT INTO school values('94') ;
INSERT INTO organization values('95','Accessible pen','Vigac lehcawgac uhiba kab zicpagi usuforo ahahu efisi higce coru mabaina cug fa algu ad levrozez visik.','(521) 241-9111', '748 Pomu Plaza','accessible-pen@gmail.com','Bamako','Mali') ;
INSERT INTO workplace values('95') ;
INSERT INTO organization values('96','Scrawny view','Eceremwi hitgah egarasgov higduksaf tis gameda zain piiri kogewlez wi boipeaho bectaodu.','(788) 283-6218', '1590 Raknek Boulevard','scrawny-view@yahoo.us','Salt','Hashemite Kingdom of Jordan') ;
INSERT INTO school values('96') ;
INSERT INTO organization values('97','Scattered talk','Giwul hedco wer al nebi acuuna iwunpo wanarovu wis fonipjeh sadefi luliuca zij.','(417) 285-1111', '1420 Evobi Center','scattered-talk@me.io','Villarrica','Paraguay') ;
INSERT INTO workplace values('97') ;
INSERT INTO organization values('98','Miniature fact','Dow fenedowak uga ru zuvioha kipepo citkijav vi wu gogo hongaczu jebo muogagi udumore nil bica fa.','(209) 209-3835', '834 Agoba Court','miniature-fact@me.com','Kabul','Afghanistan') ;
INSERT INTO workplace values('98') ;
INSERT INTO organization values('99','Penitent sail','Nu peze afa moheke comosor bosa rijivme epzu ewfo tietle do wumarasu nu fatjosel wis.','(538) 373-4994', '244 Eliof Highway','penitent-sail@icloud.us','Slatina','Bulgaria') ;
INSERT INTO school values('99') ;
INSERT INTO organization values('100','Brown cause','Puweb jarurde pezitde zisudu cupo rimlitka vanev oma hupju heozu felifwoh uvoifome lik runijuz ladsus ho zekkeca feg.','(616) 241-1042', '120 Hilef Trail','brown-cause@yahoo.net','Bermudez','Colombia') ;
INSERT INTO workplace values('100') ;
/* Script generated Thu Feb 23 2017 19:12:45 GMT-0500 (Eastern Standard Time)*/

INSERT INTO conversation values('1','elite middle') ;
INSERT INTO conversation values('2','vagabond burst') ;
INSERT INTO conversation values('3','previous change') ;
INSERT INTO conversation values('4','radioactive bubble') ;
INSERT INTO conversation values('5','orange way') ;
INSERT INTO conversation values('6','aggressive growth') ;
INSERT INTO conversation values('7','helpless dad') ;
INSERT INTO conversation values('8','yellow arithmetic') ;
INSERT INTO conversation values('9','wacky minister') ;
INSERT INTO conversation values('10','light boundary') ;
INSERT INTO conversation values('11','best screw') ;
INSERT INTO conversation values('12','mucho iron') ;
INSERT INTO conversation values('13','whimsical spiders') ;
INSERT INTO conversation values('14','damp stone') ;
INSERT INTO conversation values('15','clumsy boy') ;
INSERT INTO conversation values('16','false touch') ;
INSERT INTO conversation values('17','quarrelsome orange') ;
INSERT INTO conversation values('18','solitary beginner') ;
INSERT INTO conversation values('19','roasted waste') ;
INSERT INTO conversation values('20','lowly fog') ;
INSERT INTO conversation values('21','mutual rainstorm') ;
INSERT INTO conversation values('22','savvy ducks') ;
INSERT INTO conversation values('23','master yak') ;
INSERT INTO conversation values('24','marvelous umbrella') ;
INSERT INTO conversation values('25','stale berry') ;
INSERT INTO conversation values('26','elderly flavor') ;
INSERT INTO conversation values('27','wooden wire') ;
INSERT INTO conversation values('28','flying crow') ;
INSERT INTO conversation values('29','better discussion') ;
INSERT INTO conversation values('30','statuesque box') ;
INSERT INTO conversation values('31','fixed pleasure') ;
INSERT INTO conversation values('32','abnormal car') ;
INSERT INTO conversation values('33','nondescript pet') ;
INSERT INTO conversation values('34','public number') ;
INSERT INTO conversation values('35','adaptable crook') ;
INSERT INTO conversation values('36','defiant credit') ;
INSERT INTO conversation values('37','teal wax') ;
INSERT INTO conversation values('38','small bell') ;
INSERT INTO conversation values('39','magical death') ;
INSERT INTO conversation values('40','bizarre zephyr') ;
INSERT INTO conversation values('41','resonant back') ;
INSERT INTO conversation values('42','glistening design') ;
INSERT INTO conversation values('43','possessive profit') ;
INSERT INTO conversation values('44','mere smell') ;
INSERT INTO conversation values('45','wanted sand') ;
INSERT INTO conversation values('46','united cow') ;
INSERT INTO conversation values('47','painstaking fruit') ;
INSERT INTO conversation values('48','juvenile toys') ;
INSERT INTO conversation values('49','maxed country') ;
INSERT INTO conversation values('50','good fog') ;
/* Script generated Thu Feb 23 2017 19:12:45 GMT-0500 (Eastern Standard Time)*/

INSERT INTO wall values('1', 'Ben nopo deucuw coivuwa li ruc on otunavkod ewejug migruf afwo cigtuszuf gazuh wi bablip.','6','mountainous-crowd@mac.co') ;
INSERT INTO wall values('2', 'Bu curso ruzri heuru sunka ezala unrefdov kubog oviofoso ne vafuv vohzaowo em zucluhrez ivuwun.','0','motionless-birds@hotmail.ca') ;
INSERT INTO wall values('3', 'Ekiojmi ulhol jegba po gov fu hijifi suheh ba nakudi uha siib tipusji bifeb.','4','classy-company@gmail.us') ;
INSERT INTO wall values('4', 'Wanoboc tuhu ibueva kob upfe tihneula luj katen uc sozewco mioraha osoweflit boof uvi.','5','dry-pump@mac.us') ;
INSERT INTO wall values('5', 'Ge caz dap sa watiru imumamifu mu paho diccehew izunepa puce cama esis soruj amagih ele temhi ivitu.','5','rapid-books@videotron.com') ;
INSERT INTO wall values('6', 'Zam ansa idalso ded fap katfoz femava wojju kun cud lom lutekpiz une gemhove.','10','periodic-cent@hotmail.com') ;
INSERT INTO wall values('7', 'Jul je sigma bi liswefo sul me wulkon leku senufur mu le ve geh rebgilir nufdocumo.','11','brown-party@icloud.us') ;
INSERT INTO wall values('8', 'Nu cog nampagne defzub wiwo kinis rucajnug nehved je vebcunvi ru gehopid cuwrujve elizeki.','10','crazy-wrist@icloud.com') ;
INSERT INTO wall values('9', 'Kilo ogusuj puw lupledvu zoljezir jowi cuh ukedew fegat ecuashu vo uwa reg moho low huke lukosgir niweple.','8','dark-drink@gmail.io') ;
INSERT INTO wall values('10', 'Manuwop cetico opo mof cellavu dav vubjecep repcudo bulrirjok lumi minso uf lebcu bed.','9','envious-butter@videotron.net') ;
INSERT INTO wall values('11', 'Soowatot jirnuloh arofo do ros kistij taze bipacza wuwet duvbug co garcove.','11','perfect-knee@mac.fr') ;
INSERT INTO wall values('12', 'Jemu juic ca higgupges patefbo irinhoh li winaje uzbir ajwudca bev apo vaf libhaazu tozok huswu fefef.','11','jolly-jail@icloud.net') ;
INSERT INTO wall values('13', 'Jusar hipru log ruzitnav vizusili idfunruh na arwej inonuujo mohrapi kuhlih dijliv ruvjullu za igoci oj.','1','disgusting-door@mac.co') ;
INSERT INTO wall values('14', 'Ve bubihe tadek jehevha ojo wesac letpi uk raf pew weva fad kop uro emlej gilobi cipabdo olenov.','2','pastoral-border@me.us') ;
INSERT INTO wall values('15', 'Rasujuzi norterer humgotlu agopavo zomtoda su vohdaw si ir vih namgo ot kehtetot biobu kigi cesal.','9','magenta-earthquake@yahoo.co') ;
INSERT INTO wall values('16', 'Ruormiz atken sar gos zuow coda ka vuz lorhus ubuc lef uni bunikse biica lezem ohsuoj ri.','2','protective-plastic@gmail.net') ;
INSERT INTO wall values('17', 'Bi po sotur iza pavmi zablin nifcuni haha bauc wobo kah jikbo nokos ni.','5','humane-ocean@icloud.uk') ;
INSERT INTO wall values('18', 'Wafatwe kaz wek ow una purle ege ho wa efur si sug searibaj towe.','11','brown-party@icloud.us') ;
INSERT INTO wall values('19', 'Vilan tala ifza uboze len da cupruac bu wadorafef el ceziceke buh higapev.','4','abrasive-son@hotmail.fr') ;
INSERT INTO wall values('20', 'Ejeokota uzukamnif tipi vo howtegal cajeb eko idecteb rejeh ug ro bef mobgop.','4','protective-plastic@gmail.net') ;
INSERT INTO wall values('21', 'Gedej hiweckuj naza hi vibweb ralvopod ge saze fa le ubjoagu piwpirnu pigfewfu de culanzo ve.','2','one-cover@sympatico.uk') ;
INSERT INTO wall values('22', 'Gevcansas sumirep gifzirose esijamid koramhiv avha itahel bidru ve awiajuzej ovale liw.','7','perfect-knee@mac.fr') ;
INSERT INTO wall values('23', 'Gohfig ezu basuk wibhacez ume san ep holtipo mur cop hizpe ahat op baozo vab ek fufhem.','2','abrasive-son@hotmail.fr') ;
INSERT INTO wall values('24', 'Nib oblogo ijvasoz ginu nos mikjakbe lucvi wuovdep diikuame hug tiwri vir bu tewmudo nozvimjew nen cem.','10','purring-stream@hotmail.net') ;
INSERT INTO wall values('25', 'Siomo olokonu fuf fugug nelacgi zaorwu wat hagjolhe ufeluz iwawizin genpu ola uweicke te fitahfe wo.','2','icy-machine@hotmail.uk') ;
INSERT INTO wall values('26', 'Toj mecugsoc lojo egiup isa gog fa kimwi nu ocog rozlog uvuv vugevo alasuw ge diji ufdokzib.','8','soggy-impulse@sympatico.net') ;
INSERT INTO wall values('27', 'Hez jucu neezpo reltobu jo ev karukgus pi guahjo mirdugat fepemhof ijaavreb.','5','dead-mask@hotmail.co') ;
INSERT INTO wall values('28', 'Pigidav sejigi mubu awlu eresuhi zotab bowpezlof jev parucas dobdesudo ralva igala uziibzof defhu ate fakokoz saplufba.','2','obtainable-cannon@yahoo.com') ;
INSERT INTO wall values('29', 'Nofhipfuz oco hafo azato ecine za doruvcat jiw adulowfuv muppu igeoda ca ig jijdum cahuba ackaom epwi.','8','chunky-silver@gmail.uk') ;
INSERT INTO wall values('30', 'Daci sew ju egolez torutkes ava ra ne heku wetjepu hanpalo luhno.','5','mute-year@mac.com') ;
INSERT INTO wall values('31', 'Waanjo tezzuhe cihebwes viho doh wipaw cesa lu lalas majnag uffe mi.','10','gaudy-ground@me.net') ;
INSERT INTO wall values('32', 'Gas fivlo canutwuv goni hunohavu kon fefjifki ta capot iszek wigu ro lovepe jo usnoz.','9','likeable-harbor@me.io') ;
INSERT INTO wall values('33', 'Suhnac cozec uh bihka kijep gef zivze woitu imene wobeg co oheizgor dij sid ga bus.','11','old-plastic@videotron.fr') ;
INSERT INTO wall values('34', 'Fencirtuz rikuz pageso li jadetfij vukmavgib afe gakevfol comes barfoloc are enotikta.','10','civil-houses@icloud.io') ;
INSERT INTO wall values('35', 'Pip cuugu fihanci gagufrud dualajol likpolgo himahad inuda vezhura ecu ko elouj orha jin zu tane.','3','dry-pump@mac.us') ;
INSERT INTO wall values('36', 'Efe fuirbop hausso asezabjit nup fos ete tac etizu bipwaj ircizzi rih siwueva red fodze.','9','humane-ocean@icloud.uk') ;
INSERT INTO wall values('37', 'Nowto rifme ho uwabu useipiaf caude mej tu nib zohi bulukhod viicecig.','4','brave-pet@mac.ca') ;
INSERT INTO wall values('38', 'Re rojarre umube zewiz giujupac toiwu var tu guukehi pewcaan uba rijpa opijumuk tira ew wo jikme.','10','abounding-income@sympatico.io') ;
INSERT INTO wall values('39', 'Uru muacuzu leoni fezato cip si gof tef ekinab sonooh rubditrof ob bev poj izdatvun asu kiaga cewmuhed.','0','elegant-elbow@yahoo.co') ;
INSERT INTO wall values('40', 'Jislewo dephip si peskigi putu sekfif jom roreuk osutosgiz odavohciz wunahhi gacu par cokif.','3','periodic-muscle@videotron.co') ;
INSERT INTO wall values('41', 'Ofowogovi cavcifi vus vidilu regeliw kutaf gabo cij lova ci uwvo bollafduz uk ake apepzo ip.','4','dead-mask@hotmail.co') ;
INSERT INTO wall values('42', 'Ocerirkaj sanfi ate cofo kaemo racre la laocofo lepime vebi jowum lavpor ra kirur di gounidit.','5','panoramic-foot@gmail.us') ;
INSERT INTO wall values('43', 'Ci moszohso ekoez abfawag pugse jif muvpa jejujkoh pi cujof joka hatuw pabvez ud epo mukwusodi gijodzu.','6','watery-loaf@videotron.uk') ;
INSERT INTO wall values('44', 'Keczirvu go ti ka riv fuwa oku kuwihude hucumwaw upuitos ezaekdu du fatgiwas tulicmu karilce.','8','watery-loaf@videotron.uk') ;
INSERT INTO wall values('45', 'Ezzasu eb nakis pef vuk fat tarlug tipen pagjuhvi lul ohe okaco cogte vohtu vizukuse kov ufoomo bitraclok.','10','entertaining-stranger@videotron.fr') ;
INSERT INTO wall values('46', 'Kor tufom fof onemis efumeh pobrub zisut wulota kaj faka ha us gijiot ehodo ewdudbif pik getwa.','9','enthusiastic-suit@videotron.co') ;
INSERT INTO wall values('47', 'Zufdoz kenzukok dubatjo puspa guwrakem hejehe tibot lezete na ami gezaboih zasoje baritse tubek malri wadnuwal ro uwoajalop.','1','red-shape@yahoo.co') ;
INSERT INTO wall values('48', 'Gug ovolu puhal bushetep rermew za ojarojan do puwin he ulo mimoppo miholga kenucfa dacmeis tine.','9','crazy-wrist@icloud.com') ;
INSERT INTO wall values('49', 'Hadofhip mow vubopta ciz zazej awmozi jupahku wikof ozein ogari dohhizodi parepguc biofeka lurpozi ahe sirgoc pel ecsekti.','1','fancy-bath@videotron.co') ;
INSERT INTO wall values('50', 'Ik ec fuaf onca vifamu uvi ec uc celunit foafade mu jizvadib hukfol vazwuute.','1','humane-ocean@icloud.uk') ;
INSERT INTO wall values('51', 'Esiosofah duhsojrar awkire roru fuctazdol tap sizrat zitteeva nulziz heddo wov tonavo musig uf zuje ravoheviw mugimif.','10','smiley-metal@icloud.fr') ;
INSERT INTO wall values('52', 'Geesiuti lan linsiw di jom hoci tirapiic motlojhis ros topoccit gisfogaz tonu zidbi nuwudhi ros nosocom.','4','selfish-house@sympatico.io') ;
INSERT INTO wall values('53', 'Sirod ur moanuj zeujuto ipibo wic kuwji ewbel kepsukuki bi lez lu nelziro puaji bucdeuzo awe uj soto.','6','regal-rod@me.co') ;
INSERT INTO wall values('54', 'Eh su ime jajusomu kalteku wudekegu ihubar hekabsa bo pip va uhioz da varajnog petoc isuubaba cowog nih.','9','mint-support@hotmail.us') ;
INSERT INTO wall values('55', 'Mowwek wajogkaj zuizu ho nocrup ekevornuc bo jub nifheav paulituv ucu jafivzo huzefon virevluk gi labon tori.','11','heavenly-quarter@sympatico.uk') ;
INSERT INTO wall values('56', 'Lul pog zabficil ni tadmuf wehoba usofo foru utejar jeag ansecon koldav did lebabi teg uwgav tisa.','11','gaping-credit@gmail.net') ;
INSERT INTO wall values('57', 'Jaglized cewacav deg rotwat dodmuva hunid rolu rece onpunle wawtozec no zek seoh og tezere waunluv zujusibom ti.','2','panoramic-foot@gmail.us') ;
INSERT INTO wall values('58', 'Fupukaw dulohu lierejif zo aro isuc eb agajazav ronavedaj iledum no tiatlu opetimu cikin vacithof popiz isa kopu.','9','moaning-cherries@icloud.co') ;
INSERT INTO wall values('59', 'Megelu nidcami ro ibo bidem zo ujigur ufkar fuzej fo pos tag ke zegjor papo liwikav.','4','merciful-degree@icloud.fr') ;
INSERT INTO wall values('60', 'Ura ofuevamap udwolo epa cinibtu ca tawfonu damjamli we jo kasu kemriwir su.','1','green-airport@gmail.fr') ;
INSERT INTO wall values('61', 'Im volu valraeb zeribis fikgo kohwofke gakde bo cac dukmiz talda bapoeg getzuben bufjuc ce.','6','old-plastic@videotron.fr') ;
INSERT INTO wall values('62', 'Bi jutvejmes camovvem ep ra ti ip kibwa vitzalaf rako niuvafo noj kakregzo.','8','merciful-library@hotmail.net') ;
INSERT INTO wall values('63', 'Zer lu osocarta povra fatpop uzolofi wizmikiv iga mimilonu ajeded ur katu da.','1','miscreant-girl@icloud.net') ;
INSERT INTO wall values('64', 'Etzomli keemzo codib cosizwi ohosadliv jutni hazmicler ruk wo cejapum nife ica oca wuj bime ase.','11','knowledgeable-coast@icloud.fr') ;
INSERT INTO wall values('65', 'Ibpavot lajno iwa ho are cazmivgo sagwijgof honbucaj hipud az cavtip zaj ruv ziawcup wurnakzur dof.','8','physical-servant@sympatico.us') ;
INSERT INTO wall values('66', 'Um githe me uvub kofiwiv zahha ambicmo giurile wugceh haegemuk juuc eb wewilu forbuwe.','5','periodic-cent@hotmail.com') ;
INSERT INTO wall values('67', 'Roswi jovze nok zapa ti uk ta bonah wokaz jev guw tupav ewofe degmubnih lud.','2','humane-fork@yahoo.uk') ;
INSERT INTO wall values('68', 'Ruugi hi lo zotniggiz anohav ipoj zuzemi lodajto gibpo bodat bifi tuveih lirahire.','8','oval-business@videotron.uk') ;
INSERT INTO wall values('69', 'Ficrove perto cu vepbuj jaj ijule naarafep lolku natnepe re dueveni kus no dujsaljal dinadeba hosgizso jeimu pigwavre.','1','dead-mask@hotmail.co') ;
INSERT INTO wall values('70', 'Gevfaw no novwowum fif ojcuf jomjawme ge lomimto lu lo dunohhu jeka uzalop cublimow nan.','0','obtainable-cannon@yahoo.com') ;
INSERT INTO wall values('71', 'Itilaci tavehmuv ew bumug pin jefiiru bahten mur jup govmunziw zi nactalkon uwipuom.','10','abrasive-son@hotmail.fr') ;
INSERT INTO wall values('72', 'Locakmik zulno ug la dokkaw roopohi ejozizun benodi kejlavfif boisoboz zuuji jevohe pa ce iwicice raifo haimuki fa.','11','casual-roof@mac.com') ;
INSERT INTO wall values('73', 'Begohcu milpasveg lefob ransuz kubva nitovevop ocebofbi tuh si tispownum cuv bokosi bumifna goviet wifa daznuhe kohco.','2','evil-minister@gmail.io') ;
INSERT INTO wall values('74', 'Moztiwci uvebozve nahumila ficavo luoro de gu wilona racurefi vuowi zemesezu jud epu utsev.','9','gruesome-tax@mac.net') ;
INSERT INTO wall values('75', 'Nuhrop omi fi mirev hub fazkalku zantih wis watmugpaw jipev vo funpiuh ri jeto taav nuwibda.','5','far-jeans@sympatico.co') ;
INSERT INTO wall values('76', 'Dil afvilu wucdu iga ruvihow mokmuk upizadpi tawucot awpi mewfosak ju zolhudpir jot zata.','0','shy-cemetery@videotron.co') ;
INSERT INTO wall values('77', 'Lopeb rik lajal wiej alimauhi facuzma ja vuazuuw fi ruz sadulac divuwu wad aw bupra.','9','enthusiastic-suit@videotron.co') ;
INSERT INTO wall values('78', 'Fovozoh kar sawoz femeow casas culoguf uhuki hiin ukikiobo ivihafojo zewize honubo sa mupu gur kira.','3','soggy-impulse@sympatico.net') ;
INSERT INTO wall values('79', 'Gap du fo bommioz mezava jilgug wew ijo gozta wa hugjabkus awe izerabo ejbo zadob ibi ec dot.','0','hateful-hill@me.com') ;
INSERT INTO wall values('80', 'Aradujzo hezi vof saanu kavton wi zu ecuvinpu teni vobedi ledan evuso.','0','star-ladybug@icloud.ca') ;
INSERT INTO wall values('81', 'Vuziduz dog wudgeuf kalnucpu haicafig rabgan no pofone facuwiv oj ovi zo umibton.','6','expensive-zinc@hotmail.ca') ;
INSERT INTO wall values('82', 'Og bi si le peg zaepje lu zonweg rebci uzkegunu aka gac bu jiocaj nidikaku.','3','painful-stocking@me.uk') ;
INSERT INTO wall values('83', 'Oke wolsolgi wonpisa tovizko umza lavbubdo tulepu acihe efo hojab tufiemi vil udecevabo doeb ohozoffu.','10','careful-committee@videotron.ca') ;
INSERT INTO wall values('84', 'Pol ujmare sudozki mi da povetcu wewtan ovtul befo nopijfid faciftof ve gi ug coscaf god acawegcan.','4','common-umbrella@me.io') ;
INSERT INTO wall values('85', 'Odbegun juc tirpaftu aguha nonko tewvas des ro bezrip wetuhgeb gangup ra.','4','smooth-sheep@yahoo.com') ;
INSERT INTO wall values('86', 'Poute ha oknu acakuf bictat lec ti ru jigsebo gogufzum icegamup rowsidad mope veh zu orhofut.','7','periodic-muscle@videotron.co') ;
INSERT INTO wall values('87', 'Zaezi eheubu maih jigofofo keedmu fu ekisezid ziuf bugero luwgivwi gogofti rezokvi coalnah.','11','gaudy-ground@me.net') ;
INSERT INTO wall values('88', 'Lisigiir ubewu aved eka vijocen ge ek muhli zuv bob semusu fijuk ka az jisuddid.','5','serene-berry@gmail.net') ;
INSERT INTO wall values('89', 'Gi lig diwog rimeh fi mirejteg hohrige ci cenipof mujdati jielefa hoas.','0','mountainous-crowd@mac.co') ;
INSERT INTO wall values('90', 'So opuikez rohsudu howtuzeb vufeli ot lac iwmuizu zaf jepudo koduke wedvoki zobemip rufaba kudbotwi ra tag.','9','vivacious-recess@icloud.net') ;
INSERT INTO wall values('91', 'Nuszowjo wazi mow zub sif titidow kaed niheta huwsembu jumiga dihsi defdob zainive wadgusi ma purdo.','3','fancy-bath@videotron.co') ;
INSERT INTO wall values('92', 'Ag etuuhsol seteol ata ano guduh laobelu tev ka edevuim ozvob mug hej fac wawpi putiso mepuj.','7','genial-cart@me.net') ;
INSERT INTO wall values('93', 'Vaomfal ajesidot geazafu jebnecode ve pu ocmihub aliluru ki feceh zijaduse fe weafo rerihek.','0','first-sleet@yahoo.uk') ;
INSERT INTO wall values('94', 'Sitec gol nozjemaw bapcero se zukunag ilhe ukiokoso vimge uluzug etwe woupuaje bitmad cefemiv.','11','righteous-tramp@icloud.net') ;
INSERT INTO wall values('95', 'Buvaen ker ez vu coja ekmure lacbezoj li wa culle tetmo enowen vazajobe natakil jeize galli ofiow neze.','2','perfect-knee@mac.fr') ;
INSERT INTO wall values('96', 'Gojcab nopjad eroka or um zodowokab pe vez wubioci baf nuacoka vame suhu toc go kelo putjun.','3','ludicrous-cub@mac.fr') ;
INSERT INTO wall values('97', 'Zujigi zohu apeana lojsuub kot naize lu echogon eh reczukek voti zivroj.','11','fretful-instrument@hotmail.fr') ;
INSERT INTO wall values('98', 'Zekdomi kacojrub cejo olmezbi cuwvoj bopo secusjec top tiejuur sa epijel ko lizus naomge heboc.','3','abounding-income@sympatico.io') ;
INSERT INTO wall values('99', 'Luhuzowa kirifo udib narna ra sakpo suwekgo pitnubap fagasi ili lutwipja pim vomelul wupifkol hotez.','6','barbarous-railway@yahoo.co') ;
INSERT INTO wall values('100', 'Nutsizgon bicoze hipbu ighenu isu mehiv mafa icese be onoterga haespo binari asa ra oro famawonin udpizuzo halu.','3','entertaining-stranger@videotron.fr') ;
INSERT INTO wall values('101', 'Noaka kirutwa tudjanpa giemoru ko uva vo dojvu uzvov poj zimzu uko ni ud.','5','mute-year@mac.com') ;
INSERT INTO wall values('102', 'Panewiwo esooggi sug apisiro mevi nofelfo tadlof pedaole hihaw zamsup vabpo ace ib joicasa hiakuur otuohase.','8','red-shape@yahoo.co') ;
INSERT INTO wall values('103', 'Kinkagfu joz cibu cebadmem fiv mib keccag beawobeg wiludwi fiuf kagte tappaplet jolec nilap fe wosub po sigijkuj.','8','damp-tree@me.us') ;
INSERT INTO wall values('104', 'Fe kofguvwaj mef wac uholac iduh pajipur apuiz tum ug hugad zahukzam wudjuz kacehuc ur hivfale topujuwe.','9','crazy-wrist@icloud.com') ;
INSERT INTO wall values('105', 'Rac fimkeze ke cackop su bu kec nucwunuj kovijva jocnimi borawi idewof begvazunu guccopgig fag nev ju sef.','0','forlorn-aunt@gmail.uk') ;
INSERT INTO wall values('106', 'Fe imoofba motum ozidafca haw azolo we ug ce mocolowo cuk racvisgu nibregol icboro olu.','7','icy-machine@hotmail.uk') ;
INSERT INTO wall values('107', 'Ib focrimeg kufevus jev adabo kejfah er nedmajvib fipdeapo ratbidi racavif lib baofa.','0','zealous-sleep@hotmail.com') ;
INSERT INTO wall values('108', 'Nun jogviaf pajpulog il wan rogiw hekri rubew mik ofda rehum zoretoga lakaksad vuwite.','11','humane-ocean@icloud.uk') ;
INSERT INTO wall values('109', 'Cozu zeohami ganfoaw amarod cenawvek pe tanzu wupad hosupaj ercev teabtit gibiad.','2','dear-memory@sympatico.ca') ;
INSERT INTO wall values('110', 'Gaznes paubge gabbe vu zeme hadbelcac gavo sa zuihobo lit oposilog vafkaz acukiz tu larwez zu.','8','romantic-mitten@videotron.com') ;
INSERT INTO wall values('111', 'Ce ri on nos wejlu ce ceso harehhuj ocuko fetlo re bat ce cusih ec nortobtaw.','11','brave-pet@mac.ca') ;
INSERT INTO wall values('112', 'Cicmi cadig fusazid tudfolbuz jem mu nasemu fi socoj sewupa vizrikco kis oghat.','3','wanted-pump@gmail.net') ;
INSERT INTO wall values('113', 'Ni keim vaamu zurres cuchiwi pa cemu mo von madbig etbame socofje al nat wes cob ro ducandi.','1','purring-stream@hotmail.net') ;
INSERT INTO wall values('114', 'Talocofi upoavlec sejwawkor ut le tab tu adela fauwa ocebvo biv ma mud.','1','screeching-road@hotmail.co') ;
INSERT INTO wall values('115', 'Tuthuko bi we ikibir me dajosi hek afesiera tukcim ap med mide iljezaj ke nuugze ruwdufgib zip.','3','frightened-orange@videotron.net') ;
INSERT INTO wall values('116', 'To mejuduw izi deibemaj viuriiw de irritnaw irgobel ruvcu javmojan ku bap ujemir.','10','dry-pump@mac.us') ;
INSERT INTO wall values('117', 'Virvu ge utwugobi oc kunupa renvi fabvodesi ona monaja ulo uw abu kehko gopan ohjoli soku vizenpon.','6','classy-company@gmail.us') ;
INSERT INTO wall values('118', 'Zazafo aka uferec pi garijsej ut rifdegkoh gahad datok gewkehuve johbaofa ehacu kemculfoj moso ifi uzo.','9','rapid-books@videotron.com') ;
INSERT INTO wall values('119', 'Zub ofejuwaz ocicu bidomiis dognuswa ku fojalgej fizroca afli wewivo juz kuma bis jegolhib alowiho cedinra sog li.','2','elated-meeting@yahoo.io') ;
INSERT INTO wall values('120', 'Gibor tergezpu sehu nonege bob zisluhhu bohlojto cumcu tujdepu owuwi hel difovicu vihbiar paubidej nendiwruz ti ogrimso oki.','10','super-line@icloud.net') ;
INSERT INTO wall values('121', 'Imabahuj rekkovnu pon aza ipe dup alileruk iro gido kijsu zinove ru fidage pata kogote ru wufha ewfuh.','3','addicted-thread@hotmail.co') ;
INSERT INTO wall values('122', 'Zez inje sur cuehure vu dizave saakego nile palsirgi ar poscaje me cidijap botgo izokule rihzoke.','3','vivid-island@mac.com') ;
INSERT INTO wall values('123', 'Talhipeg zi jeal huf vuipza ej ehhegu lagmawak wuza zimkusvo kadip fuje ucurivwa.','6','tangible-harbor@mac.uk') ;
INSERT INTO wall values('124', 'He jimri lupu ilculpug vizob cevohvic maza vub jaltuah bih hielikop lezed mazkewrof.','9','one-cover@sympatico.uk') ;
INSERT INTO wall values('125', 'Uz deh erujito wiljolmi odpav biholi tof bilnemu ilro comigsir en afnigi tis nitim omgah ob we co.','11','vast-oil@mac.com') ;
INSERT INTO wall values('126', 'Ratvadwa pab busiv reputiwij pozso binipda kagje suhoci soodtu vehe verab furiran aclir.','5','dark-drink@gmail.io') ;
INSERT INTO wall values('127', 'Empeunu inu egaloodi imko taz regam jik sopnehab ho adozcu unisovoc ja ru dizep ajetubuf.','2','muddled-hour@mac.uk') ;
INSERT INTO wall values('128', 'Ci punmukeb gof tocliwfek jib ceg seloz wijdi pubpuuno maoda bawe luge isehu.','10','envious-butter@videotron.net') ;
INSERT INTO wall values('129', 'Lur ene fobighe gihbu nutlebi fecomfu zoz mikpof wa wizabwil anobegud inku lezeel.','1','obtainable-popcorn@me.co') ;
INSERT INTO wall values('130', 'Ni hok fuuni si fohha wijiat okejahe daviklid wihpat pimato ucagufuv wekmekno luhzegcu gizpawnem naf dozajujic kihwe.','6','brown-party@icloud.us') ;
INSERT INTO wall values('131', 'Ebo ro vur gut gaf hamdad sa suzsiv jakoha zuvel ejo awevemuz rej dar.','5','chunky-silver@gmail.uk') ;
INSERT INTO wall values('132', 'Wola uh berigew sah papi ijofobuz tafum jeza zavraznu kohuv ov giiz ef ucokar lore ip.','7','elegant-elbow@yahoo.co') ;
INSERT INTO wall values('133', 'Ta ecmas bem sihvaweza zonewmo af log nooba ab fismiw opkagvup giwlozi itikupos jejwosuj pizidoja.','5','deeply-throat@yahoo.net') ;
INSERT INTO wall values('134', 'Ko kutgadu hoponamu kujemefa howograj ico guidti umekiwsun upamimvo ramdiulo re fotashe wuujeco revomupu zo wopnej.','3','watery-loaf@videotron.uk') ;
INSERT INTO wall values('135', 'Cowa puj ibuate fin mawattum eru nar mev jab vuiledi eju vibnemuf fom veh towuzure nemi kagdugvo gu.','2','benevolent-whistle@icloud.net') ;
INSERT INTO wall values('136', 'Wovrofgin cumjuvas osuma elakoj nowco vowob caabusic jac uwa focop loddedze rusmav.','7','spotted-wing@yahoo.fr') ;
INSERT INTO wall values('137', 'Recpuji jicwa herusen zup bod lo majfozi zosi fu wiade sasujipo con emjid cinisor guzediuku lavlod.','11','phobic-skate@videotron.net') ;
INSERT INTO wall values('138', 'Ros bi el vi cugzeom hievawow ni baguwis afmej zaklow mersot kukwak dapfij.','6','future-oranges@yahoo.co') ;
INSERT INTO wall values('139', 'Bop docegrez zadesema tinkoku ku imi cew diras hu lovutbo lo vu wo.','6','disgusting-door@mac.co') ;
INSERT INTO wall values('140', 'Hocega aho oweubi ha negja fuvol zosmam do ojwiw doum ese zomuwlor ga ga gikisip.','3','likeable-harbor@me.io') ;
INSERT INTO wall values('141', 'Ajo jawuj to nonipre zaf nehbe perwi ji teve tolperiv bilren fuceke gagdupa romisat rapmoudu acejipjaj masag wigbig.','6','protective-plastic@gmail.net') ;
INSERT INTO wall values('142', 'Eghazlan vabputud vud cadohu nom gamomu ijeatu ugidum acrec holis bagun ojo ro megu ricedpaw invoc zukutob.','11','magenta-earthquake@yahoo.co') ;
INSERT INTO wall values('143', 'Gugammu uskim va hereg uh suwizka mukume mu lohredug ma vupe wules go nuzorvi jotulpo ocotutu.','8','scandalous-riddle@videotron.us') ;
INSERT INTO wall values('144', 'Wa dulebo jidsomap vibko coguhuni iwiho ema we gowezko mipejrig bukiw gishe eluub.','10','rigid-measure@me.io') ;
INSERT INTO wall values('145', 'Is hotor diz jompo begjutga hosefo dagico devsulgi janedive elmi jawtas nupha ve fow cuzfudvur wipa lufjiefe.','0','pastoral-border@me.us') ;
INSERT INTO wall values('146', 'Nuvedo pu jinafzi gopakur kijat topce dejat pe vot ic belbiip benuru zi omasza ma leduh jesza rugronaw.','8','pretty-feeling@mac.co') ;
INSERT INTO wall values('147', 'Riguju uhuvirfo veh eddaj odubed osahon ginnalzev mefir fehtirgeg goladte lugoc seat lulobej wivci.','0','jolly-jail@icloud.net') ;
INSERT INTO wall values('148', 'Rop gukraw dos coocu micca sulorku hocifec fujruktod ovwu uwais nanik va disi zunod anojal aco lig.','8','motionless-birds@hotmail.ca') ;
INSERT INTO wall values('149', 'Po bemownar owew lo ibode nel bo ha los seva in loneni jouv aterancam alrofab sihmuseg.','7','civil-houses@icloud.io') ;
INSERT INTO wall values('150', 'Dauwa cu un ona gub lana ezuwa ogto cidcowsuv veh uhiof towa wipin jaggutap.','10','wry-request@mac.us') ;
/* Script generated Thu Feb 23 2017 19:12:45 GMT-0500 (Eastern Standard Time)*/

INSERT INTO partof values('romantic-mitten@videotron.com', '22') ;
INSERT INTO partof values('gaping-credit@gmail.net', '28') ;
INSERT INTO partof values('civil-houses@icloud.io', '23') ;
INSERT INTO partof values('entertaining-stranger@videotron.fr', '32') ;
INSERT INTO partof values('mountainous-crowd@mac.co', '49') ;
INSERT INTO partof values('likeable-harbor@me.io', '38') ;
INSERT INTO partof values('disgusting-door@mac.co', '20') ;
INSERT INTO partof values('careful-committee@videotron.ca', '15') ;
INSERT INTO partof values('panoramic-foot@gmail.us', '3') ;
INSERT INTO partof values('genial-cart@me.net', '47') ;
INSERT INTO partof values('tangible-harbor@mac.uk', '5') ;
INSERT INTO partof values('merciful-degree@icloud.fr', '6') ;
INSERT INTO partof values('pastoral-border@me.us', '5') ;
INSERT INTO partof values('green-airport@gmail.fr', '23') ;
INSERT INTO partof values('green-airport@gmail.fr', '36') ;
INSERT INTO partof values('regal-rod@me.co', '30') ;
INSERT INTO partof values('gaudy-ground@me.net', '5') ;
INSERT INTO partof values('painful-stocking@me.uk', '29') ;
INSERT INTO partof values('smiley-metal@icloud.fr', '32') ;
INSERT INTO partof values('future-oranges@yahoo.co', '26') ;
INSERT INTO partof values('gaudy-ground@me.net', '9') ;
INSERT INTO partof values('watery-loaf@videotron.uk', '45') ;
INSERT INTO partof values('perfect-knee@mac.fr', '50') ;
INSERT INTO partof values('protective-plastic@gmail.net', '12') ;
INSERT INTO partof values('benevolent-whistle@icloud.net', '26') ;
INSERT INTO partof values('perfect-knee@mac.fr', '46') ;
INSERT INTO partof values('scandalous-riddle@videotron.us', '27') ;
INSERT INTO partof values('elated-meeting@yahoo.io', '2') ;
INSERT INTO partof values('phobic-skate@videotron.net', '16') ;
INSERT INTO partof values('forlorn-aunt@gmail.uk', '50') ;
INSERT INTO partof values('pretty-feeling@mac.co', '7') ;
INSERT INTO partof values('smooth-sheep@yahoo.com', '49') ;
INSERT INTO partof values('abounding-income@sympatico.io', '10') ;
INSERT INTO partof values('barbarous-railway@yahoo.co', '46') ;
INSERT INTO partof values('obtainable-cannon@yahoo.com', '2') ;
INSERT INTO partof values('scandalous-riddle@videotron.us', '37') ;
INSERT INTO partof values('dry-pump@mac.us', '43') ;
INSERT INTO partof values('selfish-house@sympatico.io', '42') ;
INSERT INTO partof values('damp-tree@me.us', '34') ;
INSERT INTO partof values('dark-drink@gmail.io', '43') ;
INSERT INTO partof values('careful-committee@videotron.ca', '46') ;
INSERT INTO partof values('disgusting-door@mac.co', '43') ;
INSERT INTO partof values('watery-loaf@videotron.uk', '7') ;
INSERT INTO partof values('wanted-pump@gmail.net', '23') ;
INSERT INTO partof values('scandalous-riddle@videotron.us', '43') ;
INSERT INTO partof values('expensive-zinc@hotmail.ca', '22') ;
INSERT INTO partof values('casual-roof@mac.com', '11') ;
INSERT INTO partof values('envious-butter@videotron.net', '2') ;
INSERT INTO partof values('obtainable-popcorn@me.co', '31') ;
INSERT INTO partof values('civil-houses@icloud.io', '12') ;
INSERT INTO partof values('periodic-cent@hotmail.com', '27') ;
INSERT INTO partof values('wry-request@mac.us', '39') ;
INSERT INTO partof values('miscreant-girl@icloud.net', '33') ;
INSERT INTO partof values('dry-pump@mac.us', '40') ;
INSERT INTO partof values('merciful-degree@icloud.fr', '1') ;
INSERT INTO partof values('careful-committee@videotron.ca', '6') ;
INSERT INTO partof values('expensive-zinc@hotmail.ca', '30') ;
INSERT INTO partof values('wry-request@mac.us', '2') ;
INSERT INTO partof values('fretful-instrument@hotmail.fr', '29') ;
INSERT INTO partof values('mute-year@mac.com', '45') ;
INSERT INTO partof values('panoramic-foot@gmail.us', '19') ;
INSERT INTO partof values('dead-mask@hotmail.co', '8') ;
INSERT INTO partof values('romantic-mitten@videotron.com', '16') ;
INSERT INTO partof values('vivid-island@mac.com', '10') ;
INSERT INTO partof values('dead-mask@hotmail.co', '34') ;
INSERT INTO partof values('serene-berry@gmail.net', '49') ;
INSERT INTO partof values('rapid-books@videotron.com', '10') ;
INSERT INTO partof values('motionless-birds@hotmail.ca', '17') ;
INSERT INTO partof values('gaudy-ground@me.net', '7') ;
INSERT INTO partof values('serene-berry@gmail.net', '21') ;
INSERT INTO partof values('phobic-skate@videotron.net', '2') ;
INSERT INTO partof values('dead-mask@hotmail.co', '49') ;
INSERT INTO partof values('romantic-mitten@videotron.com', '19') ;
INSERT INTO partof values('mountainous-crowd@mac.co', '36') ;
INSERT INTO partof values('vivacious-recess@icloud.net', '20') ;
INSERT INTO partof values('genial-cart@me.net', '11') ;
INSERT INTO partof values('likeable-harbor@me.io', '48') ;
INSERT INTO partof values('rigid-measure@me.io', '34') ;
INSERT INTO partof values('enthusiastic-suit@videotron.co', '8') ;
INSERT INTO partof values('common-umbrella@me.io', '16') ;
INSERT INTO partof values('chunky-silver@gmail.uk', '11') ;
INSERT INTO partof values('merciful-library@hotmail.net', '24') ;
INSERT INTO partof values('brown-party@icloud.us', '1') ;
INSERT INTO partof values('benevolent-whistle@icloud.net', '7') ;
INSERT INTO partof values('phobic-skate@videotron.net', '50') ;
INSERT INTO partof values('chunky-silver@gmail.uk', '39') ;
INSERT INTO partof values('abounding-income@sympatico.io', '44') ;
INSERT INTO partof values('green-airport@gmail.fr', '3') ;
INSERT INTO partof values('fretful-instrument@hotmail.fr', '20') ;
INSERT INTO partof values('crazy-wrist@icloud.com', '49') ;
INSERT INTO partof values('purring-stream@hotmail.net', '27') ;
INSERT INTO partof values('ludicrous-cub@mac.fr', '49') ;
INSERT INTO partof values('entertaining-stranger@videotron.fr', '3') ;
INSERT INTO partof values('gruesome-tax@mac.net', '5') ;
INSERT INTO partof values('genial-cart@me.net', '41') ;
INSERT INTO partof values('dark-drink@gmail.io', '2') ;
INSERT INTO partof values('old-plastic@videotron.fr', '7') ;
INSERT INTO partof values('fretful-instrument@hotmail.fr', '1') ;
INSERT INTO partof values('forlorn-aunt@gmail.uk', '4') ;
INSERT INTO partof values('protective-plastic@gmail.net', '4') ;
INSERT INTO partof values('forlorn-aunt@gmail.uk', '1') ;
INSERT INTO partof values('gruesome-tax@mac.net', '49') ;
INSERT INTO partof values('disgusting-door@mac.co', '5') ;
INSERT INTO partof values('crazy-wrist@icloud.com', '41') ;
INSERT INTO partof values('abrasive-son@hotmail.fr', '31') ;
INSERT INTO partof values('righteous-tramp@icloud.net', '42') ;
INSERT INTO partof values('selfish-house@sympatico.io', '27') ;
INSERT INTO partof values('dead-mask@hotmail.co', '7') ;
INSERT INTO partof values('righteous-tramp@icloud.net', '45') ;
INSERT INTO partof values('classy-company@gmail.us', '26') ;
INSERT INTO partof values('screeching-road@hotmail.co', '9') ;
INSERT INTO partof values('heavenly-quarter@sympatico.uk', '35') ;
INSERT INTO partof values('damp-tree@me.us', '41') ;
INSERT INTO partof values('panoramic-foot@gmail.us', '5') ;
INSERT INTO partof values('damp-tree@me.us', '31') ;
INSERT INTO partof values('shy-cemetery@videotron.co', '38') ;
INSERT INTO partof values('jolly-jail@icloud.net', '11') ;
INSERT INTO partof values('serene-berry@gmail.net', '22') ;
INSERT INTO partof values('super-line@icloud.net', '32') ;
INSERT INTO partof values('damp-tree@me.us', '42') ;
INSERT INTO partof values('painful-stocking@me.uk', '16') ;
INSERT INTO partof values('wry-request@mac.us', '15') ;
INSERT INTO partof values('periodic-cent@hotmail.com', '15') ;
INSERT INTO partof values('evil-minister@gmail.io', '21') ;
INSERT INTO partof values('screeching-road@hotmail.co', '39') ;
INSERT INTO partof values('damp-tree@me.us', '39') ;
INSERT INTO partof values('soggy-impulse@sympatico.net', '38') ;
INSERT INTO partof values('obtainable-cannon@yahoo.com', '42') ;
INSERT INTO partof values('periodic-cent@hotmail.com', '13') ;
INSERT INTO partof values('wry-request@mac.us', '40') ;
INSERT INTO partof values('physical-servant@sympatico.us', '18') ;
INSERT INTO partof values('scandalous-riddle@videotron.us', '29') ;
INSERT INTO partof values('periodic-muscle@videotron.co', '10') ;
INSERT INTO partof values('green-airport@gmail.fr', '7') ;
INSERT INTO partof values('first-sleet@yahoo.uk', '50') ;
INSERT INTO partof values('hateful-hill@me.com', '6') ;
INSERT INTO partof values('likeable-harbor@me.io', '44') ;
INSERT INTO partof values('evil-minister@gmail.io', '47') ;
INSERT INTO partof values('periodic-cent@hotmail.com', '35') ;
INSERT INTO partof values('icy-machine@hotmail.uk', '15') ;
INSERT INTO partof values('physical-servant@sympatico.us', '48') ;
INSERT INTO partof values('mountainous-crowd@mac.co', '5') ;
INSERT INTO partof values('spotted-wing@yahoo.fr', '27') ;
INSERT INTO partof values('purring-stream@hotmail.net', '16') ;
INSERT INTO partof values('entertaining-stranger@videotron.fr', '45') ;
INSERT INTO partof values('damp-tree@me.us', '45') ;
INSERT INTO partof values('romantic-mitten@videotron.com', '37') ;
INSERT INTO partof values('gruesome-tax@mac.net', '38') ;
INSERT INTO partof values('rigid-measure@me.io', '29') ;
INSERT INTO partof values('fancy-bath@videotron.co', '47') ;
/* Script generated Thu Feb 23 2017 19:12:45 GMT-0500 (Eastern Standard Time)*/

INSERT INTO post values('1', '41', 'tangible-harbor@mac.uk','Mon Mar 26 2103','Vook mekoc surne ifiga ifatezno sucilker gipweobi vib luh duhsobe kaflesu heloggu afaru mucdiza vuka ugovuv ravbacwej.','') ;
INSERT INTO post values('2', '63', 'first-sleet@yahoo.uk','Sun Oct 23 2112','Vumgo voupabil ba ez rofurrud zec ajeukti po bawov iwo albunpu ga zadgesbej tiguike gegi fah nuoh is.','') ;
INSERT INTO post values('3', '46', 'protective-plastic@gmail.net','Wed Jan 04 2051','Tol dadi efhocu ak fu idoilhil hehte fihijut noiba dehapru updeawo nuduz aw cab rooki hajnowul. Zahen vube epinu wumiw carikvis ce kidjebu tuwcawve vekkeji hih najah ida adelenpud aftizvop mikefiv.','') ;
INSERT INTO post values('4', '146', 'green-airport@gmail.fr','Wed Jun 29 2050','Cutcek doci cog tohgoz pu weali ivado ceup rolne ju ivanogvow lopehi iz opilukemi. Rugci ler wok navsado omeoc le det ce muv emcesvez gepfe fofe.','') ;
INSERT INTO post values('5', '42', 'muddled-hour@mac.uk','Fri Dec 10 2038','Tobu zieje betmepi jigik vaweh lizagel agezegah ovlit fufiw ojumin iwagtim zovpaci loctozmuf tod jitman dueca cukafa. Biwkepune sovtemuhu isuuwifeb su sedad culored ejouwike arizera ugot farabfi fa dedoeju epagijgi ebu finjusi poiplas rafetro.','http://giuz.st/inkuroc') ;
INSERT INTO post values('6', '112', 'civil-houses@icloud.io','Thu Mar 14 2115','Esafieko resbal wefsucihi nitdo susarfaz padjag si uc hopaise bumejcu jutug razjebe. Wug ijbe me vefere anu fupetomab rurukudi tovduj hoec cuakkih kusu mecniara kotcati fo zepebguk vapneho mudolu.','') ;
INSERT INTO post values('7', '3', 'vivid-island@mac.com','Tue Sep 09 2042','Bofuaj fukdus ine serah miane dego dit la moonok es woze gi.','') ;
INSERT INTO post values('8', '95', 'shy-cemetery@videotron.co','Fri Dec 05 2059','Tucwenul woden muv tesjakaf zoheem dubik je towon otaju los va vogah hem uvad ca hu hajioh wu. Cab fim meloizi fa fa jazduh omi ohuler haaga duli utu gu hec.','') ;
INSERT INTO post values('9', '72', 'deeply-throat@yahoo.net','Mon Sep 05 2072','Osimovek fifipehor ettesil em uglus wiwahife bazmif je butev co bejmuv vipi. Pudamece jume pomaw ina currahep vebov ecra go vulkuik moat wazvauw izde rinwutak aca tel.','') ;
INSERT INTO post values('10', '47', 'smooth-sheep@yahoo.com','Wed Nov 14 2108','Rem jeggol bu vonsi ba zogat uceraej mozikvo so suukwun edwut zaijezi ojzid. Zuw iscujgev teev nizra ge nempelud tuswif wavi kopcet gupa afocewa kolfajfa gocwav fuh.','http://uvewovbum.ke/ni') ;
INSERT INTO post values('11', '123', 'obtainable-popcorn@me.co','Thu Apr 10 2053','Ar atuj ubtocad ewaum bufed pil ugbizhu pa ic pum hod jarwitu imeud nokosek gibelife jeivo.','') ;
INSERT INTO post values('12', '130', 'mint-support@hotmail.us','Thu Aug 31 2045','Fukhi fogipi alhel lobiw usedugvoj josvize fikifo sahez ufpe adevinit opojivar zugsus gewme. Ersa lur ricugjij vob kel hazahop hoec ija vag ugjev itsisap udo ji as. Vef huzad fitugve po korulom irwelis anboizu pilzogop bufihzu juomuiz kah meme wepnu lulibmep taic. Ojiwuzeco rudu dulitag sot hurarje row mamakiw janvece topse puk seofgak efum hel epofori. Wava apnuwrun ludtiga zidni jame huw uzuge ivo ni isa socpuw mefocaf wo forewba.','http://sefde.sr/satmovfiz') ;
INSERT INTO post values('13', '25', 'gruesome-tax@mac.net','Mon Nov 13 2045','Fek cifmovve mi wa gakiuk idagad tumukref cansecgaz wamwafewe wu han fusewab cizid bocpeku uzuwawu gajfu upu agaag.','') ;
INSERT INTO post values('14', '119', 'merciful-degree@icloud.fr','Fri Jul 09 2088','Wemiji vajabti kenu guuw da jimseene maezi vochazar rosweblop we imlelar ra tegifotut cim lat ithagez.','') ;
INSERT INTO post values('15', '62', 'periodic-muscle@videotron.co','Sat Sep 29 2108','Gal cu focal koen cehaleov hi cala wipihka oni bevis ectosjo ijo efosu hehousa ur. Pob ve vo hisfebo jo sulnuc luzsogpud guduji meforu naredi ozalo wubule ponlur omvesri suputo.','http://fe.er/gok') ;
INSERT INTO post values('16', '106', 'humane-fork@yahoo.uk','Wed Aug 28 2086','Ozituco goul ce citmiv ipje weset odu dil wiaw ze lulevzu toc mer. Gawpavo jotogvu muw uja jijgi raf gohheze onwe hawa cut letko jojsona ja.','http://ejifa.uk/ovepu') ;
INSERT INTO post values('17', '124', 'shy-cemetery@videotron.co','Thu Aug 02 2096','Di we joasihus kiegojog guwzon kodvoz wi acuone saju fipihake japmadu kifweci gu.','') ;
INSERT INTO post values('18', '27', 'obtainable-popcorn@me.co','Thu Aug 20 2111','Boz muhatfa cajbas newe kabapiv mempacufe livmisu bihi gav se er ra elu lafacwod. Usburow huw ne hof dulesdat upe upi caeroni nobiga muz konef vuzo jacejce so kuuve.','') ;
INSERT INTO post values('19', '120', 'civil-houses@icloud.io','Thu Sep 28 2023','Ca kikage asgahza tocoz uj azukuce wigupaj tunel bin ovdof se kekwagag sogah. Mobrac gardojoz dalu ef juksa va aduehe vedeol balul evnaag pufetam div hud. Bi jek oz ipbemjit ceesde sog san ippiked jiheez dazal icu ga walnol kelu nembume sa vubmikir. Idojem puciv muno cujavwub jor gez irikat ra ilodurto wowtufka neohe lalen pobe. Gijud diahu pu iza vozo nibarja tin jadam gi ewula pugal hunim hios pat ufo ibmod hob.','') ;
INSERT INTO post values('20', '58', 'common-umbrella@me.io','Mon May 17 2032','Bidara gow lojdas etpebri iszi pe sebew gake mobaz ipolapa zidfelce jig. Duwozpi lov jesovas loz muktal hu goctobe upajo tebrev cotiz at vivkim ijse uj abnorke az fuimeadu oho. Dabful ovilag regu aso poz hi comca giheve gihcu vifbel log itoveazo be. Hot opokav fogkem dew cezajha ho tivco igobi dodimaz fubapoku bofe odupi guh. Hokud ni kakvid he vi ed neut molvutwi luuwi butufka camtaco livto godefuoki. Je bev lofev tibna sik hedin ki habmu isuune je fawesi ro vatedho roozeki ocik sivohe gomosda. Beejne faufho jusbawvi hu ufozah gitufveb rarpuve elili cot weke it we re ap hifosa cav jeapsar kepo.','') ;
INSERT INTO post values('21', '36', 'elated-meeting@yahoo.io','Wed Jul 23 2064','Negihas vijafev ce lut makneke ana mud cuw nofvuvuc naoh ufku uliig gupusoka ve pokovi gojitap.','http://mipib.li/letle') ;
INSERT INTO post values('22', '4', 'merciful-library@hotmail.net','Fri Jun 15 2068','Ek hebalbo li miz ope cig gi kuulniz ve vuecuuna ikju ajamen wopbi zo jib. Lulo cesujog jerorsu hize fakin pubinar izu nezos fum ecozed gowguzfe beor zajema ukib zusrouhi pozcijvaj. Okuje va lik soddoman upko av is iwvadake rujge acuni juc kaduvudig eknankad kurar cuvve gogogjeb wog koza. Hiwef zi elo bodsidu vid po ov oz seb voif ra soihoha. Katdogri nu no wucmu kualuuh mopgit teoge ke jog dadukma piofbo po.','') ;
INSERT INTO post values('23', '94', 'abounding-income@sympatico.io','Sun Feb 20 2078','Kapotcam sekape va abuhizu ha zec pe ciicji sileel bosvozbi ugmi voimpub jiktu zivnidzu cil nazpat. Gig repelef ujodar hejaga oze ba fon lasraw zih jepaoci najnivu gaeco ruhfuhod. Rod rodzivun be nizon puvroiz opzihaw sij tiba orogu atehut fanemlel veuc adiuhofu vanurot copu. Vofizfo abauniza cizu pakomi gibrarmun uv sehajeh sudikzuw juj wefagjam geuko zulvibeb zolan idfuj wem wif ul.','http://gu.np/lobuzo') ;
INSERT INTO post values('24', '105', 'vivacious-recess@icloud.net','Thu Jul 20 2090','Koh ab kehfiiv poduwif ve utetecuvu law lilror mem vodpibfon te hurred nibi.','') ;
INSERT INTO post values('25', '56', 'fancy-bath@videotron.co','Wed Oct 30 2030','Wacbeva bozibson zi evja silgooje rup putibu upinekgez tajsaroz kewir dieku ul lu ofeil dufib poho balis.','') ;
INSERT INTO post values('26', '59', 'painful-stocking@me.uk','Wed Oct 09 2080','Kiziniv vepmeve ge ca ju vocrimkak gebam mer mesoka kes pazoh cavki riowu porguh pinur vela. Ka di remaga ge ube etofiwe fo ilho gulgowu anlez nu si nojoz luwwe ta meiz gig. Cegutunup do jetkicig unu vazfiut edu cego oko sif gi ilsoap am mu gihiruw ruvvajaw wogi. Zejibep elsac eshohoro ri fe ganata liwukkuf minep huridabeb ke pulciwe gih hek sob. Zoljoj ruremu asa kibe co va davjok tis iti eszauf ki veita. Sissudok cuvaz su roz gu op ru ozadetuj wuc avogupib pobumoju reha fuibu vob vesid iw. Gaj rarfe ziwcohed dutubi kupep kuraidi relten eriinivi ahuze ka tukjow ro nauw mizcemfe obca.','') ;
INSERT INTO post values('27', '106', 'painful-stocking@me.uk','Sat Jul 18 2071','Ute cemup di enonukki kibkawci imo bi upakanbup uv uhimak pebcevula usoka eme umusefvo am. Naka nab lektato jave naclavmi lu cakufhar ug zosjidda gokebsor za gadeha. Usbochok vu lij weubmiv fahihzut bossu bifinuv wof bo netbuj ashi kohom. Bo labemtot ta jalunjec ago cajriat welpajpa sobpicum le otufavwi nen ego kojoh puw jas et wif toga. Zezsuslo mo vocudom vavtov hulifduv vomnam rowmefa hili cemcin lapumudo gom rupzem.','http://ba.qa/kune') ;
INSERT INTO post values('28', '94', 'green-airport@gmail.fr','Mon Dec 01 2031','Usewer mu iga con jaici gupu sekno zeduspi hajop tebceznul odo une seicelon sifsol. Belupaf gutjewoto tohku voca vutol wolis omo ma fusaog moprutuj udi don.','') ;
INSERT INTO post values('29', '68', 'vivacious-recess@icloud.net','Mon Feb 14 2078','Relej wefa ga enmi cupadine golnot niped wun fi wuk gebneb niit. Sokec efcepvod so wowrauwi ubu zuf nepcolug cuv ar unodovag rugaji fet sufuw gev nuvagan ludiz kigfum azbo.','http://kahotvev.bt/rovget') ;
INSERT INTO post values('30', '148', 'mountainous-crowd@mac.co','Thu Dec 15 2050','Hugarke usbin epina wuhviiva tiohozav zaib ce jodan uczilko uh vo juja evonov vok ebupuc movzitig.','http://vadese.as/toig') ;
INSERT INTO post values('31', '44', 'star-ladybug@icloud.ca','Mon Aug 24 2116','Oza oduhedwu tikeh ipi tiru tudi cimmup wozadab fomulke fitope ja wu ru. Advoru kuklo boec gehi pi guru ucuvo mag nuhcu kadkunru zubucpal ak tamu divespop bob imuup sojbemeg wekjegho.','') ;
INSERT INTO post values('32', '112', 'expensive-zinc@hotmail.ca','Wed Jul 23 2092','Sair fu wuj up dim ocevur ec pedda ehi me given liszenki wigojlu. Gupnac urep obuhorihe joscu fu deukaej vasagsew itawuda ve juwto okojiwu ku jev ohohiba pugolko avzezvi. Jizovata mioga venino sufuer horpa irronfih kuzi ageunaleh mot ke abropi ashaoz vunezowir tavi do se koheep jife. Ebvur ibdigsuz wof suwno nela ceev zucnufap gezot ru zo wo rehecwuv dienurid. Dip ihuwit gal mevi tifevna niw po du waj notbev alafoj laspup imoguk. Lap jehu ehijip vamowtah kechim gidjaja ekozo bus mipop ubiatowad di va jeoco pig neirali awi heh. Cinu dilu biro ef gaf uzvegsec wujvupej ovrubuk wuzehat relibi vipcohej salwe niwora vonsudec.','') ;
INSERT INTO post values('33', '127', 'far-jeans@sympatico.co','Sun Feb 07 2100','Vuba ip kibuga ejuibo gaithe zetgemi tedobacev na paho aj bogohin oludofowi vabi keblerlo molbinijo.','') ;
INSERT INTO post values('34', '57', 'righteous-tramp@icloud.net','Sun May 12 2030','Holfaceho pibvub tubsergu navojkep mavapa uc goh ipesi ti kozdiknej wevsos welocpo huhzi fiz kenif hadnikja.','') ;
INSERT INTO post values('35', '112', 'gruesome-tax@mac.net','Sun Jul 24 2107','Li gufejpof nubu dapurofe radtuwa wizol wohuluj gidtire galjaj awa dori zecgiefa tadte irimu li. Ane lo ra umi idcaz toz zipe oto resa uraho vur maec. Loweg ruje potubwo azjevi var weumi bavufiv wu uv dek gojjeca id en re tepifus golikfi miv.','http://hof.tg/tosjazot') ;
INSERT INTO post values('36', '34', 'jolly-jail@icloud.net','Mon Feb 25 2041','Wiran dinovluf coc sebifub legoc gu howodwu jushar pulnidof wunhol nuv su dic buz sanero puzdaiwi joade tituzne.','') ;
INSERT INTO post values('37', '28', 'elegant-elbow@yahoo.co','Sun Nov 05 2045','Fopodevu ojubo feb emka higoh kir ha gomivfic jipveciw decuh nil zooseka hinol. Fimuc asu tofi sakiv pi cegavi giljirel jeoj pusoc ibirmej hic zumowfo gor je.','http://paclikar.mn/pauna') ;
INSERT INTO post values('38', '7', 'addicted-thread@hotmail.co','Fri Aug 05 2107','Garuteti wemlim sot wuwtipwu pegi ku mawa tohimi dihet zeruza baozola tekawi. Zuwitow kugivu sa leku apwocen nomu cak jobowji ewafigsaw ibci covnagor gudnuf safbeufe jod milke isowni rufo.','') ;
INSERT INTO post values('39', '80', 'merciful-degree@icloud.fr','Fri Nov 06 2037','Ne sicil orvadov bowzivba zikba huz ru dobgivup toz jen wames ra bip sev. Cehi vuvri colzoufo pib gigkaodu zugos emegi sawe ve dunorfug gokbovig in ahigeuv du ofnag ecika. Alibofa pokid wawuw juiwudih lewufi lufbel jactegof apolaha javub ela taosilag icavursav. Bawsatub ne cenkos mazov junioki cabangi ahiratle le tuc livaj rizcilje mufewotu vohag sim kivruk jev wepotem vojidu. Gitun wumaz wuvi vi emecih ido asawepto fusec vibkibega nu tiuzo tak veet.','http://izu.pf/so') ;
INSERT INTO post values('40', '71', 'rigid-measure@me.io','Mon Mar 19 2040','Eko gimod ulta witekom adjuk hudbe on puocuzo rat wemon nidemdi rocusfi gaaj hoedufav ewasudbub cakaap pinulaaro. Nowus ga nis urtub macofum utekiwuc pugu hi zudi loezoak cuori co javruwa ma olaenbo. Titido dujub irfaku ike fos metuoz jude buuceat belajit nuw do muabu kelih gerebeg dopehvin vopkufej uthu. Wuvode daj icvubci veb pa radnu fifowsu kivavo ijit vebal nithi gu ka kejfavoj lidso si. Pecijkuh fozew webifu vopo roru lotzo kijbo suscu ebeovi vo ehhoz gavselsaf. Ubumveg pe fufac wu tubnes ce zaafeliw an gazieb arjic mukbakjih ahra ra jugehgu jujije juasa fo.','') ;
INSERT INTO post values('41', '18', 'dead-mask@hotmail.co','Sun May 02 2083','Cus dophafuz ba mabtif bi li louzet fog ildihan zavuco kugemewic ilueka uv himitfi sowitume katanje. Rukkoj huzrudi dezipip mo isufi vosvi lado egiaju ima mucsufvid luto dobufejuh ot rebjetih jo geuj.','') ;
INSERT INTO post values('42', '101', 'entertaining-stranger@videotron.fr','Thu Apr 14 2039','Upeti towuf hivtuj afiku ukbe jijubpiv emlaz kafet safdual guvaznon favut go viwilu milegoci.','') ;
INSERT INTO post values('43', '23', 'physical-servant@sympatico.us','Wed Apr 29 2043','Naev bovfaif vihku suwo wi ze vosle ilulom vecze neggiik zouz wizwek go hihumgu idukawpi. Zuuke wiji vitauzu dilemep law nobivcop desteg vu kusumlo et vod ignimat nome fes sad ar.','') ;
INSERT INTO post values('44', '75', 'screeching-road@hotmail.co','Tue Aug 28 2085','Eg lojub kobtal ujaji hikuozi as jituho cetuba alofo ju ur ujuzom duwadaz anefeb zohueka. Ak muzaol inoleta elzuksaz ruz futetel nifju tot betrud buima vol izsamom cemvu doetja. Fa lipjolji tekvijzu biemu ibuhugiv ami daf benogmut naliwu nevup unbu cikad liido kipciewa no ol. Hebisli selbol puezuoro mofi si kewu og pan evpos mun hil geg gafulut fasi dud visisupa. Enbubdo nilbosa hiv zeejho nebeco kemzawa cakkevom rumle en tah zumisac ceura hifalvic ok ili zaaget. Uk kidbi dirovmo bul zob aj mi bazfid oj as vukeghe antun weuforow afiolze soce ker.','') ;
INSERT INTO post values('45', '121', 'painful-stocking@me.uk','Sat Jul 24 2088','Ceskojak zobnan low roifci kokvulrem ro wate koc laror dacedka maswaroc do fu gosvadsi itowowuk. Fake vi owju vul fi joiz onoew nownecgej purapum ke mec kew vehol geaw idtaz. Jimis tew gezi ulfij mefuvul opaubogod za hete ijo lo nirur oc ituwunhu kimsaj. Mumrin pomislor tecu mub rib duheaf pe cisdus siv mi cehvif celezu funufhik lalejvi fukucihe ma vatdiid vile.','') ;
INSERT INTO post values('46', '71', 'green-airport@gmail.fr','Wed Dec 06 2045','Pe fuat voz tih pa ujeruti iniirtov duf hilirob ve jobwi ce supbor rafabe. Tetiwa dabuna agzo liecifat cob sah odige fi buer nul onowi koli.','') ;
INSERT INTO post values('47', '9', 'careful-committee@videotron.ca','Tue Apr 10 2018','Tezmib ivouwju hi mazwec zuwize vu mu nibitbik atoka tewigko duzte nadwuk nevohi zipocwuc afokojib hifa. Agdis runoptet do ugifku ra eda sevu jow kosupri amonezruf weko vacnu ala zedic peki etomame wazok.','') ;
INSERT INTO post values('48', '112', 'dead-mask@hotmail.co','Sun May 25 2053','Fosoc luh biosfe somuwa sirlo me vop mipovaj etaulauk mo ap dinozevu. Uc we cula co pesosub iheuf mu podiwipo cuwal loru loli ecrifoz.','') ;
INSERT INTO post values('49', '8', 'obtainable-cannon@yahoo.com','Sat Aug 07 2094','Winluldas jobe tan jicawov zuzwovo ufahutip vuzibef evpo zamfezip suzpeig ihujozoma jof vipku.','') ;
INSERT INTO post values('50', '143', 'civil-houses@icloud.io','Thu Aug 16 2108','Givumih rodiwki bo pamo jop rifzo tuca ci mov litadseg vezsa sezacil. Ilo guko bijnoisa peec efziali gezrecgo bu pijciw wibez umiegzen coknagi kaos neime kumepip korti wifor sef fujrewiz. Nesimjid iz kebej cagu ampi bej vef ahtu zev vo jefjal vefhipdi hu mu. Ewofobet gevde te ducag ici habalu rag gaco hovmes uneruk ufasobab gor riz pip.','') ;
INSERT INTO post values('51', '111', 'merciful-library@hotmail.net','Sat Oct 08 2089','Kembaj witotka mat aziz bihdusi netzuhil mu tufivbi tada al zesbitle ascevewi ka wotoj uh imfel. Hiwharmu giw nozih ajacag imziflek hifle oto moh tevgibuge udho se et efonuz po nolow. Vibebo ve isoloco vifgub riba huz tuwuka esanu so javdez eke jaflafam kalmehit ziwirup kiwjor. Ofusi eclawu ke vavgodte gof sidu atcakmuf biwife udbep nevu sutverhu wa tunige. Go enterri iwifevjah ju um gaclinvel fuz lewug gobnoc hu eblubdum evruup gerihro om. Ambih mur cevazgug pioc inu imenbi uwi dikvukbo kis pudejun hi fuh li wizu.','') ;
INSERT INTO post values('52', '49', 'shy-cemetery@videotron.co','Mon Mar 10 2092','Uzu hip batiza ce uz labi ra ti bozkosro ne so teg tej re hanufo nojo jamzu civ.','http://di.kh/ejcijgoz') ;
INSERT INTO post values('53', '38', 'dry-pump@mac.us','Sat May 13 2090','Ti ruj es vez fehriw lo jugbajco fiwatteb cokva gudewfa nofa ganwo. Colgupewa luada tohi aceomi kogfikhim nufvesvi ci ojrir us enagansol vu capzo. Cuewaomi tu cawiduso kopud cubcezij jucjupof naiwu igimi ta we lumig to gepnuc pehfukjek sirul efi. Iz jemab zosdivu ujozofo nir pa guv kiz mubatuca pajotin ra momopev. Iwpujfu ovito welif hikmatu tuwileca wud tava ju hebuzto foshali lirlav mug lo umavefgot meig je zaw uko. Taozobop bitaek tom bacsav nuhu niljop tegvihse mafuvojej pidzake bokivluh ne dehe zi fekso cokkelud ne. Jopcivo mud lin camwoimo okuzaf ziwwe fu uwemula wetluj lun fom to inzebos ki seulajo.','') ;
INSERT INTO post values('54', '57', 'rigid-measure@me.io','Thu Nov 21 2058','Homaem wur fepuwwev upnib gutbucu uze ca lojut sa ded humtohpe su kuf.','') ;
INSERT INTO post values('55', '32', 'obtainable-popcorn@me.co','Fri Nov 14 2070','Eho zerorcac ko oce anza zihaepi bini vafcuwuz kavos puv rov letepe bugtizuw sibwu vog ami piwov. Adru uko fo aviwal cih pu ic hew rehuub ha go rovam.','') ;
INSERT INTO post values('56', '112', 'entertaining-stranger@videotron.fr','Tue Jan 02 2114','Upoguoz namjuwuw juwsah beti tamen loj bun be kuha daf bapto zi afoufi pa. Dageteb umudakke poomu zereri kindof zitis kerkas lucsaho atoiso gojok res juwespu pib lajijupu. En zeg kev geme dartikla tidsam liftet topbar gelfu kimauhi guvnibum otgase. Ikod sukuwu nef ne ne rolju ahoketame kifjo esu nat te beij dotifi riidpo hisro pab evi. Arieb ali ivodud egupeaw mew cag mukuh tit tid rib amumowuz hivi la mebpur kiim mekiw. Fi kuc puwo ip em turhara difum zo teton fafbe mes bi. Lupocdas rimopvo gucuur hiwuzaf ocucitec givzas ed numadhuz gurwuk ho alecatba wij.','http://ne.kh/ez') ;
INSERT INTO post values('57', '126', 'super-line@icloud.net','Mon Jul 11 2044','Avujawar ozaek ada ec latemcak cunube labpa onvivce juitaila jomakot uni omzihep mojudo kes dophafbu melu mojjo ogilu. Zu so haan ubomuf umi uvurevel ecukgid hagwiroc lalaki joele coludbeg iweonu doci gucuw jiwajsel.','') ;
INSERT INTO post values('58', '60', 'zealous-sleep@hotmail.com','Thu May 10 2085','Nalaaci obwepi fijuf dofarsah heba nih nukdu ico kakab bajoren cot keofkop. Waodirac kilfen idasivog utikitje gok le je jew ovrotuz par uzigo pi ze. Baf lousu zorivieh zonah lol ruokwu ze usgiklar zofcuver raemodac kuha boocez nuketab mehed losulew. Bugiat japre ka lum zejib wapovzo ti topotfur bizoj jiw vozis vownir pop kegkodgev elhoszez pez os.','') ;
INSERT INTO post values('59', '18', 'vivid-island@mac.com','Thu May 27 2038','Woibuhe vi racejlij semajok omawa wacmi lofjo febzuge he sikar biwof fumkega. Lak tib ot casan vavfojku zazu dajpo aj mudeg nacofmac bol ehge lawoweko.','http://uverehko.mw/wadilok') ;
INSERT INTO post values('60', '116', 'watery-loaf@videotron.uk','Wed Mar 10 2027','Wecpeugi ivkeeh hivegej ivorit oj zilu tucadiw duseku seod siniv woh zibdu usebosre napub rag buso higac.','') ;
INSERT INTO post values('61', '73', 'green-airport@gmail.fr','Tue Aug 14 2035','Mamiege vica id nures vencu vup gi daigot un okmehvar ita cekpoode.','http://al.dk/zubeswa') ;
INSERT INTO post values('62', '4', 'green-airport@gmail.fr','Wed Oct 06 2077','Nojhebtuz dippu uga hutsi oh oz lof met afoehubuc rir rigdabdi govopa de. Hesec hihve bazi honja misgu te gaflufkah dapud nu juzmap hujbi cac. Kanuk coepo lo nen tig ove hej tadpafif zamnif egkavrur nol muwvunrif cilhusi jibrizgar bapju kij zendidfe iblil. Dud ez wud lenof egvelak is zojep tub roc tedobo ij alatagu pijosji teaha vigizje. Rileji izo vupcocev so povugo bikdaj papvaz astijogi de wazu ric sos budle.','') ;
INSERT INTO post values('63', '40', 'evil-minister@gmail.io','Thu May 06 2100','Musagdob sar ikipankor jabcabec riv ikowoc enlu nemdip ratbih haew ecoduob vod. Hiihuzan zerhow ga wo ibahuuj irosej od lamhapa bejlaju kuwgazo foozlo dawelfe utce. Ur gawson me ajo ujleh usu saw lehebgil di ivposus ge ratped rabcac laklel. Tis licuvnu ticbih tovjogo da ri de ig vadumjuf wihfu abe kor pibuk zosmusat. Hajag asacimfon pinan juj dese te comlek diruco bomwak pos kub ufoona vomisro loj eloheure reoga kes ipehuzot. Ziwlaf fi cu tud nop vauru waftefnup ug puhbikrov as ede fibpumluv dosez ur kuhe ci zu epcen. Af wabzesib meren baikro uf ves wujnuzcig zepite cujo kojadu ad agedukaj isocu ji.','') ;
INSERT INTO post values('64', '121', 'magenta-earthquake@yahoo.co','Tue Jun 15 2094','Lazwok um ru uf ukasanjiw bijoh avmonutu ra ze kigi tomjeuv osugo til cevot.','') ;
INSERT INTO post values('65', '141', 'careful-committee@videotron.ca','Mon May 24 2060','Eture toven of illotwi buke jowuse zosupa jacoeh veroha cohifac bi polusel lun envecugo bomnejozu gi. Lamipu mudego wuwvi ve zi zapukid tiveg si zipce mad fac ze celegtad izioludev nojmu ag degkifmaf. Dagko hu feffunrus watijih okwuid ziw sarago cima vunew utjil akvif jo icwase fu iro huhciper azoiz vugin. Pic ca buz jufar pijkul oli rasvo fu vazede lidmiv ajiuvto mebwu omegi. Os zaiwkit rarlik muvid lurtuf esole bu zekakgar azi leveog gos tenoduk oz ra abi nuk vocaku lerom. Iwaaho orsegno bu feg nihcirow vo osu usgah sunzabem hair janwito mujub hehni ra lidag man.','') ;
INSERT INTO post values('66', '37', 'entertaining-stranger@videotron.fr','Tue Aug 04 2037','Hosi tanamo dageb ovvorpu he sas no pi pulnep vahwaced cezew etdeud. Nafmi bulogi kaisato luholavo muefu rusgomen kuazi jampir ba azuzikin rijivive erfaul fak inurize jemvidezo dohmutu ciuk. Ocauvuho go sad mez wotger uh gozafidob fi tuv fozeha ruonki negwoaci.','') ;
INSERT INTO post values('67', '112', 'evil-minister@gmail.io','Wed Mar 28 2029','Pivawpud jot vitewrif ovsod ifucioja avdiwze buslas opuluce tecahes lup cagdoj monez haj narzuneco sutwu. Fajluca edota hemra jilic keja moehut ajuvo hej imo ige kekfike toroj kimeh docni godas kahisi.','') ;
INSERT INTO post values('68', '42', 'addicted-thread@hotmail.co','Sat Feb 06 2049','Baul dedugop fu neeksuk bocrausu nup tasuja tusunez jaciba ko im gegoh noih ogiuw.','') ;
INSERT INTO post values('69', '142', 'gaping-credit@gmail.net','Fri Mar 24 2017','Geta egadub hupipbi epsusned vapgi agelag padko sowted vit sawa hefoge konas futnefe kicez.','') ;
INSERT INTO post values('70', '42', 'vivid-island@mac.com','Sat Feb 08 2110','Hone riw huuzi ni ogiula ebfugoh ofhumal az suji falcughu mafe gekibfi du vadkeji waikna naftab. Have mok oruaj igmac is hidke witho ek wieferef woasdo elozij kujkep kabohcub gof nopevej. Pug hi zawo edcafge iwi vara al zoz fonu fotokibi nos wiwnan di ob janrekro dawihgon neucsad jikcek. Kob zo nepla neev bis be dolmaltid kemtuhu suvomaf cac edogeb mepek sumuga san. Rope val juw artazle zamhi vab polagu sufeuba watefjop nor je tesol wi wucomi omdig jifvi miwevo luhbime. Jezpog silu jazaz hutot daf fihaluj lojnonfen otiuc sunputcu jop eci nok ibaji ged ovorutgog ul. Noc ziznih ebwilin otu webuwiman udiwec giduf ra sikenuh asulizi le kothit kic.','http://lon.lr/vuoteti') ;
INSERT INTO post values('71', '56', 'gruesome-tax@mac.net','Sun Jun 07 2116','Of adovuefo je souje un ta mob mew sapa jejhim dedge ezelub afbe.','') ;
INSERT INTO post values('72', '42', 'chunky-silver@gmail.uk','Thu Mar 18 2038','Sabi lo to mimpuf nofawa awfif rozoguwu menno fo lackoz tooto gotucrit da afahassu kokdewze nimos. Ekwo al ze du kiejobam unekafo hu vet tezu nibwicud zinewec tiihpi reris tenak ejmafsu it uneal. Wu viteged la pej nowijaigu eviceji mibef jemaf kage etu gedu pucru cohzivas bulguze. Az vo fil dode tihiga fupav nahsaog nad so watu fu efofonun eduop. Mitma cejvu jansodej visi hikpuvke jec nonhaczo wawru saf bi ivuvobgos hupargor murboc diuj rahidvew pe sev enavuru. Zaluz jitomkeg mu osefec li rofijegi wu selcinu tilo jegboke dubni hofi zabajfug.','') ;
INSERT INTO post values('73', '20', 'perfect-knee@mac.fr','Sat Jan 29 2084','Epo mogerof cip egafujhos zoaki wiz icmu ridoda dodajip kiwnac zu mu wocis. Caombok pehla tetofe cu upeis lukecu kiodane pe asagowu nobep ovairze mu. Fa be hedlubta roko wodo cantiki gis cesenape ut zuusej ku duj div jucetu.','') ;
INSERT INTO post values('74', '145', 'merciful-library@hotmail.net','Sat Apr 02 2095','Pofholid iloabuacu funlegsi joz uv epozze egiga dowijteh dil ab ri ojhew jimo gi bol dahuk. Ref ud miaciru gec baliod iziahutuf tarfe wibpat diwbagsu it ce be. Oswamuk majhu gi de uz ro gezot cu rot dijnufowe mezag dinkohlaf pejwazo apadubeno ciudbi kes kuuju an.','') ;
INSERT INTO post values('75', '41', 'gaudy-ground@me.net','Wed Mar 25 2048','Les esaad lu po susa avo so mona vumjevi don hefucdij sog vadbuja. Pouci fi bok javwesur anuk zujilmum jej jikbaco op curo ji bi.','') ;
INSERT INTO post values('76', '59', 'one-cover@sympatico.uk','Fri Feb 13 2093','Re eni ojeijne minfej pod zi ero owuwzob om nipju umu fauluva. Kik izufade seteta hi ok vi gut rakit ru tatgec vu zuggozjej opgoowu oc. Du mes fihcu ti cejefer jagtikru bov ep ozi abkemek coz hanagobok sejo bumufac ture awpicek cagibja.','') ;
INSERT INTO post values('77', '80', 'icy-machine@hotmail.uk','Tue Oct 10 2056','Gotnir foigifuk lip izeku momritil usecah huwev pimri ezikas epiriwbe zututuj me husuf fe zivjo. Kajruj pizca posru tugasa an ezarapel cimcujhec om zu ciase fonil be zej omsima. Taz hij icubinon bujon rawsa tectap rokop huk luge maw zerap zovzekof ubewo nebjihnuj jeb dapro. Roovra hopirizu si vusocsi gan hezav fav wa sujdo riro hawut veg tilnaek wur ti. Dobsimo ko kecciszih cavibra dec mowamuzuf edeosiosu uguituhu hegeh meliwe gukrakag su fonne dotus soel jikaj. Awi relfosib voduki ug me vov osbap dasetud wu mazojo arajeh maaf wichi mec fog nofkesbo.','http://vesasi.tf/zo') ;
INSERT INTO post values('78', '38', 'future-oranges@yahoo.co','Tue May 22 2096','Ritgo zassa rijinodor az luremfe lutkiz acodi dumowkog umi oswohhek ah zo na daop.','') ;
INSERT INTO post values('79', '62', 'wry-request@mac.us','Sun May 04 2025','Fiohahe cu ano pufumoca wiwecu cunomta bepi tabpeefo bupivnat zale fopse mode ci tucwi as. Wuebot uji sen siek osole ebu ri woskumen gigzarla hucuso bupra wuhsatotu go igan kifezut zan verjod.','') ;
INSERT INTO post values('80', '5', 'rigid-measure@me.io','Mon Jul 02 2103','Han iljar fauztok tepfiz cuhhini uwab pe ekiefi zackuse ase ofu geciduh femfow unjuwuf.','') ;
INSERT INTO post values('81', '131', 'periodic-muscle@videotron.co','Thu Apr 01 2088','Lizad na pihelaze tuzukkoc lubudku lug hezewut ceah tinmejori kazi acul dadvas asoce. Ti silu co fi be vohdaap wu hu hut algu ona kakaf ruho haerhag reibak awiru pac. En gonkozi mor se viz ajiap avbip ba purbib acohakmiw laata sajsip tucupawa. Elgec abvo pev dubsaohu to hik ahian taumo waaboes awituom veic ge dirig. Gavbiwviw fu gum piram awto pameguja hi daav bosi kaka hahhezaz zal tajaofa ekzis jilte rid.','http://olmamo.ht/budipmic') ;
INSERT INTO post values('82', '58', 'merciful-degree@icloud.fr','Mon Jul 04 2061','Ozeica lekahezu duc lu vopvow hiteluf timabume wup go ju zu fenkohana tip weefori zenhumen.','') ;
INSERT INTO post values('83', '51', 'damp-tree@me.us','Wed Mar 18 2076','Av casa miluri lukgam sek imzicus kupweg ziz wamwesul asotok soje kep ejuza rajta cecih jajha. Dosmut opiamof sov toc baammi beszuduk ju wivoz rofeg fetnin pojgotfu od enaevpet vovniblu wowo loedkac piwatu. Si zor cuc zudganpub toev behmafil sajoh cemnewmo noej mojop monjijzug ganmas mimep vuf cag ki. Akkecu co bowdoala nanej no rocsole raaja gafani ezusiiz ba ciciz orro wuvtesda ikvemlog fadrizwet mumfedvis.','') ;
INSERT INTO post values('84', '48', 'smooth-sheep@yahoo.com','Sat Jun 27 2048','Et tutahme uzebirod unpi tuvjazgek zojir lanuva vebe julobnar timbar domamag fusikvam. Boih fipa he zi fu kejo tiek ve odifauk nokoz afbuk bes zeh.','') ;
INSERT INTO post values('85', '72', 'classy-company@gmail.us','Wed Dec 02 2043','Aritpu fe tu so ti hiwke ekezimu ne oh riro gurfo ri uketebde wu tirictet tu.','') ;
INSERT INTO post values('86', '13', 'expensive-zinc@hotmail.ca','Sat Feb 18 2090','Doh iwiwur wuw koaku ab epiwujwo wu pigpi fehbuchad wiw jihet pebdu higcaciz digwado iwse uz. Otdusdo pefwah adulal pakzedmi vilej zefav sadojut biwon viirwu erulit wimcujo napiseku ucuag bum.','http://opebuvik.hr/la') ;
INSERT INTO post values('87', '12', 'motionless-birds@hotmail.ca','Wed Dec 28 2067','Zanlom lobri lozvot masnevsom lal zirropo vil divmenpak juha capgo covebdi rehevuh fewitvu tazvit sen bij. Jer dafahu ekebga wuznagu wan koj nelekov kinnu neg tumcev kudbe tin kecfenha litzonagi temvi witar.','') ;
INSERT INTO post values('88', '86', 'frightened-orange@videotron.net','Tue Aug 14 2091','Ar difeswi zas pevedo atezdi wahotjaz ehe ha ori ijzem vo mipjijjow piwhom ze ohga seklola bihto ivevoha.','') ;
INSERT INTO post values('89', '81', 'heavenly-quarter@sympatico.uk','Mon Jan 15 2091','Lile ilruhab zuonvic ebrip ga zig noslurmef diwato aseij ut lasafcez muwod coeb tulobug cu. Tasuga iha utbocfi bu zenmuko inabadme urefibep diri ciro uvveg mus woj. Monteiki kuhin colojmi jogwujmi fapa vuzucuw ga pekaz cebo eze cekaj toswiago cozifemo. Tetawuz iti wujlepbe aju de jeap ji vonuktec buhhu foc ihucol awnu di boj izede enuwab ud.','') ;
INSERT INTO post values('90', '149', 'common-umbrella@me.io','Thu Oct 24 2047','Betavus zatug wa nijlu lonoj ohoper adoahujaf lozo za ibizup ce lepini. Pu kutsoiz epe co omubawrir cim dattic vo cej ilunat pok uja seppomziw navaz iforohu cuseb lujboipa bop. Beawisav hawdi do sohduvce fataro iwe odeuk viapeub keco donwiij gabgoru epucin nun.','') ;
INSERT INTO post values('91', '121', 'heavenly-quarter@sympatico.uk','Mon Dec 22 2092','Vidlitmoz wuam giewito wedube lo borwo wufpoit nuhukub guhwisaz bajhup rizzac kohlokuf.','') ;
INSERT INTO post values('92', '74', 'purring-stream@hotmail.net','Tue Sep 26 2028','Ifeti lip odovu ulsus cuvo ar guc utoha tigdosog faglirlem mesujsav ribuvnuv wunobof fo nuduha.','') ;
INSERT INTO post values('93', '60', 'dark-drink@gmail.io','Sun Jul 17 2078','Gedomup jib za abeigko kekfevva desut giifajer zu usafirku ardanuga emuuviuvu lu. Idfab kim bunenva fotriosu cuv bup kiisa bosamnir hovtecvu jof tufkala boc jac kupvuhfa topagaac.','') ;
INSERT INTO post values('94', '16', 'vivacious-recess@icloud.net','Sun Jun 10 2057','Tegiwil afenik ta jazhaldid naf leguz hotha ipeslud hufamo bowijo wahci eho za lehwoget opod zeg.','http://hi.hm/ivoihi') ;
INSERT INTO post values('95', '43', 'genial-cart@me.net','Wed May 30 2046','Javam jurop huwojbu indamren zahloin tahdi nutda zuj uci medzo marneisu sutujeko aw rukge irgumna baot.','http://hadez.org/vehefder') ;
INSERT INTO post values('96', '41', 'common-umbrella@me.io','Fri Sep 03 2027','Pa sas mebbamub fefarta zid sawi hinwi kantiz mutilnun etop mujija tazuoc pef iftut. Jol nafiaba wakos ruw tuharozep bo vajomful nil pu kirvi zen sajnud umairij fuj adpod wurjo povses waciogo. Za ipciz ruefvel pe dukjoj du obesa rerzukked kitlop zocen endul eloum fizem si taled wehujoko. Dam ta po zir cerub ru ino foz ommif nokid lihof ajesuc sa ideupugip bu juolni. Be zacmaw genu megiwho bauwta jin ataciek nared viwuure la baj hasdishep ze dugi ehuziace fidadpi. Orurazili zaso dok zuzme upu fas emodushic duhone efoma efa peg to do vonubco otasu alimuw riheg.','') ;
INSERT INTO post values('97', '113', 'genial-cart@me.net','Fri Jul 30 2060','Kigefag ikutucih mozfirvar futejgas nuubu poppaluje zihapbe lude kobirifuf aljic gubeic vauga kasjak nidmu palmot nuwlahfew. Rik asecih nef so kicozehu vof ro siuc jotto toebma dah hetu puir zewna runecro necseheg zunjeaji ene. Zuh dos ose dorme jem miadhos ebe cus tajhid nunale owuonme iwasuiba. Kep robve letme damu enoredtit vu omniclu da cemomre cuoj omu he luz loruru dehe kafe lutco.','http://cis.bb/ijudavo') ;
INSERT INTO post values('98', '110', 'obtainable-cannon@yahoo.com','Sat Dec 10 2033','Op laz ti butahan kimfutuw kocos savemi cakunu pesca jip giudho heva zitsimbu ja. Fo giasi afpauta resokpij mujvib tit tagi vuvenesi diczug odo gitig kewtobro suutwi dupzevam. Joszofaki ozaci la conlu sodajno eje izzeto bos arona zof re ogi wodi nazpuste. Zipdutkuk kumuh ita el jowneb af geik ni ruficve juhil kow kagwicur cusadi anaiweruc hoovnih lafho.','http://fo.sl/dusgetmug') ;
INSERT INTO post values('99', '12', 'red-shape@yahoo.co','Sat Sep 13 2110','Ci kazuka kourasag gajmuiva wowor funod koktokma cafukig ga tacwe donel tatouz ho kacsim nuubu bu ponfu.','') ;
INSERT INTO post values('100', '1', 'vast-oil@mac.com','Tue Mar 06 2035','Midad ojuojmed zidhamza huini gitizi ruwoma gig ulvoca habazpa dofo le pur kabutcog pefoab toz. Fuzmir zinogi dozdomta jogcezga pe tacediz nibigtul hipedo pijliveg odsoc re hewon robdigale di mebogib. Eti cabiw bat vegeuv fubcip vap kezkukpo sogot hiveg pici mip se. Zapecwoc uzeelu jedeweno jubsic utevoar asacuga li jem ijoirreh hawzu necinmi getep warhevo luf. Dacil bofehgu hut vusnuc juvnok rud ziszonjeg miwiguw raico awpo pehul esi wirmavki cumva. Laddorek bohduak tim igazof letpon ulezur lacu tunvi ko obarut inuivu folpawnu robutziz dohiim beta lehdil. Tetira ilew di tog forez pajoz piem ubi dov hazkeemu ob wuinino leh sapipob peb ronigunak.','') ;
INSERT INTO post values('101', '150', 'panoramic-foot@gmail.us','Sun Jul 02 2084','Bissufo re gudviskos adcigib edi atousro emolorsuv injib ulo sifipi fi fa vapku. Fusi vimdoles uhuistez jevidpap nulsob gur imdewuj vak zazaliudo milet rodiwsej iwisov dur jomzos melutut hetu.','http://nezob.hr/bi') ;
INSERT INTO post values('102', '43', 'wanted-pump@gmail.net','Thu Nov 15 2068','Ifigek jaduli zewsirrab sapaoma loz zivnewaf dolehku mu edohi tafodsew tofjanlu vo aco ju. Ceghuwgum wisce afefip va zab upkofavu eze sius set harecjaf bel zegup zokihge ho. Jeh ne wev sibiko ezbi lubodrog os jafzernuj socpaape la zo diszub odahoas hu vootbu tejce fa za. Rag saprel du tadit cet wagaobu kahkucaf icze fatvuwat huzicbi ulavasa samkiclu elaepu kup. Cikguawo cihiv id fup bunzebpu jo laz odzekfu sus tozuklet nur etu peig ci fimfa ra bani gajhictic. Umhezak johahukek ori buecoh vuem ahuuku vigtodek vaz jotfi bu ibzozdo cozaco. Ceh pahawu loffod hurbeedo uz lo tedre nucizguh ekesak ivupi epoleka mo gufdisata miw.','') ;
INSERT INTO post values('103', '6', 'oval-business@videotron.uk','Thu Jan 08 2082','Vi ocwab lompeg fejgama ridpepseb ibiwi zenbi bosonacol cusor ajgi zobdi vovod zapadca sorvogis furome afiwosi dowhe. Vavohme unlik aleci omuleflac muore bo tincuh pe gel rekavu tuviv tu wepe gu ebi.','') ;
INSERT INTO post values('104', '121', 'star-ladybug@icloud.ca','Wed Aug 11 2117','Cemawji onmeb lahusufa ahibonon fuzkuruh mazejwa jetuje diddu jem nojub tipe palirow biil haep mov muhu lujavbuw vubda. Bepeme meva co sircu ga bownufsuk doc tozi lule mem riucrun cituwe. Foec dej mahlen vuw mahmat farabo opiegohi tohowpen zepikej lebe gap linriv ojpitso. Mapemuda luwdajvi maheg geh ekirid odpowu ole ac zolpalij ikvitdaj icipief azame. Gussipram nazigoh soog ibdic mobevli dis ben tefbu si dekuh himwaaru ro us ovnip.','') ;
INSERT INTO post values('105', '98', 'rigid-measure@me.io','Sat Mar 14 2026','Acogju dilcugsol cehuhed nulcorig nog co tic ci tosuha ufebah silibseb envetzi amodu utauha cotbadzal. Nom ce uraakuezo ru copjak tizi bemozcu agabubes hiz duk nojcu foho pa ri ese. Se hef ra rok dewomzoh atefouc vegsewi ujokacfi ibi wicsi nata hofuv memhijiw tigasnug sev wuha. Himavlut ce diof cu da tis wuztaf zippu ha madlida tacotu afume fadmewda tegrifed.','') ;
INSERT INTO post values('106', '150', 'selfish-house@sympatico.io','Wed Apr 13 2101','Wa cun zu umtevev gifiplu osuleani lujliwafa vucu dossecvim toves lomaka zo gob fojhe fobub wo.','http://uzapek.va/neh') ;
INSERT INTO post values('107', '117', 'mint-support@hotmail.us','Sun Sep 21 2053','Noimu dumakpu lesgod jagur mic kow enam supewu haghuf pu tohhislo bijresva. Ejvor johrace aboroj ajodibwo piwbictig pudavesog fad muub sic woj udezaiha cewujgom ji lelanew. Piwep kense locelet mat odisidaw mehoksi heb dewcupi mizzecef jomasi sekale zauw ki.','http://sob.jo/esvipwi') ;
INSERT INTO post values('108', '130', 'magenta-earthquake@yahoo.co','Fri Sep 27 2052','Salega lejvieli juipikum ujecijel emiugal jo el vunot hu lu to tiznabep wih vovka utwooto soaszag.','http://hiv.mh/puf') ;
INSERT INTO post values('109', '38', 'panoramic-foot@gmail.us','Wed Oct 12 2101','Nuvsuk cajda kuhgug wol botzet pokojbo kikahimid ka joiw cozav acaidvag co wi kirliza tos nu. Tow bo gagit tuizimi eranojun livu iwoibeade dapen sek mi kuvvara zu fuk nibithi gavtof zo dooj.','') ;
INSERT INTO post values('110', '107', 'perfect-knee@mac.fr','Wed Mar 05 2064','Hahifun com nafage pekeb revot laz iros uwu hob nureti luinlok rupivu viga wo. Wikik jun dona kogiko bec jocwaj gunvapu re ojurud voul di urat bedav ze mudgic pol.','') ;
INSERT INTO post values('111', '131', 'super-line@icloud.net','Mon Mar 13 2062','Ogefos nucvo rarudog irvat zu dadonneh manezwu weilzi hius apide zuesbe usu ciah mozped. Varongur dog vup uwa jabawuluw lebbo wugidu ja jejabu oj ze hezobut so caza age juwci hip. Kabgur jujgah ses hezo hizlefwa pep bourhal adwo umu luh eveseeku bozuveca behimzeg. Emuub muraf ohvidnez cuntuszil wakpal tahrajaf ibu na tim in gemir pigihhen ha uto. Re dapat jihco ko owasiponu vog jahfuvraj secgig woctug lik sadga meniliwok jok mih ho.','http://noh.tz/gesih') ;
INSERT INTO post values('112', '117', 'perfect-knee@mac.fr','Mon Mar 04 2047','Vuwettu ore je zamgaze zu bium rica ve fa cososcaj bak hir kuc rapraf sa solcub.','') ;
INSERT INTO post values('113', '34', 'mint-support@hotmail.us','Tue Sep 21 2049','Vifezo guhpetuk pehmel vehwu ul tutep ribamrob su optu borzejam okabun ekino sismi te kip.','') ;
INSERT INTO post values('114', '8', 'rapid-books@videotron.com','Sat Jan 27 2018','Osaupuoco notno fa facuji cismuceb alu zu ra nahiru tijup jul leb wuz edsu metde zi ti ap. Ijejamob vutmur dis solze jeleci li es fewi botnu tifat ozove uddus ra vuja bolahat cibnek. Hoguav sat petpos vu pinfa wimi da lusa bis mu jemav uvce fubuc padlus budmer ruin niancu di. Vof hifu za ebu usiutaz uduova midnubup azajokak irego vibca unabag jigazfej. Jatvulzep erukezap enudidges lezem vojotpu ovjaf subla kuw silco urotak montog zobaili mid. Cut joco rot gem cafbuv pi eraune lazomto zamca fedammat gaj lafe jup. Dopura zaela paf fah he uv nafno mi igifobud rocapdus geduwis za ewoka let fecnoki.','') ;
INSERT INTO post values('115', '45', 'forlorn-aunt@gmail.uk','Thu Apr 29 2055','Cav digupleg ufnidbol veder ji wiwic job wawohsoz zuwoneene biwul jojavud pulgublot odjih jurpu nook.','') ;
INSERT INTO post values('116', '100', 'genial-cart@me.net','Tue Apr 01 2036','Naufozu ne edagiazi leik zecavew dibogi muz jutbabi keetoigi izo suko hi sor fi nakku gevuwi rob pe.','') ;
INSERT INTO post values('117', '113', 'moaning-cherries@icloud.co','Thu May 05 2089','Ififop tirman ifigule evopi ditebo sezaffu tes nodi juojewe raksalri mecesaj muftetge. Govejzat kurebve bocasudu jotwog ze fimzo jupbasu fazva wat udiladiz ev vakacu wulhucsut nojgod kut. Ojabu gog keuh hizvios oho kudeb nugbopon gokamu ewifej nelmi olagak cekkoje hujelek feb hehil konuf. Piijodo zahtaz zoeraju evuor otapilni kihuspaj ka sunpa ganucon foboze coma fo ermewagu ipiwepik noispe dutcob. Rof odojel dijino lazgeki owukal ojiuwaruf hokcomi disfebup fizaho zezlabic pot gebmo va hohfamo juj laca rewtes. Reewouj nomet ega onooha jabeelo od bokkifev ja anteze mo sip diw javuca ekacac onegih.','') ;
INSERT INTO post values('118', '126', 'jolly-jail@icloud.net','Sat Sep 05 2082','Luosucuc zamtavo newve vudebad ca mu ge haure if hud opi wowefa subeej jeel semucra. Le vigcog hues fopci igu fidamih nurezuk cijva zac rohcompuc mefakuali wag fimkuha fimo codom.','') ;
INSERT INTO post values('119', '46', 'selfish-house@sympatico.io','Thu Jun 22 2113','Girozeme otakodow rowleba pa zo jemvijjip imkupjuz vib oz nejrezu muojebo ifo leenvil ridpa. Nih voh vud foh nobum vavbi gugbitha gusaho cog naf juc mo.','') ;
INSERT INTO post values('120', '84', 'green-airport@gmail.fr','Tue Sep 20 2067','Ujisik cevok ikinef kaz bisnugzi cuunmu ugofic vinedbuv tar alwurjuz pohurrek dired kiciho osikimos cihpi.','') ;
INSERT INTO post values('121', '101', 'physical-servant@sympatico.us','Sat Mar 17 2057','Vujion voci povuj fumbief jufura vaf vas wanod ba pijohhir wacjugzep ozu rubu feuso pefolobe lun re kaojah.','') ;
INSERT INTO post values('122', '13', 'rapid-books@videotron.com','Wed Dec 23 2026','Izule acocahog epbod leactu bubviv cojruro susici pigwip umu sueti fohvile ozugab igi kizrakob.','') ;
INSERT INTO post values('123', '143', 'humane-fork@yahoo.uk','Mon Nov 04 2047','Ki el jus ja wugecobut kudo ju di serpop lepe edgomsop ilisi metefe.','http://pitap.sv/begcosvud') ;
INSERT INTO post values('124', '73', 'periodic-muscle@videotron.co','Sat Dec 20 2081','Cubigen vises radar ubuane jim bu eshu rivhan korewpo lak juhvo wikirpi il zir hakov bezke.','') ;
INSERT INTO post values('125', '114', 'disgusting-door@mac.co','Sat Feb 24 2085','Hahjed jeromnur dace ti gias wapze bo dojiklu rejarucu vired vacza ipi pewaranik. Tivuwifa tila vafma invuibu kuf kopav situvra nasurdo keantop poeturuc elduoc we goksijo uco faf fes kos kab.','http://luwevzad.ma/zioji') ;
INSERT INTO post values('126', '3', 'painful-stocking@me.uk','Thu Dec 13 2074','Fojusho site gabsi mu norimfow ma hodut sotehva jagsume hokluc so asu.','http://hewguk.mn/luew') ;
INSERT INTO post values('127', '11', 'screeching-road@hotmail.co','Sat Aug 14 2027','Bidziik gibdas wokahu ra himij sepuscap lora jodci gi ar bezezi todmom. Ijigo womma ad vef ezlav obobe movojka hupak ihpib obunamop navvoad ducek wigi ehipu kegwe hob padgov.','') ;
INSERT INTO post values('128', '85', 'painful-stocking@me.uk','Sat Jun 30 2085','Ehoufu mewewir la beg igada sihsevo dekizedaj ejpiwawo ov kopanu ju so rid wofeka. Ju sezedan hamozoz cus opefob do huf wam kumako budes tojheh tekekwa pudobjoj uzmu. Di dan tasza ok foonkum hun zipeano so dionu zuamdo mof ulovid. Mezez dusluasa suriene ci jid mu of te rufwar ju pev mufvad.','') ;
INSERT INTO post values('129', '73', 'barbarous-railway@yahoo.co','Wed Apr 12 2084','Kasuzaro ugiite caidite keho socomiw nasibim ibida meszuti pu hipwinve hes uj. Finoobu hapagda ben ma cama gupodlun detama ofikifva hazub jezib ja row. Atkehvu kevofto fuf ipocas um waklaizo kavegalaz veh faz tohdaz apga wotirub os olafi egu forag ep jowro. To fucduij kuv cemgemoc ura no wuwusot palip fe zas no fe zotlojot tok fudu rocini.','') ;
INSERT INTO post values('130', '33', 'soggy-impulse@sympatico.net','Thu Sep 17 2048','Av hihva fep cobew upu lidaazu bubeot pibil bevubdi rubnehih jigjo uwubowon gezvan kar awijirir ocrasop parnek ipata.','') ;
INSERT INTO post values('131', '138', 'civil-houses@icloud.io','Thu Aug 28 2059','Cez ose cop puwdaih bizzu ire natveja ifi evtismo dezpajtor ocizeh tum dor.','http://gogbevwa.vc/hi') ;
INSERT INTO post values('132', '142', 'mountainous-crowd@mac.co','Wed Apr 09 2064','Ab tal ra vaseim awebi wuhop toogjin ehweb cozmur zinpavtuz pebrat tobca tu tevarwus hicoc.','http://tu.ve/upgut') ;
INSERT INTO post values('133', '149', 'disgusting-door@mac.co','Mon May 21 2108','Gamlu huf no zutme rezvees waenepu tis tif zu ijo ruofu ru cufnetil. Hinap sa bekiza nidwinas anusep aksa coset kide kaccihvis ezozukcih mepok icaluw sutpe ujcomto no hutro zinis. Izsahef erjizov lar zifugzu os ih guj cihceaw ilnome hud puol umkaha giverowo. Jucongap oka hibwolo fujcak samake kac fimdi netfe jot fijtojosu nukzuruc naveile bekikjut lezutok. To podute tan uvaiwu em ge kuziwwe piwce jo jibbepra covam tojuc om ja pibo kedveto. Umociw bibuhiraz veg cu acah isokic ze ililih luj lo saz boacece lin. Nac so afa tebupdif tucwuvcef kajmeeku zeffah pir foprulu ted kiap ma.','') ;
INSERT INTO post values('134', '90', 'green-airport@gmail.fr','Fri Jul 06 2074','Luzahevi ginaf gertetmef uwowovi jitajesa oma kizoj bup ohberoh se if du obawevuja so dibbutgir uhhu vek. Vihid ju ose bepo cak ec upizeg hu arudic wohuv dotcu metusufel vuho.','') ;
INSERT INTO post values('135', '135', 'vast-oil@mac.com','Mon Jul 09 2029','Tukohe tijhe pit itoada izzobal cuf pekavubum faagi hure bappowbem ovihedfa ama mu nikim lizemfin mad de hoeve.','http://mislure.bd/ticzuc') ;
INSERT INTO post values('136', '94', 'dead-mask@hotmail.co','Sat Oct 30 2060','Wu jovujfir la appoh imeciduw jujniju fi fimew dibera ru pearo pi pu musci.','http://limegeho.uz/kolose') ;
INSERT INTO post values('137', '53', 'fretful-instrument@hotmail.fr','Fri Dec 20 2069','Pi ojome bebihaj agida ebi lizzarmi dok jan da latepu kigsa mine utmeg utigag runguh vutgahku lig. Revo fuvev lotir viiwpe larcazzor sibuzoz hawahac zi bih jaen tomba ij lifuoz ve sa widma.','') ;
INSERT INTO post values('138', '52', 'periodic-cent@hotmail.com','Fri Apr 22 2107','Agcig neza tihuso zinigo daac cap tubuw mocli dokeguzus taf gagdecu dut kialidib ne vu temtectoj cuwogno mul. Unsa ihwurnoc isva pajruobi tuw jo pu kunisava wocfer sum rouvo vakien we otpeju migezso avavozof. Zidtamaw co mumwev uv pisehku ajovuje jok bu ad cosijif ri ja zimrur. Neleso ta olapo ja bot ilubum walwevli edonakse ni aturut if ovle. Ful appisgiz bu kuih vezdi tueb busile ul minmoud cuh va bowawof jojodej cunid ok dubpoace. Raci pekar sazno pa favaf ajufesgif taba zipwuv ijiesu felzu zip log fuvluv juf.','') ;
INSERT INTO post values('139', '53', 'abounding-income@sympatico.io','Fri Nov 20 2048','Gija gihsok ritil el fa vanul igi kufik ewe setise lommicfa uve. Co ji ducbij rinak teikso ic cuju si sejnepaw nuaw to seros epowotil gurditoz zifriuhi.','http://miwepi.th/tiri') ;
INSERT INTO post values('140', '131', 'rigid-measure@me.io','Sun Jul 14 2097','Das vosumiz hinfe suufobi rejnapur lawwi rolihuf mathi ic pu opetazic tofoc ak asejeb. Fugihu lilih adtigzak ma pe fivan holratbe af hofe vicidu kaktev delzofi roir.','') ;
INSERT INTO post values('141', '70', 'shy-cemetery@videotron.co','Sun Mar 03 2109','Tishojin wunkottur cunah ikohadgub apcol veg nesol lietu weru naju rec ke guw pauk iwbopmiz we vozvuv. Catsa zunulid rus hubtu hif tuner ufo ben tavded ku focu bekojiz sugen gacjote eve vesedi. Ori asi jozeefe locuw hiz zu gugedup faudi ize pecdulele lakane lapnuf pez saf. Pankaltu tozic lis at kiftuvoc gisoczow uma necra odeki he nuwpa zecge mujbub nafev ecoko gamlulbok ga sedegofi. Sifuug ke mib sewegu pa bik umwop ad rera eha tirubisi gekir gaz muhnishe socolsok gihacsuw caap iluneg.','') ;
INSERT INTO post values('142', '50', 'vivacious-recess@icloud.net','Wed Feb 11 2060','Uhaze rathe uz lavot va omabus ca otmo kewmoh sehfolac caro ritduroh kil mevevpe. Hamrud alitufefa sopdaw nuhahu homfe dalenotu navo idubodhi ve liurare zi naspu tawazur vawuvpu goegi ov.','') ;
INSERT INTO post values('143', '15', 'old-plastic@videotron.fr','Sun Nov 19 2090','Anjek fujov asa pocojmus dodgoaw fabug carsemol tegin cuwuz ce cozugjo elibotud to dincob. Lueda gife vaj sarpi zi ta weum unezozvi liwdinat boho juddimloh ij fojkipka fi. Mukos vi bu kusihlen dum dik ewju agluv otje diguz sih nihrutme weovi ibidi wi. Ufitfo ecope emogalez lim vigza duko jez edo heseh igzot gis vapme. Je duclejej ficecan hu sor buhzizca ramili lo cegewu lem ajisupru bapcave pasumkof gunushog. Mumfamog ecanoud gu bujmig tehegwah ji lo towfib zegvewdi te igja kuv guju nob ela vendileh.','http://ak.cr/wim') ;
INSERT INTO post values('144', '128', 'disgusting-door@mac.co','Mon Jan 12 2037','Gimlaota ekunifi ju fo jamnom sewjikasi bokah cosnid deanni mohbiz wes pafaf lannub.','') ;
INSERT INTO post values('145', '45', 'soggy-impulse@sympatico.net','Mon Sep 25 2051','Su zenireb has lur ow obwuh eh agurena ji si civnoow decu tohivi leuse wo areleer napo. Omiec zegod pu obetededo camujin su vaj daj kekpifid izrapfo ojoket zevzet mizaho vilag uwigu bet. Kaguzwu le uh enu mosalwim gubde sijif diporel siggibre ceodadu weepu ika. Imcaame zuic ugi copig ohdu lal faupeduk gac suj uhofen udu avne. Fi goga sa loli laglap duono kit ku vos farveji muuleba haroile ugikuib kueducoc.','http://civsaltot.gp/sipuj') ;
INSERT INTO post values('146', '88', 'hateful-hill@me.com','Mon Dec 04 2073','Paepluv enzowin bicipum jaowra zepi bumdu ih mib ewuogeme vuj hezirfo ir ofisiwebe buddar unevafol pojwe puitofo nof. Vuntesnit uha mulu furisoobo ak rirvurve azhanfuf ebojerpi semuf cuju anega erivo pasrub. Ne ceuca tot ropna kehvowsat lotiwka gicoj fusubkuj ekli konivu panep ke raccueke. Wuv bejdatu ewunic ra unucu udine alelalad usoto wama voimi duf lehgetmud hehad ed kufofig fucik. Rem opar ad sonikva ifono tuhe miptuzpom narcioh to si inem nu habbimrav. Iw ri gugutsu nu hulotta ikidof ir opru ago fu cavajdo ubadek woj rovucap iha. Siabu jujtel gauceur loabi wafja hifop an juh lukdizvu do danivco hesmem.','http://hihreafu.uy/sepkig') ;
INSERT INTO post values('147', '92', 'zealous-sleep@hotmail.com','Mon Jan 08 2080','Tamama od ajaan petec fircave vuvgisun duob lud sefvoir awlonot gundiw sev hote wovuraw jeko himjef sel. Wag fal sef tote mo vis lu no aceedu gusofizu pizosga cibulwid gohahu judun ce osocdu waze hedegoz. Ni bel uniwoeb bewog surlaav pazibre sagejgip siman gu hekeni macizcem zamo zit kuw berensoc luunaba.','') ;
INSERT INTO post values('148', '145', 'zealous-sleep@hotmail.com','Wed Nov 30 2050','Cimum iguoncu haspifepo fedsudluc nanri pegsipo humonmo napfo cupej bog nadul guj egimed. Cik riguv bore ep jojdiptup jileve ulposab kipjinju kueliha sucle wutamisav rigvale id mor zotso per.','http://haglu.fi/gulnofu') ;
INSERT INTO post values('149', '93', 'brown-party@icloud.us','Thu Aug 04 2089','Oce cok inujup dekaeg bimike cehit ne uco dihukpa ancim jasefdof ihuif zeku nu nidoj. Mogari newulut lo do va cucsepir bodzad saguj dodi gidi gaelifo uwi. Githiz ika pe pilnu dapahi hum comwiw walkawuc ni hecicu wegid omir camar. Be aksofo datpici ad fajmum rawil wenah gag tef wa ewe bukgib umokelod. Fa revlu hazo zi naje oghudjuz jo tu rukvap jededti ki totsasi sazapli vucotic tultudas cavha naotzik omumuti. Kodjoz pisul voz jicgak zo je noujo teda ot kospelwor kodji fogogpuv uh hifbiwgos udpita weheke. Usos oke batlocus muroswam biutaga oka huhzir udhi gis covavdef lanudto didurbo.','') ;
INSERT INTO post values('150', '53', 'elated-meeting@yahoo.io','Thu Oct 14 2088','Ces jeos wilaj uvderi isaar fibpevguc kigoj av luzekaj sorem viabu iltam. Farorada eshegac oluube faj emaitce as fupioz paholuvu son lijhaztav jigit zarwe va uj becahef jazvoza sip ahlune.','') ;
/* Script generated Thu Feb 23 2017 19:12:46 GMT-0500 (Eastern Standard Time)*/

INSERT INTO comment values('1', '38', 'vivacious-recess@icloud.net','Hu fadhuf ef zojnired gujaolu otfu runazu bop laj evnukef ofasiruw cohal dibdopas feb uppijeb ta.','Fri Sep 17 2106') ;
INSERT INTO comment values('2', '60', 'humane-ocean@icloud.uk','Fo co nigku ta opuwahis wumuuw eriez zirem lowso fovezucog bohecba marop goj ke gunofok zofrinal ivul oge.','Wed Jul 13 2067') ;
INSERT INTO comment values('3', '49', 'heavenly-quarter@sympatico.uk','Cigmiizu juweesu geweoba vepibom tuocdet lovtericu upe hino foffeji fojpi kihmo vulzuwane nuhwac boj da epakiwji rohfakpir.','Thu Sep 16 2055') ;
INSERT INTO comment values('4', '14', 'periodic-cent@hotmail.com','Mab cezidmum ovidufbaz aj rot fogjacmuz lecwabef me unemekeso ivialo gubjik tu tahil.','Fri Dec 28 2096') ;
INSERT INTO comment values('5', '140', 'vivid-island@mac.com','Winecne ohgid rice aturipek va koep zofoc zatgo ta ra wid ve razfeti mil lafvitha her neov vogiw.','Fri Oct 09 2043') ;
INSERT INTO comment values('6', '125', 'vivacious-recess@icloud.net','Bokjap riujvun nuniku kogawbi wuhmihi resdi bogjoda hirij duzzuci ga usepa sudkak roz zimibah befuga hafesa ip.','Sun Mar 21 2021') ;
INSERT INTO comment values('7', '53', 'brown-party@icloud.us','Fevcanub lutuspeh mokjupez ge na duha mauj tizgel ho iblof ketju nugejjo gol ceacifo.','Sun Oct 25 2065') ;
INSERT INTO comment values('8', '57', 'one-cover@sympatico.uk','Ibime hipen bogor fe anu ho to wa sum penum vipgilu enoap igaomad efamidwik uk bucwef.','Thu Feb 03 2056') ;
INSERT INTO comment values('9', '89', 'entertaining-stranger@videotron.fr','Vin oh efju lituduh dobo etiwe elira inocig daapo hun iwivuobu wevnaewo majiswam ifo ji gaj sup nejwukser.','Wed Nov 23 2050') ;
INSERT INTO comment values('10', '100', 'humane-ocean@icloud.uk','Rukfic jewin bicwioc sad guibog ka vidvufa moceagu kob adwul jaju de nifiad upuponjah ke fa ip mej.','Tue May 16 2051') ;
INSERT INTO comment values('11', '92', 'dark-drink@gmail.io','Cahiibi ki datohhim pimwisil lufi pawjevo woaciol lo vo ba wowjum gel ke zi wab inoke.','Sat May 04 2086') ;
INSERT INTO comment values('12', '96', 'humane-fork@yahoo.uk','Cir apo ruiwafo puzemi eca ali faz cabjac sulbak wilfer do zokatam im.','Fri Dec 21 2040') ;
INSERT INTO comment values('13', '46', 'obtainable-cannon@yahoo.com','Lezuj nuropfu fefew heenoase ekosehbos ittomu gesekem ekawadgul per los fi elujo mutof.','Sun May 08 2061') ;
INSERT INTO comment values('14', '16', 'super-line@icloud.net','Rimuroken ral kuk daari ribel gel jiktaz heiweru imciv bawlec fainikuc reonauzi jisag rurtuvat hoh rinpecab we hanwa.','Fri Aug 26 2050') ;
INSERT INTO comment values('15', '91', 'merciful-degree@icloud.fr','Wejiw izuojliz gaz heboku dobido makok hib boja jegdi halpat mev taena.','Fri Mar 22 2030') ;
INSERT INTO comment values('16', '37', 'abounding-income@sympatico.io','Tofguc tumgas ek we taticweg ip zivnab jibucdu fupu ruzubok fis hafjis cu po sumga ago.','Sun May 07 2051') ;
INSERT INTO comment values('17', '7', 'rapid-books@videotron.com','Wer cad kir uc naminve dufbovo nafpejow isaife carsumu ciwer jo aciji foz.','Fri Jan 30 2093') ;
INSERT INTO comment values('18', '117', 'obtainable-popcorn@me.co','Dibuzi ca bejem cegiodi hocfafuko li vekduov leec ok egu razsajun sat luj.','Wed Apr 16 2036') ;
INSERT INTO comment values('19', '125', 'pastoral-border@me.us','Uzgob cubkiosu lifovjuh on wujocah ba zevehiw mok he natudiro ked nu januka.','Thu Apr 08 2066') ;
INSERT INTO comment values('20', '120', 'civil-houses@icloud.io','Pejim iluceidu aggi bif gusejis pohgihmi pufu pumjiah wovwobmo nudar oluvep hancoir jera le.','Tue Sep 18 2046') ;
INSERT INTO comment values('21', '128', 'chunky-silver@gmail.uk','Rina cobvah befco uzughih zazsuh sikez berop kaikde dahudir mel ma fineoba nefmenar dennecgid pajo nik.','Tue Jun 13 2051') ;
INSERT INTO comment values('22', '93', 'dark-drink@gmail.io','Wauf af co jini vuwupo diwje refe hozotre ohota mo ofa amaig tev malweela obremat lej.','Sun Dec 21 2053') ;
INSERT INTO comment values('23', '5', 'chunky-silver@gmail.uk','Kof tufotrun maj lo lehsuwi duciwuon fij bu wu vaphuf sa beahpe cuftoku naoho igi za va.','Wed Aug 01 2091') ;
INSERT INTO comment values('24', '122', 'far-jeans@sympatico.co','Jefujre se kagfedo bagin zih cuga lojbel dopsi watca fu sa ohepen tema puvriic iwezukop bekugvi.','Fri Mar 19 2066') ;
INSERT INTO comment values('25', '92', 'watery-loaf@videotron.uk','Ukeve avaag zifewora dubihi fe muipuwi noal uko ze lu fitug ciwe ruazoupa.','Wed Jan 16 2115') ;
INSERT INTO comment values('26', '39', 'smiley-metal@icloud.fr','Boolu focpor uscu ipwuji vidce ozwuszu isi zut cemo elaici avuif be iplan zerde esezulwug ruwmaljec jiretud ho.','Sat Mar 08 2064') ;
INSERT INTO comment values('27', '107', 'common-umbrella@me.io','Tonripsov evho don luw zogpeb posti opama suwis kis ratgot fafpam evceh semvu paugeneh ni ufa.','Tue Jul 23 2024') ;
INSERT INTO comment values('28', '139', 'elegant-elbow@yahoo.co','Vanwi hujcaliv rodtol cazgi jodov oc za niwoz ogeakje gusifer lufi zunfivvib wufa ifso polaj af moh.','Sun Sep 24 2090') ;
INSERT INTO comment values('29', '127', 'enthusiastic-suit@videotron.co','Jurkul hakbob onuvjo zodto sirtehaj derdi kib editu pigi elobaltop fumarut mutrofeb vokuzar.','Sun Mar 29 2071') ;
INSERT INTO comment values('30', '8', 'selfish-house@sympatico.io','Holho rigesepi fideki dev pu mimponew peh va apjali odpif sasazaenu keb dez si ihomaklek kozelad.','Fri Jan 04 2109') ;
INSERT INTO comment values('31', '5', 'painful-stocking@me.uk','Ocomozkeg ga foufudil itjuhe wesuhuz soh luoroeho sazusa lu re ejetu dog.','Fri Apr 08 2089') ;
INSERT INTO comment values('32', '109', 'red-shape@yahoo.co','Owhu zav tostoca ravbeg jadi letevzit sepuzidar he enpu pa be afazaz vafsam fomhiej lu falom gejudoba.','Mon Jan 31 2050') ;
INSERT INTO comment values('33', '144', 'star-ladybug@icloud.ca','Su avikir iwfal opisi mus vi erjulas puv padzek zi wov volcavut muidrah jemranala irazolfab boejusa zecsi nukad.','Sun Jul 27 2104') ;
INSERT INTO comment values('34', '30', 'pastoral-border@me.us','Owamiaz togmaviz nejlef ohsoosa bushe mojmouji genwip mevo secmo mufo jiz aduje welik kebcuh.','Tue Jun 19 2046') ;
INSERT INTO comment values('35', '4', 'dry-pump@mac.us','Mer riehorez totmu vil kanij aweligun puczumaf ra faeb ziipeil ralvo fo fe renelove juepiliw ku.','Tue Jul 16 2097') ;
INSERT INTO comment values('36', '75', 'tangible-harbor@mac.uk','Vebfajpe anpal tosah nuvohuz ziba gib vocmu dompaz ofwu tepvikik ippoksul owesittom aj luawi uvu gieg rih.','Tue Jul 18 2017') ;
INSERT INTO comment values('37', '52', 'magenta-earthquake@yahoo.co','Ji ha je nuhtinnom gewuvsi nosdive ivufov jo digu jodub esadu mo kafiha hamibouvi gu faof.','Fri Jan 16 2088') ;
INSERT INTO comment values('38', '30', 'mint-support@hotmail.us','Lugo he rujzo bogafcuk mul wimdopdif toh titrigak bewnid hem kutfoob hab hiswus jojaz lafunhi.','Tue Jan 20 2043') ;
INSERT INTO comment values('39', '129', 'barbarous-railway@yahoo.co','To tikuho obuhour pite zep sahnin remneg nispe sifove rusu im retuvmig zecitsi ako zidre dorip.','Tue Dec 28 2094') ;
INSERT INTO comment values('40', '133', 'forlorn-aunt@gmail.uk','Wihofsu puojzip ojeawi tu lag rapfufa uci vukco mahestor wu ekaedaeze gom tawasobo jez amiin ruwsinruj zovtakan.','Tue Dec 29 2099') ;
INSERT INTO comment values('41', '150', 'benevolent-whistle@icloud.net','Niuw bintelwe cez jihah efdovru zufo bihan dafu fosnajeh ca buocfo jaspioki wo decza iw ni eni geupo.','Mon Sep 24 2114') ;
INSERT INTO comment values('42', '45', 'heavenly-quarter@sympatico.uk','Eh jura mosse iflaf adul numopaz imouc ved ibi cuudgiz edkinku kelak ukavogwik cot.','Sat Sep 17 2089') ;
INSERT INTO comment values('43', '150', 'merciful-library@hotmail.net','Komla lafos cowuvemu foctofmi du mocasja wuhew zucbaksa we ticuhseg oga giic noszij.','Sun Mar 02 2070') ;
INSERT INTO comment values('44', '41', 'barbarous-railway@yahoo.co','Lekija elnogu oplarip cacosim imefandil sesioco omkiwaz afosadna zuale taw ze fon gacja ziar.','Sat Jul 30 2033') ;
INSERT INTO comment values('45', '118', 'wanted-pump@gmail.net','Ocu ge mapra miliewe ogeb ukikarow icuha verod se gazja uje onapuzci enipine wu rusafjo.','Sat Feb 11 2017') ;
INSERT INTO comment values('46', '41', 'careful-committee@videotron.ca','Keg kopbid dah hoseslu serimza apsuk ofucun va jehog coepega ke ge.','Wed Feb 17 2117') ;
INSERT INTO comment values('47', '47', 'perfect-knee@mac.fr','Furocfo duwe cepbauwe supez jigibhik bu paje de kiani otetowja po ha uda fisaka gag.','Sun Nov 06 2022') ;
INSERT INTO comment values('48', '108', 'mountainous-crowd@mac.co','Ca ezuodom liselgo rednok ni if cektutbi cal pipgerha paf rotboc co ne fo.','Wed Dec 31 2036') ;
INSERT INTO comment values('49', '18', 'physical-servant@sympatico.us','Moc ceiktu zi ke zeddup seg in uvbunu we kuwume lauwopo lidkopi wahjikfap cafof acsimok.','Mon Jun 19 2056') ;
INSERT INTO comment values('50', '84', 'miscreant-girl@icloud.net','Buvpi havbupe huppamvu getbi tiji oba cov nur opdek mohosac edukostaw gazdus nuhduvok did foj retken.','Fri Mar 15 2024') ;
INSERT INTO comment values('51', '79', 'forlorn-aunt@gmail.uk','Le emifvuj gewompiv poskivo bokwa jitlo ceg luacurob gub rasnorcu vita ke huzoruhi vonuduti wemkokab epehawo va azcetho.','Tue Jan 11 2039') ;
INSERT INTO comment values('52', '134', 'casual-roof@mac.com','Muka efefe ledgaota nacwo ca poh owtacpis am gu ave rukcoj gufhiw ka ivru omgop.','Thu Sep 14 2051') ;
INSERT INTO comment values('53', '129', 'regal-rod@me.co','Hem fize puhi mijud haac funo bahizoz ret fivere wusdef loona jo kuwec lotu le.','Tue Nov 06 2085') ;
INSERT INTO comment values('54', '40', 'mint-support@hotmail.us','Gagnapom okfeebo ebaefisot no risal es cibagjim kitesgim cilrid oz fes jofme geskisno sizonase ectacnez.','Sun Feb 14 2106') ;
INSERT INTO comment values('55', '79', 'wry-request@mac.us','Jojiuvi vu wuticci relaha mok nicguti erefun ho nohboptud siujje ohtodok duzira.','Wed May 17 2090') ;
INSERT INTO comment values('56', '86', 'disgusting-door@mac.co','Fi ano humijfaw hod cizuheh zijat wudpoda jato giv wukeod gutecgig laz.','Fri Apr 18 2110') ;
INSERT INTO comment values('57', '104', 'fretful-instrument@hotmail.fr','Ko tezi uwbon mudmome pet pug duvejo ha nulzahfaw fav us kucosaz hautemek erodezu fo vigibce dap.','Fri Aug 18 2023') ;
INSERT INTO comment values('58', '45', 'scandalous-riddle@videotron.us','Rugkaf ozoinu gecat bico ocorowa wevik amkede menmarbu egbaz rehhaj uraka susva ebsino monnog owfi avudap zogochip vep.','Wed Sep 25 2024') ;
INSERT INTO comment values('59', '54', 'chunky-silver@gmail.uk','Bisnuek efuek zowo vu umvucbo watico ve jaciniz ke zif deha sanom cecifi li.','Mon Mar 08 2088') ;
INSERT INTO comment values('60', '138', 'fretful-instrument@hotmail.fr','Luralez za ke ub ki uvza datu adacajo ofujic co atozowe nisapwip vi ruwufafi aroge eho tatizow.','Sat Jul 10 2038') ;
INSERT INTO comment values('61', '83', 'wry-request@mac.us','Somgorrom ne ficerecu sosozme omatu od cu edi pe gok iwe ijuhodi jasdop sihwodpo sowfok fu guvi.','Mon Jul 21 2031') ;
INSERT INTO comment values('62', '149', 'watery-loaf@videotron.uk','Josav jog jolina zag wagmucde eraet rogeel zilahara dukewepow efsehib ewegdab ah onerokiv befbulsar usijew.','Tue Mar 20 2085') ;
INSERT INTO comment values('63', '71', 'old-plastic@videotron.fr','Ucalep unonuw fujatsu of does fag decetli raw egogufom coc urtawu visfivwup lewpeca gen.','Tue Jan 22 2041') ;
INSERT INTO comment values('64', '140', 'knowledgeable-coast@icloud.fr','Pepkupefi menodu jusep wuhkeguf mis dormaus ovakoget mijsuturu ote zunli luzubrel vet zowtikih lenef domivcej.','Fri Jun 09 2045') ;
INSERT INTO comment values('65', '97', 'motionless-birds@hotmail.ca','Korzawel sepfatme nev kenhetug zifivo pa bungear pob nozes wewvurde na cavunile zipsemfa paw babef is.','Fri Mar 09 2063') ;
INSERT INTO comment values('66', '76', 'crazy-wrist@icloud.com','Ruv dikepun hovetdu rovrecvum efumen johogal vupib lak uwabedgid dialuda abfalzas hawustas mu zo rocoleh.','Sun Oct 12 2081') ;
INSERT INTO comment values('67', '47', 'green-airport@gmail.fr','Ta gujadgol vada wir if buc binun kij hokiloh uni ag giehi wucejluw tuhlu tisje zi je hiwozur.','Tue Dec 12 2084') ;
INSERT INTO comment values('68', '107', 'genial-cart@me.net','Mu da vadhi ceko dil zuhalwo ofuvow gearli cup mav da ka upjev jajtod zejnoodi nulnaza.','Tue Jul 29 2025') ;
INSERT INTO comment values('69', '49', 'enthusiastic-suit@videotron.co','Je ciza bogdatwol aznemsu wod az ladir wecizlin guj duda sasrolo fikjir ji ucicig otufekval catis.','Sun Feb 22 2037') ;
INSERT INTO comment values('70', '29', 'obtainable-popcorn@me.co','Pame rujocce mijfogaj jicja ulosog gip okelsu sogobuli mowah pop gejiwed kirhohto zone luija.','Tue Aug 10 2032') ;
INSERT INTO comment values('71', '75', 'forlorn-aunt@gmail.uk','Dodoru fijujco wibo rivez cidafni fef toggivad lalhug sawrewji ko wufovus ru ocucucle jazineka.','Wed Feb 11 2071') ;
INSERT INTO comment values('72', '8', 'magenta-earthquake@yahoo.co','Luka nat be juzfi oko ci torvova izku ta ulo riwvuviv su.','Thu Apr 25 2086') ;
INSERT INTO comment values('73', '84', 'mountainous-crowd@mac.co','Gimihka iguro degomi duavses kah onis imudak alasucoso moripop zefaku cihwehig tibigofoj fuplegob ogukuja zugrawet guldokid.','Mon Feb 04 2019') ;
INSERT INTO comment values('74', '147', 'selfish-house@sympatico.io','Anarewnev pit anpuk dignesnip nismera mo bebma wo od vov fu mefidke osfuc lause.','Wed Sep 30 2093') ;
INSERT INTO comment values('75', '46', 'selfish-house@sympatico.io','Jap wutnaw am gol bep wud vor gerjaz vogru leap git po temjor giwolre we.','Thu Apr 22 2060') ;
INSERT INTO comment values('76', '82', 'pretty-feeling@mac.co','Mo ugeviz teefoje if egfo vuz nefcurdit al cozcejwa bi mehtobam mow ar jibhoave hocinhi.','Tue Sep 01 2116') ;
INSERT INTO comment values('77', '115', 'gruesome-tax@mac.net','Hijfifji fejpupfes zob ru atmuw rovi riscicmi pojwet joviis osahe ir ro te ajezekpol.','Fri Mar 27 2026') ;
INSERT INTO comment values('78', '134', 'old-plastic@videotron.fr','Cu oha va mik dolfam opuf foekake lobmira ral bod ezlicemu gotoferew isakzu ho.','Wed Oct 10 2018') ;
INSERT INTO comment values('79', '148', 'selfish-house@sympatico.io','Ga di visikhe mib dipvoznej cugtabge jinriini ejjo isoje enupe elmavi ru onpiv powoka zopfiz ce efgohfe.','Sun Jul 21 2030') ;
INSERT INTO comment values('80', '134', 'mute-year@mac.com','Ji gabbe nemje co ja cugvatu ajakar cusu hecvo efefegol etikaweci buru wo tozjegu til gac.','Tue Apr 27 2100') ;
INSERT INTO comment values('81', '70', 'miscreant-girl@icloud.net','Zehmag zirfodaca zobib ela kajdigub ilojulvi tergegoj jiwziimu uzahi ertoej weotru cuzim kemim zupsula naojuwe sif dis ohgo.','Wed Dec 24 2110') ;
INSERT INTO comment values('82', '138', 'frightened-orange@videotron.net','Dasvica gopap saczofud ewda be edudi wesoj wutwemodo mo owoiw doke radin rifnow rapag foalwen nifhip pog la.','Sat Dec 21 2041') ;
INSERT INTO comment values('83', '34', 'serene-berry@gmail.net','Ake vozgakfu weci sa dug vuvete fuvu fumha werud ad gisudonih sardunki iheiwoam vego gila zajhebsev bu.','Sat Sep 23 2034') ;
INSERT INTO comment values('84', '90', 'evil-minister@gmail.io','Ejisnon zalhuvi zo acezecsa padu dagla oreekmej zoli tuhlapimu jujmeruj ivacik cupvir ijruv.','Mon Jul 23 2057') ;
INSERT INTO comment values('85', '34', 'barbarous-railway@yahoo.co','Gag dun erikci hijduwtob vihehu vobpaduk bapif dor git it muldilmiz heip nurovi ibrob itseb sezva anobem.','Sun Mar 01 2076') ;
INSERT INTO comment values('86', '17', 'green-airport@gmail.fr','Pifebej limupda ripukora itori jipit ortuc cus meon ge suuta ohho hi itfa vevzas kizufzi gomwu ce.','Sun Apr 04 2060') ;
INSERT INTO comment values('87', '12', 'evil-minister@gmail.io','Uwbe socvuz ipaciwek ruvfaril fufjudde azu lef vem ruzjec dogpip budu funjab ru pudav tiste mek ijizid.','Tue Jul 29 2031') ;
INSERT INTO comment values('88', '131', 'phobic-skate@videotron.net','Olfe le janiw suod erpehes nuowi iwiasguc fozojas lasizisi fufapu lotaklip kenat rir bahlut hegeaza.','Sun Mar 28 2106') ;
INSERT INTO comment values('89', '12', 'watery-loaf@videotron.uk','Tifa inaal behom uzijikan rad dezepem mauzlov vuuzite kepabu moimbov avwiuj utivat nannotfa abepumbih balsoel oju.','Sun Sep 23 2029') ;
INSERT INTO comment values('90', '22', 'gaudy-ground@me.net','Ne ajta lahwaha diew jef juun negcub komubzij zunuuka dezpur pidru jemecwo nekiata.','Mon Sep 30 2019') ;
INSERT INTO comment values('91', '95', 'far-jeans@sympatico.co','Adtigon pez dep tij valduco huewlom ivefojur webke ogun ap haople za uceutvo jafsednuk urukorhuz go.','Fri Mar 27 2082') ;
INSERT INTO comment values('92', '140', 'perfect-knee@mac.fr','Ami kecbek buw patmel uhasa pavfima usra faehu ifivas viwawa zeh lujike.','Wed Oct 30 2047') ;
INSERT INTO comment values('93', '132', 'likeable-harbor@me.io','Vahe zifaice sip ja sikemaco ha ci owagos po vanvijih kacosama esdine ehner bi.','Fri Nov 23 2068') ;
INSERT INTO comment values('94', '139', 'vivid-island@mac.com','Julcerfis lopor bamom pesomfi isni hanmure kuw tievowe bunituwa uwoeva didirca he kifwisuc waninbum jes el.','Thu Feb 04 2044') ;
INSERT INTO comment values('95', '33', 'elegant-elbow@yahoo.co','Odwi be ezo ninlivhem da hutherru isibo igja looj liiw onbu sofon cawij.','Mon Dec 18 2028') ;
INSERT INTO comment values('96', '6', 'casual-roof@mac.com','Pebsiv watsi uza bodlezkiz guvmulag ijucewub migevvum garoni zodulzo zelezzi vacraep zukom far fumimom rufo en soeto.','Fri Sep 19 2081') ;
INSERT INTO comment values('97', '107', 'addicted-thread@hotmail.co','Zihoj fufa kolonudi min ife fet koj zo kolwiol kazmilam huuguti nalkuto jeocu rak varutu pocwunoda gilzu.','Fri Jul 10 2020') ;
INSERT INTO comment values('98', '148', 'mute-year@mac.com','Bujfib logafesug zasrifu poewuz pobe kubzuv vitadu ne enota enonitag mogta kuijalec ukumesu orahad.','Fri Feb 10 2023') ;
INSERT INTO comment values('99', '2', 'dear-memory@sympatico.ca','Kowec radebgi pirracfa gace duuje pe aljuvrep uf reawfo citwa nol jin eruja bed.','Tue Feb 14 2108') ;
INSERT INTO comment values('100', '24', 'gaudy-ground@me.net','Bezrinto jucense wum dutpas wozmog vitehu fog iwri epako cizneb patu cuhi.','Thu Nov 26 2093') ;
INSERT INTO comment values('101', '85', 'painful-stocking@me.uk','Hul waszo olebeha cas ove zim juckenwo gaic wahanvoj ce vikoci wumaz lado tiw iguw vatju ha upi.','Fri Jul 12 2086') ;
INSERT INTO comment values('102', '52', 'magenta-earthquake@yahoo.co','Dotevcu wigaf vu nifhekpo dube fis erhaswu vaw do wekaja uf sakuhuz niin.','Tue Dec 21 2049') ;
INSERT INTO comment values('103', '123', 'icy-machine@hotmail.uk','Po haziopi zuj fiw murogi keimuzap meuwu num rov hohde mojded dempaomo.','Mon Apr 12 2088') ;
INSERT INTO comment values('104', '143', 'painful-stocking@me.uk','Eve tawep debvepzuh lifwogdi komke ecda fezdukpob fu kozo zoere torjap lebog baknobur.','Tue Oct 13 2054') ;
INSERT INTO comment values('105', '77', 'dear-memory@sympatico.ca','Cif tehu suh cecdirife po kimegi jisildez or sectibod pu lekce ci pozca hud sopvojcin surboel lejpuh.','Mon Apr 24 2079') ;
INSERT INTO comment values('106', '22', 'smiley-metal@icloud.fr','Otowote jursawu noh guejag nasgonna sanekwo ji goman tieco mipzuwo wa uz fuigka wazse mojanro.','Wed Jan 07 2071') ;
INSERT INTO comment values('107', '129', 'casual-roof@mac.com','Suod buvommaw tikhus pivudu pin tobet ig timuvi jufotab coto emi rec it ronje areuknik.','Sun Apr 04 2117') ;
INSERT INTO comment values('108', '95', 'fretful-instrument@hotmail.fr','Bofuepo vaw nul goge ok ebrokgu de mumok dilofasi orga rusuv ul ziwigku kihfaec gi mu.','Thu Mar 21 2075') ;
INSERT INTO comment values('109', '6', 'rigid-measure@me.io','Po konpo dipdoh ninzidaj rebiwce mepseucu ceehdi doaw taus laube tatzeb imicadibi zikraha aput.','Tue Jan 31 2079') ;
INSERT INTO comment values('110', '57', 'forlorn-aunt@gmail.uk','Me odufep deghulo so pa zeli imoapca oja wa kakheh le kagmavit loteze sur.','Sat Oct 24 2037') ;
INSERT INTO comment values('111', '103', 'abrasive-son@hotmail.fr','Tudpo homluz nolobfi jikod zutoted nenu havos igsi si ver kihu kotwe cigu muuturi.','Tue Jun 19 2040') ;
INSERT INTO comment values('112', '137', 'ludicrous-cub@mac.fr','Unuruffu besaffu kubvaj ageva obufentig jetuh zofo rumsulip odo vajguhnab ocervig tulob duplibak anof.','Thu Jun 03 2049') ;
INSERT INTO comment values('113', '138', 'serene-berry@gmail.net','Hilcoben liuz rabap kegezhen dis cu gamtenge vire kusravteb turefic gad tufuwa ehi buile bivasod zavcumzow.','Sun May 02 2094') ;
INSERT INTO comment values('114', '12', 'dear-memory@sympatico.ca','Du lala de duvzi tifdiz nome wanho pa wib ewubun mokit igibohak lef emezapwo fukod dasjil rot ib.','Wed Nov 27 2086') ;
INSERT INTO comment values('115', '123', 'deeply-throat@yahoo.net','Tezkerpak ija tustacuj gu vecgo ta jowrut hujfec sokkil ina ifowe jer.','Tue May 16 2034') ;
INSERT INTO comment values('116', '47', 'frightened-orange@videotron.net','Licij ceub adegi ivoohufec ruf bajcucvi ozpuruj akviktu lu ber erho rijo em vaegitaf.','Sun Oct 21 2114') ;
INSERT INTO comment values('117', '29', 'regal-rod@me.co','Los usiju lakrep bijefbuv wiv famuw zunujofo da jodiz ovamikuc bu aj.','Wed Jun 29 2095') ;
INSERT INTO comment values('118', '14', 'hateful-hill@me.com','Ca puopi pofabgo levduva civo ho aczoldum pu vefulo wena bafoga izaangi len wi ela essak do.','Fri Feb 27 2065') ;
INSERT INTO comment values('119', '139', 'pretty-feeling@mac.co','Necdufkof cacusud mukef zevigpuv mi vannaw nalena nihebmu awape oji agono fulammi lavli laheoj semicnof bimzemip.','Tue Feb 07 2051') ;
INSERT INTO comment values('120', '24', 'forlorn-aunt@gmail.uk','Voteduj vuj wis gib pigo wuvreso dukohiva kemgev beghi zugowewig witbuhima fetlega bagekkal rez cojras gufec.','Wed Oct 11 2073') ;
INSERT INTO comment values('121', '100', 'gaping-credit@gmail.net','Kotelho hibji ihemu dadma savput zogisen viwje fiftohmuw goig ez nufumoni rupivo am ran.','Thu Mar 13 2059') ;
INSERT INTO comment values('122', '21', 'green-airport@gmail.fr','Ufidet cas ejifugi gu co cektirlev vozijjus sojloma wenownu rajaw fuplafof juwja zej.','Mon Feb 24 2110') ;
INSERT INTO comment values('123', '146', 'likeable-harbor@me.io','Ujo romum cevojoha onaipu tenbu kel na bulhikol ib fa godnobe dapeku az oli lenpec za ibpeg ve.','Mon Nov 24 2110') ;
INSERT INTO comment values('124', '29', 'barbarous-railway@yahoo.co','Gazij loisioke hulak rocoz cu ki jiud fasujag difga wulmoeb cuce eca cipinewir hag wap.','Mon May 18 2116') ;
INSERT INTO comment values('125', '119', 'smiley-metal@icloud.fr','Gukiji kihtitu maf fudmiveg ho joru amabarir keh sesgohut co mi feum wa co rujok hu jaatpa.','Tue Aug 29 2028') ;
INSERT INTO comment values('126', '93', 'casual-roof@mac.com','Waahihe ewefeha reg guzonur paze ruogris eg jodet ib fabamgu cotat poperbi udimi bi vuj itfaj neccaspe nolaju.','Sat Nov 03 2091') ;
INSERT INTO comment values('127', '10', 'physical-servant@sympatico.us','Kiseb mawok tupac mojuf omi dadriew jiba iko vakicbu melovu nevjegit ob.','Sun Apr 17 2050') ;
INSERT INTO comment values('128', '8', 'righteous-tramp@icloud.net','Surhuf gudvudiku ecizo zel subdeil hupa su bu ohiriti hod fefvapu ojasibo gu neres.','Wed Dec 17 2098') ;
INSERT INTO comment values('129', '41', 'civil-houses@icloud.io','Gi mimheg de vorkokdu hig ec uzejiner if taug uco pe todikuj cudor wifrudbun.','Thu Feb 26 2032') ;
INSERT INTO comment values('130', '47', 'fretful-instrument@hotmail.fr','Senjo soezotam aniirki milrihce donjez lutman vovego lat baosu uco evit olu ji mazlo hilmu vejumroc dethud ova.','Thu Aug 07 2098') ;
INSERT INTO comment values('131', '79', 'smooth-sheep@yahoo.com','Gazsezre is to zowa piwhodo bamurpet acpevco sufeda huppun toc wozlibrel kuzode vinsane naprek ji.','Thu Sep 18 2104') ;
INSERT INTO comment values('132', '133', 'hateful-hill@me.com','Ip wacekad apo hezopi kof zu veduke cien fewsupab vabbi gohohluv ji ribub ikiwe.','Fri Jul 12 2030') ;
INSERT INTO comment values('133', '107', 'chunky-silver@gmail.uk','Pu rewto zoglo buttac fi obo megpo jaimo tidlaro be risut lom zel timuzfi naciet dil romi.','Thu Jun 18 2082') ;
INSERT INTO comment values('134', '82', 'icy-machine@hotmail.uk','Mokgekne im puc jiv cur pen zod gietuho nuvlev hi hakak bewazi zaknad pomwe jobheva wiwgitmad ahinag.','Tue Aug 07 2018') ;
INSERT INTO comment values('135', '137', 'obtainable-cannon@yahoo.com','Curo ga nif cibbu uhi fuuk appaz bapgom lipasowo gip ikejipdi igu muzfultoc jara de kiwla soj hujavan.','Mon Jul 15 2052') ;
INSERT INTO comment values('136', '133', 'disgusting-door@mac.co','Davotne zo zedsoze wamida lallaba dogdero fa sunew eze buvsa ekwubca hovew kuc fuusu mo gibuba reimudul polijnup.','Thu Dec 20 2091') ;
INSERT INTO comment values('137', '68', 'magenta-earthquake@yahoo.co','Ikoefwuw si noigauko tibite niliwho hop hoco diliha ginu la elo ga.','Thu Sep 19 2019') ;
INSERT INTO comment values('138', '51', 'pretty-feeling@mac.co','Pen se vun talnem difkub ko copo api teij oguupuas kamdenur heraphug lacahanum zevgel wun.','Fri Jun 29 2074') ;
INSERT INTO comment values('139', '38', 'obtainable-cannon@yahoo.com','Ahhij ifupig pocnurhu tovicin ruv zizojin pi zij af re numrevtoc rug zepjan wibisu.','Fri Nov 04 2033') ;
INSERT INTO comment values('140', '31', 'panoramic-foot@gmail.us','Ofifesuj johdobav zurnolfes ir keb ki lajgahwup fatnibij hehu meszaze udrufpi nujbispi gaju ahoessak guka.','Mon Dec 09 2047') ;
INSERT INTO comment values('141', '81', 'periodic-cent@hotmail.com','Napsur kuubbo biwezri bunoj leboafe bod pocro nolreaze evreotu hojekil ere tipohmo nen aveuj win.','Tue Jul 11 2056') ;
INSERT INTO comment values('142', '72', 'elegant-elbow@yahoo.co','Dibibake rioleij se hin ulus rapuv ijte buajcan mekarcot mugwu om giuhbuk insejpid ha situgoz kihew wuneluf mar.','Wed Mar 22 2073') ;
INSERT INTO comment values('143', '29', 'purring-stream@hotmail.net','Han nu kagibsu tiwmog nu ufe lojnem vas zipenmub jo oforuk gujabpi zaw gocgivsi ha sugu noz.','Sun Feb 15 2093') ;
INSERT INTO comment values('144', '130', 'genial-cart@me.net','Zadik vufipe inbatip efanuvto pu gaffar ihi raricdi iwesarhi bacin kesuk udre cutari ucpiavi kifi liso idupan rah.','Sat May 01 2027') ;
INSERT INTO comment values('145', '65', 'watery-loaf@videotron.uk','Obo jodfawi da najne emdebbu teowisu soj fe wuj voehidi alvehuh kin tiz turep todumame bijwot sa vuawoha.','Sun Aug 28 2061') ;
INSERT INTO comment values('146', '34', 'star-ladybug@icloud.ca','Cit azeho kitro pa bifzarod tabej laj vubsi poez ru nipjah zofvalke tawil iginu awaloge.','Tue Oct 13 2048') ;
INSERT INTO comment values('147', '61', 'future-oranges@yahoo.co','Kisocob nulwuh re luchas ba po cijsudeg hakbe saido zuec bi omdizuh.','Thu May 14 2105') ;
INSERT INTO comment values('148', '112', 'hateful-hill@me.com','Gajogbe dedoliwe fo ocil bubebi gowbiwi sew hun jubiw ze va to uk ro ledmuow mubogze wevrap.','Sat Jun 30 2103') ;
INSERT INTO comment values('149', '134', 'wry-request@mac.us','Vilci hihzot sez guzo zi buwcuj itenob vuz ga mifa loniode jibub sasapumi jaghacmi.','Wed May 10 2045') ;
INSERT INTO comment values('150', '76', 'physical-servant@sympatico.us','Cuzine gud poh piasijes wufvu vowug faz goahain wuja ridib gij cipi ti ohi educo.','Sun Aug 20 2113') ;
INSERT INTO comment values('151', '132', 'envious-butter@videotron.net','Paku po lasoj sij oklowhuc cufo ena gudtah ko ehokulmu hovru bamkumig waf nafdoswe og.','Wed Dec 08 2088') ;
INSERT INTO comment values('152', '146', 'pretty-feeling@mac.co','Zanub efedenjo rauj kawi goru roc apjeef ugebad ohcato dul zibo larba he tokizoko tipborup po apfaaru.','Sun Oct 09 2033') ;
INSERT INTO comment values('153', '43', 'merciful-degree@icloud.fr','Faz wifwep pagfurow diva mot la pi irupec zuj ibine enaelce doej mieve ta nal met.','Mon Jun 26 2051') ;
INSERT INTO comment values('154', '112', 'careful-committee@videotron.ca','Za tighapaz cusudsak wirsuhet patus bifron hodo sidzazon abciri sok wiasi puucsa op onu uwkuj eboj map zo.','Sat Dec 31 2112') ;
INSERT INTO comment values('155', '143', 'gaping-credit@gmail.net','Tejcoj roto mudoj suncer sopavah hiwot egirin zucefop guka ra hodorguh ifetivjo zebiviw rurhi bo bepezawah huetozun lozu.','Thu Feb 28 2069') ;
INSERT INTO comment values('156', '47', 'chunky-silver@gmail.uk','Ko zo dajkiju wewis palvihfun amu ulku kof kif neskispu galenon go tin ekwotaja siralhi cilmad boweb.','Sat Jun 14 2036') ;
INSERT INTO comment values('157', '74', 'serene-berry@gmail.net','Meb johizu bisawakol jafpup tectah lavoz ergif dabumu wiseg ki pif jusoz eta jilkenbi nohpuc ep suite usivu.','Tue May 23 2113') ;
INSERT INTO comment values('158', '83', 'likeable-harbor@me.io','Waus li kafomkuv iruhos ucija riz dihiicu jodahefez ic oregil in fov gefewa ludbuc akgigfe.','Fri Aug 17 2108') ;
INSERT INTO comment values('159', '78', 'soggy-impulse@sympatico.net','Vipe matbikim dewpecul cetum pigpep garu witwe tet ewiharmo ezwuc turwisa obuutla re.','Fri Aug 07 2054') ;
INSERT INTO comment values('160', '23', 'red-shape@yahoo.co','Je sewikcu desul jeajmov lu uwvon sog sara segevlu viasado labaab zib seusa pujkolo jom.','Fri Jun 04 2021') ;
INSERT INTO comment values('161', '76', 'smiley-metal@icloud.fr','En ja hejul lutawila vacid sarbec pikib jer papivgez geegwi fioh tatin ve kudduri.','Tue Sep 08 2043') ;
INSERT INTO comment values('162', '54', 'classy-company@gmail.us','Jopbato ugerazlag ulpot vireh rek hacep iweramoh fadukvi dupdo cozgura fon omup vuf zi fuvpa ni.','Fri Jul 29 2050') ;
INSERT INTO comment values('163', '110', 'knowledgeable-coast@icloud.fr','Fi ohaoz nauj corpu conuce gorulat firo use ofpuuzi efu agodo zuc.','Wed Mar 21 2029') ;
INSERT INTO comment values('164', '139', 'super-line@icloud.net','Bocigpa woki zibwon goc ucigep zawgawza jenvazcu goswaihe fumvev nilgomjaf moseve rugtab rima uwuwafig ubrestij wuruv zutomva.','Sun Nov 01 2065') ;
INSERT INTO comment values('165', '135', 'fretful-instrument@hotmail.fr','Lobe jumlif iraod ga abeuko unuob tomu bohores tasatdu ifo ma hob.','Mon May 26 2092') ;
INSERT INTO comment values('166', '93', 'serene-berry@gmail.net','Gof cajoj bepfisfat oditaok lar do ne va mecivo ojbi jigti muul egejocah nizoh ji.','Sat May 23 2071') ;
INSERT INTO comment values('167', '3', 'mint-support@hotmail.us','Lemib umiwol nib suwowe losazwe zid zi hof ka go larebzi oj kot.','Sun Oct 10 2106') ;
INSERT INTO comment values('168', '60', 'physical-servant@sympatico.us','Bel zuzefasec ko ofec mop tewga jid vorwezvuw liwir uhuvo naw arvawo le um vuzajfil sevjuczam.','Sat Nov 15 2098') ;
INSERT INTO comment values('169', '11', 'muddled-hour@mac.uk','Nifofwob ru wenzej faze afteg umaiduzi govuhbed ban nub cibozu zagih emipatdop uf biodu kuvzo suzno dawek vejdabdig.','Sat Jun 27 2065') ;
INSERT INTO comment values('170', '139', 'super-line@icloud.net','Wepze rajsuvumi tounecig juzu wekzi sij sawad gavbuc wev govebi atigu abauri ajzujti diga icaku epi netnuw.','Sun Jan 06 2019') ;
INSERT INTO comment values('171', '105', 'gruesome-tax@mac.net','Ze pimnuipa hoz nume kappeas ziwri lo idi lujmor lubtahho ub subo horguj jocdinhu.','Thu Jun 24 2088') ;
INSERT INTO comment values('172', '99', 'humane-fork@yahoo.uk','Libsokfo wenduseg cagu hiiza ziz kesu nek zazuzope jow ga onku ta cum len em ta ujduvjir vig.','Thu Nov 05 2020') ;
INSERT INTO comment values('173', '119', 'purring-stream@hotmail.net','Itaono sebkavtaz ir wodbug ocmicehe sadegzo be sab giospa vud tacci udpuhzev li jiira ma nufdu soizogij.','Sat Feb 25 2096') ;
INSERT INTO comment values('174', '7', 'fancy-bath@videotron.co','Sir abguwep asusuar eg relcefuv tad wur ociti koiteso busgad we cobsoc nipzu genme hez wov zecuhat.','Sat Dec 17 2050') ;
INSERT INTO comment values('175', '21', 'icy-machine@hotmail.uk','Sirgeuza ri holorbar ofnodfus lumdodco mollizvih uzvebhav desbenit veti fiumipim zo bibi cemgiz nien ute fipwe.','Sat Aug 11 2063') ;
INSERT INTO comment values('176', '64', 'watery-loaf@videotron.uk','Upceni fok furu zecocalo hisij mucepdo uhi ruzlobowe nik ep jis jigdo nova ju.','Wed Nov 27 2041') ;
INSERT INTO comment values('177', '93', 'periodic-cent@hotmail.com','Okaeni otu do law koguko usu po kasam tovivtom hawfe luzbozip ho ganlinzi gomwilje.','Thu Apr 24 2036') ;
INSERT INTO comment values('178', '101', 'gruesome-tax@mac.net','Ib wawfolu toke lug nahi kef juuthaf egripaz lacmoh muwowcuv lor bak.','Fri Dec 27 2052') ;
INSERT INTO comment values('179', '80', 'damp-tree@me.us','Unutozo itwo sanbe peeneile mizuh su jewe fum ennozjak zew he ikutorit neven.','Thu Apr 17 2104') ;
INSERT INTO comment values('180', '94', 'far-jeans@sympatico.co','Cabona oboosziw rifuvus hupiggeb bockun hotus zano sag kolum evukpa poda pupem ka.','Mon Jan 01 2080') ;
INSERT INTO comment values('181', '122', 'panoramic-foot@gmail.us','Puf wegtuno ruwlum zisfajnum iberuh pejal jire vis zojvakihu gi kepazot reijeno epocijav fibtun decuf lo bodedota lanokfe.','Sun Jun 08 2059') ;
INSERT INTO comment values('182', '121', 'serene-berry@gmail.net','Fe pecek rosuz kida puusu huwodtot tenbiduv bidefora ek lucugutu gehas tere ibawomig bihtajet.','Fri Mar 28 2031') ;
INSERT INTO comment values('183', '24', 'entertaining-stranger@videotron.fr','Gizzavta zuc nunjolujo mug pit tukigcil pi letoh ci kidovup tof ibo kitkew imihomsu wuta.','Mon Jul 19 2049') ;
INSERT INTO comment values('184', '30', 'dark-drink@gmail.io','Pahefufo pe owfufhan giat pabuwpa johfiow gu opafoti okwa ajatadu tev bij ed ser.','Tue May 08 2046') ;
INSERT INTO comment values('185', '7', 'casual-roof@mac.com','Buwzauf zidi ho goofwek vizcu efi patadjuc pomlikiga luube upkupho juakewi mih jibisa.','Fri Aug 24 2029') ;
INSERT INTO comment values('186', '39', 'pretty-feeling@mac.co','Tabler so lak kovbu hegewkif zov canenete nada fatehde vi mel pudugeesa.','Thu Feb 22 2074') ;
INSERT INTO comment values('187', '145', 'shy-cemetery@videotron.co','Medav gezdaj igurupaho ususet hirco vip fitead maalu caar wu tusapem lavvabi jim.','Sun Sep 16 2040') ;
INSERT INTO comment values('188', '130', 'red-shape@yahoo.co','Zi dig wocmemu serdazmaf iho sabtohi guc ruldida lakob ubu cuzis obcop.','Sat Apr 07 2057') ;
INSERT INTO comment values('189', '73', 'vast-oil@mac.com','Nu biruz zujgep tihulfe kova lu zapvozu ih bin lutuva azbuf emome daege luculwet.','Wed May 16 2018') ;
INSERT INTO comment values('190', '66', 'scandalous-riddle@videotron.us','Hikdode muaku fonoj utitifhiz bafalzi irzefru vik usizup pozuk ri kuc vezeven ukiru huba izadeb ha uteselne.','Mon Apr 02 2063') ;
INSERT INTO comment values('191', '94', 'mint-support@hotmail.us','Nu gi uzkomvum ikcihe ebbeimo ka ta vo eda tu tibati te.','Sat May 16 2037') ;
INSERT INTO comment values('192', '105', 'genial-cart@me.net','Pehjeib id memuogu cedita cihug gog epzumker behubnat jacuzma muhot arnaali olzo gul bipgulig fe mec.','Fri Sep 18 2099') ;
INSERT INTO comment values('193', '102', 'mint-support@hotmail.us','Pulomruj uj duh febovu galpicbuc likur ogapudjo ziro izi cifvu at fanrillop baja sas etfodsi zadiva.','Thu May 03 2068') ;
INSERT INTO comment values('194', '44', 'future-oranges@yahoo.co','Nup mu batod irda daeku gewejadu fogtih pe ro runazir din ne ajite popva soz jubebi.','Sat Jan 11 2048') ;
INSERT INTO comment values('195', '92', 'pretty-feeling@mac.co','Coz zu hiupulap coldojib ki oh jerja duwcuda ro gagvavne vabi panfunguj ugagol cajes.','Wed Mar 01 2079') ;
INSERT INTO comment values('196', '84', 'periodic-cent@hotmail.com','Ajwacoda go kof wed ruhug terfaf muwdu vutfeb bobwap vavola la wa to gibgak moblad fug wuba.','Thu Jan 08 2026') ;
INSERT INTO comment values('197', '114', 'gruesome-tax@mac.net','Kemar meratnej racdo go ti puhmoogo so oru up wememu fagheduv lal sot enacodkov.','Sat Feb 15 2087') ;
INSERT INTO comment values('198', '20', 'heavenly-quarter@sympatico.uk','Guujdu uceawep so ve narebwiw nijranfi et im ituilome taj zizano molfed jiurowi saftofon.','Sat Aug 10 2069') ;
INSERT INTO comment values('199', '58', 'first-sleet@yahoo.uk','Puzvajiw zim imwihav ej zalog zuraj ekovu nigiute hiskora ferus bopucger gopihem ejuzah ca pezejis jabta ratjef mirce.','Sat Apr 20 2030') ;
INSERT INTO comment values('200', '79', 'abrasive-son@hotmail.fr','Fejtu halvedze abiune ved gugo zedi kicu pan bembulu ka dohvawun od hot jahhuuh wur uruvgal.','Fri Nov 25 2044') ;
INSERT INTO comment values('201', '139', 'wanted-pump@gmail.net','So tucset fegvi na ma ujow jotvis ife cazfogaz ido ovlefvoz putuwo bogkokku arnotke kico ugiice.','Fri Dec 07 2063') ;
INSERT INTO comment values('202', '63', 'scandalous-riddle@videotron.us','Lelar ba hese luppuc wojezoj uka nukuvupo wilgawim sug cotgi ozpekem ledmi tivnen umru sujtuuna jiwibav.','Thu Jul 26 2029') ;
INSERT INTO comment values('203', '72', 'abrasive-son@hotmail.fr','Comtozu gotruj ecuir genumsic zaufawop kiwu iriolihi kakcabun voug epagarwil gehsi kidbumdor bu jegbeviro guvgig orsi.','Mon Apr 11 2061') ;
INSERT INTO comment values('204', '85', 'expensive-zinc@hotmail.ca','Umiezolo aho huizubev uzuulube coewe doztegko ag fegemohe ce dezepav hanad uv naw ifhok kobug sogicic.','Thu May 20 2060') ;
INSERT INTO comment values('205', '40', 'tangible-harbor@mac.uk','Wamgo wagriv zucahwi izu vahunhik co ejusanih popo bos ki nehose ugko rug bazo.','Mon Feb 06 2045') ;
INSERT INTO comment values('206', '117', 'romantic-mitten@videotron.com','Jifzi ezi wutec aj hafavid ze ozoma gicapum ehi jij jir kavjiz ni il ati wiwuza lemjeda efce.','Mon Jun 25 2074') ;
INSERT INTO comment values('207', '11', 'crazy-wrist@icloud.com','Zudosuiz gowo zuamo kauni los negeri cikuki mewcise vev waem pugez sanzikgap ewubak jeffod wocmew.','Wed Jul 13 2022') ;
INSERT INTO comment values('208', '64', 'painful-stocking@me.uk','Ajhuzger noperpan upbegce lafbunar laba abimiugi iso peheb zaluv nojiono vermuwi jo.','Mon Dec 01 2087') ;
INSERT INTO comment values('209', '35', 'periodic-cent@hotmail.com','Etmu pocseg wel co fare uzvig puoretu buz lud bifimlew wo gijdew utatedib il.','Sun Mar 11 2046') ;
INSERT INTO comment values('210', '118', 'dark-drink@gmail.io','Ej powcek vutkotdun le pune uro cofid bosoj kopbivgu duflutof detiw jadil tuje li abmihip dapjice.','Thu Feb 09 2090') ;
INSERT INTO comment values('211', '57', 'ludicrous-cub@mac.fr','Ufole wiwaw dozuti zupevwo isoko avhi lesizpoj towve rotihe uwoseb tisromo iga pawpoc.','Wed May 05 2088') ;
INSERT INTO comment values('212', '116', 'abounding-income@sympatico.io','De ji jashi catiep afudenfaz anori mosajo wahko mulivhi pa dubdig ohe izeili wo ujaedtab.','Thu Mar 18 2088') ;
INSERT INTO comment values('213', '95', 'romantic-mitten@videotron.com','Puldak wutsus huwhu gaowoga zuk se bowiag opmuwrej jiszotbu nodepfir uhojso seh.','Mon Feb 18 2109') ;
INSERT INTO comment values('214', '140', 'righteous-tramp@icloud.net','Uv amu kanef mersi con vagkocjoc min fodeha tusafa lenfunle ducofrip fek kojuud lomra nogi we dutdocgag dos.','Thu Jul 29 2066') ;
INSERT INTO comment values('215', '10', 'physical-servant@sympatico.us','Rir ikutibovu hop adpiroje luuf vokkojsef louvja ce tofda beso osune ew cig doh.','Wed Oct 09 2097') ;
INSERT INTO comment values('216', '62', 'disgusting-door@mac.co','Pavfej gezujod ileja jalbo co virag ow gedomew ugoib wal uz zogku.','Wed Feb 20 2069') ;
INSERT INTO comment values('217', '110', 'brave-pet@mac.ca','Um cegnuput umu fu we iziwem zupekaik su fet mugib zoho hakvud definwov kibikdo icdesi utretnin.','Mon Nov 29 2032') ;
INSERT INTO comment values('218', '101', 'serene-berry@gmail.net','Nabulrij lozak du ahavasud fev nalohig zac dicucal geb fej fa koipibi urde sicjak.','Wed May 06 2099') ;
INSERT INTO comment values('219', '2', 'careful-committee@videotron.ca','Fa so zoked bepaham wu gamfi lumu ahwo ekidorpes jizto soj do erpudpub zew lod loclusek.','Tue Jun 17 2081') ;
INSERT INTO comment values('220', '33', 'red-shape@yahoo.co','Ijodum binsil mepumuja zeja rijno nikup rez guide keg cu tigsi gow duezok ruca keh bokad rem jugobit.','Fri Dec 19 2042') ;
INSERT INTO comment values('221', '43', 'red-shape@yahoo.co','Zifopafu ba gaaju tefvi zazuriak vekura avzofot judiwcet ra sepkeli al ju molal ubajek cafano me mavno nun.','Sat Feb 05 2101') ;
INSERT INTO comment values('222', '82', 'hateful-hill@me.com','Ke ib liosonuc karece supte vun memmu nazrer suw givatav mi gus pokcubad zovafte ibru da.','Fri Jul 04 2064') ;
INSERT INTO comment values('223', '14', 'spotted-wing@yahoo.fr','Loribis wo la fin elwu pedalinen idijih rajkeca oja jesumep igeizuag tizuk fecusi.','Wed Dec 12 2114') ;
INSERT INTO comment values('224', '125', 'mint-support@hotmail.us','Be ojicco aji ij dujhu ger olewucad anoti retiw tocake azitukud ibcubef hap biz togjezu nojewfin mahintom fos.','Thu Feb 08 2085') ;
INSERT INTO comment values('225', '24', 'mountainous-crowd@mac.co','Welezacuc ce fubpif alzuhzo dof tef lehez gis uh vaboku lih vuube.','Mon Nov 26 2096') ;
INSERT INTO comment values('226', '74', 'wanted-pump@gmail.net','Huclower muriil eni eheihhop rahoba ce newhibzod fahiz ruzubuir teroig jouvem ijku niliz hukfakdu heivizoh temogdad okacace golus.','Thu Sep 10 2116') ;
INSERT INTO comment values('227', '43', 'ludicrous-cub@mac.fr','Heike cori ohivocil ihu car koj kivcovle uso metwallu gi cigkipu ipo wilat.','Tue Jan 31 2096') ;
INSERT INTO comment values('228', '23', 'green-airport@gmail.fr','Vabte wipibev emzin bahalunaz ris pewlamen noklebagu koce ciris fu ehfa moluc zudero apke cuva fegehsat.','Sun Aug 07 2078') ;
INSERT INTO comment values('229', '70', 'romantic-mitten@videotron.com','Bo icvezhap uf pe sokel duvde co cuvevul alelu delwu cug fibvu.','Sun Apr 16 2017') ;
INSERT INTO comment values('230', '76', 'physical-servant@sympatico.us','Riozmu ke nefa wajupfi nivpo redoap wuk awo uzi vokkof omvi su koecimej falijizo ihi.','Tue Jun 15 2117') ;
INSERT INTO comment values('231', '81', 'elegant-elbow@yahoo.co','Ebros docus epanaza zuj geed cissug laeka jap da vovdolu ispudrez ra jujno seemo ij ci fa.','Tue Dec 06 2050') ;
INSERT INTO comment values('232', '36', 'periodic-muscle@videotron.co','Fiv ofjatpa uh mebmilo doedoce sosa papere lopmu kapap ut som jisise larjobde zog vikedoro.','Wed Apr 12 2073') ;
INSERT INTO comment values('233', '45', 'dead-mask@hotmail.co','Zafnig fastev uca cisoh fitkabze fo counu fizkujhoj zu lo wusban petoleb mahotro.','Fri Feb 09 2057') ;
INSERT INTO comment values('234', '127', 'mountainous-crowd@mac.co','Ana agfeghim gannena negvet sam etjulhi jedo faecaza zol mi jad larizkor giseci es wit.','Thu Aug 31 2023') ;
INSERT INTO comment values('235', '105', 'super-line@icloud.net','Fu goktudfe zegac heelmaw tu uzbac pizdedces darwehhe narpew ku uzbil lowahbo bekati joawe udizu lorji ticozfaw.','Fri Feb 10 2090') ;
INSERT INTO comment values('236', '124', 'abrasive-son@hotmail.fr','Si lig ikjib bujisimuv wowor ivezer tegze igo dedi mes lep otkannif.','Sun Mar 26 2045') ;
INSERT INTO comment values('237', '104', 'obtainable-popcorn@me.co','La jof kudat nujzebi ajag at fewi om ra udvih dunpijec wohuhe fepot fada.','Sun Aug 15 2094') ;
INSERT INTO comment values('238', '18', 'gaping-credit@gmail.net','Num duuwku ujgul ribuef geti viszo wubnehbu cekoh vabep ukhotcev sof ejoihra socuco ud cuufejo ce ricap awukepir.','Sat Jan 31 2043') ;
INSERT INTO comment values('239', '25', 'careful-committee@videotron.ca','Egpasro zibe fasjevap musto arecuspoj hotuhovon mil ahe lugizwal sakej bopgupum lurrajgo sa boh cakruc.','Mon Feb 24 2020') ;
INSERT INTO comment values('240', '61', 'mute-year@mac.com','Diz gof pati cuncuco wip zubifte seftik sucil godoveb poblihe ce teb.','Mon Jan 03 2039') ;
INSERT INTO comment values('241', '96', 'expensive-zinc@hotmail.ca','Zu jibicipep coscuec hel zetfasje leic afpi mizi zervorodu fusluk pihoskuj necmofor we sutebolu jojsuk edifi.','Thu Dec 25 2087') ;
INSERT INTO comment values('242', '83', 'merciful-degree@icloud.fr','Nede okbeec bi anodouw ateomerep oh vohrum jaga bo min fusufcu hirpah ef lolaej.','Sun Sep 24 2113') ;
INSERT INTO comment values('243', '101', 'abrasive-son@hotmail.fr','Nofewahe lajeaja lu lubvo fizji fubab zaznafiz mazinvub cuf duv caszi li pokpopgiz je bapalhe.','Wed Jun 08 2101') ;
INSERT INTO comment values('244', '19', 'deeply-throat@yahoo.net','Ze otgueb ivzovhi tasbel pu umecavo fazam wu begwaf faod nin zonis mifib upoipivi wak tujanidit.','Sun Feb 04 2052') ;
INSERT INTO comment values('245', '55', 'far-jeans@sympatico.co','Mof webegihe tiguhiga kuroced kij javojeha rih caviso gaiv urcitu vuceoc niz wij vubi mofoope.','Mon Aug 11 2036') ;
INSERT INTO comment values('246', '93', 'heavenly-quarter@sympatico.uk','Pagde gar boja pugbejebi vofenen tepetu fa luvi ku nicvubhok deh gikilok kohrig.','Sat Jan 12 2075') ;
INSERT INTO comment values('247', '114', 'entertaining-stranger@videotron.fr','Usuciune sokoz gohup sipgoeku ub cir odsipdah jaak fi nu fev birpunu gigreut medazka mojij vubuhtos lekekvin.','Thu Dec 06 2091') ;
INSERT INTO comment values('248', '103', 'dry-pump@mac.us','Poazalef hikpanho emzoz lusez hu zaila evil joga lo ravtic mug noivta vemzod legdom niszitze.','Thu Apr 27 2090') ;
INSERT INTO comment values('249', '7', 'entertaining-stranger@videotron.fr','Don he mabuw gan ozeag hevmonaw lokuske zi depefupo hedolik nu givessa epeha keb bewilo jem vi gala.','Tue Oct 29 2069') ;
INSERT INTO comment values('250', '86', 'vast-oil@mac.com','Jadojod pu newawifu ub ser cauge la tunhas rud kul azuger gip amgi bosbu uvocoub rocgog id.','Mon Sep 07 2105') ;
INSERT INTO comment values('251', '50', 'genial-cart@me.net','Bifda velin iwe veosod kaole zuvlebbo gazdema luinedo loj kusrulva kebe pafufpo vohofrof.','Mon Aug 03 2093') ;
INSERT INTO comment values('252', '144', 'forlorn-aunt@gmail.uk','Uno pobfa dunva ta vikus pueja zeba doved fujokce bof gehu ko ocel ar utoinpo.','Wed Jun 29 2061') ;
INSERT INTO comment values('253', '127', 'periodic-cent@hotmail.com','Saonu zepna iraunce muj wef zeden ruwnu jer pu bistalu rusoaz ufi.','Sun Feb 17 2075') ;
INSERT INTO comment values('254', '138', 'pastoral-border@me.us','Ga pus geh ko sohokegi uctevo vompiv dovuno cupzojup su vi vifives saekinok.','Wed Jun 06 2096') ;
INSERT INTO comment values('255', '14', 'protective-plastic@gmail.net','Kokdecuz mutgesbe culrap jaheswoz vut ehipamwi cupgo mov ru we va majetuf wampo no usemape.','Tue Jul 01 2064') ;
INSERT INTO comment values('256', '19', 'crazy-wrist@icloud.com','Pozowki ni cujfic er iboteju gazu ses rup pow umataamo owtacca recvo uc lol zofjawe mazwotwe bowigwip fab.','Thu May 12 2078') ;
INSERT INTO comment values('257', '31', 'magenta-earthquake@yahoo.co','Wisrujev juge fa ocemelo jornijbi fec wuhrel makled kif fipol ucnoza vap finuer tekioje kucnom fap.','Thu Oct 18 2091') ;
INSERT INTO comment values('258', '5', 'fancy-bath@videotron.co','Re heacikoz beddagam lajvive jujecfam bore ep ugujebpon soaci burrus muit baljib sel saroc jelbuno kujafmec cuk fuc.','Fri Dec 03 2077') ;
INSERT INTO comment values('259', '16', 'benevolent-whistle@icloud.net','Zeci vokcesto mahac rusaso powod malku azu ap houza viwfe guk ebule jejgi ope tejog vusatja.','Mon Oct 23 2017') ;
INSERT INTO comment values('260', '84', 'protective-plastic@gmail.net','Jof za ren mu hekeko ijevukse var ij laozito sa dop ez rabfotuk.','Mon Oct 16 2023') ;
INSERT INTO comment values('261', '106', 'periodic-muscle@videotron.co','Ud ogolozrih fad sofi ipofeji mebluz bev uhavotebu eganuz sugu nice cu cev mik ni.','Wed Feb 01 2102') ;
INSERT INTO comment values('262', '75', 'pastoral-border@me.us','Rido li ogi fesec gu asri numofu ruheko maf uk uwitce udi zib wo pokmu oloibcu.','Wed Apr 06 2095') ;
INSERT INTO comment values('263', '94', 'miscreant-girl@icloud.net','Je hi gopihpe wu nu evtaava go zefediuco duzni ji vozco pa uzzevol cupbihfe so zogutih hez.','Tue Jun 23 2054') ;
INSERT INTO comment values('264', '117', 'mountainous-crowd@mac.co','Lam uzmiszun mizbic vilnesih wopwuhtum uzu puhas nadefup we licizo dovo dioszis fuic ecesewiz jiujuji rih pove.','Tue Jun 02 2099') ;
INSERT INTO comment values('265', '128', 'common-umbrella@me.io','Ivobaw gonvuga apmopo gi vuvocgi nan egaconog ses baddube bupdi atvacvoc luthud.','Sun Oct 08 2090') ;
INSERT INTO comment values('266', '54', 'far-jeans@sympatico.co','Fueme ew oru inahu pavo sehawnih cofcivi huom ri huc wahkan ki juran wirka.','Sun Feb 21 2083') ;
INSERT INTO comment values('267', '118', 'zealous-sleep@hotmail.com','Ivetu kicazuz jenahe ponhoc paf juevo seama fahav omu mizraosu apouz menacva tonusluk geko jugaj rej.','Sun Apr 22 2096') ;
INSERT INTO comment values('268', '70', 'common-umbrella@me.io','Ciz zu gerevmu riha zec votjo olorwu coawcip god le jineb wieni woner inuokpu.','Fri Mar 10 2102') ;
INSERT INTO comment values('269', '39', 'vivid-island@mac.com','Pugho sijetov zebufsob dekno dovven papejiw fu duk igoodicog daot awu meb vipfe poimibum uho cov.','Thu Mar 11 2066') ;
INSERT INTO comment values('270', '39', 'evil-minister@gmail.io','Puli uf or ag nev vi guudewe uve hepurwaj abujale lozob nub jovzajjuj pi ubwegag be tunodumi tuzizi.','Fri Apr 06 2063') ;
INSERT INTO comment values('271', '75', 'vivacious-recess@icloud.net','Ipiati gocdigi hema tuglil himov falojag tu pep casme ija fokbe zofze.','Fri May 27 2050') ;
INSERT INTO comment values('272', '32', 'common-umbrella@me.io','Bibizo ejibenole munuzzow mo wasivzu rigebo tom ure joigawov si jog ziarakus gehdir washo muifi buene lota.','Tue Jun 29 2066') ;
INSERT INTO comment values('273', '7', 'disgusting-door@mac.co','Rov heilu geh tadusi fafsura diw jofogpi horkac akcuzbe sedlosvip ub fejub ki agwuw benvik ga itofa fopbih.','Thu Feb 25 2077') ;
INSERT INTO comment values('274', '82', 'smiley-metal@icloud.fr','Moj efne kaffacik vu isuve ciib unsu wuzoje ujbe vurukac fipe gav zizfuwa oloipo gis litroddam de fasmo.','Mon Nov 14 2039') ;
INSERT INTO comment values('275', '51', 'righteous-tramp@icloud.net','Piusaca vuzhorka pavca tijejug wucda wobek regifozo kevavviz gar tucpeku higiw zitanvi soluze.','Tue Oct 18 2067') ;
INSERT INTO comment values('276', '11', 'genial-cart@me.net','Sidmelu babavbo ruveldi zaebfif ejac uwaar wiwibo ivci vadsiz pucof refkog abila kanese hi vubli.','Sat Dec 23 2017') ;
INSERT INTO comment values('277', '104', 'zealous-sleep@hotmail.com','Ujgummi warnabram wiswide nanjocwej zo dodrim su diapali berekheh asirnuz dirfa muwnonloj iguizu kufgu ekotatpav dignibtuj.','Fri Sep 27 2080') ;
INSERT INTO comment values('278', '140', 'crazy-wrist@icloud.com','Sefaemo dob efo ki jitkokoce pazul ika ukpalim me lozneja emo alnugad kuw upuwuho cibbi imvub jieplu.','Thu Feb 26 2026') ;
INSERT INTO comment values('279', '84', 'one-cover@sympatico.uk','Zobvu faacu ar miguk roz ede usale cukiz jelzi maremu vahzoszez irikuwa sipeho fokhovo fakpe ad igima nihjuw.','Wed Oct 02 2086') ;
INSERT INTO comment values('280', '96', 'purring-stream@hotmail.net','Mabsod okuluj faturuw bokumo bi ikluc aj nimcuvhe bujli leoma bo maulimi othob milde wiz jej.','Sat Sep 11 2083') ;
INSERT INTO comment values('281', '93', 'brave-pet@mac.ca','Pifav fihfob ed huhvu gilzatfot kauwu fetamfor rutet to so nipu ovedi ukiilo apvogte.','Tue Jun 08 2066') ;
INSERT INTO comment values('282', '22', 'casual-roof@mac.com','Ismuwi redsav av paluse edunefe nakawo kosi pej woujdeb ma zuci sabu wonrev re cagjudmuh.','Sat Jul 31 2032') ;
INSERT INTO comment values('283', '32', 'merciful-degree@icloud.fr','Zucumkeb ku zufnuvlul ca fo fujulut fuf rogehjul uzodazef icivaki ru egpofuto.','Wed Mar 14 2057') ;
INSERT INTO comment values('284', '135', 'knowledgeable-coast@icloud.fr','Sijhidec eggakga is kiicowid nonuso ko ci wuwrufe betjurun dubesom di uhlaosu bofne kadcer jowbo zig ze.','Sun Jul 05 2099') ;
INSERT INTO comment values('285', '69', 'rapid-books@videotron.com','Uhevil te huga bumpit gedsorat waossa nipha buzopdi wese aci migo ocomoboz.','Thu Dec 09 2100') ;
INSERT INTO comment values('286', '73', 'one-cover@sympatico.uk','Laz kekiwuih guh rorduaro urza av lu towfumuse lacoczuj meisifor caldofig mawse hazu.','Sat Jul 13 2086') ;
INSERT INTO comment values('287', '33', 'protective-plastic@gmail.net','Otaat zo daewimuw dozep wa jotavedez hi ofjapgit heojiceg ebetewmu rigwahsu neblur newzi nabujaf.','Tue Aug 06 2086') ;
INSERT INTO comment values('288', '128', 'knowledgeable-coast@icloud.fr','Wout bev neifupaw webum ohitedwoj hi fitcorpev itso piptov raraik daf ol.','Mon May 07 2074') ;
INSERT INTO comment values('289', '146', 'first-sleet@yahoo.uk','Sacca dowaf dovoku gathevju sukop gitojer hagif reholofuh ja pir kipvu wa fubamsom zo lukme ret fohoj.','Tue Aug 26 2059') ;
INSERT INTO comment values('290', '57', 'elated-meeting@yahoo.io','Ka bo rutaan higsongo koj zudef ja vifukkaj gum voh og ru.','Tue Jun 27 2062') ;
INSERT INTO comment values('291', '129', 'protective-plastic@gmail.net','Majislut gagum ozif do dujgi zugdiimu ogile digof fajemo ce mamujemen cadnoez.','Wed Feb 14 2057') ;
INSERT INTO comment values('292', '54', 'disgusting-door@mac.co','Epe bur vobare wi nevub higu kesah pekaz dudesbi fu zuneralo ma nead ris zawhovoc ro.','Tue Jun 22 2106') ;
INSERT INTO comment values('293', '85', 'perfect-knee@mac.fr','Cu gu so dujap guvma jil vav suh lo jof woz sulezi ofkul.','Mon Dec 18 2073') ;
INSERT INTO comment values('294', '59', 'periodic-muscle@videotron.co','Ag kokodor uho rad hocsa uj kewiwo namfur sol to gecrewhed gife.','Wed Dec 04 2041') ;
INSERT INTO comment values('295', '56', 'pretty-feeling@mac.co','Matijefe tu ro emsa korwible ge elav melev lepude pep ke zarwucjut kourzi umozimke dil ma di dascidvel.','Sun Mar 17 2058') ;
INSERT INTO comment values('296', '43', 'merciful-library@hotmail.net','Fejwocisu anic fu tevwozzok apugehri wap golbu mucjeci ecaku gur pep ubaf da sikolkif moj.','Fri Jul 02 2094') ;
INSERT INTO comment values('297', '150', 'phobic-skate@videotron.net','Ico fulzoh korizohe ci cil wojso girfijgi rini cot egeveho bagon la zazfu.','Sun Apr 24 2067') ;
INSERT INTO comment values('298', '100', 'shy-cemetery@videotron.co','Co epkewu lij ger mi vahnih enlu ivozelsij wuh fohacaw gasa gi.','Wed Feb 19 2087') ;
INSERT INTO comment values('299', '94', 'deeply-throat@yahoo.net','Buwja abibog cupip ililegpe jaluso zirgehe gewraj liwe tunetwi za bi kogib moavote sivu piwboujo.','Tue Jun 05 2035') ;
INSERT INTO comment values('300', '13', 'star-ladybug@icloud.ca','Kij gagfeg kiwu jodwug wa daabi ge opigagdub hivael gocdumto lejon gesovama etire paihe hum.','Thu Dec 04 2104') ;
INSERT INTO comment values('301', '112', 'obtainable-popcorn@me.co','Ud cilwokzus pev fuh jeg kocsah fir sodeiv jeomu kefre uca piffo.','Tue May 25 2066') ;
INSERT INTO comment values('302', '1', 'deeply-throat@yahoo.net','Fithih goufuzec mubpezha lawpukgir vaj ripefwet rinjibga ogazuej ki loiciusi vokgir wawerdo.','Tue May 20 2087') ;
INSERT INTO comment values('303', '28', 'shy-cemetery@videotron.co','Hilikob mewafa perzo ugna gen er afugaz buzon map acaic cedif pi hod to.','Sun Dec 16 2108') ;
INSERT INTO comment values('304', '85', 'future-oranges@yahoo.co','Ris askovan ih bato ivefabev ija sup cenuku pemer domemadaz kajaaz ro nup hedtu reuka weg bedbozam hautwer.','Wed Dec 16 2026') ;
INSERT INTO comment values('305', '85', 'soggy-impulse@sympatico.net','Nes uwga ve aroti kud lufkono juvzu ari ive dedbekmon nujfa lofu hata fikoca cesusbo annazgo sa.','Tue Nov 13 2029') ;
INSERT INTO comment values('306', '49', 'super-line@icloud.net','Ru ma iha zowkojibi hecduju he cu dakofmok aj to si ned taktol kumwes.','Tue Jun 07 2067') ;
INSERT INTO comment values('307', '16', 'genial-cart@me.net','Wizehpoc bez wodocfo zo jujzir le adimuvzu sevacwak omhiv wo asa rusupnem gobo adiugzas.','Mon Dec 26 2050') ;
INSERT INTO comment values('308', '108', 'abounding-income@sympatico.io','Ji linegpe kako egowuw ovaere ti esbaufa mid ravveni mun zenjacu olvi ukmaknek ud mu nano lat.','Sat Aug 11 2046') ;
INSERT INTO comment values('309', '111', 'careful-committee@videotron.ca','Dasbehima var tihofov asco tuwhelav gihonzuz bedtu ta dajidurek li ra uwda gifle.','Mon Jun 27 2107') ;
INSERT INTO comment values('310', '13', 'painful-stocking@me.uk','Wi huw rug habid red bu habjigar itvi fecavpo zofum jaz konobjaj kan jewvol ike.','Mon Oct 19 2020') ;
INSERT INTO comment values('311', '32', 'mountainous-crowd@mac.co','Elomihweb nul gesuv taaromez hage caro nep mehuj fo petdikew apooso dot titco ewitum jowbiz rezofsuc kulow ulwugo.','Sun Feb 15 2054') ;
INSERT INTO comment values('312', '47', 'smooth-sheep@yahoo.com','Codo azuzeccek jaac ziowi sion ji pukcunmu hokdallar jiewuija ofu hokce unabev fad nida bav fozzovhe lu.','Sat Mar 07 2054') ;
INSERT INTO comment values('313', '20', 'green-airport@gmail.fr','Nawna waimi vomarguh sehu wo esivuhu guf lurwa ceboebi kain milerver fal lejuk guhdemtu fur cujdebbap.','Sun Nov 26 2034') ;
INSERT INTO comment values('314', '124', 'regal-rod@me.co','Si ic ralik moel ije izpe rauz le avajiz ta jaj jumutled jadop lagib gispo penaw teljek.','Wed Sep 05 2057') ;
INSERT INTO comment values('315', '87', 'star-ladybug@icloud.ca','Rof lohevpo sebiston le ujo pucpuv go ic capul po eleduw cocni oleduflam eg useura anertus fokgencud.','Sun Jan 05 2042') ;
INSERT INTO comment values('316', '138', 'abounding-income@sympatico.io','Fikzi wet sem lub gaka rofsez lupi magadebu rug ker raratka juhek mibal vinbiwsek moh elsoc du.','Wed Apr 20 2089') ;
INSERT INTO comment values('317', '39', 'fretful-instrument@hotmail.fr','Mi zumurin fo nemidic rehoked nitoez pif toc ke ovujezlod maczug ocudibo lulnuced tag reslirvur.','Wed Jun 03 2099') ;
INSERT INTO comment values('318', '73', 'entertaining-stranger@videotron.fr','Bujufida ovi nascewaw wenbozpe gezkor rewo nictadca fozothop ob zu mivno izena odoba to kek inu daw jifrepi.','Tue Apr 18 2056') ;
INSERT INTO comment values('319', '145', 'magenta-earthquake@yahoo.co','Ji cire cosmopap mad soze fik bafuc get nulkazza ujozrec gu gi ucawotih dosepeh ficejogu iluvi zirge.','Wed Jun 08 2101') ;
INSERT INTO comment values('320', '135', 'shy-cemetery@videotron.co','Tis tovhujpi vi nu weewo bewci lah lipdase dugetwo vobipiev wigi utoeziel galupuvum okte ocubzom utolatuc.','Tue Feb 02 2021') ;
INSERT INTO comment values('321', '86', 'obtainable-popcorn@me.co','Nijtomfo zoat lewet mifomun otigadciv ecu vo miof nahkuc deivaiv ciami to mobhur ilebode wi.','Sat Jun 25 2072') ;
INSERT INTO comment values('322', '131', 'ludicrous-cub@mac.fr','Felogpod kuwendid vohihe ruhugug ro emaitem dopcolkip besosak uko jelwan imitenwad witezos jab naffer aki huvzerfus.','Sun Nov 27 2044') ;
INSERT INTO comment values('323', '142', 'purring-stream@hotmail.net','Fuj morute fuusa vap nubkij timhiij man fofhom we hehozob ovibaz eguvebvo fow mi do er.','Tue Sep 27 2101') ;
INSERT INTO comment values('324', '60', 'righteous-tramp@icloud.net','Ebi guz govitre lo fiva ve munbezfi za ik kavali fo do dibfackuz vepehoetu sihenla zez liuje.','Sat May 07 2101') ;
INSERT INTO comment values('325', '133', 'crazy-wrist@icloud.com','Nul alito ga lofbenbo upnuriz kopina zasocem ma dagujbun bo ipa rom.','Wed Jun 06 2057') ;
INSERT INTO comment values('326', '149', 'disgusting-door@mac.co','Haohiso geh uveze vaohu diap nec jozewu if gap nohug siuppus togsal fobvin nom.','Sun May 06 2096') ;
INSERT INTO comment values('327', '21', 'romantic-mitten@videotron.com','Lifsup ja sic owacu vedi nab rebzecbub iv of ani vuwone ekmuspe beipafu bitosumi os pinguw.','Sun Jun 15 2110') ;
INSERT INTO comment values('328', '89', 'painful-stocking@me.uk','Ruh abebawpo noh dihow tuz tejifipa gi to cusje eduji ofrezaz hojtes jukeg hotadwec ugo ebi.','Mon Oct 15 2096') ;
INSERT INTO comment values('329', '16', 'smiley-metal@icloud.fr','Wuw haz ura vil risami ol dugiru zize rop to ze cieboek mokan ke ogotini javkaf.','Thu Jul 09 2093') ;
INSERT INTO comment values('330', '136', 'expensive-zinc@hotmail.ca','Cetcad bu atzerus vog sogife odfa su mi va bu weap pukuig tukra.','Mon Dec 27 2021') ;
INSERT INTO comment values('331', '100', 'future-oranges@yahoo.co','Ena jube siupumi ki dig wipizut viiju menbulib itlolo fiwoz tance etaba kubpeiz risab becwuvsoj.','Fri Nov 02 2114') ;
INSERT INTO comment values('332', '100', 'forlorn-aunt@gmail.uk','At wepawo edwi oztumo noju guk lijpaic udeadza al zecbicfu ici giaz nido uwacir ren cibtiv idapoj wekwojew.','Sat Feb 09 2086') ;
INSERT INTO comment values('333', '115', 'genial-cart@me.net','Duzve torec nugegez so eka egze ce zume ibidosab macha jedbegul ducache if femmow orowi wonjo ojij lofav.','Tue Sep 13 2044') ;
INSERT INTO comment values('334', '86', 'elegant-elbow@yahoo.co','Codtiwjo lafuj enelofde zashijo kug bopiwaku dozafhug afolozbe asaak zokujnat cowor ocemaz gek guudhe nasdo fa atuti.','Fri Aug 28 2065') ;
INSERT INTO comment values('335', '6', 'elated-meeting@yahoo.io','Tacocso melum keobi suwcaznuk ikca ekji icaala rirun po unohon ge aftapnij retpaze adorudco.','Wed Jun 13 2114') ;
INSERT INTO comment values('336', '6', 'common-umbrella@me.io','Da cokat ukkoegu nabso bifilgo jegerzi bohjidkor wowwej wozvaf mafpavu nouta bisiwe se ved.','Thu Jul 13 2084') ;
INSERT INTO comment values('337', '131', 'tangible-harbor@mac.uk','Nahizini epmas becoh okbi curvalco gezazdi jipril nu zendikjo wah cakjo felsaah.','Wed Jan 03 2063') ;
INSERT INTO comment values('338', '87', 'gaping-credit@gmail.net','Opremdar leti bi wupca bineti gaka upacajsob pisogehet mavahug rirav wauca wer vugope be upu meoziwi wer ewasog.','Sun Jul 04 2077') ;
INSERT INTO comment values('339', '40', 'merciful-library@hotmail.net','Sornafeh egovu widjekpu ruumtas tavvinig emhevnot ker nuvve dug huh jama fohdu wi dol hat.','Tue Feb 14 2096') ;
INSERT INTO comment values('340', '48', 'hateful-hill@me.com','Vapuco oh najawi mijdiv oletoeg as umsu cemibez cibhez fid gid zihiiho vebcapi sadumve ide zunutza jeno ilibsod.','Tue Aug 23 2078') ;
INSERT INTO comment values('341', '32', 'super-line@icloud.net','Ratipa ko liojnu reksu za ho ov ofo kis pefjow moz tupihsun ab.','Sat Mar 26 2039') ;
INSERT INTO comment values('342', '127', 'panoramic-foot@gmail.us','Lijum menum tip sendi fih wofcew nuocipe fococrow am mal buv lo wukzukre ido sigpulok cevgifse gohwi juviwzeg.','Sat Aug 20 2061') ;
INSERT INTO comment values('343', '124', 'knowledgeable-coast@icloud.fr','Vi ok ka fajog tik en vubtah vugle bo capan osasos tuhgissun kusigiw ruppi.','Wed Jul 10 2097') ;
INSERT INTO comment values('344', '119', 'painful-stocking@me.uk','Ditomaju zu bil te la kadok ru buwihbuk af etrogke if lena kesacutim bu.','Sun Feb 11 2057') ;
INSERT INTO comment values('345', '146', 'dead-mask@hotmail.co','Isawil bogi wit jog jizga ez muzuto tagimur nivdoh ujgi uflu mavot muhci el ozire.','Wed Jul 11 2108') ;
INSERT INTO comment values('346', '42', 'far-jeans@sympatico.co','Nav be ika diekhe am uhatedsab wo nujev danok morew woj zegnoplor jidoh likiv ba dajima.','Wed Oct 23 2052') ;
INSERT INTO comment values('347', '78', 'benevolent-whistle@icloud.net','Mapoz atuwodi sa ur siisi wetduguke gis ocaf zuazu buwkevum ot tuzit izbidwuz egada fo.','Thu May 08 2081') ;
INSERT INTO comment values('348', '142', 'abrasive-son@hotmail.fr','Wiehipig jo kaovnat hid fevo sofop ha ze livawda wiof vekvini rastiwu uspe awwanok dihpu fi vep.','Tue Jan 12 2100') ;
INSERT INTO comment values('349', '143', 'enthusiastic-suit@videotron.co','Es rejo zuowi bi so tuceh sofgel zuzbu pemho zuud ebni zewjivda lepewu no vendus.','Fri Nov 13 2076') ;
INSERT INTO comment values('350', '82', 'crazy-wrist@icloud.com','Wuvikna kalovi ebalikos locit soarlu alazef ja himu vuvep tiag kigi mun zuriil judo.','Fri Jul 03 2054') ;
INSERT INTO comment values('351', '90', 'crazy-wrist@icloud.com','Sa ro zaf garircur hihgiwen iwogoj zislefka mo rajorfiw pugzuhiv han zaogwut redazsim cuzoro gotaj cukze jijkemfo ubipida.','Tue Aug 15 2023') ;
INSERT INTO comment values('352', '106', 'spotted-wing@yahoo.fr','Ucfe iporo vub raasbi tumjasun ti ub govlom towge uzevotbo ge vazsinfat zalac laecwav duvra rod desifana.','Sat Sep 17 2089') ;
INSERT INTO comment values('353', '97', 'mint-support@hotmail.us','Juz fuzfiw kavfer abo daf wetevu ig il dobofka muj fi rebifewu pu veli togutak.','Fri Oct 22 2100') ;
INSERT INTO comment values('354', '48', 'gaudy-ground@me.net','Ziwadu hihefioho viviv licuhcej nuzugen fuz puk kuv gi be owzab donohfo ze gin delomi.','Thu Oct 17 2041') ;
INSERT INTO comment values('355', '41', 'far-jeans@sympatico.co','Pafe asiajajim wuznofnur jeckukav ru ivge bo edo epfim kitriw ad lurak omado nef fovi umcol.','Sun Dec 21 2070') ;
INSERT INTO comment values('356', '34', 'abounding-income@sympatico.io','Nitude coguju hucva fokmi hesinbiv guzi nelebi ge suhe di ta te udiviev hewmu.','Tue Sep 04 2063') ;
INSERT INTO comment values('357', '88', 'fancy-bath@videotron.co','Jenhis filgiwo jesoutu hikcevta zogoz wo mul ec narvu nawbe ozjolaf tamutup ge visud zetahoz difse su.','Sat Aug 17 2109') ;
INSERT INTO comment values('358', '133', 'gruesome-tax@mac.net','Tih aweduir fagke urivku pobat ha lude ecalerab rifbif adone jokoum ewdo rak delreico piwize il zubpogda wobo.','Sun Mar 09 2053') ;
INSERT INTO comment values('359', '136', 'rapid-books@videotron.com','Neuri onfujfu vakidew gurawibes luhumfu cu el acunlaw ejotiese coguz iliuc fi.','Tue Nov 14 2062') ;
INSERT INTO comment values('360', '145', 'dark-drink@gmail.io','Gebpuzlu ecahip lah gozbo sogahig egilormi bit nujtabab dokbioku hubbo bev od hizkoiw onogeni felo ajbu.','Sat Aug 11 2068') ;
INSERT INTO comment values('361', '39', 'painful-stocking@me.uk','Lelridfat tok jefa zu pozme ko maraw bik jazab boafigik mahiwta alo lojauf beuk elluugo ufcokga jebeub.','Sat Sep 03 2022') ;
INSERT INTO comment values('362', '42', 'pastoral-border@me.us','Kerul caurno ku oce nadtu jas jete senot necmop urumiadu odu relam gi ba nur zuhu pebva.','Mon Mar 17 2092') ;
INSERT INTO comment values('363', '85', 'first-sleet@yahoo.uk','Lid hejricem dinheha fis fas lazgagmo ehe lapil miaru ohfov epidu egegowew mivker omogama laesodeg reor na.','Wed Oct 06 2049') ;
INSERT INTO comment values('364', '124', 'protective-plastic@gmail.net','Tib humve inificwa vuhber dordaphar mi kasvi elaeg econed zocinsol jakwi lapit fumuun.','Wed May 03 2062') ;
INSERT INTO comment values('365', '21', 'vivid-island@mac.com','Rikec gu jinile gagki nipaki cunwic vukdu zetobaja rehi sa amahumo refud ci ki rokpo wuhvetwab sihuwame ofiluvgo.','Fri May 07 2021') ;
INSERT INTO comment values('366', '129', 'addicted-thread@hotmail.co','Pop uw gefugug sedci garohter awgak jugahovo pide pejtodav acimu lecra ziipe elfap pom sal ki.','Wed May 19 2060') ;
INSERT INTO comment values('367', '137', 'likeable-harbor@me.io','Rijrenwu zuodires mizef getbunuv vel egevifi golmum izouz doznijdip ve hazep umodibbu.','Sat May 23 2037') ;
INSERT INTO comment values('368', '51', 'selfish-house@sympatico.io','Wobas geisaubi nufsehi ifva lo tazcace com on be lel ro huig nepnovze tazebmi jij deso.','Fri Jan 06 2096') ;
INSERT INTO comment values('369', '127', 'dead-mask@hotmail.co','Azedo wo roj adke elupoto riulu comossik liuwdi tem uh epuvuk lo soageice agwu ekkes.','Fri Dec 06 2097') ;
INSERT INTO comment values('370', '143', 'zealous-sleep@hotmail.com','Wawo vov wihmem cowi nefhan ol per rav egucap af kil gum colzen opwetnu getu ku.','Sat May 12 2046') ;
INSERT INTO comment values('371', '55', 'scandalous-riddle@videotron.us','Kop nejlo te lud du mumuh hafaj turoc sosis tavaz ki cuddobo we lanom agniko vietuti opeziv.','Wed Aug 27 2031') ;
INSERT INTO comment values('372', '57', 'watery-loaf@videotron.uk','Velaw se cu jojuklob ketas coka zadsuz if ahbu nufmu jehu deda rew lehef jawobibu.','Tue Apr 09 2024') ;
INSERT INTO comment values('373', '48', 'gaudy-ground@me.net','Rajetnic ponohid korbag sew fep pogceno gusbe puteja esa buaw omgovlo niw davpip fejwame gem iwkojed.','Tue Jan 31 2073') ;
INSERT INTO comment values('374', '20', 'pretty-feeling@mac.co','Buet juj soz kiogo celig nilfi ebkecoz sobosmo fuhaen fepanij hawzichud rag anahu jaljar parbu mozes esikocki tat.','Mon Apr 25 2072') ;
INSERT INTO comment values('375', '18', 'vivid-island@mac.com','Zow tado ge za una hilnobta tajubhom olpema fajfi li ri zaj esauduze fokore izied.','Mon Sep 18 2034') ;
INSERT INTO comment values('376', '60', 'watery-loaf@videotron.uk','Lira go fofur hannaf egil suweb leeluvu himi umumoclog hozoc puivu foevu pilamehoz.','Sun Jan 03 2049') ;
INSERT INTO comment values('377', '7', 'abounding-income@sympatico.io','Vemvo guzse wiwinedo juegzo hibuef efwi mufavja ewe zarbo zi ituru tuos wavur la lukvufte epi ojve.','Fri Jan 15 2072') ;
INSERT INTO comment values('378', '9', 'super-line@icloud.net','Gebol degborero becabihe rikviijo cevu obudi ca ivowat gocpe pawmohil uta wat fez nufo.','Sun Dec 04 2078') ;
INSERT INTO comment values('379', '86', 'knowledgeable-coast@icloud.fr','Opuba li ifaluwow egi alepo miulife nutgaz fabisimu su fonhucun ki amusedbos uf.','Fri Feb 20 2088') ;
INSERT INTO comment values('380', '65', 'mint-support@hotmail.us','Pezwe keka zosfa ili zuce jih udtuk jeseule tecoki ohu ovumedov okkic.','Sat Sep 12 2071') ;
INSERT INTO comment values('381', '102', 'wry-request@mac.us','Ze cop etu ga fijisgu nuwo dal gotuk mumjuplok ove sa zu derwinji.','Mon Sep 09 2024') ;
INSERT INTO comment values('382', '89', 'fretful-instrument@hotmail.fr','Wesob fagluno paekdi ve pegusof zup no mi ejsogvu upanipif vik waakiaj zusal.','Tue Dec 23 2042') ;
INSERT INTO comment values('383', '79', 'phobic-skate@videotron.net','Zebzaleh nulirmu gonjew ikramwi godapalov jinevhi huji hifiret kop moceso eti kar isen ricim hav.','Sat Nov 11 2045') ;
INSERT INTO comment values('384', '13', 'perfect-knee@mac.fr','Le wet ot filguhada pidi lel farihsof lutiten lol bazasoc hees muwena wum ewiuvruk sir lakpog emo.','Thu Jul 02 2076') ;
INSERT INTO comment values('385', '46', 'forlorn-aunt@gmail.uk','Vi rahwabjak deuj ufudes ututuj foetiov vil rilof ze mudjej luw lijani.','Sun Nov 30 2070') ;
INSERT INTO comment values('386', '8', 'vivacious-recess@icloud.net','Ufiwi lo ictomne nariki ivzi aso murrudco puj sagliveje mozzo womduhve wuslaragi kuzrogve julemon iwegucmar gi icnukwab.','Sun Jan 26 2031') ;
INSERT INTO comment values('387', '116', 'hateful-hill@me.com','Fef bahiba ul rirnakal co zuluprid web ruruf ifohuc fownij onupursa hemuzgo.','Wed Oct 10 2040') ;
INSERT INTO comment values('388', '137', 'benevolent-whistle@icloud.net','Kutbes hos hovamulo micovomal olmokobo nuze womojor hebukisu hezgi neakuow okiluge tuze.','Sat Dec 28 2086') ;
INSERT INTO comment values('389', '8', 'serene-berry@gmail.net','Puhkigbam kaodjuf wuevva ov seco zomzi tuphaf epruh dabuvu zusiwi kupnumwe joshed ibidu ogwo wemike.','Sun Oct 26 2053') ;
INSERT INTO comment values('390', '147', 'serene-berry@gmail.net','Vuphingag giunepam raoh lun bupehjam vado cikepbu nid wa hunjuaju lalri nanid hihuku fodun necnub jok.','Wed May 23 2018') ;
INSERT INTO comment values('391', '41', 'wry-request@mac.us','Ate wafdohen no ledil gibidaje dehi ficjubige wezno cudra ute atumil vozuhowa le zerewu kiwteju satjov.','Sat Feb 02 2041') ;
INSERT INTO comment values('392', '103', 'spotted-wing@yahoo.fr','Jigagu mita peapme kancolco rowuf wefelec fi mi seb zerotu vajma fa uteawviz usepu ijeekbev.','Sun Apr 16 2023') ;
INSERT INTO comment values('393', '40', 'motionless-birds@hotmail.ca','Re can omconah nu mo ga za opwi hepceh ihokeep bufodra mah arudo.','Wed Sep 16 2020') ;
INSERT INTO comment values('394', '26', 'screeching-road@hotmail.co','Muw ci puulugi letre emnitah diife bogut nodu gelvadu siw de oniotewa vuzhet raz zez vibsiwlo urgu sibcic.','Sat Feb 15 2059') ;
INSERT INTO comment values('395', '81', 'frightened-orange@videotron.net','Utju ase jisug ojja epeti uha wib ob iwuusu sef zovemrir zun.','Wed Sep 27 2056') ;
INSERT INTO comment values('396', '120', 'vast-oil@mac.com','Fer ha lirtosam sa ar dimiz javnim cono pilit mufci pepi fo fasuwiwu bufboruf.','Wed Dec 11 2041') ;
INSERT INTO comment values('397', '10', 'rapid-books@videotron.com','Covu jo pihaj dukne vogdi go bid siuz sioda ahtuttam olodumgun hobar ulufoh zejo.','Wed Dec 13 2017') ;
INSERT INTO comment values('398', '80', 'super-line@icloud.net','Pobgu ticpewin gahtowfe juhup noror ojo vodsiw jar di joz kor voroju uta mukrurmen.','Thu Apr 29 2100') ;
INSERT INTO comment values('399', '2', 'panoramic-foot@gmail.us','Woj onoludfi guufa ulpeh pirik momutbag nuh jawifu ugijze zag no geruza.','Mon Mar 07 2033') ;
INSERT INTO comment values('400', '89', 'merciful-degree@icloud.fr','Zovkedwod oftibje mugar isjev solbuzadu uva hukureik vuzavfi ruw ha mat tobijale cu rovga ose di zip.','Thu Mar 07 2030') ;
INSERT INTO comment values('401', '145', 'purring-stream@hotmail.net','Vi edazez wejhona cuclitla eb zakuhi nuracguk jojo wekeg mur loidarij ede kuf.','Sun Oct 29 2102') ;
INSERT INTO comment values('402', '22', 'hateful-hill@me.com','Ge aljisnav foemdiv gewazor howol uru zu vasel vuna fehewizi albu menig cugogzih bo feler pib.','Sat Jul 30 2107') ;
INSERT INTO comment values('403', '86', 'elegant-elbow@yahoo.co','Ciiforan suife lohbic apna ewu zilobren wi budlamu sekwe acoibe was zetmur abiodu wim zeffa ulnohos tuthaipa likinam.','Sat Sep 20 2092') ;
INSERT INTO comment values('404', '111', 'knowledgeable-coast@icloud.fr','Hobkokur be avoso ra ok lunifa bievo ak ju ak tonlirpu di.','Wed Oct 06 2032') ;
INSERT INTO comment values('405', '97', 'moaning-cherries@icloud.co','Uwi waap nad rijvac veja opra dozazo gudatan wiih tu duevu cil imsicacu wem idezeh hadawpoj dodceh.','Fri May 03 2086') ;
INSERT INTO comment values('406', '11', 'dry-pump@mac.us','Ivhog jebit fisdeowu ju cutlof ru bihi zinnezih ceize iboidedah we ehuka ebi ubomesul wo.','Mon Feb 25 2030') ;
INSERT INTO comment values('407', '94', 'pastoral-border@me.us','Norov osvig paj kuabilis pofne mos os nu cadpik ce en duzi ozuke mopec.','Mon Apr 06 2082') ;
INSERT INTO comment values('408', '62', 'expensive-zinc@hotmail.ca','Ruw estigwa mi banergat morzum hu jalisfo ilwul jaevulek evoga naehi regev wokrizle ritpo rerav hig averucuz.','Thu Jul 27 2102') ;
INSERT INTO comment values('409', '125', 'barbarous-railway@yahoo.co','Ukmi ojmebi cagdago ojuzin unesu sagkirces ajo cuvlul ejwabe tu orida cosobha sewcagcej buk bokuv kiomamib deinora.','Wed Aug 16 2084') ;
INSERT INTO comment values('410', '96', 'jolly-jail@icloud.net','Malrajwih go biecseb wer kir iwo siruhra taotci piru gunic mibu ve comiwaci cizi tiv tot.','Sat Sep 07 2086') ;
INSERT INTO comment values('411', '25', 'expensive-zinc@hotmail.ca','Habsep ru us az gusuze fonap jezsu kecrecav wuno ikpigu sika gaemuhi osiwoki rolbu beliboko.','Sun Oct 15 2056') ;
INSERT INTO comment values('412', '98', 'smooth-sheep@yahoo.com','Bescic mu esu ufe enirov ami avgek je on akeso piw juibfa.','Mon Mar 02 2037') ;
INSERT INTO comment values('413', '11', 'tangible-harbor@mac.uk','Lilhokiw acuce pabumsim seb vebzihwa luvev maodoij favop wotsi wovkos dego uk em umgewsos.','Tue Sep 04 2091') ;
INSERT INTO comment values('414', '20', 'evil-minister@gmail.io','Ne faz zuzacde lagihmo lajuzi vod apimol mo zapak wuavi dafucu ojsijre ejaron zidza hil wim bape taelbo.','Wed May 30 2091') ;
INSERT INTO comment values('415', '64', 'merciful-degree@icloud.fr','Og zod nun cocatul kulilak micpis wej ipokced aniso hase wa puulza mize pec zo irdonbem nalzep fipcamiv.','Fri Aug 25 2023') ;
INSERT INTO comment values('416', '147', 'gaudy-ground@me.net','It dishufez eduzab bib roolo cije edutif mi semoh jevwakal hecuuv tojrooji af go kekbu nilrozca.','Wed Dec 10 2098') ;
INSERT INTO comment values('417', '105', 'merciful-library@hotmail.net','Kanpeam op zean opwomet latak viw zezwe jies vut ga eniiphik gobejum ledhun kolivgin so.','Sun Jul 21 2024') ;
INSERT INTO comment values('418', '50', 'expensive-zinc@hotmail.ca','Jimide imiku uv asfesbor dejifbac mezol romoguwi ije seri iseh agkener aruemenos deocno ne bulezeta.','Thu Apr 19 2096') ;
INSERT INTO comment values('419', '146', 'enthusiastic-suit@videotron.co','Guddazij ta edoozi mer foruv lera giboh ovuc evumede kaasa igdof gejler ze.','Sun Apr 16 2051') ;
INSERT INTO comment values('420', '132', 'forlorn-aunt@gmail.uk','Zikelur jiwpeblu kuwpi er jomif dakkik il gir becihafam jeznuse pepu zih loj.','Thu May 22 2104') ;
INSERT INTO comment values('421', '106', 'careful-committee@videotron.ca','Heptozic nu bog luhra voclup begieg fa gawepijeg vawa eddujduk docheb azonape tot vogapuv ahe wozizu gi nodugnu.','Fri Aug 13 2117') ;
INSERT INTO comment values('422', '25', 'dead-mask@hotmail.co','Na fihlekan veoj agicdaj ed gaavu lahidik fef wimi bijvup zop tuzejca fukil gimuva le utunaked touduziw villadjel.','Fri Dec 10 2066') ;
INSERT INTO comment values('423', '25', 'smooth-sheep@yahoo.com','Hukveuf pezu rawmalud abwe fapeved herwola ci uggup zaj lacha giz zise vimwa.','Tue Dec 18 2063') ;
INSERT INTO comment values('424', '76', 'ludicrous-cub@mac.fr','Fagpubtup zohdot co nugu hiwge hat viccebi ka lijutab betet rogo fepelhat.','Wed Jun 24 2048') ;
INSERT INTO comment values('425', '122', 'one-cover@sympatico.uk','Ib ompo ma pirapa digda evhomjal padfo memiow notwitdan jo guhceme dunwef tiakka miwfo.','Fri Mar 12 2021') ;
INSERT INTO comment values('426', '32', 'benevolent-whistle@icloud.net','Ereco rumafcem hudvo la bogukgo dipi fokukgu kaf beg giptufac hona so bikfozzen fabsodaf opude ef jef ri.','Mon Jan 09 2023') ;
INSERT INTO comment values('427', '133', 'classy-company@gmail.us','Acbum apu gaf ihesafe hir rihiwej ron hipdo ajera esce sojcowki pu odmobafo.','Sun Nov 01 2082') ;
INSERT INTO comment values('428', '113', 'romantic-mitten@videotron.com','Mugsope laha damca vusegouva savsip oriladde coiheg itala suplenok etzavada ula efopa cerubu.','Thu Aug 04 2078') ;
INSERT INTO comment values('429', '81', 'green-airport@gmail.fr','Gektudi zunomub wor newizvu wihbuz kigkiwla muw rikevaro kof kameh ne ecarju jumutahub rabsiwa uve vo bacna.','Fri May 10 2047') ;
INSERT INTO comment values('430', '95', 'humane-ocean@icloud.uk','Vetpivbo arenif cuw vezu udouz emuvagsu le te mavafol zafasem tawcu pavi lobiigi iroz faizlup apemet pu azvuuzu.','Thu Mar 25 2032') ;
INSERT INTO comment values('431', '141', 'humane-fork@yahoo.uk','Jiob zursi abo cozzi me la burepul vef kav ro rih wu cajaku zi japren updo cagizin.','Fri May 15 2099') ;
INSERT INTO comment values('432', '30', 'muddled-hour@mac.uk','Lob kiz mas rod wav zebfazpih tuiv pelwuvpu luvimker vu onhozap puzobrot re nufofaco.','Fri May 07 2117') ;
INSERT INTO comment values('433', '147', 'mute-year@mac.com','Nefdo ikuoluniv fumu ze mupil zu kaj jenife ga lub luadi gubadu lofef pemeuj mifigu telapso ato we.','Tue Jun 18 2086') ;
INSERT INTO comment values('434', '3', 'frightened-orange@videotron.net','Kawji fuepow golhozos alegicer gufju emufekub ferufsoc piteop li cecop ece pehzub untevon.','Fri Sep 17 2088') ;
INSERT INTO comment values('435', '13', 'vivacious-recess@icloud.net','Dak lerfire atabu fokeb ca lab nec mok koazo tod pet mugug komal.','Sat Feb 11 2079') ;
INSERT INTO comment values('436', '23', 'merciful-library@hotmail.net','Va gelajzum hu fepuho cedi hi na vikmeeno zuone baw adkic riteot ra juctomud nepibo keozmek juf tucite.','Fri Mar 23 2114') ;
INSERT INTO comment values('437', '145', 'mute-year@mac.com','Ukigo con fid dejiru ruzse sedtoh kagi ovi tecjif ra jovnujpo juzec zu on hu voh apucopus.','Mon Apr 04 2089') ;
INSERT INTO comment values('438', '77', 'evil-minister@gmail.io','Nibaj jochaput vesah jif epe vukis ima wavowi fagohzuk nehuvaza honiha takmo gu lit socmo binloli val.','Tue Apr 14 2065') ;
INSERT INTO comment values('439', '61', 'screeching-road@hotmail.co','Helfina wujajihu becued em ki nejoju so no ajguuwi lef sizateho odubesog pah.','Sun Mar 26 2051') ;
INSERT INTO comment values('440', '142', 'green-airport@gmail.fr','Wa gogji wuizuja udsi naina baru okfed pudvef tol ikizanre bethi gaereofi sa ali cesec hu hu johobo.','Mon Dec 08 2036') ;
INSERT INTO comment values('441', '67', 'abounding-income@sympatico.io','Ge tagih usihuw wih jummebso obhow iwaje butravbec hem bicto ric bemwe ciceco sif bozabco.','Sun Mar 12 2056') ;
INSERT INTO comment values('442', '147', 'classy-company@gmail.us','Vafjac guwdiv zu ju rofor kivuko gawucbof dunceh gublecga semcad tir peckobju uto giutidih hirap ebiulvij.','Tue Jul 05 2061') ;
INSERT INTO comment values('443', '26', 'obtainable-popcorn@me.co','Peb jevakol hemagni pirid gifurge noladezof cajzuwin zonhatjab fibihocuz ip morafgeh tono.','Sun Apr 09 2028') ;
INSERT INTO comment values('444', '14', 'forlorn-aunt@gmail.uk','Ucribu nojefu ku josijfaf lafri nos goven mu omugajo an ritlak rod.','Mon Apr 10 2034') ;
INSERT INTO comment values('445', '84', 'dead-mask@hotmail.co','Wude wihzurzud sofeju iwtu doggali enepum tulugun gu aga ajezamon jonakel gu gikwuzfic jon ku pu.','Tue Aug 16 2022') ;
INSERT INTO comment values('446', '102', 'rigid-measure@me.io','Emi ikawac geme imucuhpap ujidebo as wu onu to tokcesvoz vah nujestec umi sa lu.','Mon May 06 2115') ;
INSERT INTO comment values('447', '24', 'forlorn-aunt@gmail.uk','Cifevheh ocusedol hokho ba pus kahlu seke navza sinlo rud casutniz bud posovik najiwkab azwikhe.','Sun Mar 29 2105') ;
INSERT INTO comment values('448', '20', 'merciful-degree@icloud.fr','Cu mur kesod zual rul fuzpini ziro tokzowo nofnenos nuvecva cici ru tuwfikzoj.','Thu Nov 18 2077') ;
INSERT INTO comment values('449', '34', 'civil-houses@icloud.io','Nahte vizwos nodbu feguh wavoidu vedfijedo jugam ce ke bu wunutow hotolaput balzuh nomuelu raggopbo cawwo.','Fri Aug 06 2094') ;
INSERT INTO comment values('450', '19', 'red-shape@yahoo.co','Op veg as wiweje ifbiswi ga figmaw ponotvah aro gokzumtoc ug ivlaw futisne waz kuldo ho.','Fri Jul 03 2026') ;
/* Script generated Thu Feb 23 2017 19:12:46 GMT-0500 (Eastern Standard Time)*/

INSERT INTO follows values('icy-machine@hotmail.uk', 'ludicrous-cub@mac.fr', 'Thu Oct 24 2075') ;
INSERT INTO follows values('fretful-instrument@hotmail.fr', 'future-oranges@yahoo.co', 'Tue Feb 08 2084') ;
INSERT INTO follows values('frightened-orange@videotron.net', 'zealous-sleep@hotmail.com', 'Thu Jan 15 2105') ;
INSERT INTO follows values('physical-servant@sympatico.us', 'tangible-harbor@mac.uk', 'Tue Mar 10 2105') ;
INSERT INTO follows values('one-cover@sympatico.uk', 'regal-rod@me.co', 'Tue Aug 31 2083') ;
INSERT INTO follows values('scandalous-riddle@videotron.us', 'muddled-hour@mac.uk', 'Wed Dec 06 2045') ;
INSERT INTO follows values('watery-loaf@videotron.uk', 'icy-machine@hotmail.uk', 'Thu Mar 04 2100') ;
INSERT INTO follows values('soggy-impulse@sympatico.net', 'civil-houses@icloud.io', 'Sun Jul 28 2097') ;
INSERT INTO follows values('romantic-mitten@videotron.com', 'evil-minister@gmail.io', 'Sun Apr 21 2097') ;
INSERT INTO follows values('obtainable-popcorn@me.co', 'disgusting-door@mac.co', 'Sat Sep 20 2064') ;
INSERT INTO follows values('physical-servant@sympatico.us', 'phobic-skate@videotron.net', 'Tue Jun 20 2090') ;
INSERT INTO follows values('muddled-hour@mac.uk', 'first-sleet@yahoo.uk', 'Sat Jan 17 2093') ;
INSERT INTO follows values('tangible-harbor@mac.uk', 'casual-roof@mac.com', 'Sun Nov 19 2113') ;
INSERT INTO follows values('red-shape@yahoo.co', 'gaping-credit@gmail.net', 'Fri May 18 2018') ;
INSERT INTO follows values('soggy-impulse@sympatico.net', 'jolly-jail@icloud.net', 'Mon Nov 17 2042') ;
INSERT INTO follows values('green-airport@gmail.fr', 'first-sleet@yahoo.uk', 'Tue Mar 13 2035') ;
INSERT INTO follows values('elated-meeting@yahoo.io', 'benevolent-whistle@icloud.net', 'Sat Nov 05 2112') ;
INSERT INTO follows values('rapid-books@videotron.com', 'enthusiastic-suit@videotron.co', 'Sat Mar 29 2042') ;
INSERT INTO follows values('zealous-sleep@hotmail.com', 'merciful-library@hotmail.net', 'Tue Jul 27 2117') ;
INSERT INTO follows values('soggy-impulse@sympatico.net', 'casual-roof@mac.com', 'Mon Jul 14 2036') ;
INSERT INTO follows values('obtainable-cannon@yahoo.com', 'ludicrous-cub@mac.fr', 'Fri Jan 26 2103') ;
INSERT INTO follows values('damp-tree@me.us', 'jolly-jail@icloud.net', 'Mon Jul 09 2068') ;
INSERT INTO follows values('gruesome-tax@mac.net', 'knowledgeable-coast@icloud.fr', 'Sat Jun 29 2019') ;
INSERT INTO follows values('first-sleet@yahoo.uk', 'genial-cart@me.net', 'Fri May 12 2056') ;
INSERT INTO follows values('star-ladybug@icloud.ca', 'damp-tree@me.us', 'Tue Sep 09 2036') ;
INSERT INTO follows values('screeching-road@hotmail.co', 'scandalous-riddle@videotron.us', 'Wed Apr 20 2072') ;
INSERT INTO follows values('future-oranges@yahoo.co', 'dark-drink@gmail.io', 'Wed Jul 23 2081') ;
INSERT INTO follows values('far-jeans@sympatico.co', 'first-sleet@yahoo.uk', 'Wed Jul 10 2109') ;
INSERT INTO follows values('entertaining-stranger@videotron.fr', 'gaudy-ground@me.net', 'Wed Apr 17 2047') ;
INSERT INTO follows values('chunky-silver@gmail.uk', 'zealous-sleep@hotmail.com', 'Wed Jan 15 2076') ;
INSERT INTO follows values('obtainable-cannon@yahoo.com', 'common-umbrella@me.io', 'Wed Apr 12 2017') ;
INSERT INTO follows values('gaudy-ground@me.net', 'star-ladybug@icloud.ca', 'Wed Mar 29 2102') ;
INSERT INTO follows values('dead-mask@hotmail.co', 'scandalous-riddle@videotron.us', 'Sun Jan 16 2028') ;
INSERT INTO follows values('regal-rod@me.co', 'ludicrous-cub@mac.fr', 'Thu May 21 2037') ;
INSERT INTO follows values('vivacious-recess@icloud.net', 'elated-meeting@yahoo.io', 'Mon May 26 2098') ;
INSERT INTO follows values('fretful-instrument@hotmail.fr', 'barbarous-railway@yahoo.co', 'Wed Apr 12 2017') ;
INSERT INTO follows values('scandalous-riddle@videotron.us', 'rapid-books@videotron.com', 'Fri Apr 05 2109') ;
INSERT INTO follows values('hateful-hill@me.com', 'physical-servant@sympatico.us', 'Tue Apr 23 2086') ;
INSERT INTO follows values('ludicrous-cub@mac.fr', 'abrasive-son@hotmail.fr', 'Fri Sep 22 2073') ;
INSERT INTO follows values('humane-ocean@icloud.uk', 'romantic-mitten@videotron.com', 'Fri Feb 26 2106') ;
INSERT INTO follows values('gaudy-ground@me.net', 'rapid-books@videotron.com', 'Sat Oct 12 2047') ;
INSERT INTO follows values('elegant-elbow@yahoo.co', 'super-line@icloud.net', 'Mon Oct 14 2080') ;
INSERT INTO follows values('knowledgeable-coast@icloud.fr', 'protective-plastic@gmail.net', 'Thu Oct 12 2079') ;
INSERT INTO follows values('careful-committee@videotron.ca', 'fretful-instrument@hotmail.fr', 'Fri Aug 22 2104') ;
INSERT INTO follows values('icy-machine@hotmail.uk', 'purring-stream@hotmail.net', 'Fri May 05 2023') ;
INSERT INTO follows values('ludicrous-cub@mac.fr', 'magenta-earthquake@yahoo.co', 'Sat Feb 03 2074') ;
INSERT INTO follows values('damp-tree@me.us', 'wanted-pump@gmail.net', 'Sat May 31 2070') ;
INSERT INTO follows values('dear-memory@sympatico.ca', 'physical-servant@sympatico.us', 'Fri Jun 17 2112') ;
INSERT INTO follows values('shy-cemetery@videotron.co', 'obtainable-popcorn@me.co', 'Mon May 17 2066') ;
INSERT INTO follows values('obtainable-popcorn@me.co', 'expensive-zinc@hotmail.ca', 'Fri Dec 25 2093') ;
INSERT INTO follows values('moaning-cherries@icloud.co', 'soggy-impulse@sympatico.net', 'Fri Aug 06 2094') ;
INSERT INTO follows values('likeable-harbor@me.io', 'moaning-cherries@icloud.co', 'Sat Dec 23 2113') ;
INSERT INTO follows values('pastoral-border@me.us', 'ludicrous-cub@mac.fr', 'Tue Feb 22 2067') ;
INSERT INTO follows values('magenta-earthquake@yahoo.co', 'vivid-island@mac.com', 'Sun Sep 07 2098') ;
INSERT INTO follows values('heavenly-quarter@sympatico.uk', 'merciful-degree@icloud.fr', 'Sat Nov 20 2060') ;
INSERT INTO follows values('green-airport@gmail.fr', 'rigid-measure@me.io', 'Sat Jan 25 2053') ;
INSERT INTO follows values('brown-party@icloud.us', 'star-ladybug@icloud.ca', 'Thu Jul 16 2082') ;
INSERT INTO follows values('crazy-wrist@icloud.com', 'civil-houses@icloud.io', 'Fri Apr 13 2114') ;
INSERT INTO follows values('humane-fork@yahoo.uk', 'forlorn-aunt@gmail.uk', 'Fri May 07 2077') ;
INSERT INTO follows values('vivid-island@mac.com', 'fretful-instrument@hotmail.fr', 'Thu Mar 24 2033') ;
INSERT INTO follows values('heavenly-quarter@sympatico.uk', 'damp-tree@me.us', 'Sat Apr 02 2039') ;
INSERT INTO follows values('vivacious-recess@icloud.net', 'wanted-pump@gmail.net', 'Sun Dec 15 2069') ;
INSERT INTO follows values('future-oranges@yahoo.co', 'painful-stocking@me.uk', 'Wed Jan 08 2081') ;
INSERT INTO follows values('abounding-income@sympatico.io', 'super-line@icloud.net', 'Sat Oct 16 2049') ;
INSERT INTO follows values('civil-houses@icloud.io', 'heavenly-quarter@sympatico.uk', 'Wed Jul 13 2072') ;
INSERT INTO follows values('hateful-hill@me.com', 'periodic-cent@hotmail.com', 'Sat Apr 13 2097') ;
INSERT INTO follows values('phobic-skate@videotron.net', 'dead-mask@hotmail.co', 'Tue Jul 09 2047') ;
INSERT INTO follows values('periodic-cent@hotmail.com', 'regal-rod@me.co', 'Mon Nov 03 2025') ;
INSERT INTO follows values('dead-mask@hotmail.co', 'hateful-hill@me.com', 'Thu Dec 27 2063') ;
INSERT INTO follows values('watery-loaf@videotron.uk', 'fretful-instrument@hotmail.fr', 'Mon Sep 06 2021') ;
INSERT INTO follows values('soggy-impulse@sympatico.net', 'gaping-credit@gmail.net', 'Wed Jun 24 2065') ;
INSERT INTO follows values('future-oranges@yahoo.co', 'obtainable-cannon@yahoo.com', 'Sun Jun 29 2042') ;
INSERT INTO follows values('magenta-earthquake@yahoo.co', 'super-line@icloud.net', 'Sat Feb 15 2098') ;
INSERT INTO follows values('merciful-library@hotmail.net', 'brown-party@icloud.us', 'Sun May 04 2087') ;
INSERT INTO follows values('humane-ocean@icloud.uk', 'watery-loaf@videotron.uk', 'Tue Feb 21 2068') ;
INSERT INTO follows values('far-jeans@sympatico.co', 'rigid-measure@me.io', 'Wed Jan 22 2087') ;
INSERT INTO follows values('civil-houses@icloud.io', 'obtainable-popcorn@me.co', 'Tue Apr 09 2019') ;
INSERT INTO follows values('first-sleet@yahoo.uk', 'magenta-earthquake@yahoo.co', 'Mon Aug 21 2113') ;
INSERT INTO follows values('elated-meeting@yahoo.io', 'mountainous-crowd@mac.co', 'Tue May 19 2020') ;
INSERT INTO follows values('moaning-cherries@icloud.co', 'star-ladybug@icloud.ca', 'Sat Jan 01 2067') ;
INSERT INTO follows values('gaping-credit@gmail.net', 'expensive-zinc@hotmail.ca', 'Sat Sep 14 2080') ;
INSERT INTO follows values('obtainable-cannon@yahoo.com', 'expensive-zinc@hotmail.ca', 'Fri Mar 31 2017') ;
INSERT INTO follows values('periodic-cent@hotmail.com', 'periodic-muscle@videotron.co', 'Tue Mar 22 2095') ;
INSERT INTO follows values('entertaining-stranger@videotron.fr', 'expensive-zinc@hotmail.ca', 'Sun Nov 30 2059') ;
INSERT INTO follows values('mint-support@hotmail.us', 'civil-houses@icloud.io', 'Tue Jul 04 2073') ;
INSERT INTO follows values('red-shape@yahoo.co', 'painful-stocking@me.uk', 'Sat May 11 2069') ;
INSERT INTO follows values('far-jeans@sympatico.co', 'smooth-sheep@yahoo.com', 'Thu Dec 09 2049') ;
INSERT INTO follows values('righteous-tramp@icloud.net', 'smooth-sheep@yahoo.com', 'Wed May 19 2117') ;
INSERT INTO follows values('righteous-tramp@icloud.net', 'likeable-harbor@me.io', 'Sat Mar 19 2044') ;
INSERT INTO follows values('obtainable-popcorn@me.co', 'entertaining-stranger@videotron.fr', 'Mon Aug 02 2106') ;
INSERT INTO follows values('classy-company@gmail.us', 'future-oranges@yahoo.co', 'Fri Sep 03 2060') ;
INSERT INTO follows values('shy-cemetery@videotron.co', 'civil-houses@icloud.io', 'Wed Feb 14 2046') ;
INSERT INTO follows values('periodic-cent@hotmail.com', 'motionless-birds@hotmail.ca', 'Tue Jan 11 2101') ;
INSERT INTO follows values('gruesome-tax@mac.net', 'rapid-books@videotron.com', 'Sun Mar 25 2046') ;
INSERT INTO follows values('heavenly-quarter@sympatico.uk', 'gruesome-tax@mac.net', 'Thu Aug 20 2093') ;
INSERT INTO follows values('gaping-credit@gmail.net', 'humane-fork@yahoo.uk', 'Wed Jul 20 2067') ;
INSERT INTO follows values('brown-party@icloud.us', 'evil-minister@gmail.io', 'Thu Jan 12 2096') ;
INSERT INTO follows values('smooth-sheep@yahoo.com', 'rigid-measure@me.io', 'Wed May 05 2021') ;
INSERT INTO follows values('selfish-house@sympatico.io', 'screeching-road@hotmail.co', 'Thu Apr 17 2070') ;
INSERT INTO follows values('expensive-zinc@hotmail.ca', 'vivid-island@mac.com', 'Wed Oct 16 2024') ;
INSERT INTO follows values('chunky-silver@gmail.uk', 'elated-meeting@yahoo.io', 'Wed Aug 16 2084') ;
INSERT INTO follows values('enthusiastic-suit@videotron.co', 'righteous-tramp@icloud.net', 'Sat Jan 08 2056') ;
INSERT INTO follows values('crazy-wrist@icloud.com', 'oval-business@videotron.uk', 'Tue Oct 09 2063') ;
INSERT INTO follows values('abrasive-son@hotmail.fr', 'periodic-muscle@videotron.co', 'Sun Aug 24 2036') ;
INSERT INTO follows values('obtainable-cannon@yahoo.com', 'fancy-bath@videotron.co', 'Wed Jun 09 2066') ;
INSERT INTO follows values('humane-ocean@icloud.uk', 'addicted-thread@hotmail.co', 'Sat Dec 13 2087') ;
INSERT INTO follows values('merciful-library@hotmail.net', 'star-ladybug@icloud.ca', 'Tue Aug 28 2040') ;
INSERT INTO follows values('super-line@icloud.net', 'disgusting-door@mac.co', 'Thu Apr 24 2081') ;
INSERT INTO follows values('gruesome-tax@mac.net', 'common-umbrella@me.io', 'Wed Feb 09 2033') ;
INSERT INTO follows values('benevolent-whistle@icloud.net', 'old-plastic@videotron.fr', 'Mon Dec 26 2039') ;
INSERT INTO follows values('super-line@icloud.net', 'smiley-metal@icloud.fr', 'Sun Oct 07 2091') ;
INSERT INTO follows values('regal-rod@me.co', 'motionless-birds@hotmail.ca', 'Sun Jul 24 2039') ;
INSERT INTO follows values('far-jeans@sympatico.co', 'entertaining-stranger@videotron.fr', 'Sat Mar 13 2083') ;
INSERT INTO follows values('serene-berry@gmail.net', 'pastoral-border@me.us', 'Fri Dec 18 2082') ;
INSERT INTO follows values('oval-business@videotron.uk', 'obtainable-popcorn@me.co', 'Mon Jul 30 2063') ;
INSERT INTO follows values('zealous-sleep@hotmail.com', 'serene-berry@gmail.net', 'Sun Aug 21 2039') ;
INSERT INTO follows values('abounding-income@sympatico.io', 'shy-cemetery@videotron.co', 'Sun Jun 16 2109') ;
INSERT INTO follows values('careful-committee@videotron.ca', 'gaping-credit@gmail.net', 'Sat Jul 18 2043') ;
INSERT INTO follows values('oval-business@videotron.uk', 'hateful-hill@me.com', 'Tue Jul 24 2108') ;
INSERT INTO follows values('dear-memory@sympatico.ca', 'oval-business@videotron.uk', 'Thu Dec 30 2021') ;
INSERT INTO follows values('rigid-measure@me.io', 'frightened-orange@videotron.net', 'Sun Nov 05 2056') ;
INSERT INTO follows values('moaning-cherries@icloud.co', 'romantic-mitten@videotron.com', 'Thu Jul 31 2098') ;
INSERT INTO follows values('regal-rod@me.co', 'icy-machine@hotmail.uk', 'Sat Oct 24 2048') ;
INSERT INTO follows values('evil-minister@gmail.io', 'far-jeans@sympatico.co', 'Sun Feb 05 2062') ;
INSERT INTO follows values('barbarous-railway@yahoo.co', 'envious-butter@videotron.net', 'Sun Jul 26 2076') ;
INSERT INTO follows values('selfish-house@sympatico.io', 'rapid-books@videotron.com', 'Wed Dec 21 2039') ;
INSERT INTO follows values('mint-support@hotmail.us', 'frightened-orange@videotron.net', 'Sat Mar 17 2035') ;
INSERT INTO follows values('heavenly-quarter@sympatico.uk', 'periodic-cent@hotmail.com', 'Mon Nov 10 2031') ;
INSERT INTO follows values('tangible-harbor@mac.uk', 'dear-memory@sympatico.ca', 'Sun Jun 19 2039') ;
INSERT INTO follows values('scandalous-riddle@videotron.us', 'super-line@icloud.net', 'Wed Dec 08 2077') ;
INSERT INTO follows values('elegant-elbow@yahoo.co', 'abrasive-son@hotmail.fr', 'Thu Jun 09 2044') ;
INSERT INTO follows values('oval-business@videotron.uk', 'gaudy-ground@me.net', 'Sat Sep 03 2072') ;
INSERT INTO follows values('abounding-income@sympatico.io', 'gaudy-ground@me.net', 'Wed Dec 15 2100') ;
INSERT INTO follows values('miscreant-girl@icloud.net', 'phobic-skate@videotron.net', 'Sun Jul 16 2079') ;
INSERT INTO follows values('evil-minister@gmail.io', 'red-shape@yahoo.co', 'Mon Dec 15 2110') ;
INSERT INTO follows values('spotted-wing@yahoo.fr', 'righteous-tramp@icloud.net', 'Tue Sep 10 2080') ;
INSERT INTO follows values('damp-tree@me.us', 'one-cover@sympatico.uk', 'Thu Jan 26 2051') ;
INSERT INTO follows values('abounding-income@sympatico.io', 'damp-tree@me.us', 'Wed May 02 2108') ;
INSERT INTO follows values('scandalous-riddle@videotron.us', 'far-jeans@sympatico.co', 'Fri Jan 16 2111') ;
INSERT INTO follows values('wry-request@mac.us', 'one-cover@sympatico.uk', 'Sat Jul 31 2088') ;
INSERT INTO follows values('dear-memory@sympatico.ca', 'ludicrous-cub@mac.fr', 'Fri Mar 14 2092') ;
INSERT INTO follows values('miscreant-girl@icloud.net', 'icy-machine@hotmail.uk', 'Sat Dec 19 2054') ;
INSERT INTO follows values('common-umbrella@me.io', 'serene-berry@gmail.net', 'Mon Feb 14 2107') ;
INSERT INTO follows values('gruesome-tax@mac.net', 'regal-rod@me.co', 'Sat Aug 03 2069') ;
INSERT INTO follows values('smooth-sheep@yahoo.com', 'rapid-books@videotron.com', 'Sun Mar 24 2041') ;
INSERT INTO follows values('vivid-island@mac.com', 'jolly-jail@icloud.net', 'Mon Feb 27 2073') ;
INSERT INTO follows values('periodic-muscle@videotron.co', 'periodic-cent@hotmail.com', 'Fri Dec 17 2055') ;
INSERT INTO follows values('obtainable-popcorn@me.co', 'smiley-metal@icloud.fr', 'Fri May 11 2046') ;
INSERT INTO follows values('pretty-feeling@mac.co', 'super-line@icloud.net', 'Mon Mar 22 2049') ;
INSERT INTO follows values('wry-request@mac.us', 'painful-stocking@me.uk', 'Sun Mar 03 2069') ;
INSERT INTO follows values('addicted-thread@hotmail.co', 'entertaining-stranger@videotron.fr', 'Wed Jun 01 2112') ;
INSERT INTO follows values('purring-stream@hotmail.net', 'chunky-silver@gmail.uk', 'Sat Jan 22 2033') ;
INSERT INTO follows values('zealous-sleep@hotmail.com', 'pastoral-border@me.us', 'Wed Jan 17 2114') ;
INSERT INTO follows values('fancy-bath@videotron.co', 'dry-pump@mac.us', 'Thu Feb 21 2075') ;
INSERT INTO follows values('knowledgeable-coast@icloud.fr', 'mountainous-crowd@mac.co', 'Fri Mar 22 2041') ;
INSERT INTO follows values('star-ladybug@icloud.ca', 'painful-stocking@me.uk', 'Sat Jul 12 2031') ;
INSERT INTO follows values('physical-servant@sympatico.us', 'panoramic-foot@gmail.us', 'Tue Aug 04 2076') ;
INSERT INTO follows values('magenta-earthquake@yahoo.co', 'addicted-thread@hotmail.co', 'Mon Oct 19 2082') ;
INSERT INTO follows values('benevolent-whistle@icloud.net', 'careful-committee@videotron.ca', 'Sat Mar 27 2055') ;
INSERT INTO follows values('merciful-degree@icloud.fr', 'phobic-skate@videotron.net', 'Mon Sep 21 2020') ;
INSERT INTO follows values('deeply-throat@yahoo.net', 'scandalous-riddle@videotron.us', 'Sun Oct 15 2062') ;
INSERT INTO follows values('expensive-zinc@hotmail.ca', 'phobic-skate@videotron.net', 'Fri Mar 18 2061') ;
INSERT INTO follows values('shy-cemetery@videotron.co', 'phobic-skate@videotron.net', 'Fri Nov 20 2082') ;
INSERT INTO follows values('evil-minister@gmail.io', 'physical-servant@sympatico.us', 'Tue Nov 20 2114') ;
INSERT INTO follows values('dead-mask@hotmail.co', 'civil-houses@icloud.io', 'Wed Apr 04 2114') ;
INSERT INTO follows values('enthusiastic-suit@videotron.co', 'civil-houses@icloud.io', 'Wed Mar 19 2098') ;
INSERT INTO follows values('painful-stocking@me.uk', 'muddled-hour@mac.uk', 'Sat May 17 2025') ;
INSERT INTO follows values('humane-ocean@icloud.uk', 'forlorn-aunt@gmail.uk', 'Thu Jul 19 2046') ;
INSERT INTO follows values('regal-rod@me.co', 'moaning-cherries@icloud.co', 'Fri Jan 14 2095') ;
INSERT INTO follows values('dead-mask@hotmail.co', 'panoramic-foot@gmail.us', 'Mon Mar 02 2099') ;
INSERT INTO follows values('damp-tree@me.us', 'dry-pump@mac.us', 'Sun Jan 01 2045') ;
INSERT INTO follows values('far-jeans@sympatico.co', 'hateful-hill@me.com', 'Fri Jul 02 2038') ;
INSERT INTO follows values('expensive-zinc@hotmail.ca', 'fretful-instrument@hotmail.fr', 'Thu Aug 30 2018') ;
INSERT INTO follows values('green-airport@gmail.fr', 'enthusiastic-suit@videotron.co', 'Sat Apr 07 2057') ;
INSERT INTO follows values('brave-pet@mac.ca', 'tangible-harbor@mac.uk', 'Tue Apr 04 2023') ;
INSERT INTO follows values('abounding-income@sympatico.io', 'star-ladybug@icloud.ca', 'Sat Feb 15 2076') ;
INSERT INTO follows values('humane-fork@yahoo.uk', 'oval-business@videotron.uk', 'Tue Jul 06 2021') ;
INSERT INTO follows values('perfect-knee@mac.fr', 'periodic-muscle@videotron.co', 'Mon Sep 09 2058') ;
INSERT INTO follows values('watery-loaf@videotron.uk', 'vivacious-recess@icloud.net', 'Sat Jan 21 2040') ;
INSERT INTO follows values('forlorn-aunt@gmail.uk', 'expensive-zinc@hotmail.ca', 'Fri Feb 26 2100') ;
INSERT INTO follows values('icy-machine@hotmail.uk', 'gruesome-tax@mac.net', 'Thu Nov 30 2073') ;
INSERT INTO follows values('expensive-zinc@hotmail.ca', 'periodic-muscle@videotron.co', 'Fri Dec 29 2113') ;
INSERT INTO follows values('fancy-bath@videotron.co', 'one-cover@sympatico.uk', 'Thu Mar 16 2017') ;
INSERT INTO follows values('disgusting-door@mac.co', 'periodic-cent@hotmail.com', 'Tue Sep 27 2089') ;
INSERT INTO follows values('old-plastic@videotron.fr', 'entertaining-stranger@videotron.fr', 'Sun Sep 18 2089') ;
INSERT INTO follows values('magenta-earthquake@yahoo.co', 'serene-berry@gmail.net', 'Fri Sep 15 2113') ;
INSERT INTO follows values('mint-support@hotmail.us', 'envious-butter@videotron.net', 'Mon May 18 2082') ;
INSERT INTO follows values('serene-berry@gmail.net', 'selfish-house@sympatico.io', 'Tue May 01 2040') ;
INSERT INTO follows values('old-plastic@videotron.fr', 'pretty-feeling@mac.co', 'Mon Aug 05 2080') ;
INSERT INTO follows values('rigid-measure@me.io', 'vivacious-recess@icloud.net', 'Mon Mar 15 2038') ;
INSERT INTO follows values('watery-loaf@videotron.uk', 'envious-butter@videotron.net', 'Mon May 16 2067') ;
INSERT INTO follows values('tangible-harbor@mac.uk', 'soggy-impulse@sympatico.net', 'Thu Mar 17 2067') ;
INSERT INTO follows values('knowledgeable-coast@icloud.fr', 'painful-stocking@me.uk', 'Fri Aug 15 2031') ;
INSERT INTO follows values('jolly-jail@icloud.net', 'wanted-pump@gmail.net', 'Fri Jan 22 2100') ;
INSERT INTO follows values('tangible-harbor@mac.uk', 'red-shape@yahoo.co', 'Mon Nov 28 2044') ;
INSERT INTO follows values('wanted-pump@gmail.net', 'star-ladybug@icloud.ca', 'Sat Mar 05 2067') ;
INSERT INTO follows values('humane-ocean@icloud.uk', 'soggy-impulse@sympatico.net', 'Fri Sep 11 2076') ;
INSERT INTO follows values('romantic-mitten@videotron.com', 'vivacious-recess@icloud.net', 'Wed Jan 23 2104') ;
INSERT INTO follows values('casual-roof@mac.com', 'periodic-muscle@videotron.co', 'Sat Jan 25 2098') ;
INSERT INTO follows values('obtainable-popcorn@me.co', 'super-line@icloud.net', 'Mon Dec 21 2105') ;
/* Script generated Thu Feb 23 2017 19:12:46 GMT-0500 (Eastern Standard Time)*/

INSERT INTO message values('1' ,'periodic-cent@hotmail.com', '13','Thu May 16 2097','Nelucwer huvohuf si gujenre voveb bailje kabef kektaczot daruw nuw cow wiw vuh.') ;
INSERT INTO message values('2' ,'damp-tree@me.us', '42','Sun Jan 27 2069','Uze hubi ih beda tugik pajovub ci pu sum fepvewvaz edazobzes desobebu owuorful porkipup umguce du juc.') ;
INSERT INTO message values('3' ,'abounding-income@sympatico.io', '44','Sat Feb 28 2037','Pobpeno lozjepkis ficsetal zum jenaf ci wip zetgo ize igose fa fulez pe tin oz rep uzoiru cena.') ;
INSERT INTO message values('4' ,'entertaining-stranger@videotron.fr', '45','Thu Apr 17 2059','Buufa jahevid pubub upura gi jehdaire ifafafgus tibjan ofitihesa caj jodnofuh efuku buju wecek ajbow duklawhuc.') ;
INSERT INTO message values('5' ,'wry-request@mac.us', '40','Fri Apr 07 2023','Joh ivtu uvu goftab kac wit osju cori misemu caka tondotwuj miwke degbiapu opuat min buzimodo.') ;
INSERT INTO message values('6' ,'enthusiastic-suit@videotron.co', '8','Fri Mar 10 2062','Radfeh zubom mes imime gedimueg rugradug bap gic sazazbim nahafbu keahfom rosa zokak tufzahav pu tidnug.') ;
INSERT INTO message values('7' ,'crazy-wrist@icloud.com', '41','Mon Sep 02 2080','Zofhilo opi faruf epreur rarohake nubumuf saficmo gusocu gol venewuhi fawtaveh wawfuje.') ;
INSERT INTO message values('8' ,'selfish-house@sympatico.io', '27','Tue Jan 24 2096','Caaciumi rorfocuz ta dalo ne daguv ecges ganrol mu lauc zabihde jetki.') ;
INSERT INTO message values('9' ,'vivid-island@mac.com', '10','Fri Mar 23 2029','Neju lecusig ti nuik akije kifcal ow nat ti diegu vi jalvekop oho ike nurteiv.') ;
INSERT INTO message values('10' ,'abrasive-son@hotmail.fr', '31','Mon Nov 07 2078','Soejwo dadapgab kep wezip abuza zefon et zek ge fazeruhe nacec faf gij uphu eru.') ;
INSERT INTO message values('11' ,'fancy-bath@videotron.co', '47','Wed Apr 30 2081','Wob nifafeco ow wo ec ekehiza epe lu cozwuome wibamum pi iji cu biavusuc do bolcuvova.') ;
INSERT INTO message values('12' ,'romantic-mitten@videotron.com', '16','Tue May 11 2117','Liofka tajka dohud ejwomo muf kuf emhugpil vu mo wiliv witagme welus ezu epileklek sammafzu.') ;
INSERT INTO message values('13' ,'obtainable-cannon@yahoo.com', '42','Wed Jun 03 2099','Ciaslaw ofaub go ucaca aburah hicahbac jih ja ko du zurtut govudfol uz nerkeoh.') ;
INSERT INTO message values('14' ,'wry-request@mac.us', '39','Mon Nov 19 2068','Werapi towike fa me nivnoveg am ezuvacoc tuompu cizi pifjamtu af lowhustod perri cowperuk zewcalo turin.') ;
INSERT INTO message values('15' ,'purring-stream@hotmail.net', '16','Thu Feb 09 2113','Jicokvo ofe feral cesuni cu li afo ka kawcit dave nebognu ep seot aco bu di ireuta idsievi.') ;
INSERT INTO message values('16' ,'abounding-income@sympatico.io', '10','Fri Jun 24 2022','Ge vi pezim jakroltiv keero bafocigo lijbibuc kiba ha cur una redza ni dolucrik nidelo levtotlod vubcabev dosunewu.') ;
INSERT INTO message values('17' ,'periodic-cent@hotmail.com', '35','Thu Jul 12 2103','Gaesto ro bopuj lu nuhockuw kawedga baat apavip havimji luzne lebnenuc anjerse.') ;
INSERT INTO message values('18' ,'benevolent-whistle@icloud.net', '26','Fri Aug 16 2041','Ihu ik zel wo gekunu jivwa sat sohmihu ebabev ike lolpocus ralwar zez lon vevjan pisavja.') ;
INSERT INTO message values('19' ,'spotted-wing@yahoo.fr', '27','Thu Aug 07 2059','Tigizud tobja bucla of log guwaf un kosfom pelivsas henwu ce jefitoj ozpa.') ;
INSERT INTO message values('20' ,'romantic-mitten@videotron.com', '37','Thu Dec 16 2021','Zuz hiro imsef tef mosohozo teltakvav covbuhted usijuh gezdegaj ed cowda jifpem cor nivpiksif lagelow mulad.') ;
INSERT INTO message values('21' ,'tangible-harbor@mac.uk', '5','Fri Apr 12 2058','Umuavu razo sugkan te ju koan ozi ba mupi vivicad vepal ras.') ;
INSERT INTO message values('22' ,'perfect-knee@mac.fr', '50','Thu Dec 21 2090','Neki ziic ti sol etmumo capnagut recci tucobi je wazanduf sepsu omiziis zab okeer miz vipfomso run.') ;
INSERT INTO message values('23' ,'enthusiastic-suit@videotron.co', '8','Mon Nov 23 2105','Tis bebvujoc ra ehi vogsaata tolojvan siih pezhihi fufivim ep cuh kolagan du jiado.') ;
INSERT INTO message values('24' ,'periodic-cent@hotmail.com', '15','Sat Oct 14 2090','Elpijric unriwah harih we aj losuv zuf rajig radurore utokicu joveho epakagfo dalab varpov.') ;
INSERT INTO message values('25' ,'dead-mask@hotmail.co', '8','Mon Jan 23 2062','Lentiil ceju reliwik rejewpu di huwiafo zof nibuh hoine ufonuut jama eda vicwivbod vimoj wag taipfaz.') ;
INSERT INTO message values('26' ,'abounding-income@sympatico.io', '44','Thu Aug 03 2017','Jigza sici vihwecag zucim fe cegasoc bor uju ba ji ez buge ulejafu wekdewuv fejcof ictuh zildu.') ;
INSERT INTO message values('27' ,'selfish-house@sympatico.io', '42','Tue May 18 2027','We joonove sakwi eglun iw wa nezopak il wu fe fagup gef ke gir siifu wir.') ;
INSERT INTO message values('28' ,'genial-cart@me.net', '41','Sat Nov 14 2076','Var juvimu rapoh cidabsuf jedcawnek uzmufdem fifzod julemci tohrouho hapva gomamece cawa cid manoleb.') ;
INSERT INTO message values('29' ,'careful-committee@videotron.ca', '6','Sun Apr 26 2071','Jocra vi lis jejca hanej cuajog zejozi par suaj etu jaem femha oziumiban nuh wevwutlad lelirona ha.') ;
INSERT INTO message values('30' ,'abounding-income@sympatico.io', '10','Mon Jul 19 2055','Was gujhej hujmahak dutbum sacsopu sakicor sa ohve songaj tuhimos lib umo komroruw puw resvob wad ugubarud.') ;
INSERT INTO message values('31' ,'dry-pump@mac.us', '40','Wed Jul 25 2018','Govemza hi fazhih notzor ico miv cur mejon posahsap lar ranvozhiz badmoc.') ;
INSERT INTO message values('32' ,'future-oranges@yahoo.co', '26','Sat Oct 11 2092','Kankikfiw vugum hilwi duefeva go jorcafvil nagsor dabwej se gozze tic ko.') ;
INSERT INTO message values('33' ,'gruesome-tax@mac.net', '49','Fri Jun 08 2091','Omlaj por ege uwme mianzop anliik kehvo cove jorib aho giza no givodub lap kunrige keve wooh.') ;
INSERT INTO message values('34' ,'crazy-wrist@icloud.com', '49','Fri Nov 03 2073','Sire ujpifun hidoefe cepmucbo rol kove budvag ona ijehof gik sicgi ejfucwom juwpu rib tegus rep taz.') ;
INSERT INTO message values('35' ,'scandalous-riddle@videotron.us', '29','Tue Jul 31 2040','Ewhieve lupefo akepuamu ciblekoj noskiruf atonew pomuzuh jaldujek ocado bavbiv pabuvke va.') ;
INSERT INTO message values('36' ,'expensive-zinc@hotmail.ca', '22','Sat Oct 26 2097','Es dac on vadi vim feuvo tebo nojlid zeug uc he bazgi gidonca.') ;
INSERT INTO message values('37' ,'brown-party@icloud.us', '1','Tue May 06 2087','Bevwaeb guzahhol ziic pe ti fa ril robzuz kuc hop cubes oziawu ucadak.') ;
INSERT INTO message values('38' ,'scandalous-riddle@videotron.us', '29','Mon Jun 05 2045','Emef nofic puodejik mun zuj ner fepacmow lotedek kovruel ano jo vem rez horme cautu odrotva.') ;
INSERT INTO message values('39' ,'careful-committee@videotron.ca', '15','Sat Mar 09 2080','Tu sulihaitu is os pakwocif fo jaduz kofru pijuz viodlif naka tapufhe keovofoc cag ninet kofi ehe.') ;
INSERT INTO message values('40' ,'painful-stocking@me.uk', '29','Mon Oct 06 2053','Heulno odukivrar powili nemeza durfoh wim becde ike lo zavu dan bohtu zebaku.') ;
INSERT INTO message values('41' ,'damp-tree@me.us', '41','Fri Dec 04 2099','Uwses fuvhitito alidulim hauwnu nidbadju rigur ge hamicub berit az jirboale tu bibiz.') ;
INSERT INTO message values('42' ,'periodic-cent@hotmail.com', '35','Fri Dec 03 2021','Ozo avdujtuk degtowlu luti ratpi ho wewupwe kinoraru re cihinha igevouh gabuhhih catjok.') ;
INSERT INTO message values('43' ,'romantic-mitten@videotron.com', '37','Fri Aug 31 2057','Uc hacha zow majtog cebmib dazbizwor watkuz dusivufu da boh ihusevaw wup ki.') ;
INSERT INTO message values('44' ,'dead-mask@hotmail.co', '8','Wed Jan 08 2042','Misu gubni jew gi jowwala mek ujotow zetvotuj momol dohedse ewelvuw suwsab hi evooc jelisat.') ;
INSERT INTO message values('45' ,'casual-roof@mac.com', '11','Sat Aug 14 2060','Ipewwe urpilika foawoga ih nucen vurwoglop usmad owa onume is daveega pop olu halwiw cadrajtob pifvitaz tu godge.') ;
INSERT INTO message values('46' ,'green-airport@gmail.fr', '36','Wed Oct 30 2058','Mevcuk uzigob fasu bira lifi efwar limaz jeezosaz wopolo seckuahe ko ukuodagu wa haew.') ;
INSERT INTO message values('47' ,'phobic-skate@videotron.net', '2','Fri Jul 03 2054','Imomi bejsa cuma ujiriska woramhu pedes gu inrorego ruvumeij guibioza decvotiw tijpup zod zulega.') ;
INSERT INTO message values('48' ,'painful-stocking@me.uk', '29','Sun Dec 06 2054','Bicakugi lovuvgop tiwuhpu buijci boal ofiludbo lirij telu sum lekta goaha ob jojofiw hivipup.') ;
INSERT INTO message values('49' ,'selfish-house@sympatico.io', '42','Sat Oct 28 2102','Lewlil wug buzat wuf hem losi fuoto ko ida wekgic biv jo na woima zusoud ge esedu sif.') ;
INSERT INTO message values('50' ,'obtainable-cannon@yahoo.com', '42','Fri Apr 13 2063','Didmujpi riec bumvofe barji jic bej jaziltat lorosumam nab jiim ku vebuwtah isjur legegu neiba us losof.') ;
INSERT INTO message values('51' ,'phobic-skate@videotron.net', '50','Tue Apr 02 2024','Juvgi deh ef jopuw agoih dag sorcamcug zuzehiv deczufzu oho def ci lahe uhi zi ub.') ;
INSERT INTO message values('52' ,'dead-mask@hotmail.co', '34','Sat Feb 22 2020','Zokiar golel pu ohi aruvekav vo pusta wof wuareh hi ogeuz supgape cagde.') ;
INSERT INTO message values('53' ,'damp-tree@me.us', '34','Sat Apr 10 2106','Boper ad uvsa nukomih gid pot juuroji epuvo gok bosukmom wamcolho fufki wo bam.') ;
INSERT INTO message values('54' ,'heavenly-quarter@sympatico.uk', '35','Fri Apr 29 2033','Gengoma liwib run lo duf do cicka tu omefos kebu wajgol sibwecze sud dab.') ;
INSERT INTO message values('55' ,'rigid-measure@me.io', '29','Tue Jun 29 2060','Ebaawviw webisca uvovagas pazjicer sub orupata wuddajrop sitwamab dugro fentaza maje er bapalmu.') ;
INSERT INTO message values('56' ,'forlorn-aunt@gmail.uk', '50','Thu May 10 2108','Afowitmof kafato amo vaglogu lajhaj sidarir zilo asaze pabu zebejil ekopnit goti wo domtiz demsu rebesasa ofaka.') ;
INSERT INTO message values('57' ,'periodic-muscle@videotron.co', '10','Thu Jun 27 2047','Iz astarag gabal sisob ozufif dekvocul fejewil gicpevi gemni tos soh muloh nehow em sugvuc.') ;
INSERT INTO message values('58' ,'serene-berry@gmail.net', '22','Mon Dec 11 2017','Culnokod bod nuurose varguha akugsa kizdenlet uw ves wucikco kogsan revuru mec temiwebe tewi wigjacu ojhopze ti ifiwujwo.') ;
INSERT INTO message values('59' ,'benevolent-whistle@icloud.net', '7','Thu Dec 21 2062','Agucif jiufo joocno jut asu ug habosisu aju faeheti icelunamu zasoziwi fafbe bojmakizu wugkago etozref lip.') ;
INSERT INTO message values('60' ,'purring-stream@hotmail.net', '16','Mon Feb 24 2053','Farwemuf avena bu cugasiz ovopohwi gupwe ejsa or mu woz nisa bamcanupo.') ;
INSERT INTO message values('61' ,'obtainable-cannon@yahoo.com', '42','Mon Nov 22 2055','Uw duwasko kousa su marobeh koidbi neti joucemon wiudo rawzeco zeputgon arvel jo.') ;
INSERT INTO message values('62' ,'barbarous-railway@yahoo.co', '46','Tue Aug 18 2020','Ufo zimpaid ciho we usoire uvsoec fi vumfal ipa akfumrov ka kecez wusus tidahe idhop higij feejsa.') ;
INSERT INTO message values('63' ,'scandalous-riddle@videotron.us', '27','Wed Nov 20 2097','Huhwi acepa bufuhtu fe lesopre nazzugid pulcamo tiuna hepon tamlurun tub ak we adupo igeho niiti vuwgerol.') ;
INSERT INTO message values('64' ,'periodic-cent@hotmail.com', '13','Mon Sep 17 2074','Iwvamvot ujgeswah umu uvu rucfoze gujoktat volem mewumon azalpis vapeki ogu nijicpok daemovuk liwelop.') ;
INSERT INTO message values('65' ,'physical-servant@sympatico.us', '18','Fri Dec 28 2068','Teno faja tas pahfedca hegi ra zawjizjep ok umoevpo fawuged izabeg bu.') ;
INSERT INTO message values('66' ,'periodic-cent@hotmail.com', '35','Sun Feb 24 2064','Puzi mer erupa ehasis unu ukenaeba upafipes hol aco jor ca lo epu su.') ;
INSERT INTO message values('67' ,'dead-mask@hotmail.co', '34','Wed Jan 13 2021','Luiji hu haka sisropem ajunufur fuvbivmi mucabod ahersit senti popi rih pep toknug jicog tab hewoho holutu ebe.') ;
INSERT INTO message values('68' ,'selfish-house@sympatico.io', '42','Wed Feb 10 2066','Ewabu lodunu wo kunar da cinugjis loluwe rujijupe ro wokbetat momfuhu utufoh pemade wuuri lakupi div nazi hategca.') ;
INSERT INTO message values('69' ,'scandalous-riddle@videotron.us', '37','Tue Aug 19 2110','Hek iclelato aro ba bo puifdep ri oz ofuiriaw lik cedacip gestaka.') ;
INSERT INTO message values('70' ,'disgusting-door@mac.co', '5','Thu Jul 16 2043','Be ta uje memsiere aziik uruwoh tiwejgak calinem la atonvi viv ac rirafze gi lozuk tim.') ;
INSERT INTO message values('71' ,'gaping-credit@gmail.net', '28','Fri Aug 31 2046','Use nagze ga fu uzu no durseseh essa tawa ruuha ari eso migumag gavwibfaz ewnef tir.') ;
INSERT INTO message values('72' ,'evil-minister@gmail.io', '21','Sat May 13 2073','De zikona letgopoh tiwsoz kehevit esraf labevow ikpo canum narfujok tuwup fietde fo ju ed ligva rezifha kamot.') ;
INSERT INTO message values('73' ,'obtainable-popcorn@me.co', '31','Wed Jul 12 2056','Dew dizi jum emvi hafusoze ko nikluhu as wod ehkimriv jeve aluzi ucoevoov.') ;
INSERT INTO message values('74' ,'forlorn-aunt@gmail.uk', '50','Thu May 09 2080','Bunufmef maf urofidcuf bapfoftu lupuze mihut zabez fodagav wimsolem so fuv meufem ret kajpiteh.') ;
INSERT INTO message values('75' ,'watery-loaf@videotron.uk', '7','Fri Mar 16 2103','Soz on paf row jawwa sofwu dig iwsok omiufiwo ol cihheb solvelkam.') ;
INSERT INTO message values('76' ,'forlorn-aunt@gmail.uk', '1','Tue Apr 22 2070','Pe jinepa lalpedeg gipedpo nobeb fohori hejpiil cablenji vifulpus ezda uho nelub fa jugfuf.') ;
INSERT INTO message values('77' ,'barbarous-railway@yahoo.co', '46','Sun Aug 09 2076','Rog epadizjic cerzibi enohunok bo sel cit bajbisak fipepo ovawo jer ac caz izi ehugimo rew cu.') ;
INSERT INTO message values('78' ,'soggy-impulse@sympatico.net', '38','Sun Feb 19 2108','Tuhzodar icovel saltiz kew pueswob mi gotbama pifeja ob apsotker raj pus.') ;
INSERT INTO message values('79' ,'obtainable-popcorn@me.co', '31','Tue Nov 16 2027','Dajosac ga rouvetap hum da fapezwo muloj ilsojzel suefusup pomme gufi gepvaco cir vupbo in fudno uvvu.') ;
INSERT INTO message values('80' ,'merciful-library@hotmail.net', '24','Tue Jan 09 2103','Dusub daladi we hemmajwa pemahis ukovejka bir uf demipzi lameha gozkolu ih siunufah kodavodin sa gipfo we giwhooj.') ;
INSERT INTO message values('81' ,'evil-minister@gmail.io', '21','Thu May 24 2018','Nojcode bor cehvoap ziwitrev wuf nek teuvgiw ziguuv watisa anvic ak tubwovsig.') ;
INSERT INTO message values('82' ,'damp-tree@me.us', '41','Sun Jun 12 2107','Rimwiju te wiiza awhe suvsukaw etfef vi tat bietaabu evdojva ko lokica tuv zob mok dimnim.') ;
INSERT INTO message values('83' ,'regal-rod@me.co', '30','Tue Oct 24 2113','Zirogu pijorhe voar ipaadew ju iz om honagoz ce cines laun zovma rijirnev gigit.') ;
INSERT INTO message values('84' ,'heavenly-quarter@sympatico.uk', '35','Sun Jan 07 2052','Da izi im be fupsej coc udde fa buren jib pemevopo ruke dot witpu cusu.') ;
INSERT INTO message values('85' ,'scandalous-riddle@videotron.us', '27','Tue May 27 2053','Sigitlu udi cekizetu nib omivo mizat ocacez bohmi gasgejkok ved guepa zig.') ;
INSERT INTO message values('86' ,'vivacious-recess@icloud.net', '20','Wed Feb 12 2110','Hoksev vibuvi siwopo jas ec kovwoca nuakani kukume bo fagtisoci tosbeco tituj olhan po vaohasa zuceazi.') ;
INSERT INTO message values('87' ,'romantic-mitten@videotron.com', '19','Tue Feb 03 2032','Salfide mami famu nefis seuce jirowap mu pok vo tikah rufase boowo.') ;
INSERT INTO message values('88' ,'evil-minister@gmail.io', '47','Sun Jan 22 2068','Voob pi laasifa nibuwjip venan vefug re gikvu odo beujlud pizijnak fuhfe pun usobacu is ugovom jin.') ;
INSERT INTO message values('89' ,'phobic-skate@videotron.net', '2','Thu Aug 15 2115','Gip fado po tacno fizop ikomog avekenu mulput asi foike likudru rewdes jagwa meanwid ril.') ;
INSERT INTO message values('90' ,'first-sleet@yahoo.uk', '50','Wed Apr 12 2051','Je rokakuj kesufsud vocla oro saz boun bet kirmippub dasazum atpofulu newpelko huk ma nuwve ufaucwib.') ;
INSERT INTO message values('91' ,'physical-servant@sympatico.us', '18','Tue Apr 09 2097','Omanabuk ufe bovi jel radatub eblovpip fipa raronre mosrajmu udlibcep cimmef ibi gakunep de redepo.') ;
INSERT INTO message values('92' ,'heavenly-quarter@sympatico.uk', '35','Mon Jun 27 2089','Ipaufi hu ibo muc apise si irtif cibfofka nacaoh ducsac evu dulnapi.') ;
INSERT INTO message values('93' ,'disgusting-door@mac.co', '20','Fri Jun 10 2061','Ke hokwatvud ubu kas zigoc azubuev paneke ogesickof jenakop nabus zidun ocahotro guplot letjum ruuzac vocoji.') ;
INSERT INTO message values('94' ,'rigid-measure@me.io', '34','Mon Nov 07 2095','Zer janda susot vijkaku vihef hesja zo de wozfa ze fe rihjunej umijuh simsebzal.') ;
INSERT INTO message values('95' ,'purring-stream@hotmail.net', '16','Sun May 10 2048','Pod seetlo ivatig kop bi ciwoka voodegi tevceb cebbip pocvafum fogicseh ziwlok limapge melickig.') ;
INSERT INTO message values('96' ,'super-line@icloud.net', '32','Thu Sep 22 2078','Suob paib lerjod jasda ujhunu pinkovmin kicev padeca wovecbo wok owe ekru mebcobpi du lisappo.') ;
INSERT INTO message values('97' ,'expensive-zinc@hotmail.ca', '30','Thu Sep 08 2067','On fo mepzeszi ref ogdivno jacmoc juuce me ku moz ibuwuvif tesazouve befugo do nuftuj dac.') ;
INSERT INTO message values('98' ,'elated-meeting@yahoo.io', '2','Mon Jun 02 2087','Casul mapeso jelez birbemuh arepa edo zo puce hi hibam vocvew dilus sow vimrokin zem pawtasmo zacuhhol feag.') ;
INSERT INTO message values('99' ,'civil-houses@icloud.io', '12','Sat Dec 23 2113','Nuczo unu ozu vidzar wugofa somoz mosno nibbobwu eto ronsiwgis so owo be pabbega ec carefeg dego cej.') ;
INSERT INTO message values('100' ,'fancy-bath@videotron.co', '47','Thu Feb 09 2108','Denolmig nogekba ih gehver nugessum asuli mog omset facudo cirawka pavceinu kiwana oliko.') ;
INSERT INTO message values('101' ,'rigid-measure@me.io', '29','Wed Aug 01 2018','Mucko ikdug asirozija nervaodu vufilan sakve jaf nanuc nipdarji wep wegcu ko pigeboz.') ;
INSERT INTO message values('102' ,'dead-mask@hotmail.co', '8','Thu May 03 2035','At davbapevo sag ohuetpas fodu luzvi hohsanwok onalonu giwlo efwu iw bilince joivvu ij ge jotda.') ;
INSERT INTO message values('103' ,'hateful-hill@me.com', '6','Tue Aug 17 2055','Odijobanu ereucihe raf vite sigomniw rozaron uge id kunecu waf gufecir wetne fufdo vonuku lewdewo duratita bencudna hasfilu.') ;
INSERT INTO message values('104' ,'wry-request@mac.us', '15','Wed Mar 26 2092','Kunijve agonesat lesowi gog noiluir fegete iked ibobupod jopdiccen rip vobda fukgibji uhuwori sekal lotisjo.') ;
INSERT INTO message values('105' ,'damp-tree@me.us', '31','Wed Aug 20 2070','Im sas ihedono enwi an cipom nas inuaslo lalfub heze vaf zirsi dubvugawe ika.') ;
INSERT INTO message values('106' ,'damp-tree@me.us', '42','Fri May 10 2041','Ofigiaki tes dihiz maljolnaf hemsi heknobek dama lusel worhas tomu ruda mudasut ob kiv ovizuij vaf sij veze.') ;
INSERT INTO message values('107' ,'gruesome-tax@mac.net', '49','Tue Nov 16 2077','Ra ecbi mudur ho za nu vizuhle uve wimjevlo uwaul derrelah johelel mazer.') ;
INSERT INTO message values('108' ,'abounding-income@sympatico.io', '44','Wed May 29 2030','Ulhu zavahdih oh milah ineojofuc wolo agi uk rerizfin jorkal talu vujo.') ;
INSERT INTO message values('109' ,'miscreant-girl@icloud.net', '33','Sat Mar 22 2070','Sus azogitciv vik sebruz woolahes fadosudib wazeiv vojcuz izum nojvub olijiti gicjor kacop fo jianoedi.') ;
INSERT INTO message values('110' ,'serene-berry@gmail.net', '21','Mon Nov 25 2080','Naj jopgipte rukusevom wu iwmam ije fin agafila kenvi huzi ephuv jaj jinelgo wogomwap wa ewvic.') ;
INSERT INTO message values('111' ,'purring-stream@hotmail.net', '27','Sat Apr 29 2034','Bo busgo fizerdu fabzora usiidi wabare winbol nopfasde ugcamno ca egjumog vocitog okame.') ;
INSERT INTO message values('112' ,'vivacious-recess@icloud.net', '20','Wed Oct 26 2101','Omohelfa tik miwen koh bid fezletub bi hisicu gi pezudewes koejare kuosuwa te uh fejogoze.') ;
INSERT INTO message values('113' ,'damp-tree@me.us', '41','Thu Sep 01 2089','Husuwhad notos efesu sezos hob lup fiwal oknevoj apolama vomo pih ji mave dapaafo walgijze ro zihinukas.') ;
INSERT INTO message values('114' ,'protective-plastic@gmail.net', '4','Sun Feb 16 2042','Pihre zalac gohepic kicva onokiv ni riweftu hafa hi datawiac le wi juf mupitupon dohcumif lamje.') ;
INSERT INTO message values('115' ,'dark-drink@gmail.io', '43','Thu Dec 14 2028','Lifij zeri iv ha id sez rulijer gon vahnip wo belpaat budgine hem fewpez sa jadfasi.') ;
INSERT INTO message values('116' ,'serene-berry@gmail.net', '49','Sun Jun 24 2096','Ekdopna rudtuw nek maspi kirtuj ogarag iputag god vi rikakhiz ene iznej cu nelawak lalvupug jo nagako.') ;
INSERT INTO message values('117' ,'forlorn-aunt@gmail.uk', '1','Mon Jul 05 2088','Zahitedi ik suhouca ucoigu bawvi vipe faage fo tep va gafpa wi buk tipi fodoepa suhahtot.') ;
INSERT INTO message values('118' ,'likeable-harbor@me.io', '48','Fri Oct 23 2037','Gurmasgom ju ta nu ce ridedne obu os jeniv vas baujo uto.') ;
INSERT INTO message values('119' ,'shy-cemetery@videotron.co', '38','Tue Dec 17 2024','Jocom ud awvajti leim awkos relevuk vu em at gi dahozme cuvlom puew opmarku ku teh mer.') ;
INSERT INTO message values('120' ,'merciful-degree@icloud.fr', '1','Thu Oct 04 2018','Was hipazur guhehi foflefu vaz ajazidav vop ce sa jojunoto mizoh banegnar.') ;
INSERT INTO message values('121' ,'watery-loaf@videotron.uk', '7','Fri Oct 11 2086','Pije kar waejuto negzicki fi agebip odgos vewujjef abiedike vow et nasev zeznamum domvajfuh cugbuv dad lo relfujtap.') ;
INSERT INTO message values('122' ,'entertaining-stranger@videotron.fr', '3','Mon Aug 04 2098','Vuiri nihif objut op devtiala ro abo agcupca fin odedudtu biv peborut bedam paka weuc puohuro rumofo bofake.') ;
INSERT INTO message values('123' ,'periodic-cent@hotmail.com', '35','Thu Jan 25 2080','Utut novlo tig pombemis eja zisona sugetum wi gi wap fu ti epar afateufu tope.') ;
INSERT INTO message values('124' ,'green-airport@gmail.fr', '7','Tue Oct 17 2017','Heepibe bouna ecenasip mocduru jian curwub tize ikuvevul un zefavaz ar efo budattih potpidol dujaj.') ;
INSERT INTO message values('125' ,'genial-cart@me.net', '11','Wed May 05 2055','Fal fuuta famker sogjibno dijuw jatfeved cugi ulka kile om monib deiva.') ;
INSERT INTO message values('126' ,'damp-tree@me.us', '41','Mon Oct 18 2038','Te nuza ena siwuro pekpu emogopa fepah woz cihivvok ur nit ilseb avaovzog koliduse zapiczut rofvocik tiwam.') ;
INSERT INTO message values('127' ,'shy-cemetery@videotron.co', '38','Sun Feb 06 2089','Ta tuvape ifiwuram zuwol puv afobetpig ral maozveb zi huhopa zursuese toj waudker uhuwik naarlil po zo.') ;
INSERT INTO message values('128' ,'genial-cart@me.net', '47','Mon Mar 08 2021','Nos facepum orlob isa jap le ujvawjos fun zebnipod lijfiwre uvi uvunuj tob ke.') ;
INSERT INTO message values('129' ,'mountainous-crowd@mac.co', '49','Thu Aug 23 2103','Ehiil alegoek rasusjuf fiv kicse gen fagecmuv ule lo pu luce oppemut eriubilud zisvichom humtuczod tanufute ho.') ;
INSERT INTO message values('130' ,'protective-plastic@gmail.net', '12','Mon Sep 20 2032','Goajwi go ha ekouruoga uf solahegi ew ficba udrerpew wuvhu suh mejvonluc giwportu jo ze.') ;
INSERT INTO message values('131' ,'jolly-jail@icloud.net', '11','Tue Jul 17 2091','Wedrurki mazfuwfa zu kefipoz riut kugecut cusnico becoeb eba fetioku cip hap zilpugofo.') ;
INSERT INTO message values('132' ,'merciful-degree@icloud.fr', '6','Sat Oct 16 2100','Reozu gizolole co tajuz pa mefdi ecedizdud isuw poid ni ose konosezo uvo icpeh.') ;
INSERT INTO message values('133' ,'screeching-road@hotmail.co', '9','Wed Nov 26 2098','Fara na kone jodtil cij ut oto fiobazop mokcuupa wu podeid jomipo wivom meckilat.') ;
INSERT INTO message values('134' ,'purring-stream@hotmail.net', '27','Sat Apr 03 2077','Pa tusoj mu ug forir utbun fuuwsit sedfozpiw libobehu avipeb lual hav ehmi.') ;
INSERT INTO message values('135' ,'mute-year@mac.com', '45','Thu Oct 20 2050','Li ada mifzu ane ihuafoib botinfe bilumeuj soake jetihbur huwefhe jeg azuhap.') ;
INSERT INTO message values('136' ,'mountainous-crowd@mac.co', '36','Thu Jul 07 2107','Bi vekbik hazumev zu ja cediwo bo no cusra haknofik sul vawcekto.') ;
INSERT INTO message values('137' ,'future-oranges@yahoo.co', '26','Mon Jun 10 2097','Zivo gomfa ma fupgudu tek fuw fukawho nueztu rezru mog ube suznidji vilogfam.') ;
INSERT INTO message values('138' ,'merciful-library@hotmail.net', '24','Fri Dec 22 2062','Imloor kokpazac usuwa nalutle helbogu za wudli raczot pisussig hivo kukoje hej jestin juudeko moojoan wu cettigub.') ;
INSERT INTO message values('139' ,'green-airport@gmail.fr', '7','Sun Feb 27 2033','Nusuh ezujavo wa keeja wilromor cehiktu peke pe siggabre bohba lebhud tabakgoj cub ka.') ;
INSERT INTO message values('140' ,'entertaining-stranger@videotron.fr', '32','Thu Feb 16 2073','Ebiahi abilefhe cej umeaj hizduboni ajo siduhuje metiplo dawfi fevoc atze kikucu jianiig li.') ;
INSERT INTO message values('141' ,'perfect-knee@mac.fr', '50','Wed Mar 24 2106','Ibati lalaffut vujob sof bueru uvubocej kohti ce gebuvci zu zaj zorlucpud gek ba.') ;
INSERT INTO message values('142' ,'perfect-knee@mac.fr', '46','Wed Aug 03 2089','Han forbov zuvmoh lekig ozjoh is lamojuga aj cez ulo kig bu wocve di sunfe tipof.') ;
INSERT INTO message values('143' ,'perfect-knee@mac.fr', '46','Sun Sep 03 2017','Jud zudodgum viv uc nalcib ne wihihe ko eti jezpowuwi su rig akuobso mu amidikac nomjeiw ino.') ;
INSERT INTO message values('144' ,'mountainous-crowd@mac.co', '5','Sat Feb 18 2108','Leske iwfuh cazahit odnobuk vegcuga bosgej pa kuj evaegle siog kofudi jejhare mep kakirnu vapgop rit tupiw zuvfomaz.') ;
INSERT INTO message values('145' ,'careful-committee@videotron.ca', '15','Fri Apr 04 2025','Ev avesutkew ned fus ni so dunte imacev ojief ped tudnaped zaf hurboke rihdul weg.') ;
INSERT INTO message values('146' ,'wry-request@mac.us', '15','Sat Dec 20 2110','Ba gaogab cidfif mizgarad zoretdi nawof guvhewim ijcepov uvreuza zirojev wecfo ni noflonag up feggujo.') ;
INSERT INTO message values('147' ,'chunky-silver@gmail.uk', '11','Sun May 18 2042','Davar vepuhic petife tu uzva ocmohub imegu jetolru zadiver daze unwuule abu.') ;
INSERT INTO message values('148' ,'ludicrous-cub@mac.fr', '49','Tue Nov 06 2046','Wogic kufle rahobenig gah viz rirudec ed melsottoz di paod pofgozodu dufa pob agowe lamrodo lah hucam ih.') ;
INSERT INTO message values('149' ,'damp-tree@me.us', '45','Sun Jun 25 2084','Abu japo iti conjehjej nonga betu lot rud mo tal wen newaaho norwopgeg pa.') ;
INSERT INTO message values('150' ,'purring-stream@hotmail.net', '27','Sun Jan 23 2039','Efanu masuv ocu lazrabol hubishu hiwpupob jab hifato urzigij wi warip eviko okevoskup mirven nagcaf.') ;
INSERT INTO message values('151' ,'merciful-degree@icloud.fr', '1','Mon Apr 15 2109','Livfo dusil jeb jas ho pu kuva zi to madowbe newa levehe cu cimi novecof gi dit.') ;
INSERT INTO message values('152' ,'barbarous-railway@yahoo.co', '46','Sun Jul 16 2079','Onanbi woh fadi ah ipekaril eno wiwbo dojafoca wuncanuda arusegwuk muh ih ok hu fabiko cuamo ka.') ;
INSERT INTO message values('153' ,'mountainous-crowd@mac.co', '49','Thu Sep 20 2018','Suivwoh kuducu udu upugef abumu fezgar as leto la ceokinu zal niligku tiulibol.') ;
INSERT INTO message values('154' ,'obtainable-cannon@yahoo.com', '42','Sat Sep 25 2117','Muuki ejijo nom fowdu joje mirpojij fajfoh sozimci fujih leh ivituhom pukah.') ;
INSERT INTO message values('155' ,'civil-houses@icloud.io', '23','Fri Dec 20 2024','Gasginiz wuad goopalo zazew sec ejo ujire jafeez vizaw gadukpoz posmihu me mulohag uji tu.') ;
INSERT INTO message values('156' ,'smooth-sheep@yahoo.com', '49','Thu Jan 29 2037','Kivumzi eke jetvajtat ham vukobo juphihle viaktu tikalge huv ducaci odofu guwa acazimwe mofi liji.') ;
INSERT INTO message values('157' ,'abounding-income@sympatico.io', '10','Sun Apr 07 2097','Canodpez abrun tej tup cuanu huone waon noefdew be cufeip gictu lusramul iv.') ;
INSERT INTO message values('158' ,'dark-drink@gmail.io', '2','Sat Oct 13 2046','Efaco eremiw sad misziv gegu zahrud jec dojnec nu piosu wido voh raicomi ih.') ;
INSERT INTO message values('159' ,'ludicrous-cub@mac.fr', '49','Sun Nov 15 2048','Betoha anuvuc nalbewvu fuk nagvubluc iw rapi omtoz vifewjoz sofas si kobalupiv nob gabiv zuptedda zieni zefug.') ;
INSERT INTO message values('160' ,'obtainable-popcorn@me.co', '31','Mon Aug 15 2050','Ruloca sevli vogjahit ahulo ivuunte aji ti firep vi ic das zu polimli cuh jijva zo tidbula.') ;
INSERT INTO message values('161' ,'abounding-income@sympatico.io', '10','Sat Nov 11 2090','Niucu nu ubipepma hi vag nak tub atu cewkaflut reegbuk ezji jatej opnijbaf dowvara.') ;
INSERT INTO message values('162' ,'romantic-mitten@videotron.com', '22','Mon Nov 24 2104','Rodasar gudiez ulice wek tumuf zobkefteb nic sip ki uhaf kutiine tofetavod supzam ike vom voguga.') ;
INSERT INTO message values('163' ,'careful-committee@videotron.ca', '6','Wed Apr 25 2018','Cohosa lasusuh le lum po jerlafwo vapgeh afu gil un dakablu ogekarnuv ekkeeh cage he uroaroak cargu.') ;
INSERT INTO message values('164' ,'periodic-cent@hotmail.com', '13','Sun Mar 18 2091','Uko tuwulic eso ekaem sah limmanwob su fahbaiva bazu ket ji faj zaecdah negu rugis woojosim hom.') ;
INSERT INTO message values('165' ,'abrasive-son@hotmail.fr', '31','Wed Sep 03 2042','Lenje gi gauz kat ninreva pu unji naudi wa pajtuot iwoji wivcu keucho zuvwoz.') ;
INSERT INTO message values('166' ,'painful-stocking@me.uk', '29','Mon Oct 03 2067','Ka adeihvih wu hahakja odeti mer falawpev nadgehse luf jo zoso secdazvul oc.') ;
INSERT INTO message values('167' ,'merciful-degree@icloud.fr', '6','Thu Jan 10 2036','Kehifo vivnigrop ahupemum ijuarioku oru logug mu hin rucu ewu uwido acus jadesu.') ;
INSERT INTO message values('168' ,'damp-tree@me.us', '31','Thu Oct 05 2051','Vinah bi se gopcekke fuiwwe sede hesvivraz vudeldow wobvu geb odoezge tiriga dib.') ;
INSERT INTO message values('169' ,'periodic-muscle@videotron.co', '10','Tue Oct 08 2052','Muluv sogulaha kubnesop suc nitaw bofji digbac gep gug judcac ole giwdahza icapi filcu demiwir.') ;
INSERT INTO message values('170' ,'physical-servant@sympatico.us', '18','Wed Dec 04 2115','Peces vazu pi bip jut riv buf rupzuklu jodadsi alozejop waf tahrajna icusu.') ;
INSERT INTO message values('171' ,'civil-houses@icloud.io', '12','Sun Mar 21 2049','Vob jodhol tognak uhdasa de tu ijbe pufak pih neej fif sew korewca pahharuk wejzure dup bohwih iv.') ;
INSERT INTO message values('172' ,'genial-cart@me.net', '11','Sat Jun 07 2087','Fijaj inere deb mehjuwci kaize top ajugobbik givbiwhi butu hejikka tit zogo dor ojseco ugpu mun nofol.') ;
INSERT INTO message values('173' ,'first-sleet@yahoo.uk', '50','Sat Dec 29 2035','Ganicav zauh upoido jukeruk uttebel boofejo rimudi deshavvoc bedjotoge baag puriis dij wegu.') ;
INSERT INTO message values('174' ,'screeching-road@hotmail.co', '9','Mon Jun 01 2048','Gam fil focodaf hu ka daroduca kikde nosjan fo zidegtic hijic eselizna zi val abiba zipohaja.') ;
INSERT INTO message values('175' ,'purring-stream@hotmail.net', '27','Tue Jul 26 2050','Weg vozoer boza fe segjigfac suksuje majelhu ro ruzta huhene moluoze gilu bemfip retipluj.') ;
INSERT INTO message values('176' ,'periodic-cent@hotmail.com', '13','Wed Mar 07 2114','Up fiovase mowivtak arwoluk mit noah diinibot zibopof wa til lofefku uba ef.') ;
INSERT INTO message values('177' ,'first-sleet@yahoo.uk', '50','Sat Feb 12 2061','Sabocvip viptu mewla fa muobzek ga ut cerit hom oboej uflas cir rip ele.') ;
INSERT INTO message values('178' ,'physical-servant@sympatico.us', '18','Wed Aug 06 2053','Me ferfowzi nohoto oce ajle buksinne zihiw niepogav vef pokfare foriug vuajfuh ekiim lalah pezpan.') ;
INSERT INTO message values('179' ,'fretful-instrument@hotmail.fr', '29','Tue Sep 08 2076','Cemsabu fadmo baono woj muoclo beno fouha gajefiri vaalu hefenta eriswer tosik gofarhow unoab ba.') ;
INSERT INTO message values('180' ,'merciful-degree@icloud.fr', '6','Tue Aug 05 2025','Kati gacapu degiw vi ruh papucan az mabzof siaro nor pucasma horemwol nodhanru nan moam jalpap.') ;
INSERT INTO message values('181' ,'envious-butter@videotron.net', '2','Thu Jan 09 2048','Owgadem jofacasa osifohle ud oj razfu ictirtak owsa haohwa to untopta bef jamo jal cemucoome lelo hasvagir.') ;
INSERT INTO message values('182' ,'rapid-books@videotron.com', '10','Fri Jun 13 2059','Ortebuzu akezo wozefpag soj rij lugviwuwi fuc gel tev divur avo uzo.') ;
INSERT INTO message values('183' ,'dry-pump@mac.us', '43','Mon Apr 25 2072','Ducazdob wipcod morha ofiwifwe pobu vad mu ipi parek sabemase kugot mihijnil arpujgug fajrohga vuasamu sepes ipounso.') ;
INSERT INTO message values('184' ,'common-umbrella@me.io', '16','Wed Oct 18 2102','Ekuukuvu kigum had jucufopu wataziwe futfim hu utaegmu toke iheib abidaska ka.') ;
INSERT INTO message values('185' ,'crazy-wrist@icloud.com', '41','Sun Oct 18 2065','Vufun boguri odoufivag mubijpi vipimin og woz cek azo toz acaune cetod ovolu munkuf fusitac.') ;
INSERT INTO message values('186' ,'rigid-measure@me.io', '29','Sun Nov 09 2036','Cudlo rohodpel ziw lu gu nog bu silon um ifa etgizja ta.') ;
INSERT INTO message values('187' ,'evil-minister@gmail.io', '47','Sun Feb 13 2050','Vouh le meuwo wic gafa tasilfo wo hawced usa tolfevem banag pe sufomuweg edi we ekane.') ;
INSERT INTO message values('188' ,'entertaining-stranger@videotron.fr', '45','Tue May 01 2114','Wecuktim leilisi tiv wel ro rarrasac ilboh wo kotosje cuvlode nicusamel iva.') ;
INSERT INTO message values('189' ,'purring-stream@hotmail.net', '16','Sun Aug 06 2056','Iporunso jujesbu gispector vifirzol watoh loc nero tisbabtiv reg kar ikuazu ve ruduwa naocoba iljiveg.') ;
INSERT INTO message values('190' ,'phobic-skate@videotron.net', '2','Sat Nov 01 2110','Faoszat colestov fechu di ebeopwob watkihag ec wer loib opu lakmune ot.') ;
INSERT INTO message values('191' ,'merciful-degree@icloud.fr', '1','Thu Jan 09 2081','Cagot rogeruz lozapisas vacvar no zoz du tejagru zub bitjun zilvujzas zadihier jeda.') ;
INSERT INTO message values('192' ,'entertaining-stranger@videotron.fr', '45','Tue Feb 15 2061','Teh pizifcen luajupo vis ekipiz joga jefojuw nejarhad wujzu wusum segfab itu.') ;
INSERT INTO message values('193' ,'serene-berry@gmail.net', '21','Tue Oct 04 2039','Hic ga va pahre vo he sikuzwoj walat iguto ak zadesna uw damfu nejjic oweuluuc fukivgih.') ;
INSERT INTO message values('194' ,'selfish-house@sympatico.io', '27','Mon Jun 06 2112','Mas zuvpu awiega eta di dezezhih cizfem fabumhib locvosun arvukul cisi pidouro awacen nih hi ke tug.') ;
INSERT INTO message values('195' ,'genial-cart@me.net', '11','Wed Feb 02 2107','Muc po aca ajadacvu vawu dashe wune ajkek voj dor huzjocu miwoc te cudu joujurem zad ce awe.') ;
INSERT INTO message values('196' ,'gaping-credit@gmail.net', '28','Mon Oct 01 2063','Getcubben fefdokbec tesmecna ri uzi mir lidkuda go buvuvimu eto juszu conas vasi.') ;
INSERT INTO message values('197' ,'future-oranges@yahoo.co', '26','Tue Dec 13 2061','Jaap sisguzli orifwo za si haepuwer sulu du wug zolijom ri hebacu poaj cewic iz.') ;
INSERT INTO message values('198' ,'obtainable-popcorn@me.co', '31','Thu May 04 2028','Ova newvuftan ne foaz sob pol mu co nazibewi kohwos seawu zoviseb.') ;
INSERT INTO message values('199' ,'brown-party@icloud.us', '1','Fri Jul 14 2034','Uj rungovu cet zijkido biv biru bu dimtah paedveg jeh zefih hip vonpur cepijo ovmo til.') ;
INSERT INTO message values('200' ,'dry-pump@mac.us', '43','Sat Sep 28 2086','Garkojrar pelibve wibo wahucvif kufe hofibe dasukmap su jak cekmo viv majcig luhibu osa.') ;
INSERT INTO message values('201' ,'expensive-zinc@hotmail.ca', '22','Sat Jul 29 2079','His ohorur jeakjab cuh wociciwup hilesora pu waf ti sacapuke abucoh dowicoles.') ;
INSERT INTO message values('202' ,'heavenly-quarter@sympatico.uk', '35','Thu Sep 28 2051','Wak veniz ifsofu tulega iwe ec rabon ahe ko tur nokirhu zasba ohimosot jowhisu ilutog itupuwa amenu.') ;
INSERT INTO message values('203' ,'watery-loaf@videotron.uk', '7','Wed Sep 27 2017','Sunem wedu sid mojcicwo uracemwif war esu ponjosti wuisiume tiwe vo ijubu za hakfi.') ;
INSERT INTO message values('204' ,'crazy-wrist@icloud.com', '49','Sun Feb 11 2074','Cepcutkur cu ufpeg ula oc in toroeza rigwuze nujmuhjel tiwenkej pep pedbim si ciirobe faki doftalu avu.') ;
INSERT INTO message values('205' ,'periodic-cent@hotmail.com', '27','Thu Sep 15 2050','Oko kela udagovuc vagvewne vawuheug ho sohisjof lad pin ota sadov cipida.') ;
INSERT INTO message values('206' ,'vivacious-recess@icloud.net', '20','Mon Oct 01 2091','Fir atu dohpon memugano uk omoupkew ebfig ri ritobalih eb gup ucvulop ridensu tebotep ejupocen.') ;
INSERT INTO message values('207' ,'entertaining-stranger@videotron.fr', '3','Sun Apr 13 2053','Cilwusa unhidfih tumejfe ejawejik evze zekwuzpan jam fi gesbolu lefu tatuwa telrihu jatew ozoliiz.') ;
INSERT INTO message values('208' ,'merciful-degree@icloud.fr', '6','Tue Mar 08 2033','Ocow guwgec felutcol doske ugi bogoma vaz beb lihakpe kigcafsiz bun senmemet oj ri gozroom.') ;
INSERT INTO message values('209' ,'perfect-knee@mac.fr', '50','Sun Aug 13 2045','Lor jim zabzosga owmi ho vig leul daitoseh jeoh ku wagufo sosvanem divevaej paw rebcap igurefun.') ;
INSERT INTO message values('210' ,'evil-minister@gmail.io', '47','Sun Nov 18 2040','Sajot depfilagi kuicila jol wakse rudcedroz dekehvoc wesewob ew beswaasi saz fil futzipoh lalumsem.') ;
INSERT INTO message values('211' ,'mountainous-crowd@mac.co', '5','Mon Jul 08 2024','Hioleze rejvada uhe lodu itikuso ube lug arecwop zebkiko mev dolojosas rasjajle biheniw batviof rat ujeju wowih.') ;
INSERT INTO message values('212' ,'benevolent-whistle@icloud.net', '26','Fri May 23 2036','Zarimki ehhuneho bum kom gar son jemizeru mephaza awgumu saca wucuwo tuvebadu kin dim.') ;
INSERT INTO message values('213' ,'screeching-road@hotmail.co', '9','Fri Mar 24 2045','Ecidik ibemiwem cak oreba kis cumba sotasa de ma ara nuf sosi.') ;
INSERT INTO message values('214' ,'dark-drink@gmail.io', '2','Wed Oct 22 2025','Divuno orpe jifpuduh gejibi efaes murufbiv didirsu sul vup imefeima cerfewu dapzejo duzca vo amlebguw pimi sijrob.') ;
INSERT INTO message values('215' ,'serene-berry@gmail.net', '21','Fri Sep 08 2028','Mucirlid upuikno cunpo gobhe husag uk safug sobraf du rovdi icamigvob juhjeuv gowufov hi cowe.') ;
INSERT INTO message values('216' ,'romantic-mitten@videotron.com', '22','Fri Feb 13 2026','Itjuku gib ceh mo rodbowaw zombih bizso vu siz bu sabce neku ewifaf kefumon gifda ni suldut.') ;
INSERT INTO message values('217' ,'civil-houses@icloud.io', '23','Mon Feb 07 2107','Nivem ko wautu nolji kovzumbu hohrilpov hahba oc vejoptu asi wudoama fep ojo.') ;
INSERT INTO message values('218' ,'hateful-hill@me.com', '6','Tue Feb 21 2040','Keg go cow fekedku ana pivuw zu li esu wikjis kodut wi ken ze ceefoko.') ;
INSERT INTO message values('219' ,'expensive-zinc@hotmail.ca', '22','Sun Nov 17 2109','Cov celvu vi duf rophi leboz melwumla ev ukraspa giezamam cer zolav vomuh fonteuna ce.') ;
INSERT INTO message values('220' ,'periodic-cent@hotmail.com', '13','Sat Sep 17 2067','Sifinuj hedu midvifum ozipiwup uzivasam guv vuka verdut atfob akalu padaca cuk resvir areuh rottu.') ;
INSERT INTO message values('221' ,'watery-loaf@videotron.uk', '45','Thu Sep 01 2101','Kaoh vukjazam rowbi roso uguca en efezezhu pofjo cofo pacecbo tilekme vagawico.') ;
INSERT INTO message values('222' ,'phobic-skate@videotron.net', '50','Fri Apr 09 2077','Kuckizut vohlalis ofaha tek zenvonej te kufe ki nohhetnij memim rop ar pe vuaclov mahioki.') ;
INSERT INTO message values('223' ,'physical-servant@sympatico.us', '18','Sun Apr 01 2074','Nanifvo fijvat ovuta fogecir si weljin jowritnat benbaf ba pivsaw kopup ukmaeso abjijidu cuve civkod epo us.') ;
INSERT INTO message values('224' ,'barbarous-railway@yahoo.co', '46','Mon Sep 24 2103','Tehfiup elaajaez maehato dotetiwid te uscopez rafgevtud rumduje ba loido ligru walvuddoc.') ;
INSERT INTO message values('225' ,'perfect-knee@mac.fr', '50','Fri Jun 19 2065','Gorsip hugumid gi pa ozetum fadju betupaz rimasool vabgupki lavwu ahtil hicsupgar hedot mek pij kuof agcev pecjeko.') ;
INSERT INTO message values('226' ,'righteous-tramp@icloud.net', '42','Fri Jul 14 2079','Papafu potij dipujeko si pucatzab hihbot lajo adcet rojdoben cugviwwu elozo gejmoczig hap sar pa pahezu kipkajcar veri.') ;
INSERT INTO message values('227' ,'gruesome-tax@mac.net', '49','Thu Sep 25 2092','Ho ewgegow lebiw kas nehpidoso ugme bo jon obrazab zu fa kemsoj al ifidu.') ;
INSERT INTO message values('228' ,'careful-committee@videotron.ca', '15','Tue Jun 14 2089','Jewov evo oca sozonobe ha kimovu pe bawod mupbu sahuzged colgihoz go uncu micmig tafohotej huil dos.') ;
INSERT INTO message values('229' ,'damp-tree@me.us', '34','Thu Feb 10 2022','Atog disna tavofso sijniwi ivtafodo opzit polcabu pehfic pefopjak ukzan ev fur uta lopdo ride.') ;
INSERT INTO message values('230' ,'rigid-measure@me.io', '34','Thu Oct 20 2067','Odosi falluro dog ciwizwic con caok wocunisu lenre fosreheze nu junidep rof vodaapo dunwa ri lohur umipoace.') ;
INSERT INTO message values('231' ,'careful-committee@videotron.ca', '15','Fri Apr 10 2105','Girlalu ku rofsu getebumud kul unemi bit himuc sem daz mucwuw eji kase buhmajkuf wilbub mi.') ;
INSERT INTO message values('232' ,'ludicrous-cub@mac.fr', '49','Wed Feb 05 2025','Busasat dodamsa zaofi tojrew utajek hoodiuma lezrusen dop ha os hivhe mad.') ;
INSERT INTO message values('233' ,'old-plastic@videotron.fr', '7','Sun Feb 06 2056','Naike efe azo loralvo kantazje hazakgin nahiis riv jecad tiglokap kilo wovunuc es coje vu tujaka.') ;
INSERT INTO message values('234' ,'evil-minister@gmail.io', '21','Fri Aug 23 2086','Ipwahu hiwaz heseer desen jare maati gulaun je ciscawvi zore ukakot veta goz tah mig zo.') ;
INSERT INTO message values('235' ,'green-airport@gmail.fr', '36','Fri May 12 2017','Ape biuduuh baduti gezan gutwog ew zapoz husar sonaz ega gehu wibidine anouho.') ;
INSERT INTO message values('236' ,'future-oranges@yahoo.co', '26','Thu Jun 19 2064','Veb japi dinove dudmo wehgavo ubusupe suakmo zivneco umpapvud wa nalsiur sufzadgu jadulevak dume halne nifhot.') ;
INSERT INTO message values('237' ,'wry-request@mac.us', '15','Wed Jun 23 2106','Awzekkik ihuzuc cudib fa gewlabdu iz wuemuol irnubam jeveb ripaz beejozo wavapo cu ni.') ;
INSERT INTO message values('238' ,'gruesome-tax@mac.net', '5','Fri Apr 19 2115','Segid ru ic zahpidjof lez vo fe vasgata piriaj murir nemivov ririk.') ;
INSERT INTO message values('239' ,'phobic-skate@videotron.net', '2','Sat Nov 04 2073','Mimuipe ab vafeti buobo op uklehzep cagvinot gej piujjul falbem penlen leduwke radfe umagobo rehfuz kumized.') ;
INSERT INTO message values('240' ,'civil-houses@icloud.io', '23','Wed Jul 16 2059','Apjogfo cemla daznap vejliwe guvsare luv fe iwesi koaka cossi kube hortapmof.') ;
INSERT INTO message values('241' ,'classy-company@gmail.us', '26','Thu Aug 02 2040','Pad is gurufu bez wom lusasi waknis val siv ja zotlu cabegoda luvav.') ;
INSERT INTO message values('242' ,'obtainable-popcorn@me.co', '31','Fri Aug 19 2095','Fajnetan tivlik ozseg fa papiz bi so evriv ocodozej oferda da di zogo jide muguzi totojro.') ;
INSERT INTO message values('243' ,'physical-servant@sympatico.us', '18','Wed Dec 17 2098','Aduecwit fezcenli lufbat evni zimsekut hidu soufirav walrevili gurpagwo ri epmaawi ekupa waf jud tejo.') ;
INSERT INTO message values('244' ,'classy-company@gmail.us', '26','Tue Aug 02 2107','Moid zipeba ruwnasab veto nuj bap zubav avi jofocguz igi rekuc evfujoz.') ;
INSERT INTO message values('245' ,'crazy-wrist@icloud.com', '49','Mon Dec 29 2036','Su doeg joor fo lagak en ju digop bupvik ha ovukiv hod ovazev guhol mifwuup zovufedu gil.') ;
INSERT INTO message values('246' ,'evil-minister@gmail.io', '21','Sun Jul 03 2101','Geb ice tojharej cu iz wukjefad nufu vuocevo lo baghali bejbe pikfev ek bubta apjab.') ;
INSERT INTO message values('247' ,'smooth-sheep@yahoo.com', '49','Sun Jul 23 2051','Onket efafemcab ponu sopu konavu dufko vuzatuag oste mikbucwak eb zif hieffol jepuvpes.') ;
INSERT INTO message values('248' ,'soggy-impulse@sympatico.net', '38','Sun Sep 22 2047','Sarihohew dot ponu idara ti fenzosze bip vembar ultug gijfun zen izziji etaawa ozu rapu so.') ;
INSERT INTO message values('249' ,'entertaining-stranger@videotron.fr', '3','Sat Jul 25 2076','Oz vohevtew ahso horfedset op of fin kihzafco rinzahzot hunsa ociguhpar wipadmer ubomovob num ubom.') ;
INSERT INTO message values('250' ,'brown-party@icloud.us', '1','Sat Aug 16 2104','Kalno dehe alcivep dak cu rilzoc mallobsih weg raikajop pifulu wogra nori duw ale bagirhaj anom su.') ;
INSERT INTO message values('251' ,'entertaining-stranger@videotron.fr', '32','Thu Feb 14 2109','Vurogo wa rajvutes ra pog hilac utpu norli velepu ulewev orsatkah dilo dusgepak lotviz cuplokgu oraajezow geset pu.') ;
INSERT INTO message values('252' ,'damp-tree@me.us', '41','Fri Feb 01 2115','Kojpajniz ebovizep ipref awe etzauvi ohisige kukzifog ci pef simdozha asaheaki owcup hasjejsew sihoni ijtujvo falizi hefpaj.') ;
INSERT INTO message values('253' ,'periodic-cent@hotmail.com', '15','Mon Apr 18 2078','Laharuv dekdetut dibkaedi diwej ne hosuk musceb tujahro teim wepfez olowaeh mum jumanisuk.') ;
INSERT INTO message values('254' ,'romantic-mitten@videotron.com', '22','Wed Nov 14 2046','Figejim hehupref woscogmi ituwon ot uci rok us pisovsum pusuw fak kazalmad honugeza senokgo gig recac.') ;
INSERT INTO message values('255' ,'abounding-income@sympatico.io', '10','Sun Dec 28 2110','Ektezu socfutwen piwde si wah ipoperu se am savis lo vojeho cena.') ;
INSERT INTO message values('256' ,'mountainous-crowd@mac.co', '5','Sat Nov 30 2058','Wecmem lekobpom mi cik poan ahudoj hu al dapoben vovto lajup nupocop je lanuc.') ;
INSERT INTO message values('257' ,'future-oranges@yahoo.co', '26','Mon Feb 25 2092','Um hodbaje lozed demup jomnadute ada udais af sep sej bakif voweva wefcodi.') ;
INSERT INTO message values('258' ,'spotted-wing@yahoo.fr', '27','Tue Oct 25 2039','Roge fiprorce egusu jobnelgo elbakci sumca kedba afawneg gijunur ewtuh ojgajmik kup hefpak og vizpe ji.') ;
INSERT INTO message values('259' ,'dead-mask@hotmail.co', '34','Wed Jan 16 2104','Vorse voc am mamah apcug kek jezunka boglitol ob ro bagopzir metizda nehfek ihba.') ;
INSERT INTO message values('260' ,'dry-pump@mac.us', '43','Mon Aug 09 2100','Ace re fizmiwbuj huejduj fu tafek umwuz le jasbo bovido ifatoteta kavpag kiara wazok pagvenel.') ;
INSERT INTO message values('261' ,'careful-committee@videotron.ca', '6','Sat Sep 13 2031','Oziba ru bukmeit koraweib veralfol kakkalnub ajwucha huvokfej kinge mir hitowju mic budtu uvfiul ihsa nulko.') ;
INSERT INTO message values('262' ,'periodic-cent@hotmail.com', '15','Sat Jun 02 2040','Fisote ralosu mez otisit kuhcohga pos kic muna fohgidufi ba olucehmu li jausudu gu afu goj hofnom gemfeuhu.') ;
INSERT INTO message values('263' ,'serene-berry@gmail.net', '49','Fri Apr 13 2057','Sewinze fuvasul zire hisuv lekti vatubwu ne hepa cihmizsi bitpiuh doj ti.') ;
INSERT INTO message values('264' ,'merciful-library@hotmail.net', '24','Mon Apr 11 2101','Pipisjev tapit ca tikpapiv om ceewpa jevzewir vocuak affa afiojko vek wijka.') ;
INSERT INTO message values('265' ,'crazy-wrist@icloud.com', '49','Sat Jan 28 2096','Urapip eje onabowoli if coithe sokdemik tor jadwoc gesver ocila muitpu usbazsi eni volul uzigaf.') ;
INSERT INTO message values('266' ,'fretful-instrument@hotmail.fr', '1','Thu Jan 28 2066','Ifu ahru alimawu do gi togah ke ecunu govirto maabu larli jam ebeeno lec.') ;
INSERT INTO message values('267' ,'damp-tree@me.us', '39','Wed May 10 2045','Efriula zuc rovpe zopegeeha nazmilmi col fa hehol icairu ode harcasjin agwub.') ;
INSERT INTO message values('268' ,'periodic-cent@hotmail.com', '35','Mon Feb 21 2050','Derpu adaseat fe zuvappi nanone uhva ib nepliz wipgeaf ge suszaw nibedpad iti.') ;
INSERT INTO message values('269' ,'motionless-birds@hotmail.ca', '17','Sun Oct 19 2042','Wano dofatci pu alufatkow gaume zisegwo kopfotco eponjej deub iltadka wup jaosu gamal hoabco esje monvarbuh.') ;
INSERT INTO message values('270' ,'smooth-sheep@yahoo.com', '49','Sat Jan 02 2072','Sim mejgop oksab opa zubel macobi veprubape filekzuj dep bifnej biuzi umupucig nuz zapto umhoew zuhav.') ;
INSERT INTO message values('271' ,'wry-request@mac.us', '39','Sun Jul 24 2022','Ugi fesoj cec civobew boril ajvew ficijfow lohlounu befapre ci nav emoko warked uviku.') ;
INSERT INTO message values('272' ,'benevolent-whistle@icloud.net', '7','Sat Jul 04 2105','Poetbuv azo erifuwmi vozame waik bicacas zal fianiow wud som je leba badvo kegernu jiin ir.') ;
INSERT INTO message values('273' ,'damp-tree@me.us', '45','Mon Jun 19 2028','Wob jemefu wosejsi uh navavidi iwileccu wok vupiwu loneruc vi ojajoler tifipa sekoco kepurabob ni enowbub ejsika.') ;
INSERT INTO message values('274' ,'gruesome-tax@mac.net', '38','Tue Apr 01 2036','Wadluwod ali caruf uwupegke vo dow nakbawmor po evzaiha ara loppat hegepizu pu.') ;
INSERT INTO message values('275' ,'hateful-hill@me.com', '6','Mon Jan 20 2059','Bujtifub moc vaiza guwhon pilga kujludob poez enwebow izmobec gemap bemte ep zuzfe awepum ajoondip irirot zuzlijiw dij.') ;
INSERT INTO message values('276' ,'civil-houses@icloud.io', '23','Sun Jan 22 2045','Ta ufoizaes urita nudej al kizhi suene ra gabagos wosre boc co hif momdizav ut desbipe coceh.') ;
INSERT INTO message values('277' ,'damp-tree@me.us', '45','Tue May 08 2096','Citejaej gisihaju do rugaz vezutja vo zouwgu gu ves winkaki zolelu popdifgu vehur votmogtik adezab fiimilew sofivah opoop.') ;
INSERT INTO message values('278' ,'first-sleet@yahoo.uk', '50','Thu Jun 12 2064','Gamaze piw lo imnizah kofjis suwirke tejvu ar agekompag hedpazu bedojkiz famnor fiitodi ji kopozen se ge.') ;
INSERT INTO message values('279' ,'vivacious-recess@icloud.net', '20','Wed Feb 14 2018','Ligfachuz zam ji lugebha volobo me negdubruk le huv mud avehefzi ufafesav iwej libmi pahvija uso je.') ;
INSERT INTO message values('280' ,'screeching-road@hotmail.co', '39','Sat Dec 25 2106','Morbij vezwo veb vi batdile cobojicu nuvos ikkahut felu roifpi dab gejin.') ;
INSERT INTO message values('281' ,'protective-plastic@gmail.net', '4','Sun Apr 11 2038','Vobgu jah josuaze najedef nuk he kusnel kafva lar uvauzvik nivzoh di.') ;
INSERT INTO message values('282' ,'likeable-harbor@me.io', '48','Fri Nov 19 2060','Suz hajkagwoc tulik kivathil mul ti waedve veile onowe pojope vaje komhug je umaedo ebafogdo todmeb hib.') ;
INSERT INTO message values('283' ,'watery-loaf@videotron.uk', '7','Mon Jan 13 2048','Vikvu kic toh sa zed ap nohsufabi gecopfe romfazuz ne sood ih.') ;
INSERT INTO message values('284' ,'chunky-silver@gmail.uk', '11','Sat Nov 29 2098','Hezwojotu wugevaje or daviw jawzas pazozpa lif ocaz namatabop sucake badeok nirikru mu nuljub li.') ;
INSERT INTO message values('285' ,'panoramic-foot@gmail.us', '3','Thu Nov 19 2116','Gurnahi ezo seze onatu divef vulidgaj pi re cizukba imawuna cukcucofi lezisne bovujpe ovcasge.') ;
INSERT INTO message values('286' ,'smooth-sheep@yahoo.com', '49','Wed May 09 2096','Nafir masafbud ret ge debil mojwinote wavorwe upboj avzeufu mucve dogok atuletec luk koigiloc jaj akuolid.') ;
INSERT INTO message values('287' ,'periodic-cent@hotmail.com', '27','Sat Apr 21 2068','Sir ujudafjev livimibes dat ra hinpive jajok itorefge nor zaafisa dogis wodec fa uwu curci.') ;
INSERT INTO message values('288' ,'gruesome-tax@mac.net', '38','Wed Jun 25 2053','Jig iku nehihve buskiw vacejwed egbid rap pa evpaf iweiza orwista hile sedbozi.') ;
INSERT INTO message values('289' ,'watery-loaf@videotron.uk', '45','Wed Nov 17 2049','Voko cehla inooh of ej ozu ma ha zeniad haluv ajelowviz waloco.') ;
INSERT INTO message values('290' ,'phobic-skate@videotron.net', '2','Tue Nov 07 2090','Ozizu vu ge naolodo mabu jel kifa mevzib sipe ducmid neojucoc sig kaw pamab ap zu je vibum.') ;
INSERT INTO message values('291' ,'obtainable-cannon@yahoo.com', '2','Mon Jan 27 2025','Pugo sennu pe bewobus wugor jusmecof wemgausu cosowuduk go apo hum ruuso ugeab wietvaj rucari.') ;
INSERT INTO message values('292' ,'damp-tree@me.us', '45','Fri Jun 18 2088','Ef ipicekom na terpa suk joj gimtes hazjatus so wuwha ga tekemdo juzsod zen dulipca umhum af kokvo.') ;
INSERT INTO message values('293' ,'civil-houses@icloud.io', '23','Thu Mar 08 2068','Tuzu je tumafu nel ug ag nuhbivek dola vipajav ramjinos duku wi zojrata mu apjeref.') ;
INSERT INTO message values('294' ,'dry-pump@mac.us', '40','Wed Jul 31 2109','Ubeuwbi bev paj mi now giuri ba of embuw cogiko cordaczu nuz himega nedten hujofe pakoka.') ;
INSERT INTO message values('295' ,'miscreant-girl@icloud.net', '33','Mon Oct 11 2106','Guz coztibo girfohe zucuvman wo ukoja polbi lil dadjut fuig jamjigbo diwdigof zeadu tu fobcecero sekciske.') ;
INSERT INTO message values('296' ,'romantic-mitten@videotron.com', '37','Tue Oct 29 2058','Ahfo uf wev veojaoke weso jakowgu diure jar jem ga nodo ab ojfuze ognutik pewkul mulregla guasutu.') ;
INSERT INTO message values('297' ,'heavenly-quarter@sympatico.uk', '35','Sun Feb 23 2048','Gotuseudu ca nafepsez osi kadoflah zefi lubman ek zabeb pef puciwle orobevo baruwioki.') ;
INSERT INTO message values('298' ,'gruesome-tax@mac.net', '5','Wed Sep 01 2066','Halto ebo uni mante wundo rilvufvet nul abfa miribnek mineop di ov tendul me opmekori.') ;
INSERT INTO message values('299' ,'abrasive-son@hotmail.fr', '31','Wed Jan 17 2035','Pipgote gewa ho nano huk nid gufiji kirej vegafer moum lel hohis gi etejar ujugerigu ave jutzukget.') ;
INSERT INTO message values('300' ,'serene-berry@gmail.net', '21','Sat Jul 14 2096','Fosoha dofuwdaz mawida pial vevupgat tafurovo viwuke ratlen cuerfi jug fubuhfup ron hifunvu.') ;
INSERT INTO message values('301' ,'pastoral-border@me.us', '5','Sat Nov 22 2042','Gobodudi ok dewom fa ka utnoun wu mob fasu deek pam gaovuzep celsu zif tuwe.') ;
INSERT INTO message values('302' ,'benevolent-whistle@icloud.net', '7','Tue Jun 10 2081','Fotju vefesu boj fasotic ubacucce inkider for cioz vicur rejvesba kuralwa jamuhja ummauf lompamfaz pu.') ;
INSERT INTO message values('303' ,'chunky-silver@gmail.uk', '11','Sat Jun 12 2094','Niw op cabtamuv ficutga goscaj ofazcad nasce dezurdov eb cimu modjiic opgouka.') ;
INSERT INTO message values('304' ,'painful-stocking@me.uk', '29','Thu Nov 04 2100','Zed he derki roggavij ti vafa zolojji kidpa intuhkep vuntac tonuf zefivod gatohja fec vih.') ;
INSERT INTO message values('305' ,'selfish-house@sympatico.io', '27','Thu Dec 18 2092','Lanhurbe ikael wat wecfiv cojzoh laujoze upoiceso peh fo hi diuga koknapif mamem jahpav val.') ;
INSERT INTO message values('306' ,'screeching-road@hotmail.co', '39','Tue Nov 04 2104','Hav pefdad lutsa tagu apubaob bupu mikha cihfo vewobvos cijdom obosuvik ze tuwnova wadieb jiofbot rabhejef majegka.') ;
INSERT INTO message values('307' ,'screeching-road@hotmail.co', '9','Mon May 25 2020','Talippaz kinuol pibupa faajut udezevam ufumaoga ubjif koju zi zefur ha bi.') ;
INSERT INTO message values('308' ,'phobic-skate@videotron.net', '16','Sun Apr 20 2064','Ru painalat liku woktajpov weruh pougvez rucuh zofoic duawuzi seluwpeb sejat insam.') ;
INSERT INTO message values('309' ,'casual-roof@mac.com', '11','Mon May 03 2038','Tafof ufu avoefbi lam vimzov wimneca pefbeb ev sivkacdo izagohas ula amunam wuvopho ga.') ;
INSERT INTO message values('310' ,'physical-servant@sympatico.us', '48','Sun Jun 28 2065','Gi luf noone vusij molirhi hage jegrogpum jimus nebsuwafe vaezatu gizmusuh joroan pos dohviweg.') ;
INSERT INTO message values('311' ,'periodic-muscle@videotron.co', '10','Fri Aug 14 2093','Kasze subuli ospi jo zoli bopos mojjag ago va gis awo furrobi sutil dowdi.') ;
INSERT INTO message values('312' ,'gruesome-tax@mac.net', '5','Sun Oct 15 2028','Ozuhibav mobzagoz limew fu bugtuchuf kanugwap safesada ik dowdiker bazric mufbefa iwo arejule tug asfe re.') ;
INSERT INTO message values('313' ,'obtainable-cannon@yahoo.com', '42','Fri May 12 2079','Wuwa lospuci uraiw kovdolro ilu fopi lusut nigi fu col rehil ifteuc bipvacvud mor.') ;
INSERT INTO message values('314' ,'benevolent-whistle@icloud.net', '7','Tue Jan 23 2018','Imsak zovrazfen irjo mav og di hauju fuzradal hisuvon rofso rimowka hipvoso ba afo owuhugciz ni.') ;
INSERT INTO message values('315' ,'fretful-instrument@hotmail.fr', '20','Thu Jul 26 2114','Wo weba sismude aci haw ha asji defamol poznec nimjazke ilurose hifonma gah od jabjuiv gima.') ;
INSERT INTO message values('316' ,'serene-berry@gmail.net', '49','Wed Mar 01 2034','Cawe vow te ruuza luj oba numinoj vozil uv bif uvhuuvo ti baafucab.') ;
INSERT INTO message values('317' ,'rigid-measure@me.io', '34','Fri Aug 27 2077','Juwzo femobog nomev sigikvud zatiw sawuhe tohheifi ibadojcu bu aruzizug hatwihkak cisepav bonmabut taw emujohar apa wo pivate.') ;
INSERT INTO message values('318' ,'rapid-books@videotron.com', '10','Wed Aug 14 2041','Obuhizo le evcus owaatego veg puorfu ifesebe ja miwip ohmuc wir kuras fe wos eliacme.') ;
INSERT INTO message values('319' ,'selfish-house@sympatico.io', '27','Thu Nov 18 2117','Guramgas wo seltekcus leugunev ja vehso logaggi zustuez retize ahkutud nuta calarno talso bedmin.') ;
INSERT INTO message values('320' ,'green-airport@gmail.fr', '7','Wed Feb 19 2031','Jud ba lico muhuma pamlaz pur omuvepfom wo ibpev votfe emcoli aj.') ;
INSERT INTO message values('321' ,'forlorn-aunt@gmail.uk', '50','Thu Dec 01 2095','Agmo cutret mucbozam cokizol fu ipepu goviwfat rucfuv tur galfas pofoul liuze ak ermaje.') ;
INSERT INTO message values('322' ,'green-airport@gmail.fr', '7','Sun Nov 12 2084','Lu lov low fewune zoilu ug mazi pomjol po bu niifino murkebito urvok te iwuwaw mabzocep.') ;
INSERT INTO message values('323' ,'scandalous-riddle@videotron.us', '37','Thu Mar 01 2091','To kuzoh pupzit tan loh ki jerebtu viti vivhunvak gan wab kunicofos idesurzuj didenje.') ;
INSERT INTO message values('324' ,'periodic-muscle@videotron.co', '10','Sat May 16 2020','Moba riicobum ic gikanpav vuiwogik zabewmu sipotta ne sezvadsod efno omnud kog cendaca.') ;
INSERT INTO message values('325' ,'gaudy-ground@me.net', '5','Sat Jul 30 2067','Labelepa ivji duw avifaiho is kavuibe wuko fu nukmuhmuw uzowobu gapzomro guti utoli fav pi tiheg.') ;
INSERT INTO message values('326' ,'protective-plastic@gmail.net', '4','Sat Jun 26 2027','Sodpo bijesbu bu pimzus se vega ubzepedi alazohe zod la fitiz azo.') ;
INSERT INTO message values('327' ,'screeching-road@hotmail.co', '9','Mon Mar 21 2095','Ike gaz tincop ogapera fi ugavi wiahdat nifuc osaunuze wehe hurpewuga paimpep lesihaj cohakgum.') ;
INSERT INTO message values('328' ,'evil-minister@gmail.io', '21','Mon Nov 30 2026','Zusjap eviv bi unerigi suko gaod jal dehbije fidah cirneb if imri niowu nin teigra mikufu puju.') ;
INSERT INTO message values('329' ,'dark-drink@gmail.io', '43','Fri Sep 04 2020','Jacbin savec lotevi wod hi wovu vouzeru buhaewu behadmuv luhu fisosaj huwfeku fortommin ohde as guhasji.') ;
INSERT INTO message values('330' ,'green-airport@gmail.fr', '36','Thu Dec 05 2115','Nufet pog ev usmetom zeggib kovodu vegi lelso ha wedew adida zoig jifiez fo malufen hu dok vifu.') ;
INSERT INTO message values('331' ,'crazy-wrist@icloud.com', '49','Sun Nov 18 2108','Olurat detbinat rili volbimdim jecveho sotomi lircargaf cajnevow suodu gewioj ci kov veszeodu peh bazjisopi ponke tadun upujodad.') ;
INSERT INTO message values('332' ,'perfect-knee@mac.fr', '50','Fri Aug 25 2079','Ho kojez kivjirko on ezusof jilinjoz hejeca pina risnemo je lenub butiga jalcikrev.') ;
INSERT INTO message values('333' ,'dark-drink@gmail.io', '43','Sun Nov 27 2072','Wasun agsezle on nodol wogi musguf jet wumwagmo pil mudazuse irafutut ipmih me denpi.') ;
INSERT INTO message values('334' ,'jolly-jail@icloud.net', '11','Tue Apr 08 2092','Ev wiwmus oreze vona ew vejmom pawlaflac nildu kajufba kucacoze ke caw we voc demohiw cetnilemi.') ;
INSERT INTO message values('335' ,'likeable-harbor@me.io', '48','Fri Jan 20 2090','Sarari pi rur oheazhi juzvopi motisiga zichal ziamde macamdib besnum lapnihi izobelu erocebuj fudcobir das jiw.') ;
INSERT INTO message values('336' ,'first-sleet@yahoo.uk', '50','Thu Oct 02 2053','Ituujam avoec tiowtor akju up vabbutjub hu cenwewub sullog vimivok jaaju tennimic ehoeze.') ;
INSERT INTO message values('337' ,'dark-drink@gmail.io', '43','Thu May 23 2097','Posutvem borbimim vofdo lugioz maac kol gedazca meto avwu gah so efudosav wu den wimzubdi.') ;
INSERT INTO message values('338' ,'genial-cart@me.net', '11','Fri Oct 06 2017','Oveat sag osno fa fegwopzuw mojku wodlev to juspum go ri nizosnoz zippat sulni tadu.') ;
INSERT INTO message values('339' ,'careful-committee@videotron.ca', '15','Tue Apr 02 2115','Jonmophip pi otez midimjo luf ce kuc rusjov ka widkojir ef comna puamdot.') ;
INSERT INTO message values('340' ,'elated-meeting@yahoo.io', '2','Sun Sep 14 2042','Cuwfoj tam uhzahzi ozukoek losror uf ror kohviwi rubuwal kidebne bigzeh ahluh tuusahu za.') ;
INSERT INTO message values('341' ,'rapid-books@videotron.com', '10','Sun Oct 05 2064','Lusivi wun ik ado awehon kavwa sul vicunpul bamur uciwin re tewovij.') ;
INSERT INTO message values('342' ,'smiley-metal@icloud.fr', '32','Sun Jul 22 2091','Feke soh sowone jo lid kova jiw re majucu hedre jogmasod olihoplul nathofah mun zicilu gocez.') ;
INSERT INTO message values('343' ,'green-airport@gmail.fr', '36','Mon May 14 2040','Jakahara on dowimor kevmocsos etir zoehi jaw nutbejub sibtim meodsu zubre hobogva dovrurmo cak mukwup.') ;
INSERT INTO message values('344' ,'mute-year@mac.com', '45','Wed Feb 19 2116','Moc ecuklo jo wemo agtapbap ihasej ih ko suoc leru han ref.') ;
INSERT INTO message values('345' ,'wry-request@mac.us', '2','Sun Dec 20 2082','Jamkaf wuctapdih caiwe wesat bedisuj na hopik feifaje utu zozhaw iskiweg jetedhoc we nava.') ;
INSERT INTO message values('346' ,'civil-houses@icloud.io', '12','Fri Aug 27 2038','Uja fo mom iflempe ficwad hudico ve pusuzima jin bom jujdavon sec oteapu cu teav muv.') ;
INSERT INTO message values('347' ,'ludicrous-cub@mac.fr', '49','Mon Jun 09 2110','Owuwu at ocpib badfe vaptatule pi jon zihar isurab henoz nu ata nikeju puku.') ;
INSERT INTO message values('348' ,'abounding-income@sympatico.io', '44','Wed Aug 03 2101','Ideojli ocehaka du ed fifciva gekij zaamtel ze savnite cevho riftip teczaji giusiawu fugpu tagwukgi muktuh janinmak.') ;
INSERT INTO message values('349' ,'dead-mask@hotmail.co', '8','Tue Jan 15 2092','Vetfakra wi isgih ca somushir revuro macwefup ritra vevi ha wikeem li simucova zevi mad.') ;
INSERT INTO message values('350' ,'phobic-skate@videotron.net', '2','Tue Dec 04 2018','Opu doup odidat ef vut fifsahov fuftev fo av cuhelej noh na goeki paz.') ;
INSERT INTO message values('351' ,'fretful-instrument@hotmail.fr', '29','Sat Dec 27 2092','Hevtu mezez afoki jobwimel roensuh lik ecewubvo pijkebca careifo iwais zokak zideppu lej ril fuepjo pimi dojog godunfa.') ;
INSERT INTO message values('352' ,'panoramic-foot@gmail.us', '19','Fri Feb 13 2082','En wukizduk nubejah jidit ilavulbo zahof ep barjabas rupbawwu tumedur rurinu binehute.') ;
INSERT INTO message values('353' ,'careful-committee@videotron.ca', '15','Tue Dec 19 2079','Se is gecubpe udoatpug okiivazu ne niroffaj rozanin dij calimom falirgu ce iwsoc lozfumhuz buje oz hoijimo me.') ;
INSERT INTO message values('354' ,'dry-pump@mac.us', '43','Mon Nov 27 2113','Tuh vobagkep we li sa ac nofuziuw opa netiwosih ca ajlopasu zafo lecjuw.') ;
INSERT INTO message values('355' ,'wry-request@mac.us', '15','Tue Jun 18 2069','Nuntek decag solukto livda tor innokif puf somrinul hipip ov tahnizle zez.') ;
INSERT INTO message values('356' ,'righteous-tramp@icloud.net', '42','Wed Oct 11 2084','Mawu lafne wufubi uvuba roniboh dez howid luvpuva vunaun mid ujweug vudjepav tuvrevlus kis kic buli jivne.') ;
INSERT INTO message values('357' ,'watery-loaf@videotron.uk', '7','Mon Oct 23 2073','Levej adu ceol nu gutwej fe lannahfe go uwe zofvu zibpavu juvrozpi siin uteiguog awfel biim liduk.') ;
INSERT INTO message values('358' ,'gruesome-tax@mac.net', '49','Fri Oct 10 2031','Iwiiduavo kiij rusibom kumpa baf zimit zohi was wi caccib fes va pinu udehure zu jita amoafbah.') ;
INSERT INTO message values('359' ,'regal-rod@me.co', '30','Fri Mar 29 2097','Bawa tiwimog heli gun hir pehlo majenab ni nuhdumac tehcad meh ab sawnat wew.') ;
INSERT INTO message values('360' ,'super-line@icloud.net', '32','Fri Mar 18 2072','Avonapjit tel pa firujehu bi kizdime rar fa pu gorel es rakkus.') ;
INSERT INTO message values('361' ,'scandalous-riddle@videotron.us', '27','Sun Sep 04 2078','Ofajef juawuuvo dim nof onbimeg tu aspik movuniv to ko umevezu camege mobcig noduvuw kopkekig nepa.') ;
INSERT INTO message values('362' ,'screeching-road@hotmail.co', '9','Tue Mar 01 2050','Isumgok ubwah uh hina zazij huefta diwjehi dinazuw manbitziv pa hucoh ud fifsij wan rasoho mujfod kin.') ;
INSERT INTO message values('363' ,'obtainable-popcorn@me.co', '31','Fri Mar 22 2024','Ti cobig erfoju acvag ejbos umi kizumtu darru gun pes vogutow kevme rivgij bulampaj lasuk bedehsil boub eb.') ;
INSERT INTO message values('364' ,'vivid-island@mac.com', '10','Wed Jun 28 2102','Onca da zedwohud dap hidwec rectivzu zeakela ilu boasa roudbug degulrow nihiso guwag kov.') ;
INSERT INTO message values('365' ,'benevolent-whistle@icloud.net', '26','Sat Jul 29 2017','Meji ref fohpelem ozih imulo lak butuwap kaso nulih akcom ri japectet inaewewus.') ;
INSERT INTO message values('366' ,'obtainable-popcorn@me.co', '31','Wed Feb 17 2077','Vute vi guf fedca gor hep ocpur begro vu volehov kuso tufi faz odpev jivlugo muh gowiw pu.') ;
INSERT INTO message values('367' ,'future-oranges@yahoo.co', '26','Sat Feb 13 2072','Baf em ohgom siluk zoum vopkuw tiwlifu owvuj lumbub ra ves ge hel ali monciw.') ;
INSERT INTO message values('368' ,'painful-stocking@me.uk', '16','Wed Sep 08 2021','Sisafa seotor dokcepo deucotun puv kufunzuw jizec gercaji geka leffuman jegku rijav.') ;
INSERT INTO message values('369' ,'damp-tree@me.us', '39','Sun Jan 10 2021','Uv jitevun bamu liluzpe ecoihdol teuh ozgufi todwu ibosami lagibo iwkop kor nazmocof dekucef fi.') ;
INSERT INTO message values('370' ,'obtainable-popcorn@me.co', '31','Fri Aug 30 2024','Pilova ifveodu tilaz je ora bi danzed tus ok cogod rotetom topij.') ;
INSERT INTO message values('371' ,'pastoral-border@me.us', '5','Sat Oct 24 2116','Lottuuwe guhin seram refno ogno lav ihoigwas hawicpon itu ja naine mocarufab wem sefad kicba reiwu kun nivido.') ;
INSERT INTO message values('372' ,'barbarous-railway@yahoo.co', '46','Wed Jun 30 2027','Nazaga eri puza gucul fapezu ovamofa rebte ugko fe ahu gof di hi guda gukijo uw kabvic rumtemi.') ;
INSERT INTO message values('373' ,'romantic-mitten@videotron.com', '22','Thu Mar 30 2113','Ow sicjopad ki va ejmo ro supduj coj ifu ja zulcoak sooj olnegtol je nuuge za.') ;
INSERT INTO message values('374' ,'old-plastic@videotron.fr', '7','Mon May 09 2089','Kamwij safzuwar pinooj juz kubteiz ajonobba sovug ha buivu huw za likkutiro folos jek cal wor.') ;
INSERT INTO message values('375' ,'evil-minister@gmail.io', '47','Sun Feb 02 2116','Zeznu ne re nummevwuh kosive icisad zuv zud at nuro te jof zot.') ;
INSERT INTO message values('376' ,'damp-tree@me.us', '42','Fri Nov 13 2048','Dircub acaheskif linwi lul heglopco ubkip if hosoj omodmev nilun mukuni muta ruj ol pioze gat henwohok.') ;
INSERT INTO message values('377' ,'dry-pump@mac.us', '40','Sun Aug 09 2054','Ga fedeb ewefu bazcarro am ta bonnucir wud dujja ravcecoli teafpon upo siufu.') ;
INSERT INTO message values('378' ,'fretful-instrument@hotmail.fr', '29','Sat Jun 02 2046','Rusegdir pananu gidjiv cewevokev faw to uhuzate osi binem veftov hem gabih ewoej epema fi erujen etewuwi zezuh.') ;
INSERT INTO message values('379' ,'phobic-skate@videotron.net', '50','Sun Mar 16 2110','Home nufdi la ewezov gigjurvic eba tiho neudhi ed ha vaffuj pufrijpo zo vimokuvi warej.') ;
INSERT INTO message values('380' ,'periodic-muscle@videotron.co', '10','Wed Aug 04 2077','Ebulanjo itigo ritwuzjep donkunzes jegwepel vusniloh ag hik ivaci efvalku wudtowa vamo ruvbede bo gosijo biwijemib otin.') ;
INSERT INTO message values('381' ,'tangible-harbor@mac.uk', '5','Wed Nov 06 2086','Buv humhevdom zoc jehjon hadifses ohdel gemtiw sisugu aklu pabag coc ben hucpiv.') ;
INSERT INTO message values('382' ,'disgusting-door@mac.co', '5','Sun Dec 18 2044','Fu noulot kit wovfaz divumhog ewusapin hosse ahes lap hun junnib dibje acjo padacvu abelikuz di legid.') ;
INSERT INTO message values('383' ,'romantic-mitten@videotron.com', '19','Mon Apr 24 2090','Ji aze wetni mev odo bit egi robuduj bola di reconehu orefeg.') ;
INSERT INTO message values('384' ,'damp-tree@me.us', '42','Wed Feb 02 2039','Vat kej ho lu gun uhjolsi onovaivi wubsug maf hekok ta on tuju luswop konjabec.') ;
INSERT INTO message values('385' ,'pretty-feeling@mac.co', '7','Sat Feb 25 2068','Jiul denevrak tel fab hofawoc zeabenit ajti udwuhjon jo umi gifota tawemu impal vedi lun otodif.') ;
INSERT INTO message values('386' ,'entertaining-stranger@videotron.fr', '32','Sat Apr 21 2018','Butvutte mijulse raaf bukunhov lodu divida urozo me ovtubti si okdeafu ruk.') ;
INSERT INTO message values('387' ,'benevolent-whistle@icloud.net', '7','Wed Aug 26 2048','Sojawove dinkifbe bok ihubek fimez dig okcidza agituh binve ba wuwfoba vukje fakjioti.') ;
INSERT INTO message values('388' ,'righteous-tramp@icloud.net', '45','Thu Nov 29 2074','Keze hada uvedohij uwoupdam zolo wofcajtir kuz ludovful ovitu onsa vafelef caf zerjuhke.') ;
INSERT INTO message values('389' ,'wanted-pump@gmail.net', '23','Wed Jul 14 2100','Agubeb ja guwelhu nahuput decsa ta zigve malmicim hakil jubdigluj nep bec zejo tiofehe viombe abusueli.') ;
INSERT INTO message values('390' ,'wry-request@mac.us', '39','Fri Jan 20 2079','Tog umkopve pohporfi taljadide cunamla baog pahab otiabtu erole jodfi pob iviwowvof utazejpu.') ;
INSERT INTO message values('391' ,'benevolent-whistle@icloud.net', '26','Fri Jun 27 2104','Kikumsuz kabe za onzag gucajaw abse cekgenti zol got ner imeraf siwnoptu evaegijut ci hepfalpaf ritu bihrez.') ;
INSERT INTO message values('392' ,'green-airport@gmail.fr', '36','Thu Aug 17 2023','Ni wokbutrot izbib lactuszek semi aza raggo eko na lac mekit mamog vevneboh hed ta.') ;
INSERT INTO message values('393' ,'protective-plastic@gmail.net', '12','Thu Oct 15 2054','Rajes hafmuhma ezbopni fumij piunebi ifu sa zetwin okelunza luovagig ose lut ze.') ;
INSERT INTO message values('394' ,'scandalous-riddle@videotron.us', '43','Fri Dec 29 2090','Ji zepiz pibiv anapur selecab wu coted ovesefmor puwrureb lenobwaw dur jevabo.') ;
INSERT INTO message values('395' ,'first-sleet@yahoo.uk', '50','Tue Apr 24 2108','Ejo omotiggi ziduc zefsiiv paazbi bocfillep aka evelo madnus enebub sehivvut oz kiplobte mo win citno rahe lisovwon.') ;
INSERT INTO message values('396' ,'classy-company@gmail.us', '26','Mon Mar 07 2112','Ni sura hagufi wihapud ehe ucwol onupelgo tov dil sowbavge dujohu hiw dez lug vubzu puvmib gaza.') ;
INSERT INTO message values('397' ,'mountainous-crowd@mac.co', '36','Sun Nov 27 2101','Cidaz abogimi na zesfekjo lowsuri pa hol gozuno lupe ara puzi erunodo fot tov.') ;
INSERT INTO message values('398' ,'heavenly-quarter@sympatico.uk', '35','Wed Jan 30 2075','Mugwo suciv jepi bicrifu fihmowil pup siltiwob go zu todzawi jitgat jukedika bazjajwe ge ingewe uvti tej.') ;
INSERT INTO message values('399' ,'ludicrous-cub@mac.fr', '49','Sat Aug 22 2037','Gopsarcaw pumiffe guik odeto ku hakupbe gokitnu ukaoli icoogedab nop bav maswir inmi daot.') ;
INSERT INTO message values('400' ,'abrasive-son@hotmail.fr', '31','Mon May 27 2109','Te uda nuj kepowtip obwamro uhhok anero vu icav af walhacor ci ce dikrir gal.') ;
INSERT INTO message values('401' ,'mountainous-crowd@mac.co', '49','Wed Jan 28 2071','Fepejdo vonacuja ze ca doz jeluj vitbul ite rizuzpup bovotgi ehwel esizos.') ;
INSERT INTO message values('402' ,'mountainous-crowd@mac.co', '5','Wed Aug 10 2044','Wuzu ras vad bik halid miahmi eku dos woreh cewmebal zuglopsop jerwuomu ohuro ipenic vadiga pu.') ;
INSERT INTO message values('403' ,'abrasive-son@hotmail.fr', '31','Mon Oct 13 2070','Wo zead hibi pif rume hebosuv ic vilebuez melgo ogituvbol unewovmi zuznoha rad erage ropiri ga.') ;
INSERT INTO message values('404' ,'barbarous-railway@yahoo.co', '46','Mon Sep 20 2032','Ko caumu tolaje sovterpor hihbe awasoh um tam tanbeiw tibuje cuomu egiruava ore evalu fi furadu.') ;
INSERT INTO message values('405' ,'dark-drink@gmail.io', '43','Sun Dec 05 2066','Ladirre ub uj zej uduuh fismoeto efudu daha ki henjo wopzev dad oda zagjadon idozo as.') ;
INSERT INTO message values('406' ,'scandalous-riddle@videotron.us', '43','Mon Jan 29 2035','Donrud fekoini ba bu wa irko rohka lura gon duto cakgopjat edo po veafsob opoaja naiwseg cidisis cug.') ;
INSERT INTO message values('407' ,'mountainous-crowd@mac.co', '49','Mon Aug 02 2117','Gewiruba hosouh ca gisuk garuw ki ki vumgol davlitir kog tuwkib ro.') ;
INSERT INTO message values('408' ,'screeching-road@hotmail.co', '39','Fri Apr 15 2067','Sukob afumucu narlezkub fodtur ebukaho wilwi udtafnu panejtuf jateh wodzu leahpih oliji fenuwip lepal.') ;
INSERT INTO message values('409' ,'damp-tree@me.us', '34','Mon Sep 26 2078','Zo lubvo bezfic giv biwbuwgij miwev tikiccus onhugu wos puppotgi hidfudu juri epoefoci kifibu fuokegi ur ecgu tujo.') ;
INSERT INTO message values('410' ,'spotted-wing@yahoo.fr', '27','Wed Apr 07 2049','Com tucdefiv so vekwim tercu haz davsu oh fotu rer kaw geepdid ogwa bin.') ;
INSERT INTO message values('411' ,'dark-drink@gmail.io', '2','Fri Feb 01 2058','Olzaro mebuep ji ojufero notig osouno mocca bobuh nas zovtonpo bo fepiot juju pu epetapfo.') ;
INSERT INTO message values('412' ,'painful-stocking@me.uk', '16','Fri Jun 23 2084','Wi te nak cim avapowaf rod kedbebos ze dazajjob gapu hawlon af duhazpi erezo sem uj eza.') ;
INSERT INTO message values('413' ,'wry-request@mac.us', '39','Thu Oct 22 2020','Asifoz da tefubpig novu moiguapu ikda ic hafbiz dagro cepu zala oco dibcu gusmahal hibmugku owaagewi ilububgid.') ;
INSERT INTO message values('414' ,'civil-houses@icloud.io', '23','Wed Dec 29 2032','Mub jeswidwe velilde bewmissif buv wuupena jem erbabe ako sag su go.') ;
INSERT INTO message values('415' ,'green-airport@gmail.fr', '7','Fri Aug 29 2025','Foda isukapalu vevehad tibhovo bu gisagih morji fop sa mognadni giv becin ogbiog najeptan gelkitze cod.') ;
INSERT INTO message values('416' ,'damp-tree@me.us', '31','Sun Sep 20 2054','Ziva bu goboriom je ed lizvowek lerijtik fubcoudi mormu kuf si cebi amluh.') ;
INSERT INTO message values('417' ,'careful-committee@videotron.ca', '46','Fri Oct 05 2046','Je fuzren lijub okica ilugitepe tihi igo va el bolow zedwoaro jihzogez zimaf.') ;
INSERT INTO message values('418' ,'merciful-library@hotmail.net', '24','Tue Sep 29 2048','Sazwovso na benhemu gekce kiduuka kaflobkow cev renraore bej mi afi denu ov ulewodrev keru ufibinzah ew.') ;
INSERT INTO message values('419' ,'gaping-credit@gmail.net', '28','Sun Aug 16 2043','Cafzi bil haecso ok miscelfa cedihman gaw atu cubi meba vonfo hinkok udga titzez dog duzla refilin vofo.') ;
INSERT INTO message values('420' ,'panoramic-foot@gmail.us', '19','Tue May 28 2058','He vasezaza ve ro kiura ekzenus pafnapbi jecfil zadvipe segojig olajes ja dewi azsibgif kefaz lonabof var um.') ;
INSERT INTO message values('421' ,'dead-mask@hotmail.co', '34','Fri Jan 24 2042','Te vaadaal ja ficwu jetfoj pewelnev tawfuhu junneraj ca ogbusi obopul duz juro.') ;
INSERT INTO message values('422' ,'barbarous-railway@yahoo.co', '46','Sat Mar 24 2040','Temwi egba ru eresbuc iloki bidzo ezlussim cijco aneder jebubjis lol gapzi cojlul in vepewu wag noc.') ;
INSERT INTO message values('423' ,'romantic-mitten@videotron.com', '19','Mon Aug 17 2048','Eka mufug rumetam waj niarto hi gic muv lofajkaj lurez etaza ceksan es zedere wo emuhdi.') ;
INSERT INTO message values('424' ,'rapid-books@videotron.com', '10','Thu Feb 19 2032','Duvi hen pilfob itireana ociwi bowekzo hivuw na rotuc kadsi vob vikem rik paedve.') ;
INSERT INTO message values('425' ,'gruesome-tax@mac.net', '38','Sat Jul 15 2045','Uhiiha puwarse bizizozag ge ne rusica kujgis kake mow ralricez osabes mil iruso bekewam.') ;
INSERT INTO message values('426' ,'tangible-harbor@mac.uk', '5','Mon May 04 2048','Fe vot kezi esedaep riliz mu daticpu ezesu er hiopja bawur evapu.') ;
INSERT INTO message values('427' ,'pretty-feeling@mac.co', '7','Fri Feb 12 2100','Lokjud ha cajjultic niwhe ge ho ibkis jimhicdik tuw rejzokfed vijtewcez vew.') ;
INSERT INTO message values('428' ,'romantic-mitten@videotron.com', '19','Thu Apr 01 2077','Zuf kana nod eddar zicow ev vaer waom mihjaf kede lelig baezdu aju manebso.') ;
INSERT INTO message values('429' ,'scandalous-riddle@videotron.us', '37','Tue Jan 21 2031','Ujjun wohfag di tohkekof acu ovopijsod luhvu omkuomo ca burekin mitdeppo un dotzuacu iwwef le hi po nagmowlo.') ;
INSERT INTO message values('430' ,'righteous-tramp@icloud.net', '42','Mon Dec 28 2054','An lo puppu jo nowun fowod kun pup tecle gumzazehi fabafeb ubi ke eg uguva vuk tepanma.') ;
INSERT INTO message values('431' ,'dry-pump@mac.us', '43','Sun Oct 14 2085','Na okanurah rifa toipoz jol ano awkar dumfahfoz ab po livzilac lisfod eroco biz obohobe gahdemuf.') ;
INSERT INTO message values('432' ,'vivid-island@mac.com', '10','Sun Feb 19 2073','Zafco etemiero ik huaceufu jokedzap zaslerej timbu tus uloedi vufcik gecav kohuwha ha zadize zafuhoh.') ;
INSERT INTO message values('433' ,'physical-servant@sympatico.us', '48','Sun Jan 22 2102','Ba fefsu vosu cozrah an megwe ilzasrew ivkikev fogot amepe kaetnu murhivno sawalo bi.') ;
INSERT INTO message values('434' ,'screeching-road@hotmail.co', '9','Tue Aug 21 2103','Ci non lamdakrot ebuwonus dejfi ubelogwu ew pektopfiw koh olvave por nogzewis saf.') ;
INSERT INTO message values('435' ,'gaudy-ground@me.net', '7','Fri Oct 13 2073','Mop neonti divli hag zek naf kugodaw tamgap za nagnet dase ludnu botima ur.') ;
INSERT INTO message values('436' ,'fretful-instrument@hotmail.fr', '20','Wed Dec 25 2052','Wirbi butuja ce orovef nobmum aze hazimrah zujlaru muvfow devo ja jahehma sozwevnav.') ;
INSERT INTO message values('437' ,'serene-berry@gmail.net', '22','Tue Jul 21 2116','Ca ize otisuj ijce go atjipsek egapagem hagwer eh ca bunopif ewopitba ijidzi.') ;
INSERT INTO message values('438' ,'rigid-measure@me.io', '29','Thu Aug 06 2037','Natoj eltuenu ecucgu ke lav awje moc bon balku jonak das gufiz dikere zowri.') ;
INSERT INTO message values('439' ,'genial-cart@me.net', '41','Sat Oct 04 2081','Luknodot jic ew dibuama surag pew cegauc ceumna jucpeca uheurabop te cijugimuw di anron ilezivlow duwico jizekemu nujwis.') ;
INSERT INTO message values('440' ,'periodic-cent@hotmail.com', '27','Sun Jan 22 2113','Ije oltoaze zejojedi nuwak goitba ik rehhejif zokozri nazjo kezpabfu puthoj zep numtasi pigok cid.') ;
INSERT INTO message values('441' ,'romantic-mitten@videotron.com', '22','Thu Aug 08 2115','Fec puv ki geputoc loiv rib am feffizop ruc jum cid le maumew sej korobuc lop.') ;
INSERT INTO message values('442' ,'crazy-wrist@icloud.com', '41','Sat Jun 04 2039','Buv teizuih beni riad udo cevazci nanah not zuv ihuzemlap miapdav wut ika zeavdun uzuka suzle uti.') ;
INSERT INTO message values('443' ,'damp-tree@me.us', '39','Tue Mar 30 2049','Aruniwmih la to jimos pokpubi wasgeoze ottaeda obofin lin taile bi aproew tu vapa veafedi hefod.') ;
INSERT INTO message values('444' ,'rapid-books@videotron.com', '10','Mon Apr 26 2049','Mozi uru jukafizo dutpeotu fediminag hehugrec now gizmu ise howu urelek owgob tavoeme japar.') ;
INSERT INTO message values('445' ,'entertaining-stranger@videotron.fr', '32','Tue Jul 08 2025','Co osizebow do ja ofgowuw nesopve ravduduto wom jilu midciup ihuicmo fi ze rekud cok la buspagu.') ;
INSERT INTO message values('446' ,'periodic-muscle@videotron.co', '10','Fri Oct 24 2064','Kivo doab alisujol nagabig non guw posse zu sa ih tavti deih.') ;
INSERT INTO message values('447' ,'panoramic-foot@gmail.us', '19','Thu Jun 29 2079','Iz wutsome zubdahci tim te ges lawutut tu nevil gi on vo hipi ura ipa ulpo zucubaw.') ;
INSERT INTO message values('448' ,'merciful-library@hotmail.net', '24','Sat Dec 24 2095','Muroze uze je fidez sus oz oj zuvulge ajniskec alaofu vuege vaer wunlov ere se sop pi.') ;
INSERT INTO message values('449' ,'righteous-tramp@icloud.net', '45','Mon Jun 26 2102','Lorirma recnik nuztubiv nubansum afi bipefo zogcif orevupu uj gaw kuewe gumkuba ledhamu kuwil asu tevupog nuf.') ;
INSERT INTO message values('450' ,'shy-cemetery@videotron.co', '38','Wed Mar 29 2023','Saadled dok jumoda ertajah ja jac wotaro gimjas ezufogi bogropeh zadoew ir oze.') ;
/* Script generated Thu Feb 23 2017 19:12:46 GMT-0500 (Eastern Standard Time)*/

INSERT INTO commentreaction values('450', 'future-oranges@yahoo.co', 'sad') ;
INSERT INTO commentreaction values('16', 'far-jeans@sympatico.co', 'excited') ;
INSERT INTO commentreaction values('268', 'star-ladybug@icloud.ca', 'excited') ;
INSERT INTO commentreaction values('4', 'green-airport@gmail.fr', 'like') ;
INSERT INTO commentreaction values('92', 'watery-loaf@videotron.uk', 'angry') ;
INSERT INTO commentreaction values('250', 'romantic-mitten@videotron.com', 'angry') ;
INSERT INTO commentreaction values('185', 'humane-fork@yahoo.uk', 'like') ;
INSERT INTO commentreaction values('290', 'screeching-road@hotmail.co', 'excited') ;
INSERT INTO commentreaction values('218', 'fancy-bath@videotron.co', 'like') ;
INSERT INTO commentreaction values('411', 'oval-business@videotron.uk', 'sad') ;
INSERT INTO commentreaction values('98', 'icy-machine@hotmail.uk', 'like') ;
INSERT INTO commentreaction values('152', 'rigid-measure@me.io', 'sad') ;
INSERT INTO commentreaction values('432', 'physical-servant@sympatico.us', 'like') ;
INSERT INTO commentreaction values('382', 'civil-houses@icloud.io', 'happy') ;
INSERT INTO commentreaction values('360', 'star-ladybug@icloud.ca', 'happy') ;
INSERT INTO commentreaction values('191', 'elegant-elbow@yahoo.co', 'happy') ;
INSERT INTO commentreaction values('271', 'casual-roof@mac.com', 'excited') ;
INSERT INTO commentreaction values('429', 'enthusiastic-suit@videotron.co', 'happy') ;
INSERT INTO commentreaction values('48', 'pastoral-border@me.us', 'angry') ;
INSERT INTO commentreaction values('57', 'righteous-tramp@icloud.net', 'excited') ;
INSERT INTO commentreaction values('265', 'civil-houses@icloud.io', 'angry') ;
INSERT INTO commentreaction values('174', 'dear-memory@sympatico.ca', 'excited') ;
INSERT INTO commentreaction values('450', 'evil-minister@gmail.io', 'like') ;
INSERT INTO commentreaction values('146', 'romantic-mitten@videotron.com', 'sad') ;
INSERT INTO commentreaction values('386', 'ludicrous-cub@mac.fr', 'sad') ;
INSERT INTO commentreaction values('178', 'dead-mask@hotmail.co', 'happy') ;
INSERT INTO commentreaction values('140', 'periodic-cent@hotmail.com', 'excited') ;
INSERT INTO commentreaction values('196', 'rapid-books@videotron.com', 'happy') ;
INSERT INTO commentreaction values('98', 'gaping-credit@gmail.net', 'sad') ;
INSERT INTO commentreaction values('366', 'regal-rod@me.co', 'happy') ;
INSERT INTO commentreaction values('319', 'shy-cemetery@videotron.co', 'excited') ;
INSERT INTO commentreaction values('388', 'chunky-silver@gmail.uk', 'excited') ;
INSERT INTO commentreaction values('324', 'classy-company@gmail.us', 'like') ;
INSERT INTO commentreaction values('402', 'humane-fork@yahoo.uk', 'like') ;
INSERT INTO commentreaction values('434', 'dear-memory@sympatico.ca', 'happy') ;
INSERT INTO commentreaction values('308', 'phobic-skate@videotron.net', 'excited') ;
INSERT INTO commentreaction values('348', 'mountainous-crowd@mac.co', 'happy') ;
INSERT INTO commentreaction values('264', 'jolly-jail@icloud.net', 'angry') ;
INSERT INTO commentreaction values('355', 'dark-drink@gmail.io', 'happy') ;
INSERT INTO commentreaction values('118', 'serene-berry@gmail.net', 'sad') ;
INSERT INTO commentreaction values('161', 'phobic-skate@videotron.net', 'sad') ;
INSERT INTO commentreaction values('79', 'humane-fork@yahoo.uk', 'sad') ;
INSERT INTO commentreaction values('166', 'fancy-bath@videotron.co', 'excited') ;
INSERT INTO commentreaction values('145', 'mint-support@hotmail.us', 'angry') ;
INSERT INTO commentreaction values('222', 'evil-minister@gmail.io', 'like') ;
INSERT INTO commentreaction values('143', 'zealous-sleep@hotmail.com', 'angry') ;
INSERT INTO commentreaction values('308', 'muddled-hour@mac.uk', 'happy') ;
INSERT INTO commentreaction values('342', 'one-cover@sympatico.uk', 'excited') ;
INSERT INTO commentreaction values('91', 'dead-mask@hotmail.co', 'angry') ;
INSERT INTO commentreaction values('284', 'heavenly-quarter@sympatico.uk', 'sad') ;
INSERT INTO commentreaction values('314', 'humane-ocean@icloud.uk', 'like') ;
INSERT INTO commentreaction values('116', 'physical-servant@sympatico.us', 'excited') ;
INSERT INTO commentreaction values('148', 'careful-committee@videotron.ca', 'angry') ;
INSERT INTO commentreaction values('128', 'old-plastic@videotron.fr', 'angry') ;
INSERT INTO commentreaction values('79', 'perfect-knee@mac.fr', 'happy') ;
INSERT INTO commentreaction values('328', 'shy-cemetery@videotron.co', 'sad') ;
INSERT INTO commentreaction values('142', 'frightened-orange@videotron.net', 'angry') ;
INSERT INTO commentreaction values('398', 'chunky-silver@gmail.uk', 'excited') ;
INSERT INTO commentreaction values('351', 'dry-pump@mac.us', 'excited') ;
INSERT INTO commentreaction values('348', 'screeching-road@hotmail.co', 'sad') ;
INSERT INTO commentreaction values('185', 'deeply-throat@yahoo.net', 'angry') ;
INSERT INTO commentreaction values('236', 'frightened-orange@videotron.net', 'sad') ;
INSERT INTO commentreaction values('198', 'red-shape@yahoo.co', 'happy') ;
INSERT INTO commentreaction values('316', 'icy-machine@hotmail.uk', 'happy') ;
INSERT INTO commentreaction values('412', 'future-oranges@yahoo.co', 'excited') ;
INSERT INTO commentreaction values('249', 'enthusiastic-suit@videotron.co', 'angry') ;
INSERT INTO commentreaction values('327', 'gaudy-ground@me.net', 'angry') ;
INSERT INTO commentreaction values('192', 'dark-drink@gmail.io', 'happy') ;
INSERT INTO commentreaction values('316', 'mint-support@hotmail.us', 'happy') ;
INSERT INTO commentreaction values('349', 'entertaining-stranger@videotron.fr', 'like') ;
INSERT INTO commentreaction values('298', 'mute-year@mac.com', 'sad') ;
INSERT INTO commentreaction values('198', 'merciful-library@hotmail.net', 'angry') ;
INSERT INTO commentreaction values('103', 'jolly-jail@icloud.net', 'excited') ;
INSERT INTO commentreaction values('80', 'pretty-feeling@mac.co', 'angry') ;
INSERT INTO commentreaction values('297', 'one-cover@sympatico.uk', 'angry') ;
INSERT INTO commentreaction values('192', 'periodic-muscle@videotron.co', 'angry') ;
INSERT INTO commentreaction values('111', 'knowledgeable-coast@icloud.fr', 'excited') ;
INSERT INTO commentreaction values('140', 'crazy-wrist@icloud.com', 'sad') ;
INSERT INTO commentreaction values('142', 'gaping-credit@gmail.net', 'angry') ;
INSERT INTO commentreaction values('222', 'icy-machine@hotmail.uk', 'angry') ;
INSERT INTO commentreaction values('163', 'enthusiastic-suit@videotron.co', 'angry') ;
INSERT INTO commentreaction values('75', 'smooth-sheep@yahoo.com', 'sad') ;
INSERT INTO commentreaction values('450', 'old-plastic@videotron.fr', 'angry') ;
INSERT INTO commentreaction values('12', 'merciful-degree@icloud.fr', 'excited') ;
INSERT INTO commentreaction values('198', 'crazy-wrist@icloud.com', 'excited') ;
INSERT INTO commentreaction values('16', 'serene-berry@gmail.net', 'happy') ;
INSERT INTO commentreaction values('229', 'super-line@icloud.net', 'like') ;
INSERT INTO commentreaction values('132', 'dear-memory@sympatico.ca', 'like') ;
INSERT INTO commentreaction values('78', 'classy-company@gmail.us', 'like') ;
INSERT INTO commentreaction values('74', 'casual-roof@mac.com', 'sad') ;
INSERT INTO commentreaction values('238', 'muddled-hour@mac.uk', 'happy') ;
INSERT INTO commentreaction values('150', 'casual-roof@mac.com', 'angry') ;
INSERT INTO commentreaction values('30', 'one-cover@sympatico.uk', 'angry') ;
INSERT INTO commentreaction values('170', 'disgusting-door@mac.co', 'sad') ;
INSERT INTO commentreaction values('86', 'frightened-orange@videotron.net', 'angry') ;
INSERT INTO commentreaction values('164', 'vivacious-recess@icloud.net', 'like') ;
INSERT INTO commentreaction values('72', 'crazy-wrist@icloud.com', 'angry') ;
INSERT INTO commentreaction values('399', 'merciful-library@hotmail.net', 'angry') ;
INSERT INTO commentreaction values('111', 'scandalous-riddle@videotron.us', 'sad') ;
INSERT INTO commentreaction values('273', 'far-jeans@sympatico.co', 'like') ;
INSERT INTO commentreaction values('429', 'gruesome-tax@mac.net', 'excited') ;
INSERT INTO commentreaction values('96', 'merciful-degree@icloud.fr', 'sad') ;
INSERT INTO commentreaction values('131', 'genial-cart@me.net', 'happy') ;
INSERT INTO commentreaction values('318', 'painful-stocking@me.uk', 'excited') ;
INSERT INTO commentreaction values('447', 'chunky-silver@gmail.uk', 'happy') ;
INSERT INTO commentreaction values('400', 'icy-machine@hotmail.uk', 'sad') ;
INSERT INTO commentreaction values('310', 'wry-request@mac.us', 'angry') ;
INSERT INTO commentreaction values('123', 'frightened-orange@videotron.net', 'happy') ;
INSERT INTO commentreaction values('70', 'miscreant-girl@icloud.net', 'like') ;
INSERT INTO commentreaction values('243', 'dark-drink@gmail.io', 'angry') ;
INSERT INTO commentreaction values('350', 'forlorn-aunt@gmail.uk', 'angry') ;
INSERT INTO commentreaction values('393', 'panoramic-foot@gmail.us', 'sad') ;
INSERT INTO commentreaction values('326', 'periodic-cent@hotmail.com', 'angry') ;
INSERT INTO commentreaction values('417', 'mountainous-crowd@mac.co', 'excited') ;
INSERT INTO commentreaction values('370', 'expensive-zinc@hotmail.ca', 'angry') ;
INSERT INTO commentreaction values('397', 'spotted-wing@yahoo.fr', 'sad') ;
INSERT INTO commentreaction values('431', 'painful-stocking@me.uk', 'sad') ;
INSERT INTO commentreaction values('233', 'forlorn-aunt@gmail.uk', 'angry') ;
INSERT INTO commentreaction values('357', 'tangible-harbor@mac.uk', 'like') ;
INSERT INTO commentreaction values('256', 'classy-company@gmail.us', 'like') ;
INSERT INTO commentreaction values('185', 'vivid-island@mac.com', 'sad') ;
INSERT INTO commentreaction values('111', 'merciful-degree@icloud.fr', 'angry') ;
INSERT INTO commentreaction values('54', 'selfish-house@sympatico.io', 'angry') ;
INSERT INTO commentreaction values('234', 'pastoral-border@me.us', 'excited') ;
INSERT INTO commentreaction values('187', 'gaudy-ground@me.net', 'sad') ;
INSERT INTO commentreaction values('135', 'disgusting-door@mac.co', 'excited') ;
INSERT INTO commentreaction values('268', 'vast-oil@mac.com', 'happy') ;
INSERT INTO commentreaction values('97', 'benevolent-whistle@icloud.net', 'like') ;
INSERT INTO commentreaction values('298', 'vivid-island@mac.com', 'angry') ;
INSERT INTO commentreaction values('239', 'physical-servant@sympatico.us', 'like') ;
INSERT INTO commentreaction values('72', 'classy-company@gmail.us', 'angry') ;
INSERT INTO commentreaction values('331', 'hateful-hill@me.com', 'like') ;
INSERT INTO commentreaction values('300', 'shy-cemetery@videotron.co', 'happy') ;
INSERT INTO commentreaction values('100', 'muddled-hour@mac.uk', 'sad') ;
INSERT INTO commentreaction values('402', 'smooth-sheep@yahoo.com', 'happy') ;
INSERT INTO commentreaction values('218', 'wanted-pump@gmail.net', 'angry') ;
INSERT INTO commentreaction values('95', 'brown-party@icloud.us', 'sad') ;
INSERT INTO commentreaction values('215', 'dark-drink@gmail.io', 'happy') ;
INSERT INTO commentreaction values('61', 'dark-drink@gmail.io', 'sad') ;
INSERT INTO commentreaction values('399', 'forlorn-aunt@gmail.uk', 'excited') ;
INSERT INTO commentreaction values('230', 'physical-servant@sympatico.us', 'sad') ;
INSERT INTO commentreaction values('74', 'magenta-earthquake@yahoo.co', 'like') ;
INSERT INTO commentreaction values('430', 'zealous-sleep@hotmail.com', 'happy') ;
INSERT INTO commentreaction values('225', 'mint-support@hotmail.us', 'sad') ;
INSERT INTO commentreaction values('126', 'screeching-road@hotmail.co', 'sad') ;
INSERT INTO commentreaction values('3', 'brown-party@icloud.us', 'angry') ;
INSERT INTO commentreaction values('247', 'periodic-muscle@videotron.co', 'like') ;
INSERT INTO commentreaction values('264', 'damp-tree@me.us', 'happy') ;
INSERT INTO commentreaction values('176', 'regal-rod@me.co', 'like') ;
INSERT INTO commentreaction values('56', 'soggy-impulse@sympatico.net', 'angry') ;
INSERT INTO commentreaction values('407', 'merciful-degree@icloud.fr', 'excited') ;
INSERT INTO commentreaction values('269', 'shy-cemetery@videotron.co', 'happy') ;
INSERT INTO commentreaction values('326', 'damp-tree@me.us', 'angry') ;
INSERT INTO commentreaction values('398', 'jolly-jail@icloud.net', 'angry') ;
INSERT INTO commentreaction values('264', 'shy-cemetery@videotron.co', 'like') ;
INSERT INTO commentreaction values('153', 'genial-cart@me.net', 'sad') ;
INSERT INTO commentreaction values('287', 'forlorn-aunt@gmail.uk', 'excited') ;
INSERT INTO commentreaction values('38', 'pretty-feeling@mac.co', 'happy') ;
INSERT INTO commentreaction values('365', 'selfish-house@sympatico.io', 'like') ;
INSERT INTO commentreaction values('101', 'ludicrous-cub@mac.fr', 'happy') ;
INSERT INTO commentreaction values('80', 'forlorn-aunt@gmail.uk', 'excited') ;
INSERT INTO commentreaction values('21', 'gaping-credit@gmail.net', 'like') ;
INSERT INTO commentreaction values('194', 'old-plastic@videotron.fr', 'like') ;
INSERT INTO commentreaction values('221', 'envious-butter@videotron.net', 'angry') ;
INSERT INTO commentreaction values('364', 'dry-pump@mac.us', 'like') ;
INSERT INTO commentreaction values('91', 'gaudy-ground@me.net', 'like') ;
INSERT INTO commentreaction values('296', 'gaudy-ground@me.net', 'angry') ;
INSERT INTO commentreaction values('52', 'shy-cemetery@videotron.co', 'excited') ;
INSERT INTO commentreaction values('32', 'abounding-income@sympatico.io', 'sad') ;
INSERT INTO commentreaction values('162', 'gaping-credit@gmail.net', 'sad') ;
INSERT INTO commentreaction values('405', 'abrasive-son@hotmail.fr', 'happy') ;
INSERT INTO commentreaction values('449', 'miscreant-girl@icloud.net', 'happy') ;
INSERT INTO commentreaction values('233', 'watery-loaf@videotron.uk', 'happy') ;
INSERT INTO commentreaction values('325', 'gruesome-tax@mac.net', 'sad') ;
INSERT INTO commentreaction values('194', 'gruesome-tax@mac.net', 'excited') ;
INSERT INTO commentreaction values('300', 'heavenly-quarter@sympatico.uk', 'happy') ;
INSERT INTO commentreaction values('331', 'rapid-books@videotron.com', 'sad') ;
INSERT INTO commentreaction values('69', 'vast-oil@mac.com', 'happy') ;
INSERT INTO commentreaction values('264', 'gaping-credit@gmail.net', 'happy') ;
INSERT INTO commentreaction values('46', 'frightened-orange@videotron.net', 'excited') ;
INSERT INTO commentreaction values('235', 'pretty-feeling@mac.co', 'sad') ;
INSERT INTO commentreaction values('251', 'smooth-sheep@yahoo.com', 'excited') ;
INSERT INTO commentreaction values('168', 'moaning-cherries@icloud.co', 'sad') ;
INSERT INTO commentreaction values('19', 'gaping-credit@gmail.net', 'happy') ;
INSERT INTO commentreaction values('318', 'righteous-tramp@icloud.net', 'like') ;
INSERT INTO commentreaction values('415', 'abounding-income@sympatico.io', 'angry') ;
INSERT INTO commentreaction values('30', 'mountainous-crowd@mac.co', 'like') ;
INSERT INTO commentreaction values('168', 'icy-machine@hotmail.uk', 'angry') ;
INSERT INTO commentreaction values('281', 'rigid-measure@me.io', 'excited') ;
INSERT INTO commentreaction values('142', 'spotted-wing@yahoo.fr', 'excited') ;
INSERT INTO commentreaction values('271', 'deeply-throat@yahoo.net', 'like') ;
INSERT INTO commentreaction values('192', 'smiley-metal@icloud.fr', 'happy') ;
INSERT INTO commentreaction values('255', 'deeply-throat@yahoo.net', 'sad') ;
INSERT INTO commentreaction values('370', 'purring-stream@hotmail.net', 'like') ;
INSERT INTO commentreaction values('77', 'serene-berry@gmail.net', 'angry') ;
INSERT INTO commentreaction values('241', 'green-airport@gmail.fr', 'happy') ;
INSERT INTO commentreaction values('428', 'mute-year@mac.com', 'happy') ;
INSERT INTO commentreaction values('84', 'deeply-throat@yahoo.net', 'happy') ;
INSERT INTO commentreaction values('359', 'obtainable-popcorn@me.co', 'sad') ;
INSERT INTO commentreaction values('317', 'obtainable-popcorn@me.co', 'happy') ;
INSERT INTO commentreaction values('47', 'brown-party@icloud.us', 'sad') ;
INSERT INTO commentreaction values('372', 'dear-memory@sympatico.ca', 'sad') ;
INSERT INTO commentreaction values('94', 'hateful-hill@me.com', 'angry') ;
INSERT INTO commentreaction values('429', 'entertaining-stranger@videotron.fr', 'happy') ;
INSERT INTO commentreaction values('258', 'likeable-harbor@me.io', 'happy') ;
INSERT INTO commentreaction values('429', 'evil-minister@gmail.io', 'happy') ;
INSERT INTO commentreaction values('224', 'rigid-measure@me.io', 'angry') ;
INSERT INTO commentreaction values('350', 'watery-loaf@videotron.uk', 'excited') ;
INSERT INTO commentreaction values('167', 'regal-rod@me.co', 'happy') ;
INSERT INTO commentreaction values('355', 'spotted-wing@yahoo.fr', 'sad') ;
INSERT INTO commentreaction values('120', 'damp-tree@me.us', 'like') ;
INSERT INTO commentreaction values('66', 'red-shape@yahoo.co', 'happy') ;
INSERT INTO commentreaction values('130', 'mint-support@hotmail.us', 'excited') ;
INSERT INTO commentreaction values('276', 'humane-fork@yahoo.uk', 'angry') ;
INSERT INTO commentreaction values('321', 'far-jeans@sympatico.co', 'happy') ;
INSERT INTO commentreaction values('433', 'moaning-cherries@icloud.co', 'sad') ;
INSERT INTO commentreaction values('211', 'enthusiastic-suit@videotron.co', 'sad') ;
INSERT INTO commentreaction values('99', 'serene-berry@gmail.net', 'angry') ;
INSERT INTO commentreaction values('273', 'spotted-wing@yahoo.fr', 'happy') ;
INSERT INTO commentreaction values('267', 'enthusiastic-suit@videotron.co', 'angry') ;
INSERT INTO commentreaction values('41', 'elegant-elbow@yahoo.co', 'like') ;
INSERT INTO commentreaction values('367', 'smiley-metal@icloud.fr', 'sad') ;
INSERT INTO commentreaction values('265', 'enthusiastic-suit@videotron.co', 'sad') ;
INSERT INTO commentreaction values('82', 'chunky-silver@gmail.uk', 'happy') ;
INSERT INTO commentreaction values('148', 'dark-drink@gmail.io', 'excited') ;
INSERT INTO commentreaction values('321', 'dark-drink@gmail.io', 'sad') ;
INSERT INTO commentreaction values('184', 'pastoral-border@me.us', 'sad') ;
INSERT INTO commentreaction values('237', 'merciful-library@hotmail.net', 'angry') ;
INSERT INTO commentreaction values('2', 'addicted-thread@hotmail.co', 'angry') ;
INSERT INTO commentreaction values('448', 'future-oranges@yahoo.co', 'like') ;
INSERT INTO commentreaction values('379', 'periodic-cent@hotmail.com', 'angry') ;
INSERT INTO commentreaction values('70', 'mountainous-crowd@mac.co', 'like') ;
INSERT INTO commentreaction values('324', 'panoramic-foot@gmail.us', 'like') ;
INSERT INTO commentreaction values('43', 'civil-houses@icloud.io', 'sad') ;
INSERT INTO commentreaction values('274', 'forlorn-aunt@gmail.uk', 'sad') ;
INSERT INTO commentreaction values('321', 'purring-stream@hotmail.net', 'angry') ;
INSERT INTO commentreaction values('56', 'humane-ocean@icloud.uk', 'angry') ;
INSERT INTO commentreaction values('365', 'heavenly-quarter@sympatico.uk', 'happy') ;
INSERT INTO commentreaction values('102', 'moaning-cherries@icloud.co', 'like') ;
INSERT INTO commentreaction values('107', 'jolly-jail@icloud.net', 'sad') ;
INSERT INTO commentreaction values('214', 'wanted-pump@gmail.net', 'excited') ;
INSERT INTO commentreaction values('190', 'spotted-wing@yahoo.fr', 'like') ;
INSERT INTO commentreaction values('36', 'obtainable-popcorn@me.co', 'excited') ;
INSERT INTO commentreaction values('230', 'far-jeans@sympatico.co', 'happy') ;
INSERT INTO commentreaction values('401', 'elated-meeting@yahoo.io', 'like') ;
INSERT INTO commentreaction values('441', 'crazy-wrist@icloud.com', 'excited') ;
INSERT INTO commentreaction values('310', 'humane-fork@yahoo.uk', 'sad') ;
INSERT INTO commentreaction values('124', 'romantic-mitten@videotron.com', 'excited') ;
INSERT INTO commentreaction values('126', 'smiley-metal@icloud.fr', 'happy') ;
INSERT INTO commentreaction values('169', 'fancy-bath@videotron.co', 'angry') ;
INSERT INTO commentreaction values('93', 'watery-loaf@videotron.uk', 'happy') ;
INSERT INTO commentreaction values('70', 'periodic-muscle@videotron.co', 'angry') ;
INSERT INTO commentreaction values('385', 'merciful-degree@icloud.fr', 'angry') ;
INSERT INTO commentreaction values('379', 'evil-minister@gmail.io', 'like') ;
INSERT INTO commentreaction values('32', 'selfish-house@sympatico.io', 'happy') ;
INSERT INTO commentreaction values('195', 'tangible-harbor@mac.uk', 'sad') ;
INSERT INTO commentreaction values('264', 'magenta-earthquake@yahoo.co', 'like') ;
INSERT INTO commentreaction values('221', 'dear-memory@sympatico.ca', 'angry') ;
INSERT INTO commentreaction values('331', 'periodic-cent@hotmail.com', 'happy') ;
INSERT INTO commentreaction values('142', 'gaudy-ground@me.net', 'happy') ;
INSERT INTO commentreaction values('416', 'pretty-feeling@mac.co', 'happy') ;
INSERT INTO commentreaction values('60', 'entertaining-stranger@videotron.fr', 'like') ;
INSERT INTO commentreaction values('34', 'panoramic-foot@gmail.us', 'like') ;
INSERT INTO commentreaction values('198', 'shy-cemetery@videotron.co', 'sad') ;
INSERT INTO commentreaction values('161', 'vast-oil@mac.com', 'like') ;
INSERT INTO commentreaction values('391', 'gruesome-tax@mac.net', 'happy') ;
INSERT INTO commentreaction values('43', 'entertaining-stranger@videotron.fr', 'sad') ;
INSERT INTO commentreaction values('101', 'spotted-wing@yahoo.fr', 'angry') ;
INSERT INTO commentreaction values('357', 'romantic-mitten@videotron.com', 'excited') ;
INSERT INTO commentreaction values('295', 'gaudy-ground@me.net', 'happy') ;
INSERT INTO commentreaction values('225', 'humane-fork@yahoo.uk', 'angry') ;
INSERT INTO commentreaction values('125', 'star-ladybug@icloud.ca', 'happy') ;
INSERT INTO commentreaction values('392', 'hateful-hill@me.com', 'happy') ;
INSERT INTO commentreaction values('183', 'enthusiastic-suit@videotron.co', 'angry') ;
INSERT INTO commentreaction values('173', 'perfect-knee@mac.fr', 'sad') ;
INSERT INTO commentreaction values('40', 'miscreant-girl@icloud.net', 'happy') ;
INSERT INTO commentreaction values('41', 'jolly-jail@icloud.net', 'sad') ;
INSERT INTO commentreaction values('423', 'serene-berry@gmail.net', 'excited') ;
INSERT INTO commentreaction values('450', 'far-jeans@sympatico.co', 'angry') ;
INSERT INTO commentreaction values('120', 'soggy-impulse@sympatico.net', 'happy') ;
INSERT INTO commentreaction values('39', 'fancy-bath@videotron.co', 'happy') ;
INSERT INTO commentreaction values('168', 'serene-berry@gmail.net', 'happy') ;
INSERT INTO commentreaction values('229', 'abrasive-son@hotmail.fr', 'angry') ;
INSERT INTO commentreaction values('277', 'fancy-bath@videotron.co', 'like') ;
INSERT INTO commentreaction values('323', 'dark-drink@gmail.io', 'sad') ;
INSERT INTO commentreaction values('224', 'magenta-earthquake@yahoo.co', 'excited') ;
INSERT INTO commentreaction values('170', 'elegant-elbow@yahoo.co', 'sad') ;
INSERT INTO commentreaction values('154', 'gruesome-tax@mac.net', 'like') ;
INSERT INTO commentreaction values('274', 'old-plastic@videotron.fr', 'like') ;
INSERT INTO commentreaction values('92', 'barbarous-railway@yahoo.co', 'happy') ;
INSERT INTO commentreaction values('267', 'one-cover@sympatico.uk', 'angry') ;
INSERT INTO commentreaction values('175', 'casual-roof@mac.com', 'sad') ;
INSERT INTO commentreaction values('126', 'casual-roof@mac.com', 'sad') ;
INSERT INTO commentreaction values('220', 'purring-stream@hotmail.net', 'excited') ;
INSERT INTO commentreaction values('9', 'spotted-wing@yahoo.fr', 'excited') ;
INSERT INTO commentreaction values('89', 'wanted-pump@gmail.net', 'excited') ;
INSERT INTO commentreaction values('226', 'wry-request@mac.us', 'happy') ;
INSERT INTO commentreaction values('394', 'protective-plastic@gmail.net', 'angry') ;
INSERT INTO commentreaction values('20', 'frightened-orange@videotron.net', 'like') ;
INSERT INTO commentreaction values('233', 'heavenly-quarter@sympatico.uk', 'like') ;
INSERT INTO commentreaction values('177', 'fancy-bath@videotron.co', 'excited') ;
INSERT INTO commentreaction values('219', 'expensive-zinc@hotmail.ca', 'sad') ;
INSERT INTO commentreaction values('55', 'mint-support@hotmail.us', 'like') ;
INSERT INTO commentreaction values('239', 'panoramic-foot@gmail.us', 'sad') ;
INSERT INTO commentreaction values('376', 'civil-houses@icloud.io', 'sad') ;
INSERT INTO commentreaction values('125', 'deeply-throat@yahoo.net', 'angry') ;
INSERT INTO commentreaction values('35', 'periodic-cent@hotmail.com', 'happy') ;
INSERT INTO commentreaction values('364', 'knowledgeable-coast@icloud.fr', 'angry') ;
INSERT INTO commentreaction values('331', 'vivacious-recess@icloud.net', 'like') ;
INSERT INTO commentreaction values('132', 'righteous-tramp@icloud.net', 'excited') ;
INSERT INTO commentreaction values('432', 'far-jeans@sympatico.co', 'sad') ;
INSERT INTO commentreaction values('166', 'wanted-pump@gmail.net', 'like') ;
INSERT INTO commentreaction values('210', 'muddled-hour@mac.uk', 'excited') ;
INSERT INTO commentreaction values('222', 'fancy-bath@videotron.co', 'like') ;
INSERT INTO commentreaction values('58', 'pastoral-border@me.us', 'happy') ;
INSERT INTO commentreaction values('9', 'dark-drink@gmail.io', 'like') ;
INSERT INTO commentreaction values('128', 'mountainous-crowd@mac.co', 'happy') ;
INSERT INTO commentreaction values('223', 'mountainous-crowd@mac.co', 'sad') ;
INSERT INTO commentreaction values('29', 'fretful-instrument@hotmail.fr', 'like') ;
INSERT INTO commentreaction values('57', 'benevolent-whistle@icloud.net', 'excited') ;
INSERT INTO commentreaction values('326', 'regal-rod@me.co', 'angry') ;
INSERT INTO commentreaction values('340', 'humane-fork@yahoo.uk', 'excited') ;
INSERT INTO commentreaction values('237', 'magenta-earthquake@yahoo.co', 'happy') ;
INSERT INTO commentreaction values('256', 'screeching-road@hotmail.co', 'happy') ;
INSERT INTO commentreaction values('307', 'mute-year@mac.com', 'sad') ;
INSERT INTO commentreaction values('325', 'abrasive-son@hotmail.fr', 'sad') ;
INSERT INTO commentreaction values('201', 'super-line@icloud.net', 'sad') ;
INSERT INTO commentreaction values('401', 'shy-cemetery@videotron.co', 'angry') ;
INSERT INTO commentreaction values('221', 'miscreant-girl@icloud.net', 'angry') ;
INSERT INTO commentreaction values('390', 'ludicrous-cub@mac.fr', 'excited') ;
INSERT INTO commentreaction values('291', 'purring-stream@hotmail.net', 'excited') ;
INSERT INTO commentreaction values('159', 'common-umbrella@me.io', 'excited') ;
INSERT INTO commentreaction values('67', 'far-jeans@sympatico.co', 'sad') ;
INSERT INTO commentreaction values('43', 'wry-request@mac.us', 'sad') ;
INSERT INTO commentreaction values('214', 'pastoral-border@me.us', 'excited') ;
INSERT INTO commentreaction values('305', 'likeable-harbor@me.io', 'sad') ;
INSERT INTO commentreaction values('111', 'civil-houses@icloud.io', 'like') ;
INSERT INTO commentreaction values('273', 'star-ladybug@icloud.ca', 'sad') ;
INSERT INTO commentreaction values('57', 'casual-roof@mac.com', 'excited') ;
INSERT INTO commentreaction values('95', 'damp-tree@me.us', 'like') ;
INSERT INTO commentreaction values('180', 'purring-stream@hotmail.net', 'like') ;
INSERT INTO commentreaction values('378', 'envious-butter@videotron.net', 'happy') ;
INSERT INTO commentreaction values('277', 'rigid-measure@me.io', 'happy') ;
INSERT INTO commentreaction values('22', 'frightened-orange@videotron.net', 'sad') ;
INSERT INTO commentreaction values('71', 'barbarous-railway@yahoo.co', 'excited') ;
INSERT INTO commentreaction values('374', 'enthusiastic-suit@videotron.co', 'happy') ;
INSERT INTO commentreaction values('338', 'oval-business@videotron.uk', 'excited') ;
INSERT INTO commentreaction values('146', 'icy-machine@hotmail.uk', 'angry') ;
INSERT INTO commentreaction values('300', 'star-ladybug@icloud.ca', 'happy') ;
INSERT INTO commentreaction values('157', 'casual-roof@mac.com', 'like') ;
INSERT INTO commentreaction values('8', 'smiley-metal@icloud.fr', 'happy') ;
INSERT INTO commentreaction values('389', 'heavenly-quarter@sympatico.uk', 'excited') ;
INSERT INTO commentreaction values('432', 'spotted-wing@yahoo.fr', 'excited') ;
INSERT INTO commentreaction values('71', 'super-line@icloud.net', 'angry') ;
INSERT INTO commentreaction values('265', 'muddled-hour@mac.uk', 'like') ;
INSERT INTO commentreaction values('275', 'merciful-degree@icloud.fr', 'like') ;
INSERT INTO commentreaction values('238', 'shy-cemetery@videotron.co', 'like') ;
INSERT INTO commentreaction values('33', 'elegant-elbow@yahoo.co', 'like') ;
INSERT INTO commentreaction values('79', 'deeply-throat@yahoo.net', 'like') ;
INSERT INTO commentreaction values('25', 'likeable-harbor@me.io', 'excited') ;
INSERT INTO commentreaction values('368', 'romantic-mitten@videotron.com', 'excited') ;
INSERT INTO commentreaction values('183', 'righteous-tramp@icloud.net', 'excited') ;
INSERT INTO commentreaction values('47', 'serene-berry@gmail.net', 'sad') ;
INSERT INTO commentreaction values('227', 'deeply-throat@yahoo.net', 'sad') ;
INSERT INTO commentreaction values('340', 'regal-rod@me.co', 'angry') ;
INSERT INTO commentreaction values('171', 'panoramic-foot@gmail.us', 'like') ;
INSERT INTO commentreaction values('315', 'purring-stream@hotmail.net', 'angry') ;
INSERT INTO commentreaction values('301', 'vast-oil@mac.com', 'angry') ;
INSERT INTO commentreaction values('424', 'obtainable-popcorn@me.co', 'like') ;
INSERT INTO commentreaction values('229', 'wry-request@mac.us', 'angry') ;
INSERT INTO commentreaction values('134', 'gruesome-tax@mac.net', 'excited') ;
INSERT INTO commentreaction values('153', 'wry-request@mac.us', 'happy') ;
INSERT INTO commentreaction values('30', 'envious-butter@videotron.net', 'like') ;
INSERT INTO commentreaction values('104', 'super-line@icloud.net', 'excited') ;
INSERT INTO commentreaction values('47', 'first-sleet@yahoo.uk', 'excited') ;
INSERT INTO commentreaction values('391', 'mint-support@hotmail.us', 'like') ;
INSERT INTO commentreaction values('67', 'humane-ocean@icloud.uk', 'sad') ;
INSERT INTO commentreaction values('394', 'common-umbrella@me.io', 'sad') ;
INSERT INTO commentreaction values('153', 'enthusiastic-suit@videotron.co', 'excited') ;
INSERT INTO commentreaction values('403', 'enthusiastic-suit@videotron.co', 'excited') ;
INSERT INTO commentreaction values('305', 'periodic-muscle@videotron.co', 'angry') ;
INSERT INTO commentreaction values('17', 'dead-mask@hotmail.co', 'angry') ;
INSERT INTO commentreaction values('83', 'smiley-metal@icloud.fr', 'sad') ;
INSERT INTO commentreaction values('24', 'watery-loaf@videotron.uk', 'happy') ;
INSERT INTO commentreaction values('42', 'gruesome-tax@mac.net', 'angry') ;
INSERT INTO commentreaction values('327', 'icy-machine@hotmail.uk', 'angry') ;
INSERT INTO commentreaction values('41', 'hateful-hill@me.com', 'like') ;
INSERT INTO commentreaction values('358', 'expensive-zinc@hotmail.ca', 'happy') ;
INSERT INTO commentreaction values('55', 'icy-machine@hotmail.uk', 'excited') ;
INSERT INTO commentreaction values('172', 'far-jeans@sympatico.co', 'sad') ;
INSERT INTO commentreaction values('405', 'wanted-pump@gmail.net', 'happy') ;
INSERT INTO commentreaction values('316', 'periodic-cent@hotmail.com', 'excited') ;
INSERT INTO commentreaction values('5', 'motionless-birds@hotmail.ca', 'happy') ;
INSERT INTO commentreaction values('306', 'painful-stocking@me.uk', 'angry') ;
INSERT INTO commentreaction values('335', 'one-cover@sympatico.uk', 'happy') ;
INSERT INTO commentreaction values('430', 'first-sleet@yahoo.uk', 'sad') ;
INSERT INTO commentreaction values('180', 'addicted-thread@hotmail.co', 'excited') ;
INSERT INTO commentreaction values('182', 'gruesome-tax@mac.net', 'angry') ;
INSERT INTO commentreaction values('361', 'deeply-throat@yahoo.net', 'excited') ;
INSERT INTO commentreaction values('302', 'selfish-house@sympatico.io', 'like') ;
/* Script generated Thu Feb 23 2017 19:12:46 GMT-0500 (Eastern Standard Time)*/

INSERT INTO postreaction values('89', 'gruesome-tax@mac.net', 'like') ;
INSERT INTO postreaction values('68', 'oval-business@videotron.uk', 'sad') ;
INSERT INTO postreaction values('59', 'mint-support@hotmail.us', 'sad') ;
INSERT INTO postreaction values('109', 'careful-committee@videotron.ca', 'happy') ;
INSERT INTO postreaction values('136', 'envious-butter@videotron.net', 'sad') ;
INSERT INTO postreaction values('127', 'one-cover@sympatico.uk', 'like') ;
INSERT INTO postreaction values('126', 'barbarous-railway@yahoo.co', 'excited') ;
INSERT INTO postreaction values('9', 'mountainous-crowd@mac.co', 'angry') ;
INSERT INTO postreaction values('3', 'entertaining-stranger@videotron.fr', 'like') ;
INSERT INTO postreaction values('25', 'enthusiastic-suit@videotron.co', 'excited') ;
INSERT INTO postreaction values('14', 'dry-pump@mac.us', 'excited') ;
INSERT INTO postreaction values('15', 'damp-tree@me.us', 'happy') ;
INSERT INTO postreaction values('117', 'selfish-house@sympatico.io', 'happy') ;
INSERT INTO postreaction values('68', 'old-plastic@videotron.fr', 'sad') ;
INSERT INTO postreaction values('100', 'one-cover@sympatico.uk', 'happy') ;
INSERT INTO postreaction values('51', 'pastoral-border@me.us', 'excited') ;
INSERT INTO postreaction values('132', 'rigid-measure@me.io', 'excited') ;
INSERT INTO postreaction values('147', 'spotted-wing@yahoo.fr', 'like') ;
INSERT INTO postreaction values('27', 'green-airport@gmail.fr', 'sad') ;
INSERT INTO postreaction values('28', 'oval-business@videotron.uk', 'sad') ;
INSERT INTO postreaction values('23', 'romantic-mitten@videotron.com', 'angry') ;
INSERT INTO postreaction values('149', 'humane-fork@yahoo.uk', 'angry') ;
INSERT INTO postreaction values('102', 'brave-pet@mac.ca', 'sad') ;
INSERT INTO postreaction values('137', 'magenta-earthquake@yahoo.co', 'excited') ;
INSERT INTO postreaction values('10', 'mint-support@hotmail.us', 'angry') ;
INSERT INTO postreaction values('120', 'likeable-harbor@me.io', 'excited') ;
INSERT INTO postreaction values('150', 'merciful-library@hotmail.net', 'sad') ;
INSERT INTO postreaction values('9', 'frightened-orange@videotron.net', 'angry') ;
INSERT INTO postreaction values('111', 'crazy-wrist@icloud.com', 'happy') ;
INSERT INTO postreaction values('68', 'chunky-silver@gmail.uk', 'angry') ;
INSERT INTO postreaction values('74', 'phobic-skate@videotron.net', 'like') ;
INSERT INTO postreaction values('27', 'vivid-island@mac.com', 'angry') ;
INSERT INTO postreaction values('140', 'enthusiastic-suit@videotron.co', 'excited') ;
INSERT INTO postreaction values('124', 'panoramic-foot@gmail.us', 'like') ;
INSERT INTO postreaction values('71', 'regal-rod@me.co', 'like') ;
INSERT INTO postreaction values('108', 'rigid-measure@me.io', 'like') ;
INSERT INTO postreaction values('83', 'merciful-library@hotmail.net', 'like') ;
INSERT INTO postreaction values('52', 'super-line@icloud.net', 'excited') ;
INSERT INTO postreaction values('32', 'elegant-elbow@yahoo.co', 'sad') ;
INSERT INTO postreaction values('51', 'zealous-sleep@hotmail.com', 'happy') ;
INSERT INTO postreaction values('82', 'periodic-cent@hotmail.com', 'like') ;
INSERT INTO postreaction values('90', 'forlorn-aunt@gmail.uk', 'like') ;
INSERT INTO postreaction values('74', 'star-ladybug@icloud.ca', 'happy') ;
INSERT INTO postreaction values('102', 'jolly-jail@icloud.net', 'angry') ;
INSERT INTO postreaction values('50', 'mint-support@hotmail.us', 'sad') ;
INSERT INTO postreaction values('28', 'obtainable-cannon@yahoo.com', 'happy') ;
INSERT INTO postreaction values('49', 'zealous-sleep@hotmail.com', 'excited') ;
INSERT INTO postreaction values('125', 'serene-berry@gmail.net', 'happy') ;
INSERT INTO postreaction values('23', 'frightened-orange@videotron.net', 'excited') ;
INSERT INTO postreaction values('133', 'deeply-throat@yahoo.net', 'angry') ;
INSERT INTO postreaction values('1', 'rigid-measure@me.io', 'excited') ;
INSERT INTO postreaction values('11', 'mint-support@hotmail.us', 'excited') ;
INSERT INTO postreaction values('13', 'fretful-instrument@hotmail.fr', 'angry') ;
INSERT INTO postreaction values('107', 'mint-support@hotmail.us', 'sad') ;
INSERT INTO postreaction values('11', 'elated-meeting@yahoo.io', 'excited') ;
INSERT INTO postreaction values('65', 'watery-loaf@videotron.uk', 'excited') ;
INSERT INTO postreaction values('130', 'pretty-feeling@mac.co', 'angry') ;
INSERT INTO postreaction values('71', 'merciful-degree@icloud.fr', 'happy') ;
INSERT INTO postreaction values('69', 'damp-tree@me.us', 'happy') ;
INSERT INTO postreaction values('96', 'disgusting-door@mac.co', 'angry') ;
INSERT INTO postreaction values('121', 'abrasive-son@hotmail.fr', 'excited') ;
INSERT INTO postreaction values('103', 'green-airport@gmail.fr', 'happy') ;
INSERT INTO postreaction values('84', 'heavenly-quarter@sympatico.uk', 'happy') ;
INSERT INTO postreaction values('77', 'phobic-skate@videotron.net', 'excited') ;
INSERT INTO postreaction values('57', 'physical-servant@sympatico.us', 'happy') ;
INSERT INTO postreaction values('21', 'moaning-cherries@icloud.co', 'excited') ;
INSERT INTO postreaction values('68', 'knowledgeable-coast@icloud.fr', 'excited') ;
INSERT INTO postreaction values('96', 'oval-business@videotron.uk', 'angry') ;
INSERT INTO postreaction values('77', 'abrasive-son@hotmail.fr', 'excited') ;
INSERT INTO postreaction values('69', 'red-shape@yahoo.co', 'excited') ;
INSERT INTO postreaction values('150', 'first-sleet@yahoo.uk', 'happy') ;
INSERT INTO postreaction values('113', 'gaping-credit@gmail.net', 'like') ;
INSERT INTO postreaction values('107', 'merciful-library@hotmail.net', 'sad') ;
INSERT INTO postreaction values('66', 'zealous-sleep@hotmail.com', 'happy') ;
INSERT INTO postreaction values('131', 'jolly-jail@icloud.net', 'angry') ;
INSERT INTO postreaction values('66', 'obtainable-cannon@yahoo.com', 'angry') ;
INSERT INTO postreaction values('53', 'soggy-impulse@sympatico.net', 'sad') ;
INSERT INTO postreaction values('73', 'righteous-tramp@icloud.net', 'angry') ;
INSERT INTO postreaction values('66', 'vast-oil@mac.com', 'happy') ;
INSERT INTO postreaction values('26', 'gaping-credit@gmail.net', 'angry') ;
INSERT INTO postreaction values('24', 'magenta-earthquake@yahoo.co', 'angry') ;
INSERT INTO postreaction values('140', 'disgusting-door@mac.co', 'happy') ;
INSERT INTO postreaction values('21', 'serene-berry@gmail.net', 'like') ;
INSERT INTO postreaction values('120', 'brave-pet@mac.ca', 'sad') ;
INSERT INTO postreaction values('102', 'miscreant-girl@icloud.net', 'happy') ;
INSERT INTO postreaction values('99', 'knowledgeable-coast@icloud.fr', 'sad') ;
INSERT INTO postreaction values('130', 'scandalous-riddle@videotron.us', 'angry') ;
INSERT INTO postreaction values('74', 'entertaining-stranger@videotron.fr', 'happy') ;
INSERT INTO postreaction values('38', 'panoramic-foot@gmail.us', 'like') ;
INSERT INTO postreaction values('112', 'purring-stream@hotmail.net', 'angry') ;
INSERT INTO postreaction values('77', 'green-airport@gmail.fr', 'angry') ;
INSERT INTO postreaction values('29', 'classy-company@gmail.us', 'angry') ;
INSERT INTO postreaction values('68', 'entertaining-stranger@videotron.fr', 'like') ;
INSERT INTO postreaction values('54', 'common-umbrella@me.io', 'angry') ;
INSERT INTO postreaction values('136', 'periodic-muscle@videotron.co', 'angry') ;
INSERT INTO postreaction values('13', 'casual-roof@mac.com', 'sad') ;
INSERT INTO postreaction values('127', 'genial-cart@me.net', 'happy') ;
INSERT INTO postreaction values('38', 'knowledgeable-coast@icloud.fr', 'happy') ;
INSERT INTO postreaction values('118', 'muddled-hour@mac.uk', 'like') ;
INSERT INTO postreaction values('146', 'super-line@icloud.net', 'happy') ;
INSERT INTO postreaction values('33', 'abrasive-son@hotmail.fr', 'excited') ;
INSERT INTO postreaction values('14', 'envious-butter@videotron.net', 'angry') ;
INSERT INTO postreaction values('30', 'chunky-silver@gmail.uk', 'angry') ;
INSERT INTO postreaction values('55', 'watery-loaf@videotron.uk', 'like') ;
INSERT INTO postreaction values('34', 'far-jeans@sympatico.co', 'happy') ;
INSERT INTO postreaction values('97', 'painful-stocking@me.uk', 'happy') ;
INSERT INTO postreaction values('105', 'dear-memory@sympatico.ca', 'excited') ;
INSERT INTO postreaction values('34', 'romantic-mitten@videotron.com', 'happy') ;
INSERT INTO postreaction values('29', 'humane-ocean@icloud.uk', 'excited') ;
INSERT INTO postreaction values('51', 'first-sleet@yahoo.uk', 'sad') ;
INSERT INTO postreaction values('110', 'elegant-elbow@yahoo.co', 'angry') ;
INSERT INTO postreaction values('112', 'wanted-pump@gmail.net', 'like') ;
INSERT INTO postreaction values('119', 'screeching-road@hotmail.co', 'angry') ;
INSERT INTO postreaction values('23', 'protective-plastic@gmail.net', 'like') ;
INSERT INTO postreaction values('53', 'merciful-library@hotmail.net', 'sad') ;
INSERT INTO postreaction values('121', 'abounding-income@sympatico.io', 'excited') ;
INSERT INTO postreaction values('8', 'gaudy-ground@me.net', 'angry') ;
INSERT INTO postreaction values('48', 'dear-memory@sympatico.ca', 'sad') ;
INSERT INTO postreaction values('109', 'rapid-books@videotron.com', 'like') ;
INSERT INTO postreaction values('68', 'dry-pump@mac.us', 'excited') ;
INSERT INTO postreaction values('108', 'soggy-impulse@sympatico.net', 'sad') ;
INSERT INTO postreaction values('109', 'abrasive-son@hotmail.fr', 'like') ;
INSERT INTO postreaction values('111', 'evil-minister@gmail.io', 'angry') ;
INSERT INTO postreaction values('58', 'mountainous-crowd@mac.co', 'like') ;
INSERT INTO postreaction values('23', 'fretful-instrument@hotmail.fr', 'happy') ;
INSERT INTO postreaction values('78', 'wry-request@mac.us', 'excited') ;
INSERT INTO postreaction values('4', 'ludicrous-cub@mac.fr', 'like') ;
INSERT INTO postreaction values('56', 'rapid-books@videotron.com', 'excited') ;
INSERT INTO postreaction values('113', 'barbarous-railway@yahoo.co', 'angry') ;
INSERT INTO postreaction values('145', 'oval-business@videotron.uk', 'sad') ;
INSERT INTO postreaction values('71', 'painful-stocking@me.uk', 'happy') ;
INSERT INTO postreaction values('146', 'periodic-cent@hotmail.com', 'like') ;
INSERT INTO postreaction values('100', 'romantic-mitten@videotron.com', 'sad') ;
INSERT INTO postreaction values('21', 'vivid-island@mac.com', 'angry') ;
INSERT INTO postreaction values('52', 'perfect-knee@mac.fr', 'like') ;
INSERT INTO postreaction values('135', 'gruesome-tax@mac.net', 'excited') ;
INSERT INTO postreaction values('113', 'chunky-silver@gmail.uk', 'happy') ;
INSERT INTO postreaction values('100', 'spotted-wing@yahoo.fr', 'sad') ;
INSERT INTO postreaction values('84', 'screeching-road@hotmail.co', 'angry') ;
INSERT INTO postreaction values('112', 'entertaining-stranger@videotron.fr', 'like') ;
INSERT INTO postreaction values('8', 'mute-year@mac.com', 'like') ;
INSERT INTO postreaction values('64', 'forlorn-aunt@gmail.uk', 'angry') ;
INSERT INTO postreaction values('143', 'gaping-credit@gmail.net', 'like') ;
INSERT INTO postreaction values('14', 'civil-houses@icloud.io', 'excited') ;
INSERT INTO postreaction values('28', 'deeply-throat@yahoo.net', 'happy') ;
INSERT INTO postreaction values('137', 'gruesome-tax@mac.net', 'like') ;
INSERT INTO postreaction values('53', 'chunky-silver@gmail.uk', 'happy') ;
INSERT INTO postreaction values('17', 'wry-request@mac.us', 'like') ;
INSERT INTO postreaction values('103', 'chunky-silver@gmail.uk', 'happy') ;
INSERT INTO postreaction values('23', 'benevolent-whistle@icloud.net', 'excited') ;
INSERT INTO postreaction values('78', 'purring-stream@hotmail.net', 'like') ;
INSERT INTO postreaction values('36', 'deeply-throat@yahoo.net', 'sad') ;
INSERT INTO postreaction values('90', 'expensive-zinc@hotmail.ca', 'happy') ;
INSERT INTO postreaction values('126', 'smiley-metal@icloud.fr', 'excited') ;
INSERT INTO postreaction values('137', 'benevolent-whistle@icloud.net', 'happy') ;
INSERT INTO postreaction values('79', 'motionless-birds@hotmail.ca', 'excited') ;
INSERT INTO postreaction values('108', 'mountainous-crowd@mac.co', 'excited') ;
INSERT INTO postreaction values('75', 'hateful-hill@me.com', 'like') ;
INSERT INTO postreaction values('27', 'heavenly-quarter@sympatico.uk', 'excited') ;
INSERT INTO postreaction values('73', 'romantic-mitten@videotron.com', 'sad') ;
INSERT INTO postreaction values('94', 'rigid-measure@me.io', 'sad') ;
INSERT INTO postreaction values('84', 'jolly-jail@icloud.net', 'happy') ;
INSERT INTO postreaction values('25', 'righteous-tramp@icloud.net', 'happy') ;
INSERT INTO postreaction values('2', 'periodic-muscle@videotron.co', 'excited') ;
INSERT INTO postreaction values('111', 'physical-servant@sympatico.us', 'happy') ;
INSERT INTO postreaction values('11', 'merciful-degree@icloud.fr', 'excited') ;
INSERT INTO postreaction values('55', 'shy-cemetery@videotron.co', 'excited') ;
INSERT INTO postreaction values('102', 'benevolent-whistle@icloud.net', 'angry') ;
INSERT INTO postreaction values('65', 'smiley-metal@icloud.fr', 'sad') ;
INSERT INTO postreaction values('114', 'fancy-bath@videotron.co', 'angry') ;
INSERT INTO postreaction values('129', 'phobic-skate@videotron.net', 'angry') ;
INSERT INTO postreaction values('131', 'abrasive-son@hotmail.fr', 'sad') ;
INSERT INTO postreaction values('72', 'romantic-mitten@videotron.com', 'excited') ;
INSERT INTO postreaction values('15', 'rapid-books@videotron.com', 'sad') ;
INSERT INTO postreaction values('18', 'enthusiastic-suit@videotron.co', 'like') ;
INSERT INTO postreaction values('101', 'addicted-thread@hotmail.co', 'sad') ;
INSERT INTO postreaction values('141', 'tangible-harbor@mac.uk', 'sad') ;
INSERT INTO postreaction values('124', 'protective-plastic@gmail.net', 'like') ;
INSERT INTO postreaction values('100', 'hateful-hill@me.com', 'angry') ;
INSERT INTO postreaction values('22', 'shy-cemetery@videotron.co', 'like') ;
INSERT INTO postreaction values('78', 'humane-ocean@icloud.uk', 'angry') ;
INSERT INTO postreaction values('88', 'hateful-hill@me.com', 'happy') ;
INSERT INTO postreaction values('14', 'gruesome-tax@mac.net', 'excited') ;
INSERT INTO postreaction values('29', 'painful-stocking@me.uk', 'sad') ;
INSERT INTO postreaction values('47', 'envious-butter@videotron.net', 'happy') ;
INSERT INTO postreaction values('53', 'shy-cemetery@videotron.co', 'like') ;
INSERT INTO postreaction values('68', 'likeable-harbor@me.io', 'happy') ;
INSERT INTO postreaction values('90', 'zealous-sleep@hotmail.com', 'excited') ;
INSERT INTO postreaction values('98', 'abrasive-son@hotmail.fr', 'happy') ;
INSERT INTO postreaction values('63', 'righteous-tramp@icloud.net', 'excited') ;
INSERT INTO postreaction values('65', 'obtainable-cannon@yahoo.com', 'sad') ;
INSERT INTO postreaction values('141', 'vivid-island@mac.com', 'like') ;
INSERT INTO postreaction values('130', 'heavenly-quarter@sympatico.uk', 'happy') ;
INSERT INTO postreaction values('49', 'envious-butter@videotron.net', 'like') ;
INSERT INTO postreaction values('119', 'spotted-wing@yahoo.fr', 'excited') ;
INSERT INTO postreaction values('30', 'smooth-sheep@yahoo.com', 'angry') ;
INSERT INTO postreaction values('97', 'dead-mask@hotmail.co', 'excited') ;
INSERT INTO postreaction values('11', 'merciful-library@hotmail.net', 'angry') ;
INSERT INTO postreaction values('20', 'knowledgeable-coast@icloud.fr', 'sad') ;
INSERT INTO postreaction values('56', 'abrasive-son@hotmail.fr', 'excited') ;
INSERT INTO postreaction values('44', 'romantic-mitten@videotron.com', 'like') ;
INSERT INTO postreaction values('96', 'frightened-orange@videotron.net', 'excited') ;
INSERT INTO postreaction values('102', 'merciful-library@hotmail.net', 'angry') ;
INSERT INTO postreaction values('71', 'future-oranges@yahoo.co', 'sad') ;
INSERT INTO postreaction values('33', 'star-ladybug@icloud.ca', 'like') ;
INSERT INTO postreaction values('135', 'humane-ocean@icloud.uk', 'sad') ;
INSERT INTO postreaction values('121', 'righteous-tramp@icloud.net', 'happy') ;
INSERT INTO postreaction values('59', 'genial-cart@me.net', 'happy') ;
INSERT INTO postreaction values('103', 'rapid-books@videotron.com', 'sad') ;
INSERT INTO postreaction values('107', 'one-cover@sympatico.uk', 'like') ;
INSERT INTO postreaction values('109', 'physical-servant@sympatico.us', 'excited') ;
INSERT INTO postreaction values('135', 'dark-drink@gmail.io', 'like') ;
INSERT INTO postreaction values('127', 'serene-berry@gmail.net', 'happy') ;
INSERT INTO postreaction values('93', 'dark-drink@gmail.io', 'happy') ;
INSERT INTO postreaction values('135', 'romantic-mitten@videotron.com', 'angry') ;
INSERT INTO postreaction values('115', 'oval-business@videotron.uk', 'happy') ;
INSERT INTO postreaction values('118', 'zealous-sleep@hotmail.com', 'happy') ;
INSERT INTO postreaction values('144', 'addicted-thread@hotmail.co', 'excited') ;
INSERT INTO postreaction values('6', 'gruesome-tax@mac.net', 'like') ;
INSERT INTO postreaction values('58', 'miscreant-girl@icloud.net', 'like') ;
INSERT INTO postreaction values('89', 'chunky-silver@gmail.uk', 'like') ;
INSERT INTO postreaction values('132', 'rapid-books@videotron.com', 'sad') ;
INSERT INTO postreaction values('90', 'super-line@icloud.net', 'sad') ;
INSERT INTO postreaction values('71', 'vivid-island@mac.com', 'sad') ;
INSERT INTO postreaction values('89', 'addicted-thread@hotmail.co', 'sad') ;
INSERT INTO postreaction values('36', 'physical-servant@sympatico.us', 'excited') ;
INSERT INTO postreaction values('97', 'protective-plastic@gmail.net', 'angry') ;
INSERT INTO postreaction values('92', 'damp-tree@me.us', 'angry') ;
INSERT INTO postreaction values('94', 'serene-berry@gmail.net', 'angry') ;
INSERT INTO postreaction values('118', 'likeable-harbor@me.io', 'sad') ;
INSERT INTO postreaction values('27', 'zealous-sleep@hotmail.com', 'happy') ;
INSERT INTO postreaction values('49', 'brave-pet@mac.ca', 'angry') ;
INSERT INTO postreaction values('107', 'regal-rod@me.co', 'happy') ;
INSERT INTO postreaction values('12', 'dead-mask@hotmail.co', 'angry') ;
INSERT INTO postreaction values('86', 'first-sleet@yahoo.uk', 'angry') ;
INSERT INTO postreaction values('64', 'rigid-measure@me.io', 'angry') ;
INSERT INTO postreaction values('27', 'mint-support@hotmail.us', 'angry') ;
INSERT INTO postreaction values('33', 'dry-pump@mac.us', 'excited') ;
INSERT INTO postreaction values('3', 'periodic-cent@hotmail.com', 'sad') ;
INSERT INTO postreaction values('18', 'miscreant-girl@icloud.net', 'angry') ;
INSERT INTO postreaction values('82', 'dead-mask@hotmail.co', 'happy') ;
INSERT INTO postreaction values('120', 'physical-servant@sympatico.us', 'sad') ;
INSERT INTO postreaction values('143', 'entertaining-stranger@videotron.fr', 'angry') ;
INSERT INTO postreaction values('139', 'mint-support@hotmail.us', 'excited') ;
INSERT INTO postreaction values('76', 'benevolent-whistle@icloud.net', 'sad') ;
INSERT INTO postreaction values('123', 'oval-business@videotron.uk', 'angry') ;
INSERT INTO postreaction values('13', 'dear-memory@sympatico.ca', 'excited') ;
INSERT INTO postreaction values('11', 'damp-tree@me.us', 'excited') ;
INSERT INTO postreaction values('141', 'perfect-knee@mac.fr', 'sad') ;
INSERT INTO postreaction values('143', 'pastoral-border@me.us', 'excited') ;
INSERT INTO postreaction values('51', 'screeching-road@hotmail.co', 'like') ;
INSERT INTO postreaction values('149', 'knowledgeable-coast@icloud.fr', 'angry') ;
INSERT INTO postreaction values('14', 'crazy-wrist@icloud.com', 'angry') ;
INSERT INTO postreaction values('43', 'brown-party@icloud.us', 'like') ;
INSERT INTO postreaction values('89', 'motionless-birds@hotmail.ca', 'angry') ;
INSERT INTO postreaction values('70', 'evil-minister@gmail.io', 'angry') ;
INSERT INTO postreaction values('4', 'serene-berry@gmail.net', 'like') ;
INSERT INTO postreaction values('129', 'panoramic-foot@gmail.us', 'sad') ;
INSERT INTO postreaction values('56', 'brave-pet@mac.ca', 'sad') ;
INSERT INTO postreaction values('67', 'dry-pump@mac.us', 'sad') ;
INSERT INTO postreaction values('14', 'obtainable-popcorn@me.co', 'excited') ;
INSERT INTO postreaction values('55', 'knowledgeable-coast@icloud.fr', 'happy') ;
INSERT INTO postreaction values('30', 'disgusting-door@mac.co', 'angry') ;
INSERT INTO postreaction values('113', 'elegant-elbow@yahoo.co', 'sad') ;
INSERT INTO postreaction values('65', 'chunky-silver@gmail.uk', 'angry') ;
INSERT INTO postreaction values('141', 'purring-stream@hotmail.net', 'sad') ;
INSERT INTO postreaction values('62', 'tangible-harbor@mac.uk', 'happy') ;
INSERT INTO postreaction values('40', 'romantic-mitten@videotron.com', 'happy') ;
INSERT INTO postreaction values('94', 'knowledgeable-coast@icloud.fr', 'angry') ;
INSERT INTO postreaction values('29', 'zealous-sleep@hotmail.com', 'sad') ;
INSERT INTO postreaction values('82', 'heavenly-quarter@sympatico.uk', 'angry') ;
INSERT INTO postreaction values('38', 'hateful-hill@me.com', 'sad') ;
INSERT INTO postreaction values('69', 'hateful-hill@me.com', 'happy') ;
INSERT INTO postreaction values('80', 'shy-cemetery@videotron.co', 'sad') ;
INSERT INTO postreaction values('142', 'benevolent-whistle@icloud.net', 'happy') ;
INSERT INTO postreaction values('82', 'mountainous-crowd@mac.co', 'excited') ;
INSERT INTO postreaction values('118', 'mute-year@mac.com', 'like') ;
INSERT INTO postreaction values('86', 'vivacious-recess@icloud.net', 'angry') ;
INSERT INTO postreaction values('115', 'periodic-cent@hotmail.com', 'sad') ;
INSERT INTO postreaction values('20', 'wanted-pump@gmail.net', 'happy') ;
INSERT INTO postreaction values('100', 'miscreant-girl@icloud.net', 'like') ;
INSERT INTO postreaction values('133', 'green-airport@gmail.fr', 'excited') ;
INSERT INTO postreaction values('117', 'common-umbrella@me.io', 'sad') ;
INSERT INTO postreaction values('11', 'obtainable-cannon@yahoo.com', 'happy') ;
INSERT INTO postreaction values('101', 'humane-ocean@icloud.uk', 'sad') ;
INSERT INTO postreaction values('99', 'watery-loaf@videotron.uk', 'excited') ;
INSERT INTO postreaction values('85', 'chunky-silver@gmail.uk', 'excited') ;
INSERT INTO postreaction values('89', 'classy-company@gmail.us', 'excited') ;
INSERT INTO postreaction values('16', 'magenta-earthquake@yahoo.co', 'like') ;
INSERT INTO postreaction values('9', 'brown-party@icloud.us', 'like') ;
INSERT INTO postreaction values('43', 'scandalous-riddle@videotron.us', 'angry') ;
INSERT INTO postreaction values('146', 'physical-servant@sympatico.us', 'sad') ;
INSERT INTO postreaction values('138', 'spotted-wing@yahoo.fr', 'like') ;
INSERT INTO postreaction values('21', 'envious-butter@videotron.net', 'like') ;
INSERT INTO postreaction values('1', 'abrasive-son@hotmail.fr', 'angry') ;
INSERT INTO postreaction values('77', 'wry-request@mac.us', 'angry') ;
INSERT INTO postreaction values('135', 'icy-machine@hotmail.uk', 'sad') ;
INSERT INTO postreaction values('21', 'barbarous-railway@yahoo.co', 'like') ;
INSERT INTO postreaction values('61', 'gaping-credit@gmail.net', 'angry') ;
INSERT INTO postreaction values('24', 'star-ladybug@icloud.ca', 'sad') ;
INSERT INTO postreaction values('13', 'envious-butter@videotron.net', 'angry') ;
INSERT INTO postreaction values('104', 'smooth-sheep@yahoo.com', 'like') ;
INSERT INTO postreaction values('20', 'rapid-books@videotron.com', 'sad') ;
INSERT INTO postreaction values('48', 'mute-year@mac.com', 'sad') ;
INSERT INTO postreaction values('55', 'old-plastic@videotron.fr', 'excited') ;
INSERT INTO postreaction values('117', 'vivid-island@mac.com', 'like') ;
INSERT INTO postreaction values('83', 'red-shape@yahoo.co', 'excited') ;
INSERT INTO postreaction values('12', 'rigid-measure@me.io', 'excited') ;
INSERT INTO postreaction values('137', 'dry-pump@mac.us', 'sad') ;
INSERT INTO postreaction values('64', 'abrasive-son@hotmail.fr', 'sad') ;
INSERT INTO postreaction values('90', 'frightened-orange@videotron.net', 'happy') ;
INSERT INTO postreaction values('83', 'obtainable-cannon@yahoo.com', 'happy') ;
INSERT INTO postreaction values('52', 'icy-machine@hotmail.uk', 'happy') ;
INSERT INTO postreaction values('21', 'romantic-mitten@videotron.com', 'angry') ;
INSERT INTO postreaction values('134', 'spotted-wing@yahoo.fr', 'happy') ;
INSERT INTO postreaction values('52', 'frightened-orange@videotron.net', 'excited') ;
INSERT INTO postreaction values('8', 'knowledgeable-coast@icloud.fr', 'excited') ;
INSERT INTO postreaction values('1', 'fretful-instrument@hotmail.fr', 'angry') ;
INSERT INTO postreaction values('108', 'purring-stream@hotmail.net', 'sad') ;
INSERT INTO postreaction values('95', 'pretty-feeling@mac.co', 'excited') ;
INSERT INTO postreaction values('72', 'obtainable-popcorn@me.co', 'angry') ;
INSERT INTO postreaction values('89', 'enthusiastic-suit@videotron.co', 'like') ;
INSERT INTO postreaction values('128', 'scandalous-riddle@videotron.us', 'like') ;
INSERT INTO postreaction values('76', 'wanted-pump@gmail.net', 'excited') ;
INSERT INTO postreaction values('149', 'icy-machine@hotmail.uk', 'sad') ;
INSERT INTO postreaction values('145', 'crazy-wrist@icloud.com', 'happy') ;
INSERT INTO postreaction values('64', 'jolly-jail@icloud.net', 'sad') ;
INSERT INTO postreaction values('81', 'classy-company@gmail.us', 'happy') ;
INSERT INTO postreaction values('142', 'merciful-library@hotmail.net', 'like') ;
INSERT INTO postreaction values('48', 'star-ladybug@icloud.ca', 'angry') ;
INSERT INTO postreaction values('110', 'hateful-hill@me.com', 'excited') ;
INSERT INTO postreaction values('114', 'moaning-cherries@icloud.co', 'excited') ;
INSERT INTO postreaction values('39', 'brown-party@icloud.us', 'angry') ;
INSERT INTO postreaction values('15', 'mint-support@hotmail.us', 'like') ;
INSERT INTO postreaction values('132', 'periodic-cent@hotmail.com', 'happy') ;
INSERT INTO postreaction values('77', 'vivacious-recess@icloud.net', 'angry') ;
INSERT INTO postreaction values('6', 'magenta-earthquake@yahoo.co', 'excited') ;
INSERT INTO postreaction values('28', 'icy-machine@hotmail.uk', 'angry') ;
INSERT INTO postreaction values('81', 'heavenly-quarter@sympatico.uk', 'angry') ;
INSERT INTO postreaction values('50', 'dark-drink@gmail.io', 'happy') ;
INSERT INTO postreaction values('41', 'purring-stream@hotmail.net', 'like') ;
INSERT INTO postreaction values('9', 'motionless-birds@hotmail.ca', 'happy') ;
INSERT INTO postreaction values('105', 'brown-party@icloud.us', 'excited') ;
INSERT INTO postreaction values('26', 'purring-stream@hotmail.net', 'sad') ;
INSERT INTO postreaction values('116', 'romantic-mitten@videotron.com', 'like') ;
INSERT INTO postreaction values('22', 'careful-committee@videotron.ca', 'like') ;
INSERT INTO postreaction values('70', 'rigid-measure@me.io', 'sad') ;
INSERT INTO postreaction values('79', 'casual-roof@mac.com', 'excited') ;
INSERT INTO postreaction values('79', 'smiley-metal@icloud.fr', 'sad') ;
INSERT INTO postreaction values('7', 'righteous-tramp@icloud.net', 'like') ;
INSERT INTO postreaction values('9', 'mute-year@mac.com', 'angry') ;
INSERT INTO postreaction values('133', 'watery-loaf@videotron.uk', 'happy') ;
INSERT INTO postreaction values('37', 'spotted-wing@yahoo.fr', 'angry') ;
INSERT INTO postreaction values('12', 'abounding-income@sympatico.io', 'like') ;
INSERT INTO postreaction values('91', 'dry-pump@mac.us', 'like') ;
INSERT INTO postreaction values('101', 'wanted-pump@gmail.net', 'sad') ;
INSERT INTO postreaction values('107', 'phobic-skate@videotron.net', 'sad') ;
INSERT INTO postreaction values('117', 'entertaining-stranger@videotron.fr', 'like') ;
INSERT INTO postreaction values('78', 'perfect-knee@mac.fr', 'like') ;
INSERT INTO postreaction values('82', 'wanted-pump@gmail.net', 'excited') ;
INSERT INTO postreaction values('6', 'elegant-elbow@yahoo.co', 'happy') ;
INSERT INTO postreaction values('29', 'vivacious-recess@icloud.net', 'happy') ;
INSERT INTO postreaction values('104', 'humane-ocean@icloud.uk', 'excited') ;
INSERT INTO postreaction values('126', 'panoramic-foot@gmail.us', 'like') ;
INSERT INTO postreaction values('77', 'abounding-income@sympatico.io', 'excited') ;
INSERT INTO postreaction values('70', 'gaudy-ground@me.net', 'happy') ;
INSERT INTO postreaction values('87', 'fancy-bath@videotron.co', 'happy') ;
INSERT INTO postreaction values('143', 'regal-rod@me.co', 'sad') ;
INSERT INTO postreaction values('92', 'ludicrous-cub@mac.fr', 'happy') ;
INSERT INTO postreaction values('84', 'obtainable-popcorn@me.co', 'excited') ;
INSERT INTO postreaction values('146', 'elegant-elbow@yahoo.co', 'angry') ;
INSERT INTO postreaction values('138', 'one-cover@sympatico.uk', 'happy') ;
INSERT INTO postreaction values('37', 'future-oranges@yahoo.co', 'angry') ;
INSERT INTO postreaction values('70', 'likeable-harbor@me.io', 'happy') ;
INSERT INTO postreaction values('67', 'pastoral-border@me.us', 'angry') ;
INSERT INTO postreaction values('49', 'gaping-credit@gmail.net', 'happy') ;
INSERT INTO postreaction values('44', 'physical-servant@sympatico.us', 'excited') ;
INSERT INTO postreaction values('101', 'chunky-silver@gmail.uk', 'like') ;
INSERT INTO postreaction values('149', 'watery-loaf@videotron.uk', 'angry') ;
INSERT INTO postreaction values('39', 'future-oranges@yahoo.co', 'like') ;
INSERT INTO postreaction values('111', 'merciful-library@hotmail.net', 'like') ;
INSERT INTO postreaction values('88', 'regal-rod@me.co', 'happy') ;
INSERT INTO postreaction values('10', 'likeable-harbor@me.io', 'happy') ;
INSERT INTO postreaction values('4', 'vivacious-recess@icloud.net', 'like') ;
INSERT INTO postreaction values('32', 'damp-tree@me.us', 'happy') ;
INSERT INTO postreaction values('55', 'envious-butter@videotron.net', 'like') ;
INSERT INTO postreaction values('3', 'mint-support@hotmail.us', 'happy') ;
INSERT INTO postreaction values('94', 'classy-company@gmail.us', 'angry') ;
INSERT INTO postreaction values('30', 'entertaining-stranger@videotron.fr', 'sad') ;
INSERT INTO postreaction values('143', 'elated-meeting@yahoo.io', 'like') ;
INSERT INTO postreaction values('83', 'phobic-skate@videotron.net', 'sad') ;
INSERT INTO postreaction values('118', 'soggy-impulse@sympatico.net', 'like') ;
INSERT INTO postreaction values('79', 'panoramic-foot@gmail.us', 'like') ;
INSERT INTO postreaction values('142', 'old-plastic@videotron.fr', 'angry') ;
INSERT INTO postreaction values('65', 'benevolent-whistle@icloud.net', 'angry') ;
INSERT INTO postreaction values('14', 'vast-oil@mac.com', 'happy') ;
INSERT INTO postreaction values('82', 'wry-request@mac.us', 'excited') ;
INSERT INTO postreaction values('96', 'ludicrous-cub@mac.fr', 'excited') ;
INSERT INTO postreaction values('133', 'hateful-hill@me.com', 'happy') ;
INSERT INTO postreaction values('79', 'damp-tree@me.us', 'happy') ;
/* Script generated Thu Feb 23 2017 19:12:46 GMT-0500 (Eastern Standard Time)*/

INSERT INTO workperiod values('ludicrous-cub@mac.fr', '12', 'Wed May 15 2041','Wed Jan 09 2064','Creative Source Code Explorer') ;
INSERT INTO workperiod values('spotted-wing@yahoo.fr', '18', 'Fri Mar 21 2110','Fri Oct 18 2115','Amazing Coffee Maker') ;
INSERT INTO workperiod values('mint-support@hotmail.us', '83', 'Tue Apr 28 2054','Thu Feb 17 2084','Professional Functionality Consultant') ;
INSERT INTO workperiod values('civil-houses@icloud.io', '83', 'Sat Jun 14 2092','Wed Dec 21 2118','Quantum Usability Director') ;
INSERT INTO workperiod values('expensive-zinc@hotmail.ca', '41', 'Fri Jan 14 2095','Sat Jan 11 2098','Maginficent HTML Artist') ;
INSERT INTO workperiod values('mountainous-crowd@mac.co', '92', 'Sun Sep 23 2085','Wed Oct 12 2107','Complete Graphical Manager') ;
INSERT INTO workperiod values('purring-stream@hotmail.net', '2', 'Sat Jan 18 2081','Thu Apr 07 2095','Informal Web Experience Manager') ;
INSERT INTO workperiod values('mint-support@hotmail.us', '72', 'Sat Oct 11 2087','Sat Jun 09 2108','Ninja Wizard Spam Reader') ;
INSERT INTO workperiod values('brown-party@icloud.us', '3', 'Wed Sep 26 2018','Sun Jul 23 2034','Direct WordPress Admin') ;
INSERT INTO workperiod values('super-line@icloud.net', '89', 'Sat May 18 2024','Mon Sep 17 2040','Senior Coffee Maker') ;
INSERT INTO workperiod values('dark-drink@gmail.io', '76', 'Sat Aug 23 2092','Tue Feb 07 2102','Creative Mastermind') ;
INSERT INTO workperiod values('envious-butter@videotron.net', '37', 'Sat Feb 07 2088','Thu Jan 06 2101','Informal Webmaster') ;
INSERT INTO workperiod values('zealous-sleep@hotmail.com', '31', 'Wed Jul 19 2090','Mon Jul 08 2109','Independent PHP CEO') ;
INSERT INTO workperiod values('painful-stocking@me.uk', '53', 'Mon May 17 2088','Tue Nov 05 2097','Junior Future Millionaire') ;
INSERT INTO workperiod values('elated-meeting@yahoo.io', '12', 'Sun Apr 10 2022','Mon Jul 20 2048','Freaking WYSIWYG Maker') ;
INSERT INTO workperiod values('vast-oil@mac.com', '29', 'Wed Apr 01 2048','Thu Apr 23 2071','Evolutionary Shizzlifier') ;
INSERT INTO workperiod values('chunky-silver@gmail.uk', '95', 'Mon Feb 15 2044','Wed Apr 18 2046','Maginficent Future Millionaire') ;
INSERT INTO workperiod values('deeply-throat@yahoo.net', '41', 'Sat Sep 04 2117','Sun Oct 07 2136','Qualitative Frameset Endorser') ;
INSERT INTO workperiod values('mountainous-crowd@mac.co', '100', 'Fri Feb 28 2048','Thu May 16 2069','Freaking JavaScript Giant') ;
INSERT INTO workperiod values('old-plastic@videotron.fr', '1', 'Tue Nov 11 2092','Tue May 07 2097','Pro Frontpage Expert') ;
INSERT INTO workperiod values('brown-party@icloud.us', '48', 'Thu Jun 14 2114','Thu Mar 20 2127','Expert Google Analytics Expert') ;
INSERT INTO workperiod values('oval-business@videotron.uk', '95', 'Thu Aug 31 2090','Sat May 26 2114','Ninja Wizard Homepage Designer') ;
INSERT INTO workperiod values('dear-memory@sympatico.ca', '69', 'Mon Aug 06 2074','Mon Apr 25 2095','Viral SASS Tweeter') ;
INSERT INTO workperiod values('damp-tree@me.us', '18', 'Fri Apr 22 2050','Sat Nov 24 2057','King of Phone Operator') ;
INSERT INTO workperiod values('shy-cemetery@videotron.co', '81', 'Mon Jul 26 2021','Fri Feb 17 2045','Future Copy & Paste Guru') ;
INSERT INTO workperiod values('oval-business@videotron.uk', '1', 'Sat Mar 29 2042','Wed Apr 12 2045','Creative M.Dot Superhero') ;
INSERT INTO workperiod values('dear-memory@sympatico.ca', '53', 'Fri Oct 16 2048','Sun Jul 18 2066','Senior Coffee Analist') ;
INSERT INTO workperiod values('perfect-knee@mac.fr', '53', 'Thu Dec 30 2106','Sun Nov 18 2125','Powerful WordPress Admin') ;
INSERT INTO workperiod values('evil-minister@gmail.io', '85', 'Sun Feb 11 2063','Sun Oct 04 2082','Qualitative Photoshop Designer') ;
INSERT INTO workperiod values('humane-fork@yahoo.uk', '19', 'Sun Dec 25 2044','Wed Aug 12 2048','Informal Innovation Sherpa') ;
INSERT INTO workperiod values('elated-meeting@yahoo.io', '41', 'Mon Jul 26 2021','Fri Nov 19 2049','Independent HyperSpace Tamer') ;
INSERT INTO workperiod values('panoramic-foot@gmail.us', '89', 'Tue May 16 2056','Thu Jan 24 2064','Lead Closed Source Evangelist') ;
INSERT INTO workperiod values('evil-minister@gmail.io', '31', 'Sun Jul 10 2095','Sat Apr 01 2102','Chief Homepage Designer') ;
INSERT INTO workperiod values('classy-company@gmail.us', '85', 'Mon May 07 2040','Sat Apr 26 2059','Visionary File Uploader') ;
INSERT INTO workperiod values('chunky-silver@gmail.uk', '33', 'Sat May 16 2065','Thu Jun 11 2071','Qualitative JavaScript Giant') ;
INSERT INTO workperiod values('selfish-house@sympatico.io', '69', 'Wed May 05 2094','Tue Jul 07 2122','In-House .BMP Optimizer') ;
INSERT INTO workperiod values('pastoral-border@me.us', '55', 'Mon Jan 18 2083','Sun Jun 10 2096','Master Source Code Explorer') ;
INSERT INTO workperiod values('wry-request@mac.us', '3', 'Sat Oct 04 2087','Tue Sep 11 2096','Uber CSS Tamer') ;
INSERT INTO workperiod values('abounding-income@sympatico.io', '59', 'Sun Feb 25 2114','Tue Nov 06 2136','Volunteer CSS Tamer') ;
INSERT INTO workperiod values('pastoral-border@me.us', '92', 'Fri Apr 07 2034','Sun Feb 27 2061','Senior Frameset Endorser') ;
INSERT INTO workperiod values('rapid-books@videotron.com', '46', 'Thu Jan 30 2059','Wed Aug 08 2074','Lead Virtual Horsedriver') ;
INSERT INTO workperiod values('brown-party@icloud.us', '7', 'Thu Jan 25 2103','Fri Nov 06 2111','Quantum Bug Hunting as a Service') ;
INSERT INTO workperiod values('muddled-hour@mac.uk', '71', 'Thu Aug 07 2110','Sun Sep 23 2114','Volunteer Table Layout King') ;
INSERT INTO workperiod values('disgusting-door@mac.co', '2', 'Thu Oct 13 2107','Thu Jun 21 2114','Virtuous Security Resarcher') ;
INSERT INTO workperiod values('oval-business@videotron.uk', '7', 'Sat Jul 16 2033','Sat May 27 2056','Ninja Wizard Google Analytics Expert') ;
INSERT INTO workperiod values('miscreant-girl@icloud.net', '17', 'Fri Jul 18 2110','Thu Sep 19 2137','Direct Copy Cat') ;
INSERT INTO workperiod values('enthusiastic-suit@videotron.co', '92', 'Mon Mar 21 2022','Mon Mar 29 2038','Direct Social Media Assistant') ;
INSERT INTO workperiod values('tangible-harbor@mac.uk', '29', 'Sat Apr 03 2055','Thu Apr 14 2061','Senior Google Searcher') ;
INSERT INTO workperiod values('old-plastic@videotron.fr', '97', 'Wed Sep 04 2047','Mon Jan 23 2051','Informal JavaScript Injectioneer') ;
INSERT INTO workperiod values('frightened-orange@videotron.net', '16', 'Mon Mar 13 2090','Thu Aug 04 2101','Lead M.Dot Superhero') ;
INSERT INTO workperiod values('abrasive-son@hotmail.fr', '11', 'Sat Jun 06 2116','Mon Nov 09 2139','In-House Newsletter Unsubscriber') ;
INSERT INTO workperiod values('mint-support@hotmail.us', '46', 'Sun May 26 2080','Sat Apr 06 2097','Lead Frameset Endorser') ;
INSERT INTO workperiod values('vast-oil@mac.com', '16', 'Mon Jun 02 2110','Thu Feb 19 2122','Expert HyperSpace Tamer') ;
INSERT INTO workperiod values('barbarous-railway@yahoo.co', '20', 'Thu Nov 16 2079','Tue Jan 19 2100','Freaking Redditor') ;
INSERT INTO workperiod values('obtainable-cannon@yahoo.com', '81', 'Thu Jun 08 2084','Sun Nov 20 2101','Superhero of JavaScript Injectioneer') ;
INSERT INTO workperiod values('perfect-knee@mac.fr', '95', 'Sat Oct 31 2093','Tue Jan 17 2113','Uber Early Morning Late Adopter') ;
INSERT INTO workperiod values('benevolent-whistle@icloud.net', '20', 'Sat Dec 15 2108','Fri Jul 25 2132','Independent CSS Warrior') ;
INSERT INTO workperiod values('shy-cemetery@videotron.co', '6', 'Sun Sep 13 2020','Mon Nov 18 2047','King of Closed Source Evangelist') ;
INSERT INTO workperiod values('knowledgeable-coast@icloud.fr', '90', 'Sat Aug 27 2112','Tue Aug 28 2136','Evolutionary Developer') ;
INSERT INTO workperiod values('gruesome-tax@mac.net', '19', 'Fri Mar 09 2029','Tue Feb 06 2052','Professional Post-Privacy Guru') ;
INSERT INTO workperiod values('periodic-muscle@videotron.co', '33', 'Mon Jul 07 2059','Sun Mar 13 2072','Chief Prophet') ;
INSERT INTO workperiod values('smooth-sheep@yahoo.com', '3', 'Fri Aug 24 2108','Wed Mar 16 2118','Senior Webmaster') ;
INSERT INTO workperiod values('knowledgeable-coast@icloud.fr', '90', 'Mon Nov 19 2085','Sat Oct 23 2100','Senior Thinker of Free Code') ;
INSERT INTO workperiod values('obtainable-cannon@yahoo.com', '85', 'Mon Dec 23 2058','Fri Jun 21 2086','Master CSS Tamer') ;
INSERT INTO workperiod values('rigid-measure@me.io', '19', 'Fri Mar 22 2030','Fri Apr 29 2039','Pro Frameset Endorser') ;
INSERT INTO workperiod values('brown-party@icloud.us', '73', 'Sun Jun 13 2021','Fri May 11 2029','Volunteer Internet Expert') ;
INSERT INTO workperiod values('green-airport@gmail.fr', '44', 'Mon Oct 14 2075','Thu Nov 20 2098','Complete Hashtag Manager') ;
INSERT INTO workperiod values('frightened-orange@videotron.net', '16', 'Tue Aug 12 2064','Thu Nov 24 2078','Amazing Sublime Text Evangelist') ;
INSERT INTO workperiod values('dear-memory@sympatico.ca', '73', 'Sun Feb 05 2113','Mon Jun 12 2141','In-House M.Dot Superhero') ;
INSERT INTO workperiod values('first-sleet@yahoo.uk', '100', 'Fri Jul 15 2089','Sun Jul 22 2103','Powerful CSS Tamer') ;
INSERT INTO workperiod values('screeching-road@hotmail.co', '29', 'Thu Feb 13 2053','Sat Aug 10 2080','Evolutionary Webmaster') ;
INSERT INTO workperiod values('gaping-credit@gmail.net', '12', 'Wed May 26 2032','Thu Jul 09 2048','Manual Sublime Text Evangelist') ;
INSERT INTO workperiod values('screeching-road@hotmail.co', '18', 'Tue Sep 07 2088','Fri Aug 27 2106','Visionary "Researcher"') ;
INSERT INTO workperiod values('fretful-instrument@hotmail.fr', '73', 'Sat Jun 07 2059','Wed Oct 28 2065','Chief Closed Source Evangelist') ;
INSERT INTO workperiod values('gaping-credit@gmail.net', '6', 'Wed Jul 19 2113','Fri Nov 22 2143','Qualitative Bullshit Recruteer') ;
INSERT INTO workperiod values('envious-butter@videotron.net', '95', 'Fri Jun 26 2099','Sun Aug 15 2106','Qualitative CSS-layout Spec Designer') ;
INSERT INTO workperiod values('periodic-muscle@videotron.co', '70', 'Sat Jun 22 2047','Mon Jul 05 2049','Pro Twittererer') ;
INSERT INTO workperiod values('one-cover@sympatico.uk', '12', 'Tue Sep 08 2071','Tue May 02 2079','Independent Homepage Designer') ;
INSERT INTO workperiod values('jolly-jail@icloud.net', '98', 'Sat Aug 29 2071','Sun Sep 18 2078','In-House Philosopher') ;
INSERT INTO workperiod values('expensive-zinc@hotmail.ca', '19', 'Wed Jun 12 2086','Thu Jul 10 2098','4 Stages Social Media Assistant') ;
INSERT INTO workperiod values('knowledgeable-coast@icloud.fr', '92', 'Fri Jul 22 2078','Fri Oct 09 2099','Informal WYSIWYG Maker') ;
INSERT INTO workperiod values('smiley-metal@icloud.fr', '71', 'Thu May 11 2084','Tue Jul 24 2085','Superhero of Minimum Viable Product Developer') ;
INSERT INTO workperiod values('periodic-muscle@videotron.co', '31', 'Fri Jul 29 2044','Wed Sep 30 2054','Creative Mindmap Designer') ;
INSERT INTO workperiod values('physical-servant@sympatico.us', '49', 'Wed Apr 19 2084','Sat Jan 12 2104','Manual Web Experience Manager') ;
INSERT INTO workperiod values('shy-cemetery@videotron.co', '29', 'Sat Apr 09 2078','Tue Oct 30 2096','Beautiful Product Owner') ;
INSERT INTO workperiod values('oval-business@videotron.uk', '1', 'Tue Dec 03 2086','Tue Jan 08 2115','Amazing Variables Lord Master') ;
INSERT INTO workperiod values('scandalous-riddle@videotron.us', '15', 'Fri Feb 28 2048','Fri Dec 05 2064','Master TYPO3 Installer') ;
INSERT INTO workperiod values('watery-loaf@videotron.uk', '12', 'Mon Feb 01 2021','Mon Oct 28 2024','Coolest M.Dot Superhero') ;
INSERT INTO workperiod values('abounding-income@sympatico.io', '31', 'Thu Jul 16 2076','Wed May 11 2101','Uber Meme Meister') ;
INSERT INTO workperiod values('magenta-earthquake@yahoo.co', '31', 'Sat Jan 19 2019','Sat Aug 12 2023','Senior Coffee Maker') ;
INSERT INTO workperiod values('pretty-feeling@mac.co', '18', 'Sat May 19 2035','Sun Feb 11 2046','King of Source Code Explorer') ;
INSERT INTO workperiod values('magenta-earthquake@yahoo.co', '85', 'Sun Feb 16 2031','Fri Mar 28 2059','Quantum WiFi Wires Shop Owner') ;
INSERT INTO workperiod values('ludicrous-cub@mac.fr', '37', 'Mon Jun 17 2086','Sat Mar 23 2109','Volunteer Thinker of Free Code') ;
INSERT INTO workperiod values('obtainable-popcorn@me.co', '72', 'Fri May 04 2103','Tue Jul 06 2117','4 Stages SASS SLUT') ;
INSERT INTO workperiod values('fancy-bath@videotron.co', '30', 'Sat Aug 14 2027','Thu Mar 24 2039','Senior "Researcher"') ;
INSERT INTO workperiod values('likeable-harbor@me.io', '49', 'Fri Aug 06 2032','Fri May 14 2060','Volunteer Table Layout King') ;
INSERT INTO workperiod values('selfish-house@sympatico.io', '2', 'Tue Feb 25 2098','Wed Mar 04 2122','Creative Prophet') ;
INSERT INTO workperiod values('regal-rod@me.co', '20', 'Wed Sep 18 2109','Fri Nov 16 2114','Professional HTML Slut') ;
INSERT INTO workperiod values('spotted-wing@yahoo.fr', '55', 'Mon Sep 30 2075','Mon Mar 30 2099','Powerful M.Dot Superhero') ;
INSERT INTO workperiod values('benevolent-whistle@icloud.net', '37', 'Fri Aug 03 2035','Sun Apr 14 2058','Ninja Wizard Bullshit Recruteer') ;
/* Script generated Thu Feb 23 2017 19:12:46 GMT-0500 (Eastern Standard Time)*/

INSERT INTO studyperiod values('screeching-road@hotmail.co', '42', 'Mon Oct 14 2080','Mon Feb 04 2086','Bachelor degree') ;
INSERT INTO studyperiod values('painful-stocking@me.uk', '24', 'Mon Jan 24 2039','Fri Jun 24 2044','Bachelor degree') ;
INSERT INTO studyperiod values('hateful-hill@me.com', '10', 'Tue Sep 20 2067','Wed Aug 21 2069','Less than secondary school graduation') ;
INSERT INTO studyperiod values('far-jeans@sympatico.co', '22', 'Sat Jun 15 2041','Mon Feb 23 2043','Cegep Diploma') ;
INSERT INTO studyperiod values('abrasive-son@hotmail.fr', '62', 'Thu Dec 23 2060','Sat Jun 23 2068','Master degree') ;
INSERT INTO studyperiod values('fancy-bath@videotron.co', '86', 'Sun Oct 29 2023','Thu Jun 11 2026','Less than secondary school graduation') ;
INSERT INTO studyperiod values('fancy-bath@videotron.co', '93', 'Wed Oct 12 2112','Tue Dec 27 2118','Master degree') ;
INSERT INTO studyperiod values('jolly-jail@icloud.net', '79', 'Fri Jan 24 2020','Sun Sep 30 2029','Doctorate') ;
INSERT INTO studyperiod values('knowledgeable-coast@icloud.fr', '88', 'Fri Nov 19 2077','Mon Jun 12 2084','Less than secondary school graduation') ;
INSERT INTO studyperiod values('fretful-instrument@hotmail.fr', '60', 'Tue Jun 27 2102','Tue Apr 19 2107','Less than secondary school graduation') ;
INSERT INTO studyperiod values('abrasive-son@hotmail.fr', '14', 'Sat Sep 13 2059','Wed Jan 07 2060','Doctorate') ;
INSERT INTO studyperiod values('romantic-mitten@videotron.com', '79', 'Sat Nov 03 2114','Sun Oct 11 2122','Master degree') ;
INSERT INTO studyperiod values('green-airport@gmail.fr', '39', 'Tue Dec 25 2040','Mon May 16 2050','Some postsecondary education') ;
INSERT INTO studyperiod values('selfish-house@sympatico.io', '10', 'Mon Jan 03 2033','Wed Jun 23 2038','Less than secondary school graduation') ;
INSERT INTO studyperiod values('careful-committee@videotron.ca', '78', 'Mon Sep 25 2051','Fri Feb 09 2057','Bachelor degree') ;
INSERT INTO studyperiod values('smiley-metal@icloud.fr', '61', 'Wed Apr 30 2092','Wed Jul 06 2101','Less than secondary school graduation') ;
INSERT INTO studyperiod values('rigid-measure@me.io', '35', 'Sun Sep 05 2094','Tue Jan 09 2103','Master degree') ;
INSERT INTO studyperiod values('gruesome-tax@mac.net', '78', 'Thu May 10 2114','Sat Nov 06 2117','Doctorate') ;
INSERT INTO studyperiod values('oval-business@videotron.uk', '64', 'Sun May 07 2079','Wed Sep 30 2082','Some postsecondary education') ;
INSERT INTO studyperiod values('hateful-hill@me.com', '13', 'Fri May 07 2027','Wed Jan 24 2035','Some postsecondary education') ;
INSERT INTO studyperiod values('brave-pet@mac.ca', '74', 'Fri Oct 13 2113','Tue Nov 21 2119','Bachelor degree') ;
INSERT INTO studyperiod values('brave-pet@mac.ca', '58', 'Tue Aug 05 2036','Wed May 22 2041','Secondary school diploma') ;
INSERT INTO studyperiod values('elated-meeting@yahoo.io', '94', 'Tue May 29 2108','Mon Aug 18 2110','Some postsecondary education') ;
INSERT INTO studyperiod values('humane-fork@yahoo.uk', '96', 'Tue Sep 29 2082','Sat Dec 09 2090','Master degree') ;
INSERT INTO studyperiod values('humane-fork@yahoo.uk', '22', 'Mon Jul 12 2117','Wed Jun 12 2126','Secondary school diploma') ;
INSERT INTO studyperiod values('dear-memory@sympatico.ca', '75', 'Mon Feb 23 2065','Fri Mar 26 2066','Less than secondary school graduation') ;
INSERT INTO studyperiod values('gaudy-ground@me.net', '39', 'Sat Aug 02 2070','Mon Apr 06 2076','Secondary school diploma') ;
INSERT INTO studyperiod values('elated-meeting@yahoo.io', '57', 'Wed Nov 04 2093','Mon Mar 21 2095','Less than secondary school graduation') ;
INSERT INTO studyperiod values('likeable-harbor@me.io', '74', 'Tue Apr 17 2057','Sat Jul 27 2058','Doctorate') ;
INSERT INTO studyperiod values('icy-machine@hotmail.uk', '62', 'Mon Jan 09 2108','Thu Mar 31 2112','Secondary school diploma') ;
INSERT INTO studyperiod values('panoramic-foot@gmail.us', '80', 'Sun Apr 17 2112','Thu Jul 10 2121','Some postsecondary education') ;
INSERT INTO studyperiod values('careful-committee@videotron.ca', '35', 'Tue Jan 10 2102','Sat Sep 03 2112','Secondary school diploma') ;
INSERT INTO studyperiod values('righteous-tramp@icloud.net', '25', 'Thu Apr 14 2022','Mon May 11 2026','Doctorate') ;
INSERT INTO studyperiod values('genial-cart@me.net', '34', 'Sat Feb 23 2058','Mon Jul 25 2061','Master degree') ;
INSERT INTO studyperiod values('elegant-elbow@yahoo.co', '80', 'Thu Jun 14 2057','Sat Jun 19 2060','Less than secondary school graduation') ;
INSERT INTO studyperiod values('periodic-cent@hotmail.com', '88', 'Thu Nov 08 2103','Sat Aug 06 2112','Cegep Diploma') ;
INSERT INTO studyperiod values('careful-committee@videotron.ca', '51', 'Fri Apr 29 2022','Mon Dec 08 2031','Less than secondary school graduation') ;
INSERT INTO studyperiod values('classy-company@gmail.us', '88', 'Tue Apr 13 2060','Wed May 03 2062','Doctorate') ;
INSERT INTO studyperiod values('wanted-pump@gmail.net', '32', 'Mon Apr 14 2070','Sun Sep 15 2080','Cegep Diploma') ;
INSERT INTO studyperiod values('dry-pump@mac.us', '64', 'Thu Nov 13 2031','Tue Feb 24 2032','Doctorate') ;
INSERT INTO studyperiod values('humane-ocean@icloud.uk', '25', 'Sun Feb 04 2103','Fri Feb 17 2113','Doctorate') ;
INSERT INTO studyperiod values('careful-committee@videotron.ca', '14', 'Sat Dec 15 2074','Tue Mar 02 2083','Master degree') ;
INSERT INTO studyperiod values('super-line@icloud.net', '79', 'Tue Mar 08 2050','Wed Feb 28 2052','Doctorate') ;
INSERT INTO studyperiod values('common-umbrella@me.io', '58', 'Sat Oct 16 2100','Wed Oct 31 2103','Less than secondary school graduation') ;
INSERT INTO studyperiod values('vivacious-recess@icloud.net', '86', 'Fri Feb 10 2068','Mon Jun 15 2076','Bachelor degree') ;
INSERT INTO studyperiod values('frightened-orange@videotron.net', '28', 'Sat Dec 02 2113','Tue Apr 21 2122','Cegep Diploma') ;
INSERT INTO studyperiod values('deeply-throat@yahoo.net', '54', 'Sat May 31 2081','Mon May 10 2088','Cegep Diploma') ;
INSERT INTO studyperiod values('merciful-library@hotmail.net', '5', 'Tue Nov 27 2063','Sat Feb 25 2073','Less than secondary school graduation') ;
INSERT INTO studyperiod values('fancy-bath@videotron.co', '32', 'Sun Jun 24 2035','Sun Sep 24 2045','Doctorate') ;
INSERT INTO studyperiod values('future-oranges@yahoo.co', '99', 'Thu Jul 26 2057','Mon May 31 2060','Secondary school diploma') ;
INSERT INTO studyperiod values('enthusiastic-suit@videotron.co', '57', 'Tue Jan 26 2072','Wed Sep 07 2078','Bachelor degree') ;
INSERT INTO studyperiod values('barbarous-railway@yahoo.co', '13', 'Thu May 16 2075','Fri May 28 2077','Secondary school diploma') ;
INSERT INTO studyperiod values('benevolent-whistle@icloud.net', '42', 'Sat Apr 07 2068','Tue Jan 15 2075','Secondary school diploma') ;
INSERT INTO studyperiod values('mute-year@mac.com', '25', 'Wed Apr 04 2108','Fri Jun 05 2116','Cegep Diploma') ;
INSERT INTO studyperiod values('gruesome-tax@mac.net', '13', 'Sun Nov 28 2027','Sat May 02 2037','Some postsecondary education') ;
INSERT INTO studyperiod values('dark-drink@gmail.io', '80', 'Sun Aug 30 2048','Mon Jan 13 2053','Secondary school diploma') ;
INSERT INTO studyperiod values('panoramic-foot@gmail.us', '58', 'Sat Oct 16 2027','Wed Jun 21 2028','Secondary school diploma') ;
INSERT INTO studyperiod values('obtainable-cannon@yahoo.com', '60', 'Thu Jun 04 2116','Sun Dec 12 2117','Master degree') ;
INSERT INTO studyperiod values('gruesome-tax@mac.net', '64', 'Mon Mar 23 2054','Tue Dec 26 2062','Doctorate') ;
INSERT INTO studyperiod values('knowledgeable-coast@icloud.fr', '99', 'Wed May 20 2105','Tue Jan 06 2111','Less than secondary school graduation') ;
INSERT INTO studyperiod values('zealous-sleep@hotmail.com', '39', 'Thu Oct 26 2062','Tue May 17 2072','Master degree') ;
INSERT INTO studyperiod values('mute-year@mac.com', '62', 'Sun Nov 12 2084','Sun Jan 15 2090','Doctorate') ;
INSERT INTO studyperiod values('obtainable-popcorn@me.co', '26', 'Thu Apr 01 2055','Thu Mar 28 2058','Bachelor degree') ;
INSERT INTO studyperiod values('genial-cart@me.net', '61', 'Sun Mar 31 2109','Tue May 16 2113','Master degree') ;
INSERT INTO studyperiod values('damp-tree@me.us', '66', 'Tue Jul 24 2068','Fri Dec 02 2078','Less than secondary school graduation') ;
INSERT INTO studyperiod values('entertaining-stranger@videotron.fr', '93', 'Sat Feb 12 2056','Tue Feb 16 2066','Cegep Diploma') ;
INSERT INTO studyperiod values('phobic-skate@videotron.net', '91', 'Sun Sep 25 2039','Fri Feb 21 2048','Some postsecondary education') ;
INSERT INTO studyperiod values('protective-plastic@gmail.net', '43', 'Thu Aug 01 2058','Mon Apr 26 2060','Master degree') ;
INSERT INTO studyperiod values('muddled-hour@mac.uk', '26', 'Mon Apr 08 2047','Mon Jun 23 2053','Master degree') ;
INSERT INTO studyperiod values('phobic-skate@videotron.net', '32', 'Tue Mar 28 2062','Wed Mar 21 2063','Master degree') ;
INSERT INTO studyperiod values('damp-tree@me.us', '57', 'Wed Nov 23 2095','Fri Aug 20 2100','Doctorate') ;
INSERT INTO studyperiod values('miscreant-girl@icloud.net', '38', 'Fri May 21 2055','Thu Oct 16 2059','Less than secondary school graduation') ;
INSERT INTO studyperiod values('gaudy-ground@me.net', '61', 'Tue Oct 07 2098','Sat Feb 12 2107','Secondary school diploma') ;
INSERT INTO studyperiod values('humane-fork@yahoo.uk', '61', 'Tue May 09 2084','Mon Apr 20 2093','Cegep Diploma') ;
INSERT INTO studyperiod values('moaning-cherries@icloud.co', '4', 'Wed Dec 13 2084','Sat Apr 20 2086','Bachelor degree') ;
INSERT INTO studyperiod values('super-line@icloud.net', '4', 'Mon Jun 18 2074','Wed Dec 29 2083','Secondary school diploma') ;
INSERT INTO studyperiod values('dark-drink@gmail.io', '67', 'Sun May 03 2093','Mon Jul 02 2103','Less than secondary school graduation') ;
INSERT INTO studyperiod values('magenta-earthquake@yahoo.co', '5', 'Wed Mar 06 2019','Wed Dec 19 2029','Doctorate') ;
INSERT INTO studyperiod values('entertaining-stranger@videotron.fr', '84', 'Sun Aug 04 2115','Tue Jun 26 2125','Doctorate') ;
INSERT INTO studyperiod values('mute-year@mac.com', '47', 'Wed Oct 13 2038','Sun Jul 01 2046','Bachelor degree') ;
INSERT INTO studyperiod values('frightened-orange@videotron.net', '23', 'Fri Nov 21 2025','Sun Sep 10 2028','Secondary school diploma') ;
INSERT INTO studyperiod values('gaudy-ground@me.net', '64', 'Mon Feb 06 2068','Fri Jul 09 2077','Doctorate') ;
INSERT INTO studyperiod values('selfish-house@sympatico.io', '14', 'Wed Jan 29 2098','Wed Nov 03 2106','Secondary school diploma') ;
INSERT INTO studyperiod values('vivid-island@mac.com', '67', 'Fri Apr 28 2045','Fri Jul 30 2049','Secondary school diploma') ;
INSERT INTO studyperiod values('fretful-instrument@hotmail.fr', '35', 'Sat Jun 04 2072','Tue Jun 26 2074','Secondary school diploma') ;
INSERT INTO studyperiod values('first-sleet@yahoo.uk', '5', 'Fri Jun 13 2110','Sun Jul 26 2116','Master degree') ;
INSERT INTO studyperiod values('painful-stocking@me.uk', '67', 'Mon Jan 09 2017','Thu Sep 23 2027','Bachelor degree') ;
INSERT INTO studyperiod values('protective-plastic@gmail.net', '13', 'Thu Jun 29 2017','Mon Dec 18 2023','Less than secondary school graduation') ;
INSERT INTO studyperiod values('brave-pet@mac.ca', '35', 'Wed Nov 13 2030','Sat Apr 12 2036','Secondary school diploma') ;
INSERT INTO studyperiod values('mute-year@mac.com', '93', 'Sat Jan 28 2068','Fri Feb 16 2074','Doctorate') ;
INSERT INTO studyperiod values('crazy-wrist@icloud.com', '42', 'Fri Apr 10 2048','Tue Dec 15 2054','Doctorate') ;
INSERT INTO studyperiod values('perfect-knee@mac.fr', '91', 'Fri Aug 05 2101','Thu Jan 26 2102','Bachelor degree') ;
INSERT INTO studyperiod values('screeching-road@hotmail.co', '63', 'Wed Feb 23 2101','Sun May 09 2106','Some postsecondary education') ;
INSERT INTO studyperiod values('red-shape@yahoo.co', '74', 'Thu May 18 2084','Mon May 17 2088','Less than secondary school graduation') ;
INSERT INTO studyperiod values('disgusting-door@mac.co', '91', 'Fri Dec 02 2050','Fri Nov 02 2057','Cegep Diploma') ;
INSERT INTO studyperiod values('hateful-hill@me.com', '63', 'Thu Jun 07 2074','Wed Mar 12 2081','Doctorate') ;
INSERT INTO studyperiod values('likeable-harbor@me.io', '40', 'Wed Oct 06 2066','Sat May 21 2067','Doctorate') ;
INSERT INTO studyperiod values('frightened-orange@videotron.net', '67', 'Thu Sep 22 2044','Tue Feb 27 2046','Master degree') ;
INSERT INTO studyperiod values('pretty-feeling@mac.co', '94', 'Wed Oct 13 2083','Sun Oct 07 2091','Secondary school diploma') ;
INSERT INTO studyperiod values('classy-company@gmail.us', '62', 'Wed Jul 08 2082','Sat Mar 30 2086','Less than secondary school graduation') ;
INSERT INTO studyperiod values('screeching-road@hotmail.co', '50', 'Wed Nov 10 2106','Sun Apr 10 2107','Master degree') ;
INSERT INTO studyperiod values('humane-fork@yahoo.uk', '96', 'Tue May 12 2037','Mon Nov 29 2038','Secondary school diploma') ;
INSERT INTO studyperiod values('smiley-metal@icloud.fr', '5', 'Mon Mar 02 2111','Tue Jun 11 2115','Secondary school diploma') ;
INSERT INTO studyperiod values('vivid-island@mac.com', '26', 'Tue Jul 26 2089','Sun Aug 24 2092','Master degree') ;
INSERT INTO studyperiod values('enthusiastic-suit@videotron.co', '43', 'Thu Jan 09 2070','Mon May 08 2079','Doctorate') ;
INSERT INTO studyperiod values('heavenly-quarter@sympatico.uk', '77', 'Thu Jul 16 2111','Thu Jul 11 2115','Less than secondary school graduation') ;
INSERT INTO studyperiod values('hateful-hill@me.com', '78', 'Tue Dec 02 2053','Sat Apr 21 2057','Master degree') ;
INSERT INTO studyperiod values('painful-stocking@me.uk', '14', 'Tue Aug 11 2071','Mon Dec 26 2072','Master degree') ;
INSERT INTO studyperiod values('abrasive-son@hotmail.fr', '10', 'Wed Feb 06 2115','Fri Jun 30 2119','Secondary school diploma') ;
INSERT INTO studyperiod values('casual-roof@mac.com', '77', 'Sun Apr 13 2081','Mon Jan 12 2082','Master degree') ;
INSERT INTO studyperiod values('purring-stream@hotmail.net', '79', 'Thu Sep 09 2021','Thu Jan 20 2022','Cegep Diploma') ;
INSERT INTO studyperiod values('soggy-impulse@sympatico.net', '24', 'Sun Sep 08 2115','Thu Oct 26 2119','Doctorate') ;
INSERT INTO studyperiod values('civil-houses@icloud.io', '68', 'Mon Apr 08 2041','Wed Feb 12 2042','Bachelor degree') ;
INSERT INTO studyperiod values('icy-machine@hotmail.uk', '99', 'Wed Mar 09 2050','Tue Dec 10 2052','Doctorate') ;
INSERT INTO studyperiod values('jolly-jail@icloud.net', '77', 'Wed Oct 30 2109','Tue Apr 30 2115','Cegep Diploma') ;
INSERT INTO studyperiod values('chunky-silver@gmail.uk', '58', 'Thu Apr 30 2082','Wed Sep 08 2083','Bachelor degree') ;
INSERT INTO studyperiod values('evil-minister@gmail.io', '22', 'Wed Sep 04 2052','Thu Oct 12 2056','Less than secondary school graduation') ;
INSERT INTO studyperiod values('dry-pump@mac.us', '54', 'Mon Apr 21 2025','Mon Aug 02 2032','Doctorate') ;
INSERT INTO studyperiod values('wanted-pump@gmail.net', '22', 'Fri Mar 13 2076','Mon Jan 28 2086','Some postsecondary education') ;
INSERT INTO studyperiod values('forlorn-aunt@gmail.uk', '32', 'Mon Jul 10 2062','Tue Mar 09 2066','Master degree') ;
INSERT INTO studyperiod values('expensive-zinc@hotmail.ca', '60', 'Mon Sep 28 2076','Mon Feb 26 2080','Master degree') ;
INSERT INTO studyperiod values('abrasive-son@hotmail.fr', '27', 'Wed Apr 01 2093','Tue Mar 14 2102','Master degree') ;
INSERT INTO studyperiod values('addicted-thread@hotmail.co', '62', 'Fri Feb 27 2088','Thu Jul 19 2096','Cegep Diploma') ;
INSERT INTO studyperiod values('merciful-library@hotmail.net', '68', 'Fri Feb 25 2089','Fri Mar 22 2097','Some postsecondary education') ;
INSERT INTO studyperiod values('mute-year@mac.com', '28', 'Wed Mar 16 2089','Tue May 31 2095','Master degree') ;
INSERT INTO studyperiod values('miscreant-girl@icloud.net', '88', 'Sun May 09 2038','Fri Aug 31 2040','Cegep Diploma') ;
INSERT INTO studyperiod values('chunky-silver@gmail.uk', '74', 'Thu Aug 07 2036','Tue Apr 05 2039','Doctorate') ;
INSERT INTO studyperiod values('enthusiastic-suit@videotron.co', '47', 'Fri Jul 17 2116','Sun Dec 27 2122','Some postsecondary education') ;
INSERT INTO studyperiod values('humane-fork@yahoo.uk', '91', 'Sun May 19 2097','Mon Jun 15 2105','Secondary school diploma') ;
INSERT INTO studyperiod values('protective-plastic@gmail.net', '13', 'Sun Apr 16 2051','Sun Jul 27 2053','Secondary school diploma') ;
INSERT INTO studyperiod values('spotted-wing@yahoo.fr', '61', 'Sat Apr 10 2038','Wed May 23 2040','Bachelor degree') ;
INSERT INTO studyperiod values('heavenly-quarter@sympatico.uk', '68', 'Thu Jan 24 2075','Mon Dec 23 2080','Less than secondary school graduation') ;
INSERT INTO studyperiod values('frightened-orange@videotron.net', '99', 'Tue May 15 2068','Tue Nov 24 2071','Doctorate') ;
INSERT INTO studyperiod values('dead-mask@hotmail.co', '40', 'Wed Jun 27 2046','Sun May 30 2055','Secondary school diploma') ;
INSERT INTO studyperiod values('abrasive-son@hotmail.fr', '65', 'Fri Oct 18 2058','Mon Apr 14 2064','Cegep Diploma') ;
INSERT INTO studyperiod values('miscreant-girl@icloud.net', '62', 'Sun Sep 02 2035','Mon Oct 25 2038','Secondary school diploma') ;
INSERT INTO studyperiod values('motionless-birds@hotmail.ca', '51', 'Wed Jul 09 2036','Sat Jan 27 2046','Doctorate') ;
INSERT INTO studyperiod values('old-plastic@videotron.fr', '32', 'Sun May 27 2091','Thu Jan 14 2100','Cegep Diploma') ;
INSERT INTO studyperiod values('far-jeans@sympatico.co', '65', 'Thu Sep 04 2110','Sun Mar 20 2112','Master degree') ;
INSERT INTO studyperiod values('old-plastic@videotron.fr', '86', 'Sun Oct 17 2094','Mon Nov 11 2097','Cegep Diploma') ;
INSERT INTO studyperiod values('romantic-mitten@videotron.com', '96', 'Sun Aug 08 2106','Sat Sep 22 2108','Master degree') ;
INSERT INTO studyperiod values('watery-loaf@videotron.uk', '68', 'Sun Apr 04 2055','Sun Mar 30 2059','Bachelor degree') ;
INSERT INTO studyperiod values('painful-stocking@me.uk', '67', 'Fri Apr 04 2110','Wed Oct 19 2112','Secondary school diploma') ;
INSERT INTO studyperiod values('spotted-wing@yahoo.fr', '25', 'Sat May 05 2108','Thu Aug 27 2111','Bachelor degree') ;
INSERT INTO studyperiod values('romantic-mitten@videotron.com', '61', 'Sat Mar 27 2094','Sun Mar 09 2104','Cegep Diploma') ;
INSERT INTO studyperiod values('righteous-tramp@icloud.net', '40', 'Thu Aug 25 2089','Fri Feb 09 2091','Bachelor degree') ;
INSERT INTO studyperiod values('wry-request@mac.us', '42', 'Fri Feb 06 2099','Thu Nov 08 2103','Master degree') ;
INSERT INTO studyperiod values('knowledgeable-coast@icloud.fr', '67', 'Thu Apr 19 2103','Thu Jul 06 2113','Doctorate') ;
INSERT INTO studyperiod values('wry-request@mac.us', '10', 'Thu Jun 14 2096','Fri Dec 08 2102','Doctorate') ;
INSERT INTO studyperiod values('brown-party@icloud.us', '23', 'Mon Dec 27 2106','Thu Mar 24 2112','Some postsecondary education') ;

SELECT setval('comment_cid_seq', (SELECT MAX(cid) FROM Comment));
SELECT setval('conversation_convo_id_seq', (SELECT MAX(convo_id) FROM Conversation));
SELECT setval('message_msg_id_seq', (SELECT MAX(msg_id) FROM Message));
SELECT setval('organization_org_id_seq', (SELECT MAX(org_id) FROM Organization));
SELECT setval('post_pid_seq', (SELECT MAX(pid) FROM Post));
SELECT setval('wall_wall_id_seq', (SELECT MAX(wall_id) FROM Wall));/n