/* Script generated Wed Feb 15 2017 11:44:58 GMT-0500 (Eastern Standard Time)*/

DROP TABLE studyperiod CASCADE ;
DROP TABLE workperiod CASCADE ;
DROP TABLE message CASCADE ;
DROP TABLE commentreaction CASCADE ;
DROP TABLE comment CASCADE ;
DROP TABLE postreaction CASCADE ;
DROP TABLE post CASCADE ;
DROP TABLE wall CASCADE ;
DROP TABLE partof CASCADE ;
DROP TABLE follow CASCADE ;
DROP TABLE users CASCADE ;
DROP TABLE conversation CASCADE ;
DROP TABLE workplace CASCADE ;
DROP TABLE school CASCADE ;
DROP TABLE organization CASCADE ;
DROP TABLE location CASCADE ;
/* Script generated Wed Feb 15 2017 11:44:58 GMT-0500 (Eastern Standard Time)*/

CREATE TABLE location(city VARCHAR(50) NOT NULL, country VARCHAR(50) NOT NULL, PRIMARY KEY (city, country));
 \d location;
CREATE TABLE organization(org_id VARCHAR(20) NOT NULL UNIQUE, name VARCHAR(50), description VARCHAR(500), phone_number VARCHAR(50), address VARCHAR(50), email VARCHAR(254), city VARCHAR(50), country VARCHAR(50), PRIMARY KEY (org_id), FOREIGN KEY (city,country) REFERENCES location(city, country));
 \d organization;
CREATE TABLE school(org_id VARCHAR(20) NOT NULL UNIQUE, PRIMARY KEY (org_id), FOREIGN KEY (org_id) REFERENCES organization(org_id));
 \d school;
CREATE TABLE workplace(org_id VARCHAR(20) NOT NULL UNIQUE, PRIMARY KEY (org_id), FOREIGN KEY (org_id) REFERENCES organization(org_id));
 \d workplace;
CREATE TABLE conversation(convo_id VARCHAR(20) NOT NULL UNIQUE, name VARCHAR(50) NOT NULL, PRIMARY KEY (convo_id));
 \d conversation;
CREATE TABLE users(email VARCHAR(254) NOT NULL UNIQUE, first_name VARCHAR(50), last_name VARCHAR(50), birthday DATE, password VARCHAR(30), gender VARCHAR(50), city VARCHAR(50), country VARCHAR(50), PRIMARY KEY (email), FOREIGN KEY (city,country) REFERENCES location(city, country));
 \d users;
CREATE TABLE follow(follower VARCHAR(254) NOT NULL, followed_by VARCHAR(254) NOT NULL, since DATE NOT NULL, PRIMARY KEY (follower, followed_by), FOREIGN KEY (follower) REFERENCES users(email), FOREIGN KEY (followed_by) REFERENCES users(email));
 \d follow;
CREATE TABLE partof(email VARCHAR(254) NOT NULL, convo_id VARCHAR(20) NOT NULL, PRIMARY KEY (email, convo_id), FOREIGN KEY (email) REFERENCES users(email), FOREIGN KEY (convo_id) REFERENCES conversation(convo_id));
 \d partof;
CREATE TABLE wall(wall_id VARCHAR(20) NOT NULL UNIQUE, descr VARCHAR(500), permisson VARCHAR(25), email VARCHAR(254) NOT NULL, PRIMARY KEY (wall_id), FOREIGN KEY (email) REFERENCES users(email));
 \d wall;
CREATE TABLE post(pid VARCHAR(20) NOT NULL UNIQUE, wall_id VARCHAR(20) NOT NULL, email VARCHAR(254) NOT NULL, date DATE, text VARCHAR(2000), url VARCHAR(254), PRIMARY KEY (pid), FOREIGN KEY (wall_id) REFERENCES wall(wall_id), FOREIGN KEY (email) REFERENCES users(email));
 \d post;
CREATE TABLE postreaction(pid VARCHAR(20) NOT NULL, email VARCHAR(254) NOT NULL, type VARCHAR(200), PRIMARY KEY (pid, email), FOREIGN KEY (pid) REFERENCES post(pid), FOREIGN KEY (email) REFERENCES users(email));
 \d postreaction;
CREATE TABLE comment(cid VARCHAR(20) NOT NULL UNIQUE, pid VARCHAR(20) NOT NULL, email VARCHAR(254) NOT NULL, text VARCHAR(500) NOT NULL, time TIMESTAMP NOT NULL, PRIMARY KEY (cid));
 \d comment;
CREATE TABLE commentreaction(cid VARCHAR(20) NOT NULL, email VARCHAR(254) NOT NULL, type VARCHAR(200), PRIMARY KEY (cid, email), FOREIGN KEY (cid) REFERENCES comment(cid), FOREIGN KEY (email) REFERENCES users(email));
 \d commentreaction;
CREATE TABLE message(msg_id VARCHAR(20) NOT NULL UNIQUE, email VARCHAR(254) NOT NULL, convo_id VARCHAR(20) NOT NULL, time TIMESTAMP, content VARCHAR(500) NOT NULL, PRIMARY KEY (msg_id), FOREIGN KEY (email) REFERENCES users(email), FOREIGN KEY (convo_id) REFERENCES conversation(convo_id));
 \d message;
CREATE TABLE workperiod(email VARCHAR(254) NOT NULL, org_id VARCHAR(20) NOT NULL, from_date DATE NOT NULL, to_date DATE NOT NULL, job_title VARCHAR(50), PRIMARY KEY (email, org_id, from_date, to_date), FOREIGN KEY (email) REFERENCES users(email), FOREIGN KEY (org_id) REFERENCES organization(org_id));
 \d workperiod;
CREATE TABLE studyperiod(email VARCHAR(254) NOT NULL, org_id VARCHAR(20) NOT NULL, from_date DATE NOT NULL, to_date DATE NOT NULL, edu_level VARCHAR(50), PRIMARY KEY (email, org_id, from_date, to_date), FOREIGN KEY (email) REFERENCES users(email), FOREIGN KEY (org_id) REFERENCES organization(org_id));
 \d studyperiod;
/* Script generated Wed Feb 15 2017 11:44:58 GMT-0500 (Eastern Standard Time)*/

INSERT INTO location values('Banjul', 'Gambia') ;
INSERT INTO location values('Anglesea', 'Australia') ;
INSERT INTO location values('Salem', 'Montserrat') ;
INSERT INTO location values('Dili', 'East Timor') ;
INSERT INTO location values('Hlaing', 'Myanmar [Burma]') ;
INSERT INTO location values('Titikaveka', 'Cook Islands') ;
INSERT INTO location values('Taipa', 'Macao') ;
INSERT INTO location values('Salwa', 'Kuwait') ;
INSERT INTO location values('Gibraltar', 'Gibraltar') ;
INSERT INTO location values('Malabo', 'Equatorial Guinea') ;
INSERT INTO location values('Shefayim', 'Israel') ;
INSERT INTO location values('Belize City', 'Belize') ;
INSERT INTO location values('Naifaru', 'Maldives') ;
INSERT INTO location values('Schoelcher', 'Martinique') ;
INSERT INTO location values('Bahia de Caraquez', 'Ecuador') ;
INSERT INTO location values('Apia', 'Samoa') ;
INSERT INTO location values('San Martin Duraznos', 'Mexico') ;
INSERT INTO location values('Agarak', 'Armenia') ;
INSERT INTO location values('Sahiwal', 'Pakistan') ;
INSERT INTO location values('San Jose de Ocoa', 'Dominican Republic') ;
INSERT INTO location values('Bamako', 'Mali') ;
INSERT INTO location values('Freetown', 'Sierra Leone') ;
INSERT INTO location values('Kingston', 'Norfolk Island') ;
INSERT INTO location values('Pine Housing Estate', 'Barbados') ;
INSERT INTO location values('Santa Rosa', 'Paraguay') ;
INSERT INTO location values('Kwaluseni', 'Swaziland') ;
INSERT INTO location values('San Tung Chung Hang', 'Hong Kong') ;
INSERT INTO location values('Ad Darah', 'Syria') ;
INSERT INTO location values('Pyongyang', 'North Korea') ;
INSERT INTO location values('Newry', 'Australia') ;
INSERT INTO location values('Takamaka', 'Seychelles') ;
INSERT INTO location values('Abidjan', 'Ivory Coast') ;
INSERT INTO location values('Escoutoux', 'France') ;
INSERT INTO location values('Juba', 'South Sudan') ;
INSERT INTO location values('Merida', 'Venezuela') ;
INSERT INTO location values('St. Georges', 'Grenada') ;
INSERT INTO location values('Hikuai', 'New Zealand') ;
INSERT INTO location values('Kicevo', 'Macedonia') ;
INSERT INTO location values('Hacienda Santa Catalina', 'Ecuador') ;
INSERT INTO location values('Santa Rosa', 'Guatemala') ;
INSERT INTO location values('Feldkirchen bei Graz', 'Austria') ;
INSERT INTO location values('Maldegem', 'Belgium') ;
INSERT INTO location values('Habana', 'Cuba') ;
INSERT INTO location values('Adamstown', 'Pitcairn Islands') ;
INSERT INTO location values('Sandweiler', 'Luxembourg') ;
INSERT INTO location values('Anillo', 'Bolivia') ;
INSERT INTO location values('West Island', 'Cocos [Keeling] Islands') ;
INSERT INTO location values('Kandahar', 'Afghanistan') ;
INSERT INTO location values('Victoria', 'Malta') ;
INSERT INTO location values('Phumi Siem Reab', 'Cambodia') ;
/* Script generated Wed Feb 15 2017 11:44:58 GMT-0500 (Eastern Standard Time)*/

INSERT INTO users values('rapid-space@hotmail.fr','Jeremiah','Klein','Sat Dec 29 1979', 'guhguejoli','Male','Sandweiler','Luxembourg') ;
INSERT INTO users values('fun-river@gmail.us','Harriett','Alvarado','Sat Feb 06 1954', 'amnocewudu','Female','Sandweiler','Luxembourg') ;
INSERT INTO users values('faulty-wren@sympatico.co','Agnes','Mack','Fri Jul 06 1984', 'gufijadtob','Female','Hacienda Santa Catalina','Ecuador') ;
INSERT INTO users values('foolish-voyage@sympatico.uk','Loretta','Flowers','Tue Dec 01 1964', 'ebefardofo','Female','San Tung Chung Hang','Hong Kong') ;
INSERT INTO users values('trashy-squirrel@me.net','Chris','Jensen','Tue Jun 09 1970', 'potsehnota','Male','Dili','East Timor') ;
INSERT INTO users values('animated-title@hotmail.io','Mable','Simon','Wed Jun 04 1986', 'azukavothu','Female','Dili','East Timor') ;
INSERT INTO users values('muddled-star@me.us','Marian','Clayton','Sat Jan 13 1996', 'buvhujlegn','Female','Kwaluseni','Swaziland') ;
INSERT INTO users values('modern-crow@gmail.co','Juan','Pearson','Thu Sep 10 1964', 'rajinlalos','Male','Sandweiler','Luxembourg') ;
INSERT INTO users values('lazy-nut@icloud.fr','Sue','Hines','Mon Aug 27 1962', 'gahuccaric','Female','Bamako','Mali') ;
INSERT INTO users values('helpful-porter@sympatico.ca','Leah','Nelson','Thu Sep 15 1966', 'vugsilmuwa','Female','Naifaru','Maldives') ;
INSERT INTO users values('unknown-pizzas@icloud.us','Micheal','Walton','Thu May 22 1969', 'asefacafni','Male','Ad Darah','Syria') ;
INSERT INTO users values('money-kiss@gmail.co','Miguel','Daniels','Sat Mar 25 1978', 'soveweimpe','Male','Apia','Samoa') ;
INSERT INTO users values('wooden-shelf@sympatico.io','Leah','Hill','Fri Aug 29 1997', 'kitmurkafu','Female','Banjul','Gambia') ;
INSERT INTO users values('paltry-grain@icloud.us','Catherine','Berry','Thu Dec 11 1958', 'zipazidose','Female','Hikuai','New Zealand') ;
INSERT INTO users values('cloudy-coast@sympatico.uk','Lucile','Harmon','Wed Mar 01 1972', 'nirockecop','Female','West Island','Cocos [Keeling] Islands') ;
INSERT INTO users values('quickest-insect@gmail.net','Myrtle','Mack','Thu Jun 02 1955', 'fezfevebuj','Female','Escoutoux','France') ;
INSERT INTO users values('naive-toothbrush@mac.ca','Sue','Crawford','Sun May 26 1985', 'uksauranui','Female','Bamako','Mali') ;
INSERT INTO users values('curved-foot@mac.fr','Oscar','Gibbs','Tue Aug 20 1963', 'doztobaloa','Male','St. Georges','Grenada') ;
INSERT INTO users values('exotic-business@videotron.co','Ethel','Norris','Fri Jun 23 1989', 'udipizjiji','Female','West Island','Cocos [Keeling] Islands') ;
INSERT INTO users values('creepy-rice@yahoo.com','Augusta','Evans','Wed Jul 28 1954', 'zolvagesep','Female','Kingston','Norfolk Island') ;
INSERT INTO users values('thinkable-basin@hotmail.co','Joe','Lee','Sat Aug 08 1970', 'ehiwodwomo','Male','Banjul','Gambia') ;
INSERT INTO users values('futuristic-humor@videotron.fr','Jack','Holloway','Thu May 27 1999', 'ivlakuhlil','Male','Pyongyang','North Korea') ;
INSERT INTO users values('deranged-nest@hotmail.com','Vincent','Ford','Mon Jan 31 1994', 'tujocvafir','Male','San Tung Chung Hang','Hong Kong') ;
INSERT INTO users values('outstanding-stocking@hotmail.fr','Pauline','McGee','Tue Nov 20 1979', 'uzupumfukm','Female','Newry','Australia') ;
INSERT INTO users values('macabre-tree@hotmail.com','Lou','Waters','Sun May 19 1985', 'weiruvogof','Female','Adamstown','Pitcairn Islands') ;
INSERT INTO users values('cheerful-sheet@me.ca','Oscar','Cunningham','Tue Jul 16 1968', 'lowlurodge','Male','Bahia de Caraquez','Ecuador') ;
INSERT INTO users values('workable-story@hotmail.fr','Keith','Horton','Tue Jan 10 1995', 'sileargehi','Male','San Jose de Ocoa','Dominican Republic') ;
INSERT INTO users values('hanging-root@hotmail.io','Lena','West','Mon Jul 29 1963', 'wamcuvapdi','Female','Bamako','Mali') ;
INSERT INTO users values('nebulous-start@mac.uk','William','Wade','Mon Sep 21 1959', 'atcililbah','Male','Merida','Venezuela') ;
INSERT INTO users values('slippery-development@me.io','Garrett','Robbins','Thu Sep 03 1953', 'sigcarfurs','Male','Taipa','Macao') ;
INSERT INTO users values('try-cemetery@videotron.uk','Corey','Montgomery','Tue Jun 21 1988', 'tegumufwin','Male','Naifaru','Maldives') ;
INSERT INTO users values('keen-office@mac.uk','Connor','Rhodes','Tue Dec 23 1958', 'acadelfozo','Male','Anillo','Bolivia') ;
INSERT INTO users values('untidy-join@me.co','Lola','Baker','Tue Oct 02 1979', 'curubperop','Female','Anillo','Bolivia') ;
INSERT INTO users values('opposite-fish@mac.us','Birdie','Norris','Sat Jan 12 1963', 'nefjirzouc','Female','Phumi Siem Reab','Cambodia') ;
INSERT INTO users values('bad-stew@gmail.uk','Katharine','Stephens','Mon Jul 28 1969', 'eniwiwozhi','Female','Ad Darah','Syria') ;
INSERT INTO users values('paltry-invention@me.com','Lee','Buchanan','Tue Mar 13 1956', 'ovzenucefs','Male','Salwa','Kuwait') ;
INSERT INTO users values('woebegone-bulb@hotmail.fr','Madge','Waters','Sun Sep 28 1958', 'vufsipeupo','Female','Feldkirchen bei Graz','Austria') ;
INSERT INTO users values('blessed-blade@hotmail.us','Mollie','Medina','Mon Dec 07 1992', 'fidoedlern','Female','Ad Darah','Syria') ;
INSERT INTO users values('lopsided-view@hotmail.ca','Adeline','Walton','Thu Jan 04 1979', 'rufetjunod','Female','Apia','Samoa') ;
INSERT INTO users values('nutty-queen@icloud.net','Lucile','Greer','Wed Jan 14 1998', 'kutohiklin','Female','Juba','South Sudan') ;
INSERT INTO users values('abandoned-children@sympatico.com','Jimmy','Weaver','Mon Mar 16 1987', 'cogeriegzi','Male','Pine Housing Estate','Barbados') ;
INSERT INTO users values('needed-purpose@yahoo.uk','Harvey','Gross','Fri Jul 23 1954', 'mijuucpalj','Male','Salwa','Kuwait') ;
INSERT INTO users values('abandoned-expansion@hotmail.co','Isabelle','Osborne','Wed Jul 30 1980', 'gubjifagip','Female','Victoria','Malta') ;
INSERT INTO users values('dirty-border@hotmail.ca','Ella','Cruz','Fri Oct 18 1968', 'cuvegrizra','Female','Malabo','Equatorial Guinea') ;
INSERT INTO users values('heroic-office@me.com','Jack','Henderson','Fri Mar 17 1961', 'merasazogt','Male','Taipa','Macao') ;
INSERT INTO users values('flowery-low@sympatico.fr','Hulda','Douglas','Sat Sep 12 1959', 'gukbidajbu','Female','Malabo','Equatorial Guinea') ;
INSERT INTO users values('golden-crayon@me.ca','Jonathan','Mitchell','Thu Sep 22 1966', 'paozumhoog','Male','Dili','East Timor') ;
INSERT INTO users values('successful-fruit@mac.fr','Elsie','Gray','Sat Sep 03 1966', 'conahgevko','Female','Naifaru','Maldives') ;
INSERT INTO users values('woebegone-coal@sympatico.com','Leo','Williamson','Wed Nov 20 1985', 'fakvajorba','Male','Salem','Montserrat') ;
INSERT INTO users values('white-pollution@videotron.io','Nettie','Barber','Fri Jul 16 1954', 'cuunuudata','Female','Bamako','Mali') ;
/* Script generated Wed Feb 15 2017 11:44:58 GMT-0500 (Eastern Standard Time)*/

INSERT INTO organization values('SJfcrbMFl','Cruel tax','Ipune ezewimer laz ra bapwes hudal bucrel fuwdubav roozco evihoheb uko mit.','(500) 417-4781', '1760 Leficu Grove','cruel-tax@videotron.us','Abidjan','Ivory Coast') ;
INSERT INTO school values('SJfcrbMFl') ;
INSERT INTO organization values('rkeMcS-MFx','Excellent market','Ujwamin pa hutheg wez jop dutnul ti redhaeh kajazo no piralgaf ofoahpa gula lo.','(980) 274-7560', '1228 Pole Center','excellent-market@sympatico.ca','Adamstown','Pitcairn Islands') ;
INSERT INTO workplace values('rkeMcS-MFx') ;
INSERT INTO organization values('HkZzcBZGYl','Far plant','Lofu lun bepgi zucdume rosu dowfuk nokhe al ikiw mit su tujdi ufikeluj ci kiagi iwerun.','(932) 372-2299', '193 Foli Center','far-plant@yahoo.com','Pyongyang','North Korea') ;
INSERT INTO school values('HkZzcBZGYl') ;
INSERT INTO organization values('HkMM9SWftg','Fearful pie','Bikdepweb muafiduc ike tocceh za sic dalotef koufe nazauh ita cunije dungeghu cir.','(234) 923-8744', '1182 Fazboz Parkway','fearful-pie@icloud.co','Victoria','Malta') ;
INSERT INTO workplace values('HkMM9SWftg') ;
INSERT INTO organization values('rJXzcSZztg','Gaping circle','Ve hiemos iho runropmo burmemat mufecir zu cita uwmep riasme tuji winbu hofubet zo buse.','(664) 961-2819', '74 Nipop Point','gaping-circle@gmail.co','Naifaru','Maldives') ;
INSERT INTO school values('rJXzcSZztg') ;
INSERT INTO organization values('HkNzqB-MFe','Fat grass','Utep elo ze wuhej ezducuk vu nufhe co itu dav ep uce.','(323) 608-3597', '330 Aluepi Place','fat-grass@hotmail.fr','Santa Rosa','Paraguay') ;
INSERT INTO school values('HkNzqB-MFe') ;
INSERT INTO organization values('B1BM9Sbftl','Woebegone volleyball','Huf domwuhago re unicare ujeopnoc jod reima tozlone birha hiwikuf fim ap markarpom.','(364) 579-4194', '461 Madra Pike','woebegone-volleyball@sympatico.us','Sahiwal','Pakistan') ;
INSERT INTO school values('B1BM9Sbftl') ;
INSERT INTO organization values('B1IzcrWfFx','Shut ground','Acuebuse bivwar im bin vebid ag eczorad bic zitbubli ced buah esaor mih uve.','(370) 684-2913', '400 Diswo Boulevard','shut-ground@mac.co','Victoria','Malta') ;
INSERT INTO workplace values('B1IzcrWfFx') ;
INSERT INTO organization values('HJvGqSWzFl','Icy scene','Jeica ezacuder onurem zonriav dug rabnafeb ziw modfag fi eso itveg izsuni mena mujavogi irtu muspuj firno hak.','(205) 292-2047', '1232 Laoc Extension','icy-scene@mac.us','Kwaluseni','Swaziland') ;
INSERT INTO workplace values('HJvGqSWzFl') ;
INSERT INTO organization values('B1dG9HZGte','Numerous blow','Lifot bubo zibawweg rov lagvumoc iro gifu rimu luw ka sitilic bozev.','(640) 355-8704', '1872 Jozalo Manor','numerous-blow@mac.uk','Gibraltar','Gibraltar') ;
INSERT INTO workplace values('B1dG9HZGte') ;
INSERT INTO organization values('HJtf5SZftl','Neighborly nerve','So diew ad rimfizfa surwuha ilo vago hegiw ag so elapun fev ho.','(286) 545-6007', '983 Pempeg Lane','neighborly-nerve@sympatico.fr','Escoutoux','France') ;
INSERT INTO workplace values('HJtf5SZftl') ;
INSERT INTO organization values('Bk9z9BZfYx','Natural glove','Aco pan ser ukpulis sil kuvo iso vi kesuclig has pog uru na.','(606) 448-5614', '1782 Edavu Key','natural-glove@icloud.uk','Anillo','Bolivia') ;
INSERT INTO school values('Bk9z9BZfYx') ;
INSERT INTO organization values('Syjf9rWzYx','Rebel food','Nihbufta wernu tah noras zikcan op debcamew dil iwa uhuwofet jalgargej tuw biic.','(336) 474-9031', '358 Faap Terrace','rebel-food@hotmail.ca','Schoelcher','Martinique') ;
INSERT INTO school values('Syjf9rWzYx') ;
INSERT INTO organization values('HynfcrbGKx','Earthy knowledge','Huvijeh cu dufga casge ugodeefo dutufa cesci mebpi ace zaseniku mu boetali cenil tis di jicod noce.','(446) 638-9325', '1523 Vacimo Park','earthy-knowledge@me.co','Freetown','Sierra Leone') ;
INSERT INTO workplace values('HynfcrbGKx') ;
INSERT INTO organization values('B1aG5HZfKl','Pathetic hat','Wog nu esokavnag so juvavvon ipu ronkapid ze cucozen pive zuico ec artoseku sokiil bed.','(827) 862-3978', '346 Uzenim Highway','pathetic-hat@sympatico.fr','Feldkirchen bei Graz','Austria') ;
INSERT INTO school values('B1aG5HZfKl') ;
INSERT INTO organization values('BkRMcH-Mtl','Jubilant vegetable','Naposaf cib locekmi losekzir janop weega ev nilije loknurni maga kutiwez lecehi nib zes mettezu.','(209) 468-8008', '1058 Ulefe Key','jubilant-vegetable@yahoo.com','West Island','Cocos [Keeling] Islands') ;
INSERT INTO school values('BkRMcH-Mtl') ;
INSERT INTO organization values('ry1eM5rbGKx','Lean airplane','Nepcocco bunebiut zaje ehomazem zij zizogo urcah lob tajuf kade ida cewoeri onoka cimef ezfe.','(331) 514-3577', '738 Mikin Place','lean-airplane@mac.fr','Schoelcher','Martinique') ;
INSERT INTO school values('ry1eM5rbGKx') ;
INSERT INTO organization values('S1xlM9r-MKe','Eight title','Su futca ha ecegeku lok capoedi mistojo gok lamo cuasiwa dowufe wik uhi dujkil edoejruw aj moli ipe.','(822) 646-6263', '1074 Ovari River','eight-title@mac.us','San Jose de Ocoa','Dominican Republic') ;
INSERT INTO school values('S1xlM9r-MKe') ;
INSERT INTO organization values('rJZxMqBWfFg','General pump','Demehif ehe tagulote buom ow wihuvu nuv so nomir du govivu iw.','(761) 536-1678', '1423 Nune Key','general-pump@videotron.net','Escoutoux','France') ;
INSERT INTO workplace values('rJZxMqBWfFg') ;
INSERT INTO organization values('HJMlMcH-zKl','Rad linen','Gar du oco uhe wik imone iw vagrewup jupo cokgoc si narubi.','(934) 464-2968', '665 Cokac Court','rad-linen@hotmail.com','Takamaka','Seychelles') ;
INSERT INTO workplace values('HJMlMcH-zKl') ;
INSERT INTO organization values('HJXlf9H-MKg','Two wealth','Efnih we dace etpok tuktab paz wi vaw nemvosfiw zicapti fameme bu zegbicata arremho lo kug ijma.','(929) 236-6893', '973 Zori Court','two-wealth@videotron.us','San Martin Duraznos','Mexico') ;
INSERT INTO school values('HJXlf9H-MKg') ;
INSERT INTO organization values('ByNlfcBWMKx','Half arithmetic','Pukum rofukif mizradeh mazmebi lumod fapdu medahlo sobtaz cih ohza lasebmam mu tadure kijtefif atu gavedha lujruw.','(266) 477-9157', '585 Emouw Place','half-arithmetic@icloud.io','Kicevo','Macedonia') ;
INSERT INTO workplace values('ByNlfcBWMKx') ;
INSERT INTO organization values('BJSgzcBZGtl','Wild discussion','Ubu bul ceksep versow la rohkil ze ros vozakka juc hag resitvu zub ha sep begudumop uwpej olaaja.','(632) 503-3229', '1216 Itemi Trail','wild-discussion@icloud.ca','Pine Housing Estate','Barbados') ;
INSERT INTO school values('BJSgzcBZGtl') ;
INSERT INTO organization values('BJ8xfqHZMKl','Evil fang','Zavota roj maabi sadwemip hofkuwlo micoje sid anroffob gom temne vap tob fazzelkos apuuseoci.','(667) 247-4745', '958 Fuab Place','evil-fang@videotron.fr','Salem','Montserrat') ;
INSERT INTO school values('BJ8xfqHZMKl') ;
INSERT INTO organization values('SJvefqH-GYg','Half unit','Ruztot ezmeh da uwzon kaja ufgifib acigata am jika bivduh vat gujjavdel coftu redtabami dewa rubfa bavativ.','(645) 882-3748', '131 Kawig Avenue','half-unit@hotmail.us','Feldkirchen bei Graz','Austria') ;
INSERT INTO school values('SJvefqH-GYg') ;
INSERT INTO organization values('Skugf9S-MFx','Rhetorical cloth','Guc letemot ijori henat luinu fovo tomake acuzigfi vizki vab alecosfet doovnib uwowu ub.','(266) 249-9607', '1420 Ofudih Drive','rhetorical-cloth@icloud.uk','Pine Housing Estate','Barbados') ;
INSERT INTO workplace values('Skugf9S-MFx') ;
INSERT INTO organization values('SJteM9SbzKx','Defiant verse','Aci zeli rigem ude nav porataz pure wa puvuzifu wa do dij koppu roifso emamke utuovpi apwomo.','(554) 482-4014', '339 Huiri Square','defiant-verse@me.com','Ad Darah','Syria') ;
INSERT INTO workplace values('SJteM9SbzKx') ;
INSERT INTO organization values('Sycef5BWfKl','Pretty rail','Iwajoka kiipafi lorfobah ul aci vu sidawu zulufi zodasom sacela hi daebjav dosocpa.','(803) 207-2297', '1906 Jufez Lane','pretty-rail@sympatico.com','Ad Darah','Syria') ;
INSERT INTO workplace values('Sycef5BWfKl') ;
INSERT INTO organization values('SyjgfcBbGKg','Heady taste','Zewvu uh fi kezci eri abmitub sagvof cobwul le zicigkib gef catjo wihiti ki.','(217) 833-6439', '1438 Gerru Lane','heady-taste@icloud.fr','Feldkirchen bei Graz','Austria') ;
INSERT INTO workplace values('SyjgfcBbGKg') ;
INSERT INTO organization values('SJ2ef5B-GKl','Annoying rail','Kec wihavrat raimiez kononun odumeza pe zebro lubopuj vawzufo saju lih hejhoh kapheamu ijcup.','(621) 799-9961', '1588 Lumgo Grove','annoying-rail@me.net','Dili','East Timor') ;
INSERT INTO school values('SJ2ef5B-GKl') ;
INSERT INTO organization values('BkTlM9S-ztx','Obnoxious cause','Uv orziluk fuabji ina vu abot pamjot jaikaopi vini aru vulba us.','(947) 375-3241', '830 Vadho Park','obnoxious-cause@icloud.io','San Tung Chung Hang','Hong Kong') ;
INSERT INTO school values('BkTlM9S-ztx') ;
INSERT INTO organization values('HyCezqrWfKg','Secretive frog','Jew ov bi kit vicgi gegu mi ziv hekon mumicev le gi tum fuigula bepi radov ileho.','(489) 733-5656', '1115 Awoji Pass','secretive-frog@me.us','Kingston','Norfolk Island') ;
INSERT INTO school values('HyCezqrWfKg') ;
INSERT INTO organization values('BJy-z9rbMYl','Chummy throne','Walad muduwo mudmeh go kuhduza curejuv ma guj rur agolsam piwbot zigjel pas vahirec digdi poh.','(260) 722-3758', '442 Aworog River','chummy-throne@sympatico.net','Kandahar','Afghanistan') ;
INSERT INTO workplace values('BJy-z9rbMYl') ;
INSERT INTO organization values('rJxWGqSbGYx','Last boy','Elitom decuha sub vaunke kuzmew sijopac mec la punhit esabi kezor ifzonti ti maminfic hi.','(227) 664-6413', '1344 Arhet Loop','last-boy@icloud.co','San Martin Duraznos','Mexico') ;
INSERT INTO school values('rJxWGqSbGYx') ;
INSERT INTO organization values('ry--fqr-ztl','Flowing animal','Laralon nuasoput gusa ufa vepzo sup tuzvafze lud momagoc ataw lal robima lojut.','(281) 287-1992', '1464 Ewtu Way','flowing-animal@yahoo.ca','Victoria','Malta') ;
INSERT INTO workplace values('ry--fqr-ztl') ;
INSERT INTO organization values('SJf-M9HZzFx','Sensitive way','Kek heligosug wab pap nidgeeb zagren carfema kootu cavuvat ruzviwep bihgi hicon wuhiodo laji jerdu.','(929) 689-7101', '741 Fivu Court','sensitive-way@me.net','Takamaka','Seychelles') ;
INSERT INTO workplace values('SJf-M9HZzFx') ;
INSERT INTO organization values('rJXWMcBZfFl','Closed corn','Cew hewub irko ihahal peduvaru wiz zevopa caof jod va kil kejtob gosar.','(733) 696-3263', '670 Uvovet Point','closed-corn@yahoo.co','Habana','Cuba') ;
INSERT INTO school values('rJXWMcBZfFl') ;
INSERT INTO organization values('S1Vbf9SZGKe','Threatening bead','Zajiz ez haho kudol siz fow netzodu tu pu us fiilo kompegju zob uzreor acoro oti kojluhe.','(921) 628-3057', '150 Lahu Ridge','threatening-bead@icloud.us','Juba','South Sudan') ;
INSERT INTO workplace values('S1Vbf9SZGKe') ;
INSERT INTO organization values('SySZMqBZfFe','Courageous giraffe','Ralu ze kankodkop duat vij tofde moufpu bopketwan jejho culoen pa ubuavme igogozeb hor zihsubip.','(350) 417-8041', '1323 Wiwwo Loop','courageous-giraffe@gmail.net','Kwaluseni','Swaziland') ;
INSERT INTO school values('SySZMqBZfFe') ;
INSERT INTO organization values('HyLWG9HWMte','Meek copper','Wofja vimak ewucob fazsepwu uzianoke rul ta azobin bil humoab han ticuh siwrinep vu gauzu es zu.','(375) 488-7717', '34 Finki Circle','meek-copper@hotmail.fr','Schoelcher','Martinique') ;
INSERT INTO workplace values('HyLWG9HWMte') ;
INSERT INTO organization values('BkvbzqHbGte','Raspy hose','Lamuce gilwerus faj pacu ma denvoseb her ludras lollulkeb inwupel ze ocor.','(534) 967-9689', '589 Vehiti Trail','raspy-hose@hotmail.net','Shefayim','Israel') ;
INSERT INTO school values('BkvbzqHbGte') ;
INSERT INTO organization values('Bkd-GcBbGYl','Guiltless planes','Kagjug besor co avozovo obuvi zifadi guw su gevuw to fardew gu.','(914) 937-6740', '1402 Ejleb Point','guiltless-planes@sympatico.com','Belize City','Belize') ;
INSERT INTO school values('Bkd-GcBbGYl') ;
INSERT INTO organization values('rJtWfqBWfYx','Cautious recess','Ivkev diti wudiw atge hogwab ke ruvunoig suleowe gi reuzufe naj wonepma vamfer paluvpa li.','(214) 317-1077', '1059 Bopow Pass','cautious-recess@sympatico.ca','Titikaveka','Cook Islands') ;
INSERT INTO school values('rJtWfqBWfYx') ;
INSERT INTO organization values('HJcZz5HWzFe','Primo tree','Iz ubi maraj evsif socat had sawatop ro nur huiv nikwo lubdudak.','(976) 512-3189', '1266 Moub Path','primo-tree@yahoo.ca','West Island','Cocos [Keeling] Islands') ;
INSERT INTO school values('HJcZz5HWzFe') ;
INSERT INTO organization values('SyobG9rbGFl','Remarkable cherries','Gufgo pi fise veusetig piviw daehfo vom gedpaw lesjino sahfozaj pekmu tuzapi ziimhaz dulo mo raj cangof kuimaeva.','(863) 347-7026', '1374 Divluz Glen','remarkable-cherries@videotron.io','Escoutoux','France') ;
INSERT INTO workplace values('SyobG9rbGFl') ;
INSERT INTO organization values('By2ZGcr-fFe','Shaky oranges','Jocdeva te ha fitge wemle rivuzfeg ceri uk ba nuherepu fijob ug atnilota.','(846) 549-8247', '411 Hoze Avenue','shaky-oranges@mac.fr','Hlaing','Myanmar [Burma]') ;
INSERT INTO workplace values('By2ZGcr-fFe') ;
INSERT INTO organization values('Sk6ZfcHbfFl','Workable chin','Popposta epefahi lu tatfij peetcah palog rahuhoti tikummas ida di lahuduh tez welje cu.','(475) 600-4750', '1789 Muud Circle','workable-chin@yahoo.ca','Newry','Australia') ;
INSERT INTO workplace values('Sk6ZfcHbfFl') ;
INSERT INTO organization values('SkAbM5SWMFx','Warm meat','Lehero lu jado togjut naibev toc feh se hokjiwa idsuwci zi caoba.','(633) 508-8509', '1392 Bukko Junction','warm-meat@me.ca','Anglesea','Australia') ;
INSERT INTO workplace values('SkAbM5SWMFx') ;
INSERT INTO organization values('Hy1fzqHZMKx','Delightful relation','Enkaga fueti nal fimu orulaepo memgi mipiguv paonkeb cu ufeoz vuwbeh waju zidew doja ji gitu.','(439) 788-6942', '599 Weura View','delightful-relation@yahoo.fr','Ad Darah','Syria') ;
INSERT INTO school values('Hy1fzqHZMKx') ;
INSERT INTO organization values('S1lGf9S-ztx','Whole suggestion','Todru tockime da dausarud ozpuz do wo civlaj cubes ivapor wuw he riijmu vietowun.','(600) 252-4430', '579 Luctu Court','whole-suggestion@videotron.co','Shefayim','Israel') ;
INSERT INTO school values('S1lGf9S-ztx') ;
/* Script generated Wed Feb 15 2017 11:44:58 GMT-0500 (Eastern Standard Time)*/

INSERT INTO conversation values('HkZMzqS-MFe','bloody request') ;
INSERT INTO conversation values('HJGzGqSbGFl','flawless cable') ;
INSERT INTO conversation values('rkQMf5BWfte','relieved steam') ;
INSERT INTO conversation values('S1NzM9SZfYx','aboard gold') ;
INSERT INTO conversation values('BkrfzcBZfKe','first record') ;
INSERT INTO conversation values('SJUGz9SZMtx','decisive hobbies') ;
INSERT INTO conversation values('SyDfG5HZMFl','nappy pencil') ;
INSERT INTO conversation values('r1_zfqBWzYe','evil jewel') ;
INSERT INTO conversation values('ryFzMcrZGKg','loud division') ;
INSERT INTO conversation values('r15MM9rbMFx','sordid haircut') ;
INSERT INTO conversation values('HkizM9BWzte','mute rainstorm') ;
INSERT INTO conversation values('BJnfMqS-ftl','cloudy attack') ;
INSERT INTO conversation values('Hyazz5SbzFx','untidy sink') ;
INSERT INTO conversation values('rkAMM5BZfKe','willing instrument') ;
INSERT INTO conversation values('SJyQGqBZftg','humorous talk') ;
INSERT INTO conversation values('ryxXGqH-fYl','jumbled head') ;
INSERT INTO conversation values('rk-XGqBZGFl','freezing harbor') ;
INSERT INTO conversation values('ryGXGqB-GKl','daffy stem') ;
INSERT INTO conversation values('Hym7f5BWftl','tight hobbies') ;
INSERT INTO conversation values('BJV7McBZzKl','eager flowers') ;
INSERT INTO conversation values('r1rXzcS-fFg','nippy pickle') ;
INSERT INTO conversation values('Sy8QzcHbzFl','female lip') ;
INSERT INTO conversation values('ryP7fcrbGYl','cheap earthquake') ;
INSERT INTO conversation values('ry_XM9rbfKe','excited clam') ;
INSERT INTO conversation values('B1FXzqSbGKg','peachy prose') ;
INSERT INTO conversation values('BJ5mz9H-fFl','pleasant spoon') ;
INSERT INTO conversation values('SkjmzqBZMte','savory snail') ;
INSERT INTO conversation values('S13Xz9rZzte','boss pin') ;
INSERT INTO conversation values('rypmG9SZftg','unequaled invention') ;
INSERT INTO conversation values('BJ0QzcHZfFx','pushy giraffe') ;
INSERT INTO conversation values('SkkEGcrbfFx','clammy brother') ;
INSERT INTO conversation values('B1lEM9B-ztx','weak copper') ;
INSERT INTO conversation values('Sy-EM9r-fYg','dainty hobbies') ;
INSERT INTO conversation values('HyMVzqH-GFg','uninterested zinc') ;
INSERT INTO conversation values('BJmVM5B-zFx','tired idea') ;
INSERT INTO conversation values('HyVVfqrZztx','spotless cap') ;
INSERT INTO conversation values('HyHVMqSZfYx','mindless action') ;
INSERT INTO conversation values('ry8VG5rWfFe','productive power') ;
INSERT INTO conversation values('rJDNz5H-zte','overrated tent') ;
INSERT INTO conversation values('Sk_NGqrbfFg','exuberant jewel') ;
INSERT INTO conversation values('B1KVM5rbztl','loved jump') ;
INSERT INTO conversation values('B15NfqSZfYe','pure tail') ;
INSERT INTO conversation values('BysEz5BWGtl','quack leather') ;
INSERT INTO conversation values('rkh4M5S-zFg','ashamed finger') ;
INSERT INTO conversation values('By64G5HWztg','lawful spade') ;
INSERT INTO conversation values('By04f9B-GKl','brisk quartz') ;
INSERT INTO conversation values('S1JBzqBZfKx','large cough') ;
INSERT INTO conversation values('HkeSGqrbGtg','lucky noise') ;
INSERT INTO conversation values('r1WBMqHZGYg','enormous cracker') ;
INSERT INTO conversation values('rkzBG5SWMYg','noble plough') ;
/* Script generated Wed Feb 15 2017 11:44:58 GMT-0500 (Eastern Standard Time)*/

INSERT INTO wall values('ByQHfqHWMYg','Zac pac tis vac dicfem we ruppiwi jumnalfur pigba mofapuc lusorak pisok rud ij zus larok lo.','Private/Mutual','flowery-low@sympatico.fr') ;
INSERT INTO wall values('HyVSG9r-MFe','Foti meri zijupru ivekdo zos cemhe belperacu es bofgo def huwiz olo taj gah mof ducohku go.','Followed/Followed','naive-toothbrush@mac.ca') ;
INSERT INTO wall values('SJHrGcSWMFx','Arisanus husicu olwum uju zutij mofipvic nica hotu dosgirpib avaaj watime okoodubi higemsat.','Followed/Public','creepy-rice@yahoo.com') ;
INSERT INTO wall values('rkIHz5S-ztl','Vaf eti ku lerashus jo zoh rajda si agutipu isla hoc dimgan beive mat cuwejgo.','Private/Mutual','cheerful-sheet@me.ca') ;
INSERT INTO wall values('rywHz9B-fYl','Fohse vulnuemu arcaz rup zu fespo gaapte aj tadle wanmikbeh ideguczag homo mapeson nihna madmovpo.','Mutual/Public','futuristic-humor@videotron.fr') ;
INSERT INTO wall values('Sk_BM9H-ftl','Silawi mahmut ecuwegon fobzeha zatioko fanudano meabfem il jemsinezi gapho neb edi kufheplo awegu ikuojsah ikamokbuc.','Mutual/Mutual','opposite-fish@mac.us') ;
INSERT INTO wall values('SytrM5rWfFe','Tedcifdo bobevu di sevne zip hevpo torena hu atla fe tirvohrig kofoev issodbeh zawwo.','Private/Mutual','blessed-blade@hotmail.us') ;
INSERT INTO wall values('H1qBMqr-MKe','Edugewrop ij dovufsel ne rokkeaz rur lavgej adma kelbo ho zi limo.','Private/Followed','trashy-squirrel@me.net') ;
INSERT INTO wall values('BJjHMcSZzte','Wimgaw po no atsa imhubho honvibul fek nove naev bos idehi rabirof je.','Followed/Followed','paltry-grain@icloud.us') ;
INSERT INTO wall values('HJnSf9HWGFg','Subusu pepfad sin idlat zic hesiote kawig za erdehob di vowmenbew seluk.','Private/Private','deranged-nest@hotmail.com') ;
INSERT INTO wall values('Hy6Bz9SbGte','Kosiidi retvezki ruzug ner we ez tanuhe mosifwi ge herme ezkez sap zuho.','Followed/Public','abandoned-expansion@hotmail.co') ;
INSERT INTO wall values('ryRHM9BZMtx','Timrirus feoc cun wowara dekkamiv dudzuavu ube ufazoti fik luk jiodwi sotazasu hi duipa hi.','Follower/Public','animated-title@hotmail.io') ;
INSERT INTO wall values('ByJ8M5HZzKl','Vemza caci me dovvokep bef izica nobu fe bori he zuv zowa ivu gorso.','Private/Followed','heroic-office@me.com') ;
INSERT INTO wall values('HJgIzcBZGKe','Ah cesziuw ilaseele lup pep riuj pagaah ceuhala caawit tuelelet kisfut no incazi.','Private/Follower','money-kiss@gmail.co') ;
INSERT INTO wall values('B1-8zqHbfKl','Mowin nugozhu efejifup kosi kujgip mopzoob howwafu mej ciricco wicuvpi ed wud geiju imu te keum.','Mutual/Mutual','foolish-voyage@sympatico.uk') ;
INSERT INTO wall values('BJM8G5BbGYe','Vo kanoren iw tohri fekhagfe gakjuem pirfuvu efaippa vew fuhcedap pohefer irdo.','Public/Public','successful-fruit@mac.fr') ;
INSERT INTO wall values('SyXIMqSWMFe','Dephozzal sip isinifcat nepvo der ju le negtuk ab tiwpopi utievduj iz tud tag zidgafmaf.','Private/Followed','woebegone-coal@sympatico.com') ;
INSERT INTO wall values('ByEIzcrbfKx','Ti jobbikpe ah woh lizpa sad pit ma nejlada he mogo ar tu re pu afuneto.','Private/Mutual','modern-crow@gmail.co') ;
INSERT INTO wall values('ryS8fcSWzte','Vuhalran hote fi putti sazje nak ileiro vi wah ojudeip lajzebuv wus.','Private/Public','lazy-nut@icloud.fr') ;
INSERT INTO wall values('HyULM9HZfYx','Ihu ce cozu he ka po sicu iveopi zun cal adzub givece ceheba.','Private/Public','lopsided-view@hotmail.ca') ;
INSERT INTO wall values('rJvIzcSWMtl','Maswu pabnoh sopo okunirjot olake gon fuzcedev om efefamal juphiv lojiaki ujolov.','Mutual/Public','quickest-insect@gmail.net') ;
INSERT INTO wall values('S1dUMcH-Mte','Wofobeh nuzul ozuaguat jo ogzef ubunupo ifu rija vead tu eb uwti selewa lowvac onuraore kovijge buofi.','Private/Followed','workable-story@hotmail.fr') ;
INSERT INTO wall values('BkFLf5rbMYe','Epo fa zamgiuru muafmo etozav tautoc zor iligu usaso uhean ajzebiv ju wasnavip ufdu tofobcok ehutoze weebtit.','Followed/Public','rapid-space@hotmail.fr') ;
INSERT INTO wall values('BycUGqHbftg','Rew ot pede zi gazun ipnossak zaribum fobuvve biwtu nic ocupuvguj ejmi.','Private/Mutual','keen-office@mac.uk') ;
INSERT INTO wall values('ryoUz5HbfYl','Furpiam wap bicveel ubunema bim suc nat azurinkob wo laum leb kirfiga zebbapus sok vubsi.','Mutual/Public','helpful-porter@sympatico.ca') ;
INSERT INTO wall values('BynLf9rZMte','Radwiwez cabevom iz lejroh dub gumhuv hilapo tiic lejesho mulew voojce pelo lam.','Follower/Public','white-pollution@videotron.io') ;
INSERT INTO wall values('rypLfcSWGtl','Gekkiw sulcere wotwi abowi deereno rijtupum row cepmottad zupes fofze sen mewuze cigrina il zuvgikdi di zazefof.','Follower/Public','lopsided-view@hotmail.ca') ;
INSERT INTO wall values('rkRUMqB-zYg','Ezo koko wotkeh kief ze cersaf biza oraik ri ucuridvi teghez umdosdi ekkusdi daro vaug ikgoppoh vuromra.','Mutual/Public','lopsided-view@hotmail.ca') ;
INSERT INTO wall values('rkJwGcr-MYx','Se unuha luswirifa nut farotda mubagvig siblujo mijin kocsilowu tadruduh kuvsat bu memoin.','Private/Follower','needed-purpose@yahoo.uk') ;
INSERT INTO wall values('SJlvGcr-GKx','Kup avtirso vidorler kog emurimfip bahep gewriwa dib huewe osuhicew oddo motirsen ivahu hak.','Private/Follower','futuristic-humor@videotron.fr') ;
INSERT INTO wall values('S1-wzcSZzKg','Sukjemifu hujim barsek de lenucej ugtegno rizju voklobam wevabic comamboz lucul tihawi fisaupe cum.','Mutual/Mutual','slippery-development@me.io') ;
INSERT INTO wall values('BJGvG9BZztg','Udosuvic it itvungi ahazojut idose watlih coubti be neguroene mubodac delrij do nimu.','Private/Public','workable-story@hotmail.fr') ;
INSERT INTO wall values('HJ7PMcr-ztx','Rocu pimlowzo acotahzu ovafe ibru gal zeoh wadi ovfuda ciksepdo put de.','Private/Followed','deranged-nest@hotmail.com') ;
INSERT INTO wall values('rkNwM9BWMFx','Ziade gitceset piroc zewezaba la ribivtow ojzupmu bo nihrojvow hubecca god nal gisla kecwi vokavopal.','Private/Mutual','needed-purpose@yahoo.uk') ;
INSERT INTO wall values('H1Svz9rZzYx','Inniwa weswah pehbotog caf ipujuwhig vakebkug tavsu begcurvor basfise tifde wajpe enwip vicopcub sookoj bef.','Mutual/Mutual','lopsided-view@hotmail.ca') ;
INSERT INTO wall values('SkIvGqH-fFg','Hok wanitaf huhiuza siparuw zuwov forco pacul ni ze wemzo kijejpi bezora ziskeha cozsoc hosupce tibkac dudes.','Private/Public','fun-river@gmail.us') ;
INSERT INTO wall values('ryDPfqrZfFx','Ofare gufog idgew tukeksen vealo jo oc mepam ul notbe sicbi mewoguf hic anetase legonu an gomkewi.','Private/Follower','curved-foot@mac.fr') ;
INSERT INTO wall values('SJ_DG5HbMYx','Jataug igdikvac fov zi gu amcicut sornuozi vususuz lonojvi raziclar zonoute tu ezubo ojume irofik tu pumerub.','Private/Followed','cheerful-sheet@me.ca') ;
INSERT INTO wall values('rkFDMcr-GFg','Ji zicowwi ulataz kodwu ruwemcup wiw wulal vehbeliri ca irwusbas lucbebbut usakcum higsafbuw fo.','Followed/Public','cheerful-sheet@me.ca') ;
INSERT INTO wall values('Hk9Pz9B-MFg','Lof daguvij ocewet uhuvec cuwali jo irlis nilpamaj tutnirse kepika nahogkuh cundekwit liazke ukfemkel gig sunnam.','Followed/Public','thinkable-basin@hotmail.co') ;
INSERT INTO wall values('SkjvzqrWGtl','Tobif ubusuh sero saacwe mu duz joefo pudfut riwvu zov ja ina hov ris ah gov mu cupewov.','Private/Private','abandoned-expansion@hotmail.co') ;
INSERT INTO wall values('Sy3vfcB-MKg','Lu olpoir lof doraiha mit wicuv huha okueke oberota ipotca gasgacti ubwuh batkinip awuceno.','Mutual/Mutual','thinkable-basin@hotmail.co') ;
INSERT INTO wall values('By6PzqBbGtl','Javuje zoknut wulpovrec wilmugupu coc mutuw rojouk pigbinop gupenkof ungo pa memdan ehoema gi teton.','Public/Public','paltry-invention@me.com') ;
INSERT INTO wall values('SkADGqrWztx','Owuejta ve ul lel zizgapo uznogvor lajvofof sistoko vacumpic fi uge jin cacehov kefoppe.','Private/Private','creepy-rice@yahoo.com') ;
INSERT INTO wall values('Sk1df5r-GYe','We igfutfek co motez ehufus cikokum redabopum ti hifsufda ozenugda pahiz fo udjovehe hivmiz ogekub vufisoza gozvoh ga.','Private/Public','quickest-insect@gmail.net') ;
INSERT INTO wall values('rJgOf5BWGtx','Efimuw ciejel lelomeh elicuv docozolu ki ruj fariv ir aswu olnompa bor moipoepa tatec pu citken fo cokicava.','Private/Public','rapid-space@hotmail.fr') ;
INSERT INTO wall values('Skb_McSZfKl','Beknuvi hopuosu uwepeici bolas tu gah belravge va ca il jo jamis ice cecuron istim sokziweb rezod we.','Mutual/Mutual','blessed-blade@hotmail.us') ;
INSERT INTO wall values('SkMdz5HWGKl','Wupof cozlojpe je ul gudbotfik boak sazje ij ku bufazo tu bujmema patigco asojakot erna saamo zu rusif.','Private/Public','money-kiss@gmail.co') ;
INSERT INTO wall values('S1XOGcrZGKe','Ipce owugsez kizpekobu zilmihof tugtazte odavaosi sugivul wipiggun wozmiwnif tedi ole laf jajne bu mohgenko bume jozju.','Mutual/Mutual','macabre-tree@hotmail.com') ;
INSERT INTO wall values('ByEuM5BZMYe','Ul zagaez raasuuja wil cudup dediw van niutwuk kulsot gih kuruwepaw ahsi he ato tawav faw sahwe boage.','Private/Private','quickest-insect@gmail.net') ;
INSERT INTO wall values('HyBuMqSbMKg','Ti nulfutak oceupo uzuros ewiziz bidacazi vipilaber pohjesed rit wuc ruhuliv cezjiros.','Mutual/Mutual','rapid-space@hotmail.fr') ;
INSERT INTO wall values('SJUOMcS-zKl','Saw jiizaho octun ofu ril ev kafec rosjape wusbeh pi fawor tuhusnon.','Follower/Public','fun-river@gmail.us') ;
INSERT INTO wall values('rJv_G9rZMFe','Iji woukeag rubuv usudeh ifuneze tev pemmi edisusvi lolad bu ki lacso liec idizahiz doinu leawbon.','Follower/Follower','faulty-wren@sympatico.co') ;
INSERT INTO wall values('S1duG5rbztx','Tozuv gusudedu afdislog ejcahu owvutte tum rir mab maj leku pu biwlof geohu.','Followed/Followed','foolish-voyage@sympatico.uk') ;
INSERT INTO wall values('HyYOz9r-ztl','Ji wufrifkag ema no kosap tocpadhim nan su ijobipo im pawe bahjak tu.','Followed/Public','trashy-squirrel@me.net') ;
INSERT INTO wall values('r19OzcBZGKx','Dafu zig hecvuta tipeheni zerulfup fola cir ekozupita abiowpof nutvus doj fazezhum.','Followed/Public','animated-title@hotmail.io') ;
INSERT INTO wall values('BkouG9HWzKl','Weg zap adeseemo onneb pout radohwe odpeg bumabwiv tatbice rusfowu toutco na fu vu bitgetal cuhobe ajo vil.','Private/Private','muddled-star@me.us') ;
INSERT INTO wall values('S1ndGcHZMYx','Ho fiporec ujoivtu son niw ucura fe remo pig evadefo hu lizo familed semfipur pejholaso.','Mutual/Public','modern-crow@gmail.co') ;
INSERT INTO wall values('HkTdzqrbMKl','Mu dodfujok fejur bosbi avilop kuz zamfawoma fu zigses ipesopud ri dodzejun malwil.','Follower/Follower','lazy-nut@icloud.fr') ;
INSERT INTO wall values('SkRdGcSbGKl','Fep natdu ut ru eh vufokur tetoge lug sucet zeszud vi hawakeju iwafenkik be.','Mutual/Public','helpful-porter@sympatico.ca') ;
INSERT INTO wall values('rJ1tzcrZfte','Wif jiwek girzuj va rozhifpid weshit mo re ubobouga upop ipipob jaizefep so hek edofasvij.','Follower/Follower','unknown-pizzas@icloud.us') ;
INSERT INTO wall values('HyxYMcHZMFg','Ca ragacuf riefjus newtakib mepjovev coldubcis okugib obohize zapiuhe fawas somikdu ojouweuso tu taza ta.','Private/Mutual','money-kiss@gmail.co') ;
INSERT INTO wall values('SJWKzcBWMYx','Ca owpa ezuw hajbeszar neer neregho gurpamov japmij vuol wi pakiaha rasruhha ju iv biwvekas vofzonib mudpu iggi.','Followed/Followed','wooden-shelf@sympatico.io') ;
INSERT INTO wall values('B1GYG5BZfYl','Jus rewesuw sevziluva izic wikel cucovhuw kuvuzne hewar cutijje gajimmu temiwab feslaskul wohba hohowel roopota ew.','Private/Mutual','paltry-grain@icloud.us') ;
INSERT INTO wall values('r17KGcrWGKx','Otohakel duduw va mo kod ijcih pah azseki obasvaf cehocfu ve nid gikinim ifuv vesmohtu winijav ebip.','Mutual/Mutual','cloudy-coast@sympatico.uk') ;
INSERT INTO wall values('H14tz5HWzFe','Nioda uc wo ejigadop ofa vojemeji munte budafitew icimego litli roladuah jobusaaju gakagajid vucbarfek sokozo felo.','Follower/Follower','quickest-insect@gmail.net') ;
INSERT INTO wall values('H1HKzcHWMFe','Uw fulhaile gop na kikfecpot lo vilufliz wullondaz ivnu si cekaeg ja vag.','Private/Public','naive-toothbrush@mac.ca') ;
INSERT INTO wall values('ByIFz9rWfFx','Ag po kefsu goih si bef kezecu daon neunujal talumu cedveweke ontacu luwre gad vusakeg utfucjo pokhugeg adeliheg.','Mutual/Public','curved-foot@mac.fr') ;
INSERT INTO wall values('r1PKGcBbzte','Moruvda numcaf we hu bufet obra nuga botu gew ifivob zi sehnizlaw.','Followed/Followed','exotic-business@videotron.co') ;
INSERT INTO wall values('Hy_tzcSWGFx','Giza oku zal oz hir bumvak wiho da lovkeb he ala jaoc kaf vitera nebwena bunci.','Private/Private','creepy-rice@yahoo.com') ;
INSERT INTO wall values('HkKKGcBZGYl','Foego ju usivebuki caej vocetsu nuwuwu imi negivod lat uldused bocer du.','Mutual/Mutual','thinkable-basin@hotmail.co') ;
INSERT INTO wall values('rJ5tMqBWfKx','Man bekaw tujurir fi tanese siav mu vivbon kavon sodnu uluvuj rur fu eribo puoh fiwiwuz.','Follower/Public','futuristic-humor@videotron.fr') ;
INSERT INTO wall values('BJoYf5BWGFe','Mof ga pamagda docvo wukibwo ritzidu rujveni hew ne so pune saule si ligkapos eka.','Mutual/Mutual','deranged-nest@hotmail.com') ;
INSERT INTO wall values('BJnYGcBWMtl','Himem nuulu ragho wap la vifuko zuzu ot ror lojawbuz kilfadede wan loeki gienomud hipumezi nir tahpoz.','Mutual/Public','outstanding-stocking@hotmail.fr') ;
INSERT INTO wall values('SJpYfqSbzKx','Ed azkifu ciplih jowavmi mon etpuvos udavu vububsi zo ri go laj bekjaj zawac.','Follower/Public','macabre-tree@hotmail.com') ;
INSERT INTO wall values('SJ0KMqr-ztg','Fo olnuno bijiv gasid relzof wevor jep rajke adkoslig ohno ce fobezog de sevko opeepogo cuze.','Followed/Public','cheerful-sheet@me.ca') ;
INSERT INTO wall values('rJk9GqBWfKl','Hali now zuja va hew geg ligovabi bokizguz uj alino gi vefsikje.','Private/Followed','workable-story@hotmail.fr') ;
INSERT INTO wall values('rJlqf9SbMYe','Doali zocut fowuvup dojipir wigefej vig pevimib ca vezwu zog ot nem aro.','Public/Public','hanging-root@hotmail.io') ;
INSERT INTO wall values('HkWqf5rWftx','Wur ah akarekso uk jefjadba wo cef pilka jidmufut pipojzu pa guso sigcas ihibev huma liseda owcihup hesrurha.','Followed/Public','nebulous-start@mac.uk') ;
INSERT INTO wall values('HkGcM5rZzte','Padmo tufizti cu bi ahtakat eg uji zubo zijoumi latum viji so ka.','Private/Followed','slippery-development@me.io') ;
INSERT INTO wall values('HkQqzcBbfFl','Opifmi uhagu bu keilovar gepolamu suhomozu timomi lotur ciuvugub baf ridkaof lih.','Followed/Followed','try-cemetery@videotron.uk') ;
INSERT INTO wall values('BJNcf9H-fYl','Suihovik jik pafvo izcuro kabes dusu najinro teszi woc mubu dujmalan cet eze vate.','Private/Followed','keen-office@mac.uk') ;
INSERT INTO wall values('HyHqzqBbMYg','Dabdo ladigab mivlu not no sabturgaf kaj sucir lem uh dimig ijuwu naw udowu naw kowmigar ezwa iziewore.','Mutual/Public','untidy-join@me.co') ;
INSERT INTO wall values('HkL5z9SbfYx','Ba adubomgu kof do gov we wewuwe si gota bav luhdomij fan mep.','Private/Follower','opposite-fish@mac.us') ;
INSERT INTO wall values('ryPqMqSbMFx','Sielof vup zijagimo mafdacef josmil zisiwe le we picwar ju iki ipubujit colmogcu zesahi ibba wirozej.','Follower/Follower','bad-stew@gmail.uk') ;
INSERT INTO wall values('Skuqf9HWztg','Gearpov fonok topo takpu kewunhu himic inujiv ce owu otemesgi hune iva ko baheg.','Followed/Followed','paltry-invention@me.com') ;
INSERT INTO wall values('r1Fcz9BZzYl','Zif runeha dail mi viffam wige vas lemo uzu casogu iwipeel fi.','Private/Mutual','woebegone-bulb@hotmail.fr') ;
INSERT INTO wall values('Hk55McS-Mtx','Fobubki wedih zo sisvor revat puhiw zocuj zera kijnefe dosoak pa jiv.','Followed/Public','blessed-blade@hotmail.us') ;
INSERT INTO wall values('HJocGqHZMKg','Vovje cin fimahfoj moumku fo ririako lo huw mahov tosiki ocopugij gec ekenafih.','Follower/Follower','lopsided-view@hotmail.ca') ;
INSERT INTO wall values('HkhcG9H-MYe','Tu debosu riasre geed eja pil piku ogedefi acculub ekifocle jif ecejefiz sih.','Public/Public','nutty-queen@icloud.net') ;
INSERT INTO wall values('ByTcfcB-fFl','Rejgedsi deki mez zoig fudos ahoworuf cu aweug al kaac jeevhi liwavsoj ige wus.','Mutual/Mutual','abandoned-children@sympatico.com') ;
INSERT INTO wall values('Sy0qf5S-Mtg','Fa za gala fe jicuge udilu vevluhki mu kurubidu varco voar sudoal.','Followed/Followed','needed-purpose@yahoo.uk') ;
INSERT INTO wall values('B1JsGqS-MYx','Hifpovhov pekwip cib ovo kifakiw gon vumwi ji kokapo waw suhul kikdiczij.','Mutual/Public','abandoned-expansion@hotmail.co') ;
INSERT INTO wall values('rJxjfcSZGYg','Muscin jakes vat kujkuz hud bo nutusoce laobco tecmeh low idzo de fus di osiosufoc.','Private/Private','dirty-border@hotmail.ca') ;
INSERT INTO wall values('rJZofqrZMFe','Ifdovow ce kiv lu bucaf mug la remawso cap tak imipgi defzildif kefe cezopod.','Follower/Public','heroic-office@me.com') ;
INSERT INTO wall values('HJfjMcrWftg','Gelzotif ahu sec fotofsif vad lute esi etzuf kija idja metciec pusinih to vupajda maguf.','Follower/Public','flowery-low@sympatico.fr') ;
INSERT INTO wall values('HJ7jG5HWGFe','Reviniir ge wunezdic wuzil maziw sasip kan lo beduzu aguguowu cekezoce jeccilej afi uz.','Mutual/Public','golden-crayon@me.ca') ;
INSERT INTO wall values('HkEszcBbfKg','Watgin bemas nubip apu balrepuj seh jidsofrod fewvud pinuro lecdekap zesveffer ves loazi epi.','Mutual/Mutual','successful-fruit@mac.fr') ;
INSERT INTO wall values('SySozcBWzKe','Daop bewdof dabokap iz ola gobzok vurgob womhinkih zu zowjivacu za pag uliw oc zo.','Public/Public','woebegone-coal@sympatico.com') ;
INSERT INTO wall values('H1LszcS-MKe','Timar agurajur upa ekima busifib dowip vi ipovudaj isziiw surac doc catojoc.','Private/Mutual','white-pollution@videotron.io') ;
/* Script generated Wed Feb 15 2017 11:44:58 GMT-0500 (Eastern Standard Time)*/

INSERT INTO partof values('deranged-nest@hotmail.com', 'rypmG9SZftg') ;
INSERT INTO partof values('untidy-join@me.co', 'HJGzGqSbGFl') ;
INSERT INTO partof values('heroic-office@me.com', 'SyDfG5HZMFl') ;
INSERT INTO partof values('money-kiss@gmail.co', 'BkrfzcBZfKe') ;
INSERT INTO partof values('lopsided-view@hotmail.ca', 'ryxXGqH-fYl') ;
INSERT INTO partof values('deranged-nest@hotmail.com', 'S13Xz9rZzte') ;
INSERT INTO partof values('needed-purpose@yahoo.uk', 'BJmVM5B-zFx') ;
INSERT INTO partof values('nutty-queen@icloud.net', 'HyHVMqSZfYx') ;
INSERT INTO partof values('macabre-tree@hotmail.com', 'ryxXGqH-fYl') ;
INSERT INTO partof values('nebulous-start@mac.uk', 'BJV7McBZzKl') ;
INSERT INTO partof values('abandoned-children@sympatico.com', 'BJ0QzcHZfFx') ;
INSERT INTO partof values('nebulous-start@mac.uk', 'rkQMf5BWfte') ;
INSERT INTO partof values('naive-toothbrush@mac.ca', 'B1lEM9B-ztx') ;
INSERT INTO partof values('hanging-root@hotmail.io', 'Sy-EM9r-fYg') ;
INSERT INTO partof values('paltry-invention@me.com', 'Hyazz5SbzFx') ;
INSERT INTO partof values('exotic-business@videotron.co', 'BJ5mz9H-fFl') ;
INSERT INTO partof values('untidy-join@me.co', 'By64G5HWztg') ;
INSERT INTO partof values('money-kiss@gmail.co', 'r15MM9rbMFx') ;
INSERT INTO partof values('futuristic-humor@videotron.fr', 'rkQMf5BWfte') ;
INSERT INTO partof values('fun-river@gmail.us', 'rkzBG5SWMYg') ;
INSERT INTO partof values('paltry-invention@me.com', 'Sy-EM9r-fYg') ;
INSERT INTO partof values('fun-river@gmail.us', 'Hyazz5SbzFx') ;
INSERT INTO partof values('nutty-queen@icloud.net', 'B15NfqSZfYe') ;
INSERT INTO partof values('modern-crow@gmail.co', 'HyMVzqH-GFg') ;
INSERT INTO partof values('abandoned-expansion@hotmail.co', 'Sy8QzcHbzFl') ;
INSERT INTO partof values('rapid-space@hotmail.fr', 'BJnfMqS-ftl') ;
INSERT INTO partof values('quickest-insect@gmail.net', 'r1rXzcS-fFg') ;
INSERT INTO partof values('wooden-shelf@sympatico.io', 'B15NfqSZfYe') ;
INSERT INTO partof values('paltry-grain@icloud.us', 'ryGXGqB-GKl') ;
INSERT INTO partof values('money-kiss@gmail.co', 'rkh4M5S-zFg') ;
INSERT INTO partof values('paltry-invention@me.com', 'BJ0QzcHZfFx') ;
INSERT INTO partof values('paltry-grain@icloud.us', 'Sy8QzcHbzFl') ;
INSERT INTO partof values('bad-stew@gmail.uk', 'SJyQGqBZftg') ;
INSERT INTO partof values('unknown-pizzas@icloud.us', 'HyVVfqrZztx') ;
INSERT INTO partof values('quickest-insect@gmail.net', 'HJGzGqSbGFl') ;
INSERT INTO partof values('lazy-nut@icloud.fr', 'BJmVM5B-zFx') ;
INSERT INTO partof values('needed-purpose@yahoo.uk', 'S13Xz9rZzte') ;
INSERT INTO partof values('thinkable-basin@hotmail.co', 'BysEz5BWGtl') ;
INSERT INTO partof values('woebegone-coal@sympatico.com', 'Sk_NGqrbfFg') ;
INSERT INTO partof values('naive-toothbrush@mac.ca', 'rk-XGqBZGFl') ;
INSERT INTO partof values('thinkable-basin@hotmail.co', 'ryFzMcrZGKg') ;
INSERT INTO partof values('futuristic-humor@videotron.fr', 'HyVVfqrZztx') ;
INSERT INTO partof values('bad-stew@gmail.uk', 'SkjmzqBZMte') ;
INSERT INTO partof values('faulty-wren@sympatico.co', 'ryxXGqH-fYl') ;
INSERT INTO partof values('macabre-tree@hotmail.com', 'HyMVzqH-GFg') ;
INSERT INTO partof values('untidy-join@me.co', 'r15MM9rbMFx') ;
INSERT INTO partof values('wooden-shelf@sympatico.io', 'B1KVM5rbztl') ;
INSERT INTO partof values('try-cemetery@videotron.uk', 'SkjmzqBZMte') ;
INSERT INTO partof values('foolish-voyage@sympatico.uk', 'Sy-EM9r-fYg') ;
INSERT INTO partof values('foolish-voyage@sympatico.uk', 'rJDNz5H-zte') ;
/* Script generated Wed Feb 15 2017 11:44:58 GMT-0500 (Eastern Standard Time)*/

INSERT INTO post values('rkwsf9SZGYg', 'HkTdzqrbMKl', 'white-pollution@videotron.io','Wed May 01 2069','Cilul ce pinoc abado unitu rowsu afpop sugwom wiwij um ejo mivwowu ruk aduli popenan. Gihfo roipi ebano mavuci ro ekaijofi jadafufe ela danajlu alzownu ucedot huhdi fanlawvut.','http://gigdu.hm/su') ;
INSERT INTO post values('rk_iGqrZMKl', 'BynLf9rZMte', 'abandoned-expansion@hotmail.co','Wed Mar 20 2024','Femco zocfiofi guojaije mebu evcok dofkegom gen ragar se viffa lec odi vomipim ko boduc idaino. Gedcifus ofewil evaelrub ka owemofrut kacito vucakofas ra ude cih nepvoptat foga je lulahuzu. Few owtilcom za derupreb mejob nawzus zefezu bi ugi ikjabtu ir gopsegol ig ramoto lip bokuwbah. Kibuwa pubbo da eho agodesin or cuzvih kuigegaf pod ocupa zizode megifper kita eto ga nelid ve jomico. No ita dosuji lunumle biahiti vaskef ubiaga hi tetug ateetsi ceclufza wojioka goele owugup pog ihli emcu. Za waabo ibi jan lem moeveve valo isacafo azawel tan mag obud ce lig urju keilat tulkakuw. Jomma reawarim ojopiruf wubhi cis fa bemvoczib razehut vomobuh kakaf cuz ajirof hudzo ni.','http://lok.cv/cignetu') ;
INSERT INTO post values('H1KizqSbfFx', 'HJ7PMcr-ztx', 'wooden-shelf@sympatico.io','Tue May 10 2112','Gapirzoc ce somzik mef be ucebutu kivecgo kojpekfej ho nabatuv di farpozju. Ed fewlu ohu vowfebgib zeili bab pi ewbojeh vomunu sebafi zepgoc zeneron ijoap. Ag cepu pedeim zucugos ajizemur wi nopso dozo evic vi nik sivma bertuhze binde fasjakotu ar fe rarmid.','') ;
INSERT INTO post values('HJqsf9rWftg', 'rJvIzcSWMtl', 'wooden-shelf@sympatico.io','Fri Jun 26 2082','Lop cilokooz ewu weloka hom sud mileva izemusada la jabajo arizamani nawtopur.','http://pu.ps/bodotva') ;
INSERT INTO post values('BJoiz5H-Mte', 'HkEszcBbfKg', 'futuristic-humor@videotron.fr','Sun May 26 2109','Joag ka cojwi mijlub soczobfe jaap cuzrog howaen ufeoji ehlatbir vober atju burre ci rur ijoza.','') ;
INSERT INTO post values('rk3jGqHWGKg', 'B1JsGqS-MYx', 'fun-river@gmail.us','Sat Sep 06 2064','Bat cilpipvag bijuk lo ivume baregrev nolivu unuegi haroc ka oc fupavcek esaani riringo. Pij ituvebe zoosoli mijer godil jurge duj vag koccataj ejozu esaji wufosab akli hulohe dafus apu.','') ;
INSERT INTO post values('H1ToM9SWfFg', 'BJoYf5BWGFe', 'trashy-squirrel@me.net','Wed Sep 13 2090','Ig coh aloadofo pidpewkof bawagisi gidehu caujtak vu hafgafo nicfa uwumebupi it. Renkitzev jopo teru mezotfur siohicu cajuwovaw cuibeeha rem epbe go isidinfaw cogduero akfedcaf fo ececu zuzusul.','http://udazojas.za/pu') ;
INSERT INTO post values('BJRoM9HWGYx', 'ryoUz5HbfYl', 'paltry-grain@icloud.us','Tue Jun 19 2068','Kaz alukep vu pijsesgaw ela dav va luzdin nincu libsa fosib be ugoku cevdoci kitdumilu. Ago beg ateer zehzomro cajfutu etpozof jodu odvid uj buwmewmuz tiztumaz cal ezavalu hekluvdot vufagmap lazep budgo ivijafu.','http://zi.dz/douz') ;
INSERT INTO post values('S11nf9HbzFx', 'HyYOz9r-ztl', 'golden-crayon@me.ca','Sat Jan 23 2100','Gijteprah esfop jijihcu tovsi cuk adimonba ihulabpo ecfeg na poiw fujola tebuvup bied sudo ago vignav cofzi sige. Ok molem jomutnir jegdoru kefaz ukmafot lumuj di rartowwet husan him sefoahu. Puk ovipa hicewgem fo takwuuwe gu uwagi wi diwhete iraije fofutvu uwahe botu ic cu. No avosed ri ikcevge kika cegfa dok juurowun vadzuoha lopficva papituw balavjev buwzu ivofeave aborit haec. Pucol el icomefa he uduz odi raner ereharfa nu of cev rorgut. Gu omi luhe od debi duzkogen covezo hutaja zonsum ehesi bubu ezube waot makbej.','') ;
INSERT INTO post values('H1e3Mqr-zKl', 'S1-wzcSZzKg', 'white-pollution@videotron.io','Tue Apr 26 2050','Rikusu nimhaf nuhaso zawsa cih kummazaj siwipac ugi buh kiizcoj hi jobecdu zodurofap du. Ikowi ekaga upoaniju serum uzieruel denati boggogvas nov uvpewagi akkaip fo guwza fuopegin vupuw jokhotce cu. Keun ozka im ju cifere rehfodwa hehako duudahon rapudo tazubibi ropmami lolab aste. Benowiomo kava ozu paakoija ofdefwez ete coco jes eto cem ejemerwo ikoje osatuca zo cowinki tuuku go amokuh. Galcofsu bir hod oganim ibilukpe ezeif mucate logga tur saavupo rewiheced coomun ot. Pa sac kawu anbaub kiewoh fep subjoul in ub aswocbum lop no je lionopu asoar uh ehkovpuj.','') ;
INSERT INTO post values('B1Z2f5BZGKg', 'BJoYf5BWGFe', 'money-kiss@gmail.co','Wed Sep 02 2020','Bukofnaw etdos wonipuum lelueki somug ahdu fukogo lebawzof zezcijow egoni gonic ohoco. Bonsireh dunzu soruvaiwa hif wogpeme uhdi warmi pedujuj jowiw ibtuuda kod ven kuhfutaw gupowot zihmi rosaef gihzat pe. Ru zu tifaf bof reli nollu ji recof rubu ce sob siwgum gac fevhe ah ol. Sa nugas miwe vot tag seh soz tek uzi ow rik kius muidocog neras. Let wi vatemo duzum hafcuvan pippeame pijojo jebviko da ka adinem tobcadeh.','') ;
INSERT INTO post values('r1G3GcB-ftx', 'rJgOf5BWGtx', 'quickest-insect@gmail.net','Wed May 14 2036','Lodpalri mor burzi owgos vitna jagawi nos ko zobuwub cazoj ja ilkeg jikad pe riedabod. Ham cohoglam ifi pov lipjem va butol fuhum bid pa bamo in epa ru. Fa deil er buz uwsib kazlewu kutut ozufo ne mostecen hi fa wudgoj hubna guti ficradfi lufomfok zameg.','') ;
INSERT INTO post values('rkm2fqBZzYx', 'HyYOz9r-ztl', 'cloudy-coast@sympatico.uk','Mon Aug 31 2054','Se sano sowme vopuz widil gephum pucuc ho ozusa bi kud jahuc ku eszaf hufki. Pi fo je eb hu dukudne vijduwvat uge hentaje fe fupuswi wusu eja buc.','') ;
INSERT INTO post values('rkNhM5BZMtx', 'Hy_tzcSWGFx', 'unknown-pizzas@icloud.us','Sun Dec 18 2101','Avumetmi ecjatceg kijinoer joj ujiasepi capotake ob ho rowguvlol be ummi doadezeh tib ju.','') ;
INSERT INTO post values('SJB3fcS-MYe', 'SkADGqrWztx', 'lopsided-view@hotmail.ca','Tue Apr 03 2108','Gufesil kipbezso ewakze padob tal adu jezuvte ciita zogrivop sem pa bef nobhib gahoaw huw. Zu gizas ner liaj ifozwa azihawal cidbifuh siel wu wecaah wahzawtek pum rum tac pi jaipbas. Herozzob ro re ga gosep nu ritle bagi fipnipoz ata isa liweisa actiwnow wir dec cu. Lesoco gahrite ota rulsuzod wak lafi haepoese tod cere zovja raecu pu sub vugil afvemag. Apirica vas iri nucdo ditarwo rinen cuzef koanime de nulte odtovi dutiz. Rahtahkej jikauke huzmemo miucme ga pefru bi ulpo nob jokofezi pe pu ub ojikarer.','') ;
INSERT INTO post values('rJL2f5S-zYe', 'HkL5z9SbfYx', 'outstanding-stocking@hotmail.fr','Thu Feb 22 2024','Ziviva pu hig ihawoumi limda masidfi bomiwkob ta viez kir misahja jenirvi awonutno cevbolo. Af gajatez bovedina jireg ki izkarbu ecu iw inig ki isu fi mafugug muwto mekufiw bi.','http://titdaf.ad/nin') ;
INSERT INTO post values('BywhGqSZGFg', 'ryPqMqSbMFx', 'bad-stew@gmail.uk','Tue Apr 11 2073','Lobarzud lepiz zof tug pocisri jonefoto hiakmuj jewtorpi parijuri nanda ve otjiopi konbo idonuudo tijal mep. Kuget epu rultabo jebuh ahwekmu vimjiv saktad emaanlan likaewu himewuw namnoh janawel oma ba.','') ;
INSERT INTO post values('B1dnz9HWzYx', 'Sk_BM9H-ftl', 'curved-foot@mac.fr','Wed Nov 30 2044','Olhauco vo tezavuvu re li ta wovosamov si tus cahucji ukesu dacalde. Gujle lielu paziwu kafupruz pinsuze pogoj mefkezi he doubu cumme jimzog jip rezural kozon wejek mu. Niseh lo surgo for on ti wojhicna jopeoz me bitwood so genuk giowa gof. Mifcipuh moprig megnu wovpa di dese iscerzu pijhu nihidkok fun refam hemfuum mokumic wazalhik cacta rol hifam ak. Rodko bo tam acegat vanuwe ibehi bobuken hoz rogape ib oci iv adowev fu nuzara lizuaw ic.','') ;
INSERT INTO post values('HJtnMcSZftx', 'SkMdz5HWGKl', 'paltry-grain@icloud.us','Wed Nov 20 2109','Ge pah jiazfi po radwidug ja tujabeof racbagniv gup zumnopvi oz ver. Vohtub zodlemhor etotejuf viztuiza rihlumpa li uvihotti zinu ul suele avjukir he ter hafhidoj uredib peah. Now ufemawne uhibo cu ne hatva neswite vobciz gus uwi ilenagce haj uv taharnit algidwo. Kaptehik hipevep kizu nu are asubozfel tozuh zivi kad mu wise rerhi obgabi em. Ukeozevi joduj kapgijba ot dico behaku awezu liwbac mehaliso ibibadez ef ce redgadte debongec newta. Bewvarpo poka baziuko detatocav furav zaz laf al sun ileacogus fun sacoki rav zeza vak mo nodas.','') ;
INSERT INTO post values('Bkc3G9r-ztl', 'HkL5z9SbfYx', 'opposite-fish@mac.us','Sun Feb 01 2093','Pad guwli tozawiho gewgiv ablekife nujvufba nahe zore vuz walena loritekap kuhnosoz wacco telhalnu rog. Giwsi wekvujo wizvawer focotul kaloz rudepkuv de afevem ti nuf vi sagirgif. Hes simpuifi ehu mad wo deap uku tatwi ugi kusna aloze en cisnuftun. Seis fa pinsi fokuor nista vu cowibgij ziziro uvnurej pow rimgerwih bow ovein. Wobek mobovo hejete ra noid setbe sa caef ihogukcej ja vecub butadgav. Odi na jisih nik gisifmo fiiw reafda zub zebcov nir tuzahgu ucwew sof biduter. Vacgovero tu co juzwuhkut rib akavueb ke ele tezopwub zaz giicuibe nit.','') ;
INSERT INTO post values('HJinf5B-fFl', 'ByEIzcrbfKx', 'try-cemetery@videotron.uk','Tue Nov 03 2076','Co so piduuk ehi obi do onmioka apdadub ni eb hawudus eli jevjo cegdis kitet.','') ;
INSERT INTO post values('S122zcrZGFe', 'SJlvGcr-GKx', 'cloudy-coast@sympatico.uk','Wed Feb 14 2103','Waspubiv uzduhpe mu ina new duawa esouca ni hacsijwi nithukife pephumim niico mutetop ennat epele pesip. Enodonoj comek cigibum okdug bisog bufzul apujerlad podmi guvi ovi kazo jos ud ri pis.','') ;
INSERT INTO post values('S1phG9H-zFg', 'BJGvG9BZztg', 'outstanding-stocking@hotmail.fr','Sun Feb 20 2050','Ore sugci purisuc mesehcu tecoke gu lostunu vova zadahod hudafag jez uhupohwi.','') ;
INSERT INTO post values('HJAhfqHbGFl', 'BJnYGcBWMtl', 'deranged-nest@hotmail.com','Fri Jan 06 2045','Berovimu man kidho ovado olbu wune ge dih bur kuffuz atuwzu owrubu jud se kesilek purupu irfa.','') ;
INSERT INTO post values('BJJ6McBZGYe', 'BynLf9rZMte', 'untidy-join@me.co','Sat May 27 2023','Ul amupe uc zefa tef aca nocbilgen wailivud sat piob nu pajad wete selbargas ha. Pedlobos ofianfol vulmobhed zamnod nioco wuz cifasoda vab nafebar echoven juzo hedtufgu cosdiod zupondol futike poafa zez amzoufa.','http://cari.ws/wig') ;
INSERT INTO post values('r1gpGcSWMtg', 'rJgOf5BWGtx', 'wooden-shelf@sympatico.io','Tue Mar 14 2062','Udi goti nah peg he ip cen es gen so uwdimfev gim nekka azwemi kep.','') ;
INSERT INTO post values('HJWTM9HZGYx', 'rJgOf5BWGtx', 'quickest-insect@gmail.net','Sat Jan 18 2070','Nudo pe foenauke za navogfu rahogwa vulcilan anu egcirlo gokjit cahi zi.','') ;
INSERT INTO post values('SkMTGqrWzFl', 'S1ndGcHZMYx', 'cloudy-coast@sympatico.uk','Mon Aug 20 2063','Serate we dim uw hotna cevta tal kejusioje po ma gohuh tiivi. Seffal inedevog se hojho adumi warru wi cuki fadiep teskifu ocigu wo to reka nukar usokabaf gapehod dac. Notvitpa kubvan atjuk vu ibabap bohoc za idu sijnihsi cajzokoj neilaeki uhileh ub wu.','') ;
INSERT INTO post values('HJX6f5HbMtl', 'SytrM5rWfFe', 'try-cemetery@videotron.uk','Tue Jan 19 2021','Gitru du hi zifriv ajholta cadejpi bejolcoc ep senral fahicuf aleci tigaar mefij uhsi hienuw ubidejok ewi mulu. Ro one samdek rufepenev roti wigje ebwafu ojiha zub kas gajgo apkafpik va agecihnen pabueja dan lamed giwvoghu. Bom pevo zajakuj wuf wu liruno hewuw hur deh aheb gavvu ok wofce rurudul vid wadike ihwot. Te lo koso oc dukiwop alwod zon ri egatorpif macfije dawruno worutoso fili gim do.','') ;
INSERT INTO post values('SJ4az9SZzYg', 'S1-wzcSZzKg', 'unknown-pizzas@icloud.us','Thu Jun 16 2107','Vudfeuve asehuffir fe vilba lekweh jejciif nowlasa doom jikpokaj vo maj kas weidzu itni iravatno puje avawi. Boomfam uleribjis fosgempa dipe vansip iluhuwa dapemow ererilom mu waaho ga ko rije.','') ;
INSERT INTO post values('Hkr6zqHZfYg', 'S1XOGcrZGKe', 'try-cemetery@videotron.uk','Thu Sep 17 2082','Azlumwoj kitu pazalfir ulrame ze min keuwwih bu ziunu aw lehu zufwe vupriwli.','') ;
INSERT INTO post values('r1L6McHWfFl', 'r17KGcrWGKx', 'woebegone-bulb@hotmail.fr','Thu Feb 16 2034','Loabsen hezecuk biw celumik ilki ji razton eta ram me zizopi mi tal loegoded mibifu si. Medbuj wala avemutvo re cuccop liz po ova duj unu rore sejpewci no uf we.','http://wavevon.mw/ralvor') ;
INSERT INTO post values('HkDpM5rZMtl', 'Skb_McSZfKl', 'cloudy-coast@sympatico.uk','Sat Jan 15 2022','Lesagja cerraphi vapva ot caghamo map vofoceij uj bimnanci la rowdam lugruezi nazpubzez culu ivjow ta. Ki zo jej ji tufropo jenwe mu hi firotov soneca tuwmek hi rubem cecorus tif ivew. Lumade fedalma damzeh uhis ju zuj ganuwij ufjijig jefsan budijsol voptuz cem sobe. Japam serarcem ukijiolo sac wa nokuzhub pusij biagezi vugro oci relarma datuz. Walfetit se cofbicej ocifam sivmogti weru zudsal guhdek wawwi rocudgo ovugodav wat ecta rulupa likca jenohve val.','http://kokomun.fr/lo') ;
INSERT INTO post values('SJ_TMcSZfFe', 'rJgOf5BWGtx', 'creepy-rice@yahoo.com','Wed Mar 16 2107','Tuc go zosegeh petnu ko pivid ga maifhu sasjiw ahajovzal tocouju cokiak jezuili tuhife tuget ovakoga kidu coc. Cic tocha fail gugzacra geuw irodo mo gika arpoh erajem vefbakise vuka pusic.','') ;
INSERT INTO post values('H1tTG9rZzKx', 'rkJwGcr-MYx', 'untidy-join@me.co','Mon Jun 22 2082','Wa sih gervi baaje ama kovku accushab zulfej ed ne wof taeca ler wotiknit fog di.','') ;
INSERT INTO post values('rJ5TMcSZGFg', 'S1XOGcrZGKe', 'try-cemetery@videotron.uk','Sun Oct 12 2064','Zopuna hari rel puis abvowba boto tulu mi dac ejeliov atu safpoc ji risem nuwajut seiwupi.','http://punbo.me/be') ;
INSERT INTO post values('r1jaMqSbGFl', 'rypLfcSWGtl', 'exotic-business@videotron.co','Wed Dec 09 2076','Usa nosfe cahil rolhosno uraijte gefinubiv oma sormebo tin da adhiwo mokoszig ejeogmo haoli pepsiv mupe. Mozeis nafma wef ofasadek dodjus gawrah amudo henabzo punlashu bure jusetgal hitbi. Hat oblegas cu size ga gajpiddu bo uboma tonozki pucuf gesiw si avujanno jilobare cowhizug tojosig. Ru masoho nana mik livedih boj somu pi jocbiol fo ufaob nopnuwjuc soski dabzu.','http://mewgopra.bb/lidmut') ;
INSERT INTO post values('BknazqB-Mte', 'rJxjfcSZGYg', 'outstanding-stocking@hotmail.fr','Sat Oct 19 2019','Nusanabu zebta watba muza pan nuzoti muvneked difoburi cawoldi retzumu mocolew dez. Mu datukage ipibatud apikuczew zironiom se daszutu satkataj lo nogdo taves fezaute to ikdahrij lumtosfim esu ke hohonot.','') ;
INSERT INTO post values('BkX5B-GKx', 'Sy0qf5S-Mtg', 'lopsided-view@hotmail.ca','Tue Sep 21 2021','Bo ojunujem pac wen neekije ubolucce jelme ro navifug jag te bawijo. Pur laz wa azerocar fojvu cu zigobma rochanap ufiozifiw rogfo dicirma cimvava ged favseiz.','') ;
INSERT INTO post values('Sklm9HbzYg', 'B1GYG5BZfYl', 'try-cemetery@videotron.uk','Wed Jul 18 2063','Fob uzouce mef iz ti gijiz vudocse ari goejow gonbu me zasedeb nuvup joc lahsuzoka puflaj.','http://ru.ch/wekhe') ;
INSERT INTO post values('Hy-7qSbGtg', 'Hy6Bz9SbGte', 'macabre-tree@hotmail.com','Thu Mar 18 2060','Anuze hempes wo esomat va pid webi pektecun maez nepo hasages zahvos pul kirce ece.','') ;
INSERT INTO post values('SJGm5SbzYg', 'HJgIzcBZGKe', 'try-cemetery@videotron.uk','Sat May 09 2054','Aku ji jebropor doflo wehusid ewulajge mave cerdaz lipbo li re ehaateto.','') ;
INSERT INTO post values('B17Q9HZGYx', 'Skuqf9HWztg', 'keen-office@mac.uk','Sun Aug 12 2074','Iragucu dez ijewa rovoza wukuvjon ic hudaj vam be buctapcen lulef zinu cowsusuv. Zas mened sovos vashipmal jazinju ahcu cidril tihezihe daaleno omufa hazij atzulef resdiwwon rotujel lewaz wothuj jehcago pajeje. Tinmuif wiz nel ruduwu nied rotko disazire cuj boz vedu ilwu lahnavibo pipha fizcig. En lablo ziswicow fosuvi pohi joopi ojvohu gu ijoigafik sipav ibti pizucdo badtupzod mul. Dirrehbeg wignunzen pejibu rako upiuh wah lawe buteguda nu zecod koodi wetefa viko ritomce nimu jisgahoh jim. Fattopa asenac kadeghet gorrer ata fodoib haz rop co esowe ve ampe capigja.','') ;
INSERT INTO post values('Sy4QqSbMYe', 'HkhcG9H-MYe', 'paltry-invention@me.com','Wed Dec 16 2116','Le tog ravo hasaj zas palbu leulame sairero reecolen cib igebab re afisunid ivupooh bokoho. Petna waz afu laowhis tas ilahagtif dicoka rawok di bihicok ziehmod godijafi. Ga movudzo ed asekub enoarfak fud mecusose vamul joge jok imubutar arico cenroha zip biw. Tajas uvawar killinkov zu mivsubno vosi wu ka se wan bumeuzo toj awba ror iwgambow we. Onebav kat uhijo jotla voc udovo tu gizcogwed huudaza mi orbu boderwuw si ow jihcafzi etje.','') ;
INSERT INTO post values('H1HQqHbGtx', 'BkFLf5rbMYe', 'bad-stew@gmail.uk','Thu Dec 25 2104','Ola ekrok dageili poz nodmor tiwak warzi waf fahugik foznuj fekocoav vo zulapuco gijez kanem suruz. Cu radkunazu lud le benub duc fi eh repnood vous gu dafirzon. Lustus fencopaf tain sosganuh nepoid os toga hahijti lotguceg wiwez bataneg ribnemjot fasnut kaadjan hipjeoku his giena mafeli. Fonmoup pevojaliv ivnebdar kovora kaiwewu co vesotiwe jom ji gooffar rehi gos feguh sugifzu. Gofoj tehtipmuh itjuc ipo ipemone enooku vamji vabzu kava sem ziekeso fe zefaf vivacwi baimro da jan. Kozwal riweg evvi na kecahemi roper sushave pikvuev mohhesreb remit ajlupe su ma ro guzi penri. Avomevac hofbo uv huwmutbe bezuk focov bi imciso likzul onaah izo fawiuhu dahernev otneb pufrefpa.','') ;
INSERT INTO post values('S1UmcBbMtg', 'HkGcM5rZzte', 'animated-title@hotmail.io','Fri Feb 03 2017','Idmi suvav vi na lo maj do efhi lukamtoj ga fizupum jo abubi nafas catuzu. Pod weurul fovwotinu serij cagjuwo maweah men idote zudimmo cuboku tuus eciso.','') ;
INSERT INTO post values('B1v79SZzte', 'By6PzqBbGtl', 'helpful-porter@sympatico.ca','Sat Aug 11 2035','Vilsoc bazda piv haskev fic gi imifizup reroce rili eg law toni rotwus suswa fibobegem zeujcom. Wili uvu bufe rometik te zaoc ajra wimwom ovwimes gadolhum ke wazimun hezucam. Bif tuh nitki fuc vutro we pehkewis lu vah icfi itamem lokek fezge doh mipujva maup. Ar atkaede til vahvud ame hotudeh gilzul limoloalu baano asuz ah dive jumhegap. Povekniw ciabizi evo fiz dedko cope ifo ud bumure bi guhzot dib tos gemu dateghi. Dijib bihuegu hoh beig kih adhar elejbo hoj wukhi ot fepwo wasrij vob edauz ingu. Lingungo hehzi da uzobojzij viohugu zu wocarce gofren tokedo gi moomuni bod lu zuzeje mad wat casimjez.','') ;
INSERT INTO post values('rJdQ5HZMYx', 'HkhcG9H-MYe', 'opposite-fish@mac.us','Wed Sep 16 2111','Fiuctez vow pifilgez ocape gimebosu damgeepe maubaas komil guzizo ih zow licubhur ontitrar.','') ;
INSERT INTO post values('B1tQ5HWMYx', 'S1ndGcHZMYx', 'woebegone-coal@sympatico.com','Mon Jun 27 2072','Aluduphi gip gomenken horvi wojdahip ni mij erawajib wi nulpigow ujwujem sup. Vu asikatiw pe funo jivba demurde ebru iwoream ilo wuzzen gawigla mumigno sit al esu dih hewirpin. Kualugo ola vidgu rafjekom won vo kuakoiv okezadvu ru tin mawdul gajop el opi. Ha veguke pewevi feku jinibe so futurjo wuhma nonneduk sutim fa ropjolen gavojafo fe reuma. Fuljam potoh feluwtuf lesi buzi fetbake ro necide he uwwa apokodag zududo us sabiod safhum dankezsog fusaj. He nuonucu libuptur nahuv fow vudvo nugpoin gawujuka duj kalpaite ukefuuzi enionoku waj. Hifer egwuv na mur suhopeh mifcik nodroj huzi hipmig loemouda ir adize.','') ;
INSERT INTO post values('rk9Q5BWGYl', 'B1GYG5BZfYl', 'opposite-fish@mac.us','Tue Oct 07 2025','Tothudgo ga je hugiomu woum musbiswu id def tegmucto esige wemuh sezi optek ma.','') ;
INSERT INTO post values('S1oQ9HWftx', 'HkQqzcBbfFl', 'opposite-fish@mac.us','Fri Dec 14 2035','Cum ikuratbu ona si rul narojujob dovve mozit egekawil ewari fulowtew oha na mo ohmat. Ukgejcu zab wazidja jifo rut wa tehab vep ha vangil kinot of. Le ig zuz is mabja ni doc akeedaag ipgu fufvo fele ednere cep zut netto. Kicen no doipo zodlidnop gewtuh egwogek fuatasuv kerod sic eweukuur tug gukbitsuw ufeovi jepaz nujnuwe.','') ;
INSERT INTO post values('r13X9HbfYg', 'B1JsGqS-MYx', 'cheerful-sheet@me.ca','Sat Jan 02 2094','Ocodurhu jeg bomrora modhak diev cuugecu riibezem tes vi pizev heddu ir sihfa zep. Ziklur fuwed elpaife cohofut wueja ew ogeru jefojci tafjotji are bez hug fop ze.','') ;
INSERT INTO post values('Sy67qHbzYx', 'r1Fcz9BZzYl', 'workable-story@hotmail.fr','Mon Jun 08 2065','Mavoz di atufif ziksemge aceav wucekuzo awcaiwo uh bolnu abepe manasoidu nisorwe wekwonfe haaszo ov. Oteuroto wacozdi gekuz johok lezuf vikibtip lu jupew lizvitzi zovbi dufuv al ivfu ek siomicu hudto muotoza watbe. Enekepne olezimfu jemufpa dotnagu coc usi de nasig simgep uwubuga dimi lah paja mugbag mebgidbel usugufez. Jeof mu delaavu pa mebubfa ja ralrali fo zitni vu jichibbod fob vak cesdubad safbefhi violalif ap. Tu zo notusu jif lonkub defoketuh lu tiddo kih obi hitlah es fohovkiw pikul re guj uvu. Bubow def uno epogu farrosko cajojlul vija jewausi junemet ve rilelfag ujsoco dukna notuada ofekitja liimi vap zizgelid. Ramavu gutli win len cosfubsu gawit go voranof fagluh la buk gohsoet paku.','') ;
INSERT INTO post values('H1CmqH-GYg', 'rkFDMcr-GFg', 'abandoned-expansion@hotmail.co','Thu Oct 09 2087','Ebmaset ce edjakzih ahofej tizmi mezevtef lafacuv hefibze apmo giw mahojse karje kivubvi befse papja ozekusnih. Nig nujwinor ru buhu az ejaze siz ce obi se isi juusjo zojawi kacag ovhuka dovolare. Rakpekol zajom noevokig vaw renodhuh ginpo hiih hilusni feti dibhudig bis fuso saohoni bobaffas. Awtura ziuk coroizi hewzul umo mozekices naposu wagosje gaf wumsici pipupjo seodugo huto.','') ;
INSERT INTO post values('HykxQ5BbfKx', 'B1GYG5BZfYl', 'cheerful-sheet@me.ca','Mon Jan 25 2027','Uhofa cutwo si ecifuvlet vo zarunduj dar tut hafmufwaj cuhe wajas onamvaz it ji ad. Ope sivah pupwuwrev ad naoppoz api ho fefbodo pezogate lafci daiki ezlagi kad robda fesuwi jov.','') ;
INSERT INTO post values('BkelQ5S-zYl', 'BkouG9HWzKl', 'flowery-low@sympatico.fr','Sun Oct 14 2057','Hurnu bote tak tipatsa heh kihguf vo aca to dagji li zan ziaci sopaizu kufid ugwan zuf.','') ;
INSERT INTO post values('rJWlQ9rbzKx', 'SkADGqrWztx', 'white-pollution@videotron.io','Sat Mar 03 2096','Raduncup pippuk ga ta dev cic hoheh uv faoke waw lam elu bicpij isuewu jibmu.','') ;
INSERT INTO post values('HkGxm5HbzFx', 'Sk1df5r-GYe', 'naive-toothbrush@mac.ca','Sun Dec 01 2075','Se gizotito folele goagavol ripotih lezijim ovade afha uto tuj suzej om seppek liv. Jeh tak taz edees avimimme sujuj mihetu iggiv jelek cogvu nezi ga eciod ne.','') ;
INSERT INTO post values('HJXxQqr-fFg', 'HJocGqHZMKg', 'muddled-star@me.us','Fri Apr 27 2063','Jibi zonkib duckemew izji joreka ori wuholi kegaavu zu povohzil san orri ibbizi kacuh orahow ar fiprus tojog. Heuwualu bic caj sohcucvo ki bifinahi meki jaluru vu zepbew tukuw modiju il. Of imsuw inmab hu now idoba jevuh nuere pam novu et ikiz ekgow sohcaeb fuj racus nepsukda.','') ;
INSERT INTO post values('HkVlQcS-GKe', 'HyVSG9r-MFe', 'slippery-development@me.io','Fri Jul 03 2082','Fap ebvebe varu cer wicij puoce mus bedcokgap buhi ralrepo purun ri sorhe goztilto koro awofo cufroz.','') ;
INSERT INTO post values('r1He7qHWGFe', 'ryS8fcSWzte', 'futuristic-humor@videotron.fr','Fri Jul 01 2101','Ziivfo te me nuwnecav lan gagmuloh situ zig dezul lated wimuhefe vukom. Inawozpe sunoag wul hisija fur evi mumovis geaco mal esemina dohuk ta muzmowe.','') ;
INSERT INTO post values('ryLlm9rbMKe', 'rJxjfcSZGYg', 'quickest-insect@gmail.net','Wed Jun 07 2102','Guc gogik uhijepiz otkot wopcocne najnej pizuk nohdafhu nu hus tub bog vofan. Ehtih uv cawo fisit nob wukpap hag ja he gapip ifbewnos ujfop. Wam vevom zacho agaat fa hidtov ge voda is lun fu cakjipor row. Duvgo gik giho koucufak tecuja rezuf et ge daup he paoka puj. Mopo dowegek dorbevaj dilfiluh pap jouk ivikote vifasa oki paunupa ofipu adbe. Loldaj colikeh al uvfemme hejgafluh cit ma zo uvpik tir vahahviv bom gohage voosimi.','http://giwet.au/batiz') ;
INSERT INTO post values('rJwxX9BZzte', 'BJnYGcBWMtl', 'bad-stew@gmail.uk','Mon Dec 29 2064','Vugejin liv gewvogwum bebi faudes ko if tevlol rolobe sit feuwi budcavwar cozimaowi cakpucfer. Nihitih pe od sug imuc sun ca birwuc obe honjojde zofe dutez fe izogedum ikietveh gezaju. Cebpe acoza figu kaf de ucju voja be rum ri ahlu iv tewwe. Liose de supipu siran ka of ha na wa risaoj cot wid najnetli serpo. Towzi dus josibkig fi lekasofuh molosul ewasu zajfup gitiduwa imavu nonaome woci oniperat ruvop. Vimo lozuj ivekuab nozeblim ada boz rehhegam zuw nogeele puul uho aviru hibgadbo ganafvot evgi limdo aluhamo.','') ;
INSERT INTO post values('SJux75r-MKe', 'r17KGcrWGKx', 'dirty-border@hotmail.ca','Mon Jun 18 2091','Odesuh fuut jacedo oknof nod sar buejazob so maugza idunev dukat nup bu josihgi bedom amuce.','') ;
INSERT INTO post values('SJtgXqHbfYx', 'rywHz9B-fYl', 'dirty-border@hotmail.ca','Sun Jan 16 2067','Cimoznan civ epavu eso nordu rotgo ba ocorim ovoub penibri zoenih uzu huv. Omgime rihoda ja lebti tocomu fup umza dubam mo zevfusi mo hofcub fundine hevzoh de siziilo bimu.','') ;
INSERT INTO post values('H19lmcBZGtx', 'rJ5tMqBWfKx', 'helpful-porter@sympatico.ca','Thu Aug 11 2033','Zeje zijtovha izwuvgi ig zi ropceuj zovecu miljorhe kuvac gaesuvo tousoid izuulu gegubo.','') ;
INSERT INTO post values('HkjemqH-MYe', 'SyXIMqSWMFe', 'thinkable-basin@hotmail.co','Sun Nov 10 2019','Titi wehpoji muzihnel lusakcaj nuf facu ga bajorem vomgupo nu vim ob ze. Ic meked diknaten huzowa towouz rertuez ku to matukkug mid gejgob mopo gekudi.','') ;
INSERT INTO post values('Sk3gX9BZfFe', 'HJnSf9HWGFg', 'lazy-nut@icloud.fr','Mon Jul 20 2048','Foc vo kew rihadvuf fi bi vocwu izvojpah he koguwap wotozpaw lu wetab ucsed rofnuv. Ug sejca gengij ruz hepa bezan loraan zic godubu ibgat ed li. Pom laghuri sonugi ti tuewopu tus alasaczin kelra elivo maaco ufosarvog sarkif uduzit jus. Pizerode ku rarjid owabajvud rowican pibpe sit kedre hoti ijvahdug vuk ekbeldu ceawe urcud pa azupefiwu.','http://suw.cr/col') ;
INSERT INTO post values('SkpgXcHZMFg', 'HkTdzqrbMKl', 'fun-river@gmail.us','Mon Jan 21 2075','Higukjep ral puzzafe vihmen zeb lekteg vuife tu wot ju egatun fek. Gujzezhi fehev ci gajem fesafa weg mosefo uwem oc zo foav jaerozug sa jeb.','http://vinkajda.kz/tog') ;
INSERT INTO post values('SyRlm5BZMFl', 'rkRUMqB-zYg', 'lazy-nut@icloud.fr','Tue Apr 22 2070','Deh it wokaf bumdus otupe zinso pak iju lal uzi wahfopo eg nut nil.','http://cu.ma/irhan') ;
INSERT INTO post values('r1yb7cHbfKe', 'SJpYfqSbzKx', 'dirty-border@hotmail.ca','Sun Apr 24 2089','Ze hem fasensad muzaheto wato neku dac wulda do nonow rogmi dilduip etabcir de. Kudli coz vo fa ahoji reknuwoj lev hiriha cashaj hirta gap webdaz.','') ;
INSERT INTO post values('B1gZmcSbGtg', 'rkNwM9BWMFx', 'animated-title@hotmail.io','Thu Aug 24 2051','Ca utojifi dor zasapcu vot eju orecor patur cagmohi devmioz dumke nunubad hocantev mofud kurumhe tib. Fed awdag diczeuno laldaw rajralzev catmitta gi paka remaz povhaltuj kejurhup ed. Za tupaddot ken buzjer su wuzitigav roki sa wigemagur lo uvpep fedo vu ibka luz. Mur ovizar mivu obahewo zerga wa taj bigrah julaeg atitogec icjev hor bo ri ijpi le. Ziud rigdeed baufa ozogeho razzosku av apotimu muij wengitper keje vatnowik pon imu fuudom tujfaaba on zopug licum. Asuli icadozob haw mocta pen hutmaptoj nauzaabu or iwuivomac cik za vuidohak fikzut oweew piwraj. Vo cuhtuk gurleon win rew tez ike urtasu uvuzamka il ho jev mub.','') ;
INSERT INTO post values('r1W-mcHWMtl', 'Hy_tzcSWGFx', 'cloudy-coast@sympatico.uk','Mon Jun 13 2033','Kikomi du omedi rejo sobahwiz mer hoponnob ga uhrawo ovta oz ba kerkel enu pakunjo.','') ;
INSERT INTO post values('BJMWX9HZGFg', 'BJnYGcBWMtl', 'lazy-nut@icloud.fr','Mon Jul 31 2090','Rewuto il bak gem mocpudze nigioc ul jukefcoz rewcozote rat lumak cafaheco tog rotge zizutal gekjumoc rohukwo. Tew sadgodot da cu wowowej getaf roizoha vetnifsi liki ihtazu inusa fekabunij bivomoc ceco ga suwilu uhe.','') ;
INSERT INTO post values('rJXZ75BZzYx', 'ByJ8M5HZzKl', 'successful-fruit@mac.fr','Sat Sep 26 2111','Olu zajdo nepfiesu awa tovcev pu tejdagsi mahmiemu rosihtig gar wab bum uz pokevego cigreze ni daditdor miteiw. Isojosuz dototgi vusgur edujavru zevso rigufi ogozimig wonicuri baas sagge wa go cat was rol hizuf paruzez amauci.','') ;
INSERT INTO post values('BJN-7qH-GYx', 'H1HKzcHWMFe', 'modern-crow@gmail.co','Tue Oct 03 2028','Uzoduusi de has jug lin adsejen rohu jo vairbi reziw fob jenumgap hikozkud desel ter. Inpizka sobufbum oheje ik esonec lelalis vohivbep jurop lewodra gicuku fakagkah kazo otezusbez wig ja rujezze. Wer dotza gijzig kahcosdu seewih unar hojat joap samdoksu mev vumna togni wirih haotupem. Porar ni owiwa kupuneke miolobar banu cawkujzo koboci mi ujajuuno moona iheop we sowussov.','') ;
INSERT INTO post values('BJSbQqr-fKe', 'HJocGqHZMKg', 'lopsided-view@hotmail.ca','Tue Jan 05 2049','Ceg ni de fal ugat to to ruc anaemi fal jelam co voma da fezwuap mo. Muggimced ga silkoge lekow je za ila bo ma fawapici map pumitlun ti ka.','') ;
INSERT INTO post values('HyLbm9B-fFe', 'ByJ8M5HZzKl', 'dirty-border@hotmail.ca','Thu Jan 05 2073','Fifin ahvu gopazvi utat cupo ce hufpoluf misavo refuvhik re zecufega zewnoke jiguweba woat sivdiger big bi wojra.','http://tejad.ls/fehipwab') ;
INSERT INTO post values('Skv-m9SZMYg', 'r19OzcBZGKx', 'exotic-business@videotron.co','Sun Jun 08 2092','Zifmatutu refofon gawi zohud falij ka tuwivpah ro ma ik ot ot kehejdeb covmo jipubgop gaz pod tacke. Cizuvfa ce moeri biaji vu terfov keltufba oz umpil japut tebukvo hevgabzo kijbi duovzi wo mih etwoha fuz. Icujud ekmez dav ba ama recifoat de bukahos naf tajsoc miwu akiko ilko.','') ;
INSERT INTO post values('SJOZQ9BWzFx', 'Hk55McS-Mtx', 'woebegone-coal@sympatico.com','Thu Apr 12 2018','Huafu ulamol pikvodge vi ce uguke gu fulani zogoze rudbuwun esumig apeboz cov talso ro up. Eseabata subaztus mokubsu zuviv en joucupap izicev ab kugiomo kewadol wos fol lavlaf aku tat nap wage.','') ;
INSERT INTO post values('r1KZm9r-zKg', 'ByQHfqHWMYg', 'deranged-nest@hotmail.com','Sat Sep 24 2061','Tap edacuhwa so jirurov dib gi mi je keg al miva repve zege esozokan. Vidor hunhap kuaj gonful ur bevaw ge vujwimse kucojem uwronuvi uce zowafiro vuavu vuc ve. Avu ik wettulo dehetsu zabsubpu al futo ri tu mocihe sona daza jeh ewojiohe pavi fegci baj ane. Ajasuufe avu fu janfepa hawema zogtooh gikno izurav lapfo jum rebjofco pesdut neltujlet ezfewe itbota uro. Rujiru fi jav eguikaipa ih ceizo pontoco juogu lo efe bijhuh ki enihihos. Italiwba sefdubu hisomej kelzazut cag vagid fuveb iwoze bit la ovju omcuf ri oba.','http://pomopi.iq/wo') ;
INSERT INTO post values('HJ9-XqSZGYl', 'rkJwGcr-MYx', 'wooden-shelf@sympatico.io','Sat Sep 18 2060','Set inofad kefafe safuzo ludmidis lep ut inejesid mis wi ow wavadem lehonad ja vokrirzes bac tafe. Juw wurpakcuc saz line ar guzabakeb zekkak wu waulte woviaz tosar mimpowas evham wotoc domwo iz dihzople ewmik. Bejwe ilcah devoez pebiahe tul me up lokaj jis guhmi vok ebore mah. Nof wef ar vilbev jatuas iroepaziv danoj sezma foh to firog pegohecaj vejnop tu. Am aco etafut ikiutwu falmenop kiv tecupsi hifiru aremesid la baroljas nensahra hizujja pi me cijhahvi corpune couvkok. Posuzica cajbet kififa peob lifahgal piub liifo fov da ikobav zofluufa map tido obcag atkedpe. Vebugvub weaboel habofu lepnoca howvace ose cioggi suhohme etoorzab zeksot toeweos vifepki suj mihu jud ah.','') ;
INSERT INTO post values('H1o-QcS-MYg', 'S1dUMcH-Mte', 'successful-fruit@mac.fr','Wed Aug 23 2023','Fugapgod zi hulalow somlobto seivso tiltisot eduluzgat gaf segiphe wenizgow mumma ujeute.','') ;
INSERT INTO post values('Bk2bX5B-MKe', 'BkouG9HWzKl', 'money-kiss@gmail.co','Wed May 01 2115','Richigu pehodo hotnic fumupare soc vudcaeji votrignu oruririje orto alu ijgaseb ewire dagatupa wof kopfoga wajiwej te vi. Ure ebi owrafkev zom giguvzan mate vavjahe aslir bednour duf reluvkip arboh warke cop meg zahuv duwolje abrevuzo.','') ;
INSERT INTO post values('B1TW75HWfKg', 'ByEIzcrbfKx', 'unknown-pizzas@icloud.us','Sat Dec 12 2037','Ragogzo rel jik ub undon nevpad diso pon da mifojo omnohka dan. Rusdubmip ti ze muskecji wagzum geokbi tajudwo juhgeh tarim iwuce fojzal modruiv vi uzi lizuda.','') ;
INSERT INTO post values('B1AZ7crZftl', 'SyXIMqSWMFe', 'woebegone-coal@sympatico.com','Thu Jul 08 2083','Ogewi haric cav guzavdo joula cisa ceg kazjo piedohif jo ib tepezecol fujo obamehe. No rot nuc azhuw faet rifba afaavedad judol furi ginfuniz mipoldi lug nas ivsuewi ko meehoje ne. Epifad pu pamanma tikhamsi otuve pubi ris odoci hogu wolwimuh vogogeji zacukib fat ulzo tu wok hahopfor ovikirtib. Dip vuimfu vi atiw top ba sekinepi pokok viihfog doar sif gebzo dihguc. Ta taw zidudi izela iropezlet caehi gugmovdil zelewru hunafa ola sajibac hobukco heze vuavanu dif zuba patweta. Inlujjof gu wer zimale kibmi gud af le wenreb nip ija tivrofa mafapnu cusbo dakoglir.','') ;
INSERT INTO post values('ryJGm9HZMKe', 'rkJwGcr-MYx', 'workable-story@hotmail.fr','Tue Oct 27 2020','Ewcik wopev itoso waw kari hitce pul jogi ni vam no sislicne ugo nielci. Tud cehbebfug segezeoji lublogi saglidci souk hubirhe no nonolus dogob jeruneiz cid ebiluhi. Galhaz vewigpi ha orawo rud uwebe aloicu bule ejouzaop vella zew vut de. Nazno wuz ruflejdo seeltec atpira ri mefezoniv rovetu rit li si tub zu in firibod ci dojris fubom. Luh jo pi wafsegej jilluoli lef tiw hicidme ve kut arhudot wo ji nadoz abamo gukumro.','http://waufed.dm/garaj') ;
INSERT INTO post values('HJlzXqr-GFg', 'SJUOMcS-zKl', 'white-pollution@videotron.io','Sat Mar 12 2044','Ipvehu mufem mepu ehniftu raunosup mo otalik irijo lir av zi tab. Ro kirerik jej zupepide zota escupe ruv popivke pimni faca du nal cifjuj tuegu maja piwuge vini budlogir.','') ;
INSERT INTO post values('ryWMX5BbzFg', 'SJpYfqSbzKx', 'untidy-join@me.co','Fri May 14 2060','Emosauvi gemrumlic vun karcavko bop bam izij le orvehzi ilowa pihdom hazazzi kad ejvef racaz.','') ;
INSERT INTO post values('BJMMX5rbGYg', 'HkL5z9SbfYx', 'opposite-fish@mac.us','Sun Feb 13 2033','Tusig co ijizedi bubpuvcif ik izi gaef gun atuufoap cus gu mev cahig laketota ti ekgemtaz ven efe.','') ;
INSERT INTO post values('B17MXcrZMKx', 'H1Svz9rZzYx', 'paltry-invention@me.com','Thu Jul 12 2018','Othin nipa fiv semneri zadwo pamijze cazod mefjiv ze ulhecdiw lijrumam behmegi ihefovgor rabif vuk ubu oc bi. Rebonjik kin teul si reh pamluli jeb tovoh udaluro vusocmof cer zu jemacutu. Ama mawwuas fojigje dugulaoh vicuru jozfojit enuvet gog uliihewi hu min vaocnes kocap pearo bujuviban baztewhun. Cufiddog mog luswepnep sa amutuw tid zobohce zijoja liz fungo woljivka ati wowtihsuf lakwejav. Ufweros rakgut fokalici miv az nebrep avtemuw mozebicig dozbo tiijado kazrep duc vauf dettop cifep. Aj opubijiz pofneugu faj cop ijuuseba rehvumvud izaro gag vazak oniregij sakeccec howopa setjutuka miola rom. Dal ahulerrov zinul kibzagsov isunuc mo zan til ho he caf lu lovlare ikfuh mutuha hih irimdu.','') ;
INSERT INTO post values('rkEz75rZGYx', 'Hy6Bz9SbGte', 'needed-purpose@yahoo.uk','Tue Jul 30 2086','Hor ahim mavjev te bohoadi divmudeku muga se avoaz silinus isipot gij pisibwiw. Bicni aknar nadamje nig emkikle dap hujraisa ro rafli tohfi es govibone azijet jonwovlal eholzab caowog. Kesapbo redice guvhak gocwid tibput woc api huojuto sobosu sev erco da.','') ;
INSERT INTO post values('BkSf7qHZGFl', 'Sk1df5r-GYe', 'foolish-voyage@sympatico.uk','Thu Dec 13 2085','Ose rumnon gefove mopsa tigki zuz gofuspu udemeb maobji deetavib ogpis dumnazfek. Kawwiseb po cusbakdor us nihjoj sirwusif sagedra lajikmo somubojow du weki jofitto nesuco pek.','http://luju.mr/tu') ;
INSERT INTO post values('ByUGQqSbGYx', 'Sk1df5r-GYe', 'rapid-space@hotmail.fr','Thu Oct 09 2098','Ewuli teipu fe jobsabul ciaba toc moh cawazar jezvonjip vu osuefotas ow.','') ;
INSERT INTO post values('ByDM79BZzYx', 'rJv_G9rZMFe', 'untidy-join@me.co','Mon Feb 11 2019','Polav japreg penukbi lata va ok wohkume amaga diwogiivu barva mijji wipzomhos anliaz deti val lefat apo. Fuji suvbe ra gocop ivewinag sevide joajmut ledo kejeh rufeve lok mojo cifibuh pa lupelu. Wofcutul omevamcuc udebe pidiv cisrup opmuc cuwibov usaz vifaj ne azesuhon ocaz. Abpik dapit cipsidiv era luewe noknauha haskaftak rododur ehuek suhu ko uhja gavuw emu cofilfi ajokodwar. Emlu bavsel va gurasod naogomad zodak rosumaj awnit gibfir rumre heob afesuvuf etotas echari. Zehac rikre hu tionoru livcibopa fepa voviw gon sujhogbi hi buovaje rajobafe.','') ;
INSERT INTO post values('r1uM75B-GFg', 'HkGcM5rZzte', 'woebegone-coal@sympatico.com','Wed Sep 01 2083','Wiz banfa favefato ih bizu cu lur delor wizle nidaruha komserudi hinuh agecisdal. Nu te maeci alekam hic mehod inerepu fukni kifu gop odepo no jampohadi ruwere lubi do.','') ;
INSERT INTO post values('HytGQqHWGKl', 'SkADGqrWztx', 'dirty-border@hotmail.ca','Fri Feb 15 2030','Hontevo uhu siped arufutle hi modipen kog ca ze fokno hatbim dajfadmeb nankus efipah.','http://ejoru.tw/du') ;
INSERT INTO post values('HkcGm9SWzYg', 'rywHz9B-fYl', 'try-cemetery@videotron.uk','Mon Feb 10 2116','Bislulin jatidtit atfusra gadne mud gohin jivegab mo zidehevaj hubep ri wag jugven ivnofe owerod hah vuicehe. Wobzocini bacevat pieh azi hango san bejet deuva lin atja kujwica dipel vuwasze vom.','') ;
INSERT INTO post values('H1sMQcSWzFl', 'HkL5z9SbfYx', 'lopsided-view@hotmail.ca','Mon Nov 23 2082','Alocipej bep rofhatawu covalog varikku laspeb uzotinsu obukeziw veli sujalwa ophejva wonmieda tahsipseb mutfomgu osepo vawopo. Ek vemge zeome fiozufid zacho mizi ucdu acsaza abve jelhujka gunaduk geza vo fibvo robsil. Mag capvussu muhaco vivpaw micicer jafufouvu tali afo pinriwlin wacved rutacagob la bukapji.','') ;
INSERT INTO post values('rJhGm9BbGte', 'S1-wzcSZzKg', 'fun-river@gmail.us','Mon Mar 28 2039','Koto lunbol erudueja ki rivhupi julfigpov acuvuep fut viwzic bubalifo ducebum izfosus loegivo as kugrom.','') ;
INSERT INTO post values('ByTMX5HZftx', 'ryoUz5HbfYl', 'keen-office@mac.uk','Sun Mar 26 2073','Dorjehewo iduvis gidi simazki nuhuslu pebcecah cakriejo firto rep jepse nokfehoc konji. Ken rip fot va belhi amseze suz laki hujrowji du ep goj gikicuve fevebte buwetka.','http://ku.dm/evaki') ;
INSERT INTO post values('ryAz75B-Mte', 'SkjvzqrWGtl', 'macabre-tree@hotmail.com','Wed Nov 23 2095','Teba cufreva nuzeckut ijpihmi lihzab atnelba or koh cilpi ocju od kastiv zo nasenun. Duac levnamat ititukhuf givisev rikwulup da ragod ikalato kibulamo fekepvi nut hidsat idacuziti asu cetabma bafatuti potaaw zuta. Ubovu begopbi kul ijwi kig muphoabo udoedsid luen ufki now ifego ha. Zarcoro jetzi rigno kuldowlom nuhdoac la fenhutuh nepu tupwag depaborop tot jioduwa sipajcit bop uto azcic. Ev fu am hot hac icfaw cur di aj tu taf ohe. Em buprodew pa ga pi vi upban jadhimve bata uhumu ekuvoncar bugomu iwonanla zacuzebi buzmu baemerat balwuzan.','') ;
INSERT INTO post values('BkJXXqHZfYx', 'rywHz9B-fYl', 'outstanding-stocking@hotmail.fr','Wed Sep 25 2019','Puwroko juma riswic luk cathu tepsi heri uclod abetek ufhijo pu hozlikej wo jimka uzala hazlerra.','') ;
INSERT INTO post values('S1xQ7qBZfYg', 'rJZofqrZMFe', 'helpful-porter@sympatico.ca','Wed Jun 09 2117','Cab fif ebiusiko uzcop konba udi nu elani was ujigenupi tuheoj pukuc abeeni uhehec talokba.','http://wiegi.cu/sif') ;
INSERT INTO post values('BJbQXqB-fFe', 'SkRdGcSbGKl', 'bad-stew@gmail.uk','Wed Sep 17 2070','We ulonog nit lef ovacojeci eriro mahro obami golen ifjo ar rirub. Woti co ka oduvu olmanjot cukefjub cuclakeho sifpew mirbufpa dojamjar zarkew nu hahuv henfujgu.','') ;
INSERT INTO post values('HyzX79B-MKg', 'rJv_G9rZMFe', 'paltry-invention@me.com','Fri Jan 04 2036','Hu lemtonas zariwna vat hazba hada nepmuwfum cajhan buitoz so ma ro. Feg anewatri wiassam so hiusiwod mobhobci ifinepfa rongin zije ridis uj ramburu bok.','http://ejo.br/ekda') ;
INSERT INTO post values('Sk7XX5rWMKg', 'ByEIzcrbfKx', 'heroic-office@me.com','Sun Jun 16 2115','Cuzozip akuenen ihu lofopa moniad isluf gabbub kospoj loare rab vul zufjohip nos but faul jo olaogek. Zi soge aca cus on fugamfo keaz za oze idene roganbe fimzauni zomguzeg linemuw lupownaw pudnijva. Uto vig wilruwde dif rotdu tajdig zica sasvih kekadfeh kep fuwo nocfis modvudvez. Zoz fiufmog nakem umiif ruvmav uzibof zatab lofcajdub ejji macsu sume co utijesev ul cijol rorisu bepsul. Gilzenev sofcomle dip agiwos niwik ap kevjuw ipoguj wukzok in bo pupnednu huk gek ko asi tofeib. Eh jocjevila vofada labol ofedoman wefozra rekgaovi huze hobhe tujca amacirkaf ze sojzer bucat socja eje.','') ;
INSERT INTO post values('HJE7mqSWztg', 'SJWKzcBWMYx', 'quickest-insect@gmail.net','Thu Jun 12 2036','Rib ko cuzveti bifwuif hetupe lanni juwca anko wucum udobim cid tukuca. Suum vecushe ju aj ed ripve zipi pugegare ipfohed rid duzki zumo lop kohriac hijoc hegiwo wezo.','') ;
INSERT INTO post values('H1rm79rbfKg', 'BkFLf5rbMYe', 'nebulous-start@mac.uk','Fri Feb 24 2108','Tajbona deuj jahuhco noplud wi talsop reh umi sujule molledbi wibgiwdo su jocuw.','') ;
INSERT INTO post values('ByLX79S-fYx', 'rJvIzcSWMtl', 'foolish-voyage@sympatico.uk','Wed Jan 28 2032','Ligoppov tibekna nefam kaefuwot bivan sutcopbam zufwor kot lir epu net uvauh puzim fi atisuvjo sapbijice wahu. Luwfos wata gapmu ige pa osusiaki zonwij canke odrignag cipuew me ibi mu lerto. Pamoz zaepjo dabi vu bo vudot dolijcat virga mout itgoop fe sezev. Ehco cin wa kan wuz bihizaji ber zareesa bakzigik tiv kuwabwun jug ruclep sazriwke davufez. Va necnoze iva bu inawu otumofzal jinanlip ovaro kus kira jezu musoaj vi biz mifajo uz zagim biglifa. Wutrarfi azitor jo zem sigop pugego jiofeud pitwugi gul jekubta cebok sa dircosso fuzfu egavutwil sisa daodulu.','http://fizbe.gw/ni') ;
INSERT INTO post values('H1PXm5SZzKg', 'BJGvG9BZztg', 'abandoned-expansion@hotmail.co','Fri Feb 11 2089','Fihsekse vepma morumfuv todguma ili liwzurnil ke tarwegur igi bet laj ukaulepum uzvuuvi gawupo wamogaf epa wapsiwu. Agik goc calsijo hoj ditcog gabew risow era upmitnat kecumu saojluh uw bamem gavoan hidno hihmi woc li. Katem mo hic rurlahwiv guwol naala kor po ju mep pi vetcez sijco tig zotebmaw aja lac. Ziweba bicpo rejowe fi ipfude dazpibwu wife afefe la zihdorlo dekuov beh pazon ehuk os ror ovbeisa zagpaoji. Zapvenuro te cod oze ab niris tusdopjuw wokusfuh losocuzo woda roval cagjarup fizsujdo. Tuf wuvus teefoguf vuib wehove semih fucbanwe elo koveoke lu ruap ubgav rabujuomu hodatpac baf viledbis aco. Rilima ravifte pa culepgi neh me nehpot loma fu di rehjuj to pov zo gozlitab.','') ;
INSERT INTO post values('r1dm75HWMYg', 'rypLfcSWGtl', 'try-cemetery@videotron.uk','Tue Mar 19 2097','Vurevit wornebif hu cuhag sata hedluv buvis cef letozu zunuglo meknihbi neepu ca enu so ohsefod enocicov sisefgub.','http://gunezado.edu/rolojian') ;
INSERT INTO post values('rJKQQcrbGFl', 'HkWqf5rWftx', 'opposite-fish@mac.us','Sat Feb 27 2044','Caip limwu lo soke vonnor fapabzif bem lomegic tiw tepowgak fazpica sanit ricjununo geshojiz. Nuc ikeezgi zu neresez mi tep jolu tolo lele vij rarkikel etebil runoop ne zokocah. Du lefwa ozo cecu kib didbihli lembi hiwa gosabijat ujugopi pehjiwris lucwu okijomu jezew aweje lofpitpa ko li.','') ;
INSERT INTO post values('H19779HWfYl', 'rJxjfcSZGYg', 'paltry-invention@me.com','Sat Oct 14 2113','Livago taf hudfi nizebene nuwpi micjuvrop dacpowmo bumof li puh fikcu lolacu le. Sedzefon palju ohugvet uhjef odsetow duikzof kubkabro pul ta lojciv lonieci fesu midzuliz gicuel ocjuv vukjieju.','') ;
INSERT INTO post values('SJj7m5rZfFg', 'SJlvGcr-GKx', 'try-cemetery@videotron.uk','Wed Jul 18 2063','Jahne kigconku fifatwuz wure vano epagu lew dimoriv ris lah gakuja wu oshupos. Fose zebluze ma varbafej buvi moozfod pauso ukiafuah mukzolne bo dabal idke. Hagucezem ku las poczuek robave ehhita gaz tewi boh amamum alfor op raronum basiwi. Vukca kiincut rehi wug lola tevhajda tuijakon dek co kevacit wekoc pubovi lep jepruru gejazi.','') ;
INSERT INTO post values('S1n7Q9BZftx', 'HkWqf5rWftx', 'muddled-star@me.us','Thu Oct 10 2030','Ce dumitcu eracib pu wovibo pide cowuco nib bapab cuz opaitivi bu kat ed kuzellen.','') ;
INSERT INTO post values('Hk6XX5SWzKl', 'SytrM5rWfFe', 'abandoned-children@sympatico.com','Mon May 25 2082','Zatrusun gorabo cadajnuv isdu ga vugsevo nez kir voscewi agu kucomahi hiovfi feshew ril worogo coareadi. Icizbo wodiklok nianja jiviv forbuv gijci cogcah il kafka uv gef obipe. Hi pohut ibema ciwok oj zi jirhil wofno capewokel zafasetu gi huda. Sioc wemidi zu wap etabiobo netit ven fo himot su upuawuhul ja jitreche finhe fulu. Nicurti metbuhza faja ma koz tul jangepo cuvulbop unoip dezwiw ririz ecbogiw ane fotirobe op.','') ;
INSERT INTO post values('HkCXX9H-MKl', 'By6PzqBbGtl', 'cheerful-sheet@me.ca','Fri May 14 2106','Eztag kon ikika kiwut bewpouj nootjav gamar zer om ugvul ehbif hu di piz ubidam aktu.','http://eripi.ht/lan') ;
INSERT INTO post values('HJyV7cSWzYg', 'Hk55McS-Mtx', 'workable-story@hotmail.fr','Mon Oct 26 2099','Ifkego jese zakbej of cilsit bap he mis pel mut fu getekehu benewsa rihiz.','') ;
INSERT INTO post values('HygV7crWGKg', 'rkJwGcr-MYx', 'abandoned-children@sympatico.com','Tue Jun 23 2037','Son obuso zanma gavji awu divamo rovgob logdu zanaf dumfe pettepha acatasre focah jelve zoctem len. Ehulu dedmi duf mihmici bez covafwah bu unmo uv evtevik divhofu cipfeb uvvujla jeeji do. Mo dinkiwfo getanak mofve padugluv big tupeftuf cetat nigasnen fupivafe ohtikta jotir tarufiwi vel di sin letmakag mogip. Arat dewifin fepopa wub bevzu kuwol rogidwat ral oz pukle no sibujpu ine pig gi. No mufowfap veroase ji fe vaef oderejho fif jabjiig ajdu giwcain guskac ice ge nigseoma vadidriw no ku. Caleke vigma vivlo cocona vip ju da latpan hajuzu bowopohe wugon hobupeco ki. Nubwuspu feduviva vis ise jat du ahtefom zigpa dek sim ruwvam locew waghoir kesafa.','http://epe.cn/tuc') ;
INSERT INTO post values('Hk-E7crWfKl', 'HkWqf5rWftx', 'outstanding-stocking@hotmail.fr','Sun Apr 23 2034','Jozlu zokifser pugozeuve moddaag suduvmas be jo ul era waz hisvenmuh hane.','') ;
INSERT INTO post values('H1MNX5BZMtg', 'rJv_G9rZMFe', 'foolish-voyage@sympatico.uk','Thu May 16 2075','Hogavu wuta lorju baj besica jug so gico ak firud uk lidavwet ikli babefrod aklu buhuppu ego meaweweg. Ko taija be luciin dicrovze voihi zofwofzu ib nedomi neidu dacwo eb lun ni vooh vuawezo mufeg.','') ;
INSERT INTO post values('ByXVX9HbfFl', 'BJoYf5BWGFe', 'blessed-blade@hotmail.us','Sun Sep 12 2038','Kapku ocehimcem dottun lucduciw ikiakoaj hivfi obilejowo uvpavmar datih pipu gobtekupa rirefe owvuzi jucjoigu no suczir.','') ;
INSERT INTO post values('SkVVmcHbzYx', 'Hy_tzcSWGFx', 'wooden-shelf@sympatico.io','Sat May 26 2063','Ebhu hajgi we guzjil vetap zo vagupe ces kuruto ve gobwatuh zemsako. Jenevef tet zocmac sok pucinom ejcak em pujzil femap luv okga jijuc ziopkam tok. Has widek gajohbuj iwuve eje cuknufe pizjiser meruj ovo pucofi upetawta doevba suwbiri eghejon og kamhefu co jubajsas. Ijopipa jo awezavud tug obe ziz ba aboge bunrimge butakhe it muvejna ge gunek tod id.','http://kimu.vc/vewudweb') ;
INSERT INTO post values('Hyr4X9HZztg', 'rJk9GqBWfKl', 'money-kiss@gmail.co','Tue Oct 17 2051','Da ju kedkag fiz lutmiren zoc sojde behgora afva pem wu zebeku bafehcuj epe gukejim cejomlud. Cate heefe nundiib gokom sigil vejgahjal emidamug zew jito bok wepja vocujiz kehgejso fogul gek ne muhzedaba.','http://pavcobu.tp/det') ;
INSERT INTO post values('S18Vm5rZztx', 'SJpYfqSbzKx', 'blessed-blade@hotmail.us','Tue Jan 25 2061','Jobun pu fekali owudup das ki rocwelo fenese ji zeduvco ohofamup julgiz an miv bimim.','') ;
INSERT INTO post values('r1wV79BbGte', 'rkFDMcr-GFg', 'modern-crow@gmail.co','Wed Jun 04 2070','Abizijsih minuhak kuormeb toghoav dodnuj mikdup hucaep ezehooh ra wa nedahit sas puf cevreonu hihjarom funiofo eju. Vukhuv nu ibi felpuzko nucneiwo rizauz sozkoan mictil garbul mupu kinugosa dosa kahvodem la vikbon ekaegi lemarocih viz. Nipoobu ajibu pa iwaw fuafime lolzikov pijgera ipise pavuj mafifog egtek tamud ovi gegafja hidos to eso ibopuduc.','') ;
INSERT INTO post values('By_4QcBWMKl', 'S1-wzcSZzKg', 'unknown-pizzas@icloud.us','Tue Apr 12 2107','Colira modamuz puc dantu etohe nic cav kosubo bo ve sere ak.','http://ususufdu.cr/ga') ;
INSERT INTO post values('S1KEmqBWMtx', 'SyXIMqSWMFe', 'paltry-grain@icloud.us','Tue Aug 11 2082','Diz irkumfe ugosi opagka ni zofir vuva ofgap wi bifu ped hesom owo ur bi vehuwe. Pak rom casme wokkizo jagbu lizgokwag onifu goecaik jenoc dopvubik najoj davepapeg visso ko rapfus letimim. Upitipel eko ovpume zedwo wud nawpihig ulorunmef ub tum udhe mo avifimwif lavol. Sanpu uchunip pauc semruppol turzet ifafwo losehic hanome kig zu az nidued raku bahoduruc dojumhiz hu wem. Ce tez po vulak bene ata wiad ohi ogico tofiw guzowu emaofu goj jenovru cezbupu owli zo deakzuj. Guj zukioz nirko po lud li cujrudas udfe uwuimlu utfoam ez ta unku cuher degap ib amgit bingugvi. Baj idaseg dotedo bas cakalo cudno uvgorwoz li mer ca bos wufocap irejsed jik toaje zovoeku.','') ;
INSERT INTO post values('Hyc479r-Mtg', 'SJHrGcSWMFx', 'slippery-development@me.io','Fri Oct 09 2065','Duerze fa sa taru ceit zal gu iz hupi liwsetol cebo urbouva biigejot nulufo ha. Bejal ebamik omisowluk os im ru irho otuerpim sab tekkawi ramilaj muudsi tonma fig hojaok fuhtenva bipiza asafeof. To luplunu hibda uciku jonak gihe beegeki vut fafbez ifimifet fatag gohsu codola roesipo ukaigi pafej. Kajke ciuki gehtib kuk ikemerwim ra tejoddam luva nudabpab wo godekhi fapi. Hachaj ow celmuhuw wakan bu hidlis etet halisiz ektobu zowbihece ej gaz.','http://mapgob.bi/doeluow') ;
INSERT INTO post values('rksEQcBWzKg', 'rkFDMcr-GFg', 'money-kiss@gmail.co','Tue Jan 05 2066','Azohimson negguzfa keko rokagnas tut podu omotim vumwo zuk ahagi aje ohefeco pitbamcit.','') ;
INSERT INTO post values('Sy2NXqrZftl', 'Sy3vfcB-MKg', 'muddled-star@me.us','Mon Jun 18 2035','Ekfurvot udumcid ovapid azebusfob oso faufujev at zafaj lorez bunaina subpi tugmebzun wogec rupu ku.','') ;
INSERT INTO post values('BJ6NQ9r-MKg', 'r1Fcz9BZzYl', 'workable-story@hotmail.fr','Mon Aug 10 2082','Migud ofeov nire ne siot hecbo wori zuokuawa imesajtof mutge dogicuc cean pajaju azvo. Jan gorga ut icu gurfa fev epaevenu onilajaz paserog du ila vuksih bumfos bofu vo ihiha wepig.','') ;
INSERT INTO post values('r1A4X9H-fYl', 'rJv_G9rZMFe', 'outstanding-stocking@hotmail.fr','Tue Sep 01 2037','Li efaego age afsevaw pul ijtat ecwim fenu aso fazir nat satmuj abomij. Zoh buva na sise nirewmoz aw tuf eliko viuhatel araca kijzezod zel picen siwpebed.','') ;
INSERT INTO post values('S1yrQqSZzYe', 'rkIHz5S-ztl', 'nutty-queen@icloud.net','Thu Sep 15 2107','Agfi vojpi jar opuk ofaorvur vi ti kewujar eveidrod tumoki evuiheri wazbip galegebob wos pekliz orebikip copu. Oce hik inewodtu jo jitura fumozuz urudadi wukob mol jiwudboz jotarohe ab edait runlav kohawu cuhed ihicuas borkok.','') ;
INSERT INTO post values('H1xSmqBZMFe', 'HkL5z9SbfYx', 'golden-crayon@me.ca','Thu Jul 31 2031','Gotse mo noze mad evolehgo raw wopib jame icvow usumar egafukuw nerulzu laefego kub diik. Cetonfe hivarehuj mepocval huutzi wedeg gijut bohobif vok te dusit gajces newhimka cijvej.','') ;
INSERT INTO post values('Sybr75rWMtl', 'rkIHz5S-ztl', 'wooden-shelf@sympatico.io','Sun Dec 14 2059','Otoro ebimad no mahnikda fodta zuji wal tehuc ozirini doju kean siafefu ges bivgener ar pifuge rifef. Ho uc cinune sesov do okeul po gurmaf mocwihjo neuwuiw go lodtusi zuke fukmiemi uflif rimorat. Timvo mi abufibeb nok oplunig wijem pispa sos opa cuhge ic parepu cew jacgakoho wo. Ijalopcov tehpuj evmav tific osawo oncevsa gucuvuca ilaga bek ledmij urpi mi wiv. Vige goceh picaro kanukmu duso hu owva futupe kihgaruz avones ronzodkuk leh vuppiiv munbedho vojon sekave rorula. Mobaima ug buivri bevnefwe nios ripozu ot hulo zejaf anu man fapaf fitiof bas borripoc tauga iwi nuhekata. Banku nirva ce ja ni en zuuco edgom puujeiv nodajut iku ikoari jovek kamig gup lonubemi.','http://sergaodu.mc/te') ;
INSERT INTO post values('HkzBQ9B-GKl', 'ryDPfqrZfFx', 'nebulous-start@mac.uk','Wed Oct 05 2044','He ivuj idasakec gi nacizcer watij cofo ef uhe eze lavlavcat ka. Ecu uksobbej sos uga nad unahevas cu riwerake suvec lusico fe hozis tuedigu mokjuvuc.','') ;
INSERT INTO post values('rk7HQ5S-zKe', 'HyVSG9r-MFe', 'try-cemetery@videotron.uk','Sat Sep 19 2105','Heido er jadju bir pabfewo zockusip tuar zob gapatku papigne pu cekiwico upweeg ligof zopizokib kuwedsa za ozuhe.','') ;
INSERT INTO post values('SyNrmqSZzYl', 'rJgOf5BWGtx', 'paltry-grain@icloud.us','Tue Jun 11 2041','Delaaw elu ku ci wiroga iruposaw wi zet hok muzjughu upareuk jeczakpip je epu wezwe ewi atefu. Hipjotba janof soopli hut erolasil ovgoclab ru teg su limgaaze mupkir bab dituuza ah ledikic. Luw zedrevzij wafu ci dutbera kiccelic fo vu rohol okfiwis wiol vo ahenir azgib onmi bed. Lid pi cujguka rizpo ew gifer fueg zej zuizo zigba seaju hebak beuj fug.','') ;
INSERT INTO post values('BJHSXqrZMFg', 'SJlvGcr-GKx', 'white-pollution@videotron.io','Wed Dec 07 2101','Zite loenenew wilwuk gopiz pi derazdik tacu tem codeap puppof sijfasu ifuedi oweule pefhufjon bemebi. Ap azsehuk heboz vehdut pedi imaeci hir tahtihu hudigu ecubew ani zegajud sezjomtod zigdife imkisgij. Cigumu co nirto jauhtov cavwelim biar guwaeso upmu hetonse hediwi oropa ijpetalo ov dulanupe he supuw gizrino.','') ;
INSERT INTO post values('H1Lr79r-Mtl', 'rJ5tMqBWfKx', 'successful-fruit@mac.fr','Tue Jun 08 2049','Nicil uhe bak nicul ju wo setajbo uw nizegres zapakwos pevuig hasage pi ohuepfec hepome.','') ;
INSERT INTO post values('SJwr7qrbzKe', 'HJ7jG5HWGFe', 'cheerful-sheet@me.ca','Sun Mar 12 2113','Savuz cufkipnub atodzo wudimzu bace ba mijifide tipoklul ka nuvgi aw ke mip efe fifa.','') ;
INSERT INTO post values('S1drXqH-fKg', 'B1GYG5BZfYl', 'try-cemetery@videotron.uk','Tue Aug 21 2035','Cegtonsor meolo upovocil iz tibakuvil edjim poir pafa ju jep onisi esi ugu vojjajvug efsaz zuobe.','') ;
INSERT INTO post values('B1KB75SZzYx', 'HyYOz9r-ztl', 'blessed-blade@hotmail.us','Sat Nov 08 2031','Ukpo huhicuh caniw bicge das uvevit faoka zo himampid giz sob meg ogumi uf ede hulitle umlope tawar.','') ;
INSERT INTO post values('BJqB75HbMFx', 'H1HKzcHWMFe', 'cloudy-coast@sympatico.uk','Mon Dec 01 2059','Nuapjen ho zifafni cajolupen afnew keptoh ruc fe ajefohid fowegti huverore rape jaba felmuveko gata. Timahoj lepuvino ivhohku fun wucze afoedelan viw redirot mol udu de av ruczah azwipnok gu.','') ;
INSERT INTO post values('SyoS7qrZzKl', 'H1qBMqr-MKe', 'dirty-border@hotmail.ca','Tue Apr 03 2103','Gedar uv at uvuga lu rusoh uc gaplivpuf felvodnu kiazo pu nif jucoh su ne ikifeop fid goh. Rualaz ur teli rorirec ad lunic cez ded etanijno on luv kivme zadeksom zim orne wabocu hibidi.','') ;
INSERT INTO post values('HknS7qS-fKe', 'BJGvG9BZztg', 'workable-story@hotmail.fr','Tue Dec 24 2075','Sanoel huvgajso wibtene lugeru nes javu vuzcetduj so tir bec jin tuga. Sugga me sotvoge minepji bopire atowichuh ho nojku far nu venobfe ewuivaju tuti. Bodkuzo nattu ronit ve biket li ini tuk so fuw tizmu hamtih figad wenored ojijevrap wusi. Ajohu peedzot fesne demgo vaviniku risab puheogu norvuk punotzel su limarak po ro cihnep kegwob ifdi obo bisambow.','') ;
INSERT INTO post values('ByaB7crWGKl', 'SJWKzcBWMYx', 'wooden-shelf@sympatico.io','Fri Feb 28 2110','Ra luc wuwad nuvudi hip neodu ojerac zu tejoh lolit gij ijehov samaviwo. Do wenjubcef tiwi cattejud uri pabnizoh dorelac itulo lolajse mecitkag jod ugcelog vemrako petaal pitte haji dav ohhu.','http://tamnudo.kz/namimsud') ;
INSERT INTO post values('B10rQqBWGFl', 'HJ7jG5HWGFe', 'hanging-root@hotmail.io','Mon Nov 15 2088','Gigcimaj bulag rebheite lumanor luhupka omwa ve huken epi wilo mimis buvur cuh log russomtas washuka.','') ;
/* Script generated Wed Feb 15 2017 11:44:58 GMT-0500 (Eastern Standard Time)*/

INSERT INTO comment values('rJkUXqHZzKg', 'Bk2bX5B-MKe', 'blessed-blade@hotmail.us','Zizfoklo zu utkooz cozbu eh ewnilig tesadoci vako uridabdoj nuvinu leftoamo ma tivvecuf muzna puw ta.','Thu Jan 25 2103') ;
INSERT INTO comment values('SkeLXcrWfFl', 'By_4QcBWMKl', 'animated-title@hotmail.io','Dabe hurnohi cuf kikjunar fuvod latadfe ku am ej je fi be tugdun fec kodokbej fufcuk ebpiw du.','Wed Nov 27 2058') ;
INSERT INTO comment values('H1ZUQqrZGFx', 'SyRlm5BZMFl', 'golden-crayon@me.ca','Ol de oc sukahim puzti ele obuud ipaladad nor fevtijwev owile cadosu vehof owfoj kan davdacif monnen ziewo.','Wed Apr 03 2115') ;
INSERT INTO comment values('H1GUXqSZMFx', 'SyoS7qrZzKl', 'lopsided-view@hotmail.ca','Deh faejava le ji uc ozwi oz zathomak icaebas jovugab citi zu tuagfar si kaud hinfe veoculoz alosingav.','Tue Feb 10 2111') ;
INSERT INTO comment values('HyQIQqBZMFe', 'B1AZ7crZftl', 'nebulous-start@mac.uk','Wividu coplet pus hi heppilaj bo ipmo zej sat uwveceve akosuw tohiced pidasuvi sigda wunme se.','Thu Oct 30 2025') ;
INSERT INTO comment values('ryVIQcrbfYe', 'r1yb7cHbfKe', 'naive-toothbrush@mac.ca','Ruigfe soko ratjaz ebe manoce uha husra casozut sis genes sumak ortajed fiug pu puttu zija wurpahe.','Sun Apr 13 2098') ;
INSERT INTO comment values('S1r8Q9S-fYg', 'HJXxQqr-fFg', 'hanging-root@hotmail.io','Obubuh jim mi buwta ha akam da ofufuac pok hesotug ho vofan dufececa wi ovelap ova vuwo.','Sun Feb 01 2043') ;
INSERT INTO comment values('Sk8Lm9HWGKg', 'S18Vm5rZztx', 'lazy-nut@icloud.fr','Aghifbup wev libzaciz izera huece curecu lu es loanliw ral hakzis cokaswuf.','Sat Jan 11 2081') ;
INSERT INTO comment values('r1DLQ5SWMtg', 'HknS7qS-fKe', 'hanging-root@hotmail.io','Sed aguputi kazoc wezer wezanen ihuhokzu vojhacko laizinos menmiwu mi camov tonoh cewvemnow vi kitetiv im.','Sun Feb 03 2069') ;
INSERT INTO comment values('S1OImqB-Gte', 'Hyr4X9HZztg', 'abandoned-children@sympatico.com','Udli ac tewgecis cete idjode vumak tejoc igujuppel ere rufutah wec wak ape la sarizew im ivazeiho zepo.','Fri Jul 25 2110') ;
INSERT INTO comment values('BJF8QqrZGte', 'BywhGqSZGFg', 'fun-river@gmail.us','Vevawug eljev aboov dimku junjas pujag wurwaj mu de fitunco beh irnizrur cahjetez ku jusedmo cune cejjobu hawlat.','Mon Dec 28 2076') ;
INSERT INTO comment values('rkcLm9rbzKl', 'BJMMX5rbGYg', 'quickest-insect@gmail.net','Sozmaval runutop pejapaset pi pi adehafmo zo rivigcuj razip rehav ku ze mauhzor zim wevvuec ahofi not juk.','Tue Oct 22 2075') ;
INSERT INTO comment values('SJi8m5r-zKg', 'H1MNX5BZMtg', 'slippery-development@me.io','Fijovo cih elu bi la vibviv vak am la pahufwi am widav gevno upu wi.','Mon Oct 14 2052') ;
INSERT INTO comment values('Hk3I79SWzYx', 'H1ToM9SWfFg', 'money-kiss@gmail.co','Gotlikur buohref dami izgojpe idauponi cublob nuw fanuwino roz eho litpu mumili lusirtif figuvcog nulu zajajoib.','Mon Jul 19 2032') ;
INSERT INTO comment values('rk6L79rZGYl', 'SJOZQ9BWzFx', 'golden-crayon@me.ca','Ed gikjo or pi rod ipozek wukijcu fi imze dug kukkeplo satwemez fubu.','Fri Mar 26 2060') ;
INSERT INTO comment values('HyCIXqSWGtx', 'HJlzXqr-GFg', 'heroic-office@me.com','Sermiz woc gis daramfav ju kak coglihog nivupvew rafucek job upahapwi japiri.','Fri Feb 20 2065') ;
INSERT INTO comment values('BJyv7cBWMYx', 'HJE7mqSWztg', 'cloudy-coast@sympatico.uk','Kafa segisipiw biba nohwebvor sof uk sozukfel edkuzgok kahu wufosgef fa biofi bapcutol.','Wed Apr 04 2046') ;
INSERT INTO comment values('ryxwXcrbGYl', 'SJwr7qrbzKe', 'fun-river@gmail.us','Ku vegef delis ac ubefeos sarijeke ifiicaku nocrukice womaru afo vu gahreze fum si ed je.','Tue Sep 28 2094') ;
INSERT INTO comment values('HJZvmqSZMYg', 'B1Z2f5BZGKg', 'hanging-root@hotmail.io','Po das jesizoc vil eb fepakdu gic wuv nunuguw ca nonob sabad furusi.','Tue Feb 04 2081') ;
INSERT INTO comment values('BkGDmcrZMYl', 'HJtnMcSZftx', 'curved-foot@mac.fr','Ehmu seerojo dofe ecpub jemad enmapib riid im babe itlav wec facmisjuj mukotlig abjinmav onedutez wenfa.','Sat Aug 09 2053') ;
INSERT INTO comment values('HJ7P7cH-fFg', 'ByXVX9HbfFl', 'animated-title@hotmail.io','Tin mar ri wiije ze alajaj naceczo uvovi iften uhivop tu kekkogbav janzigaj jevvi hotnojiz cec.','Mon Sep 15 2053') ;
INSERT INTO comment values('rk4wQ9r-fYx', 'B1gZmcSbGtg', 'white-pollution@videotron.io','Kot covgehame ju zej le dofajo cu duwoki uhuemo vufi kegber pof cakdeho rolpe.','Thu Nov 02 2045') ;
INSERT INTO comment values('B1Hvm9BbGtg', 'SJOZQ9BWzFx', 'blessed-blade@hotmail.us','Wogev fuogfe waze we jevibur hivugu zodogju difori vuisraf lajvup rah ha ivakuh kejmuw hil ewaomopi.','Wed Mar 25 2054') ;
INSERT INTO comment values('rJ8D79HZMYe', 'rk3jGqHWGKg', 'dirty-border@hotmail.ca','Codrovu kefzi gojzo be minfiw li molra ab ricope li helija eco.','Sat May 14 2039') ;
INSERT INTO comment values('rkwvmcHbfFe', 'Sk3gX9BZfFe', 'woebegone-bulb@hotmail.fr','Jasle nusuhec cuzve lidoccoh hone rejbevab tem cunena riwetge bimpukew huitvo mocivwac tug veh hew fa gujeawu pefava.','Sat Jul 07 2029') ;
INSERT INTO comment values('rJdD79BbGte', 'rJdQ5HZMYx', 'deranged-nest@hotmail.com','Bibberul koge oke kez debduzo puwpaoh vuf fotidih amoc rugwup sa ric koesmi ziraubi wedwenu voeri suce fagme.','Thu Jun 30 2095') ;
INSERT INTO comment values('SktPQ5SWGte', 'HytGQqHWGKl', 'successful-fruit@mac.fr','Tibugjo runvahlu wipo oda ro tebwi anpaboc eluriipi no guhgilteh hepobwab soskurta dovat vasa.','Sun Mar 18 2108') ;
INSERT INTO comment values('Byqvm9S-fFl', 'H1e3Mqr-zKl', 'helpful-porter@sympatico.ca','Vehimenen okood ce vorahwi odaluwro mocmi laftof camjekuw fenitog apasidwol ra mecjurar pos.','Fri Jan 16 2065') ;
INSERT INTO comment values('ryovXcB-GFg', 'Hy-7qSbGtg', 'paltry-grain@icloud.us','Vof duwaji vampioj je gamapci hic weomaca ti locenan huma ranoca taf ogci omvacjoh uczepif vikwefwut.','Tue Nov 22 2107') ;
INSERT INTO comment values('Hk2DQ5r-MKx', 'H1xSmqBZMFe', 'flowery-low@sympatico.fr','Sugote zeiseme dibapgij piijenul je ucotetos ebzoj voc agfa wa luj sudol mud sotuvno ese lijkiama.','Thu Mar 19 2093') ;
INSERT INTO comment values('S1TD7qBbGtx', 'BJbQXqB-fFe', 'nebulous-start@mac.uk','Ibi moodo vudlarja zegkub mu onruki cupvioti rehipaeko peuve liwefnu sivu rig redig.','Sat Sep 27 2064') ;
INSERT INTO comment values('BkRwX5r-Gte', 'HkVlQcS-GKe', 'untidy-join@me.co','Nollovep echeeh nabhipuh uz das mehmeeka megbuv muh boh kiltobpoc ato nokrip ip juwtut rofesite.','Wed Mar 21 2063') ;
INSERT INTO comment values('HykdQ9SZGKl', 'H19779HWfYl', 'trashy-squirrel@me.net','Cowacnec sal butsaje suefrol ce vobaviga ad sufu woj nopahuhar fofasa seb.','Wed Jan 06 2027') ;
INSERT INTO comment values('H1xd75H-fYl', 'SJj7m5rZfFg', 'thinkable-basin@hotmail.co','Sazfedal iropajtat rowi kerro nadejwe awluro cah zov ve icemupu vebi boc kamoktip bipsip.','Thu Sep 28 2102') ;
INSERT INTO comment values('ByW_mcHZMFl', 'BkSf7qHZGFl', 'thinkable-basin@hotmail.co','Na ja citori gic zigam juvjosle dufim hofmub li mobaf sepigamu koc leilawe arfa luacufa.','Thu Jul 20 2028') ;
INSERT INTO comment values('BkfuQqBZGtl', 'r1W-mcHWMtl', 'wooden-shelf@sympatico.io','Kihe jedgeh orpornor gef va uga zif nusokebet sus si segdadaw atoegori rekzahnom hapibfut eco baf na.','Tue Apr 15 2070') ;
INSERT INTO comment values('rk7dQ9SZfFg', 'Sk3gX9BZfFe', 'modern-crow@gmail.co','Uvebapil imodaob vat lecneg ozeked kacal furi zohew bofluscuj jimsamibe vusafufe noj marcume hoahawu boloru.','Wed Jul 21 2083') ;
INSERT INTO comment values('rkNdmcrWzKe', 'BJMWX9HZGFg', 'woebegone-coal@sympatico.com','Noopnil kugizu jeczesa ebmugdih kiujoaju er fotivole kogim pur fuwivunev go elva fed nuzidah figelzet sidlir ce duiha.','Mon May 15 2102') ;
INSERT INTO comment values('SkrOmqSbMYe', 'HJqsf9rWftg', 'deranged-nest@hotmail.com','Pavpa lud masraoga valelaf laz nugojpul tuzu unvo ro womnimzok noev su copunas gejhonmos dap ataridvi wemalva.','Fri Aug 20 2094') ;
INSERT INTO comment values('By8_QcHZGKl', 'HkVlQcS-GKe', 'naive-toothbrush@mac.ca','Lu zuv baz wedboji jupkewel mikagfev derire ekuzarag monabure hujahto higga cop cob wajo fiisota ladcat.','Fri Nov 10 2090') ;
INSERT INTO comment values('BkDum9S-ztx', 'Sy2NXqrZftl', 'dirty-border@hotmail.ca','Uretaot rila uwuvesbod tawcuk rusiimo palsawok lun jis derle ucacaf wetmu mepfuc gem ozsejo evu widuso janemi.','Sun Feb 22 2032') ;
INSERT INTO comment values('SJduXqS-ftg', 'ryJGm9HZMKe', 'trashy-squirrel@me.net','Debaeke mohmi udizo eh pak kodlop piraav jah we ficuwu gad jahuuca muwig wasuco gudtu.','Wed Nov 11 2093') ;
INSERT INTO comment values('HJYdX9BZMte', 'ByLX79S-fYx', 'golden-crayon@me.ca','Ragsilri poffus joge jigum hu wemub ko uhfovor izalpa sapatzam hapone zebom be.','Tue Sep 20 2044') ;
INSERT INTO comment values('rJquXcBZfFx', 'H1rm79rbfKg', 'trashy-squirrel@me.net','Akizek de cis ocosoon kincij coova poja catodag hacjofuz jun gomireta cated lowi iheudi vompocofo koteskeb.','Tue Jul 02 2115') ;
INSERT INTO comment values('BJs_X9S-zFx', 'BkJXXqHZfYx', 'nebulous-start@mac.uk','Mawme ridair renaiwa nawbuvhum vufamece helhejnu sijmul idilopam vamefmed afoarpi vatin dopeka.','Sat Jun 25 2089') ;
INSERT INTO comment values('H1nO7crZfYl', 'rkNhM5BZMtx', 'bad-stew@gmail.uk','Posi zew zim towan kovcez dar uczoino sukif oh owkam fodsebmal bidiw.','Wed Jun 24 2065') ;
INSERT INTO comment values('SyTdQcrZztg', 'H1tTG9rZzKx', 'woebegone-coal@sympatico.com','Puduzju zappadzem ud wejbe hi vesmintu pi kuzjamup venupe guvikli uf sovji rec jadfan cu orueho jekisme gozuhhe.','Fri Jun 08 2029') ;
INSERT INTO comment values('BJC_mcSWGFg', 'Bkc3G9r-ztl', 'white-pollution@videotron.io','Puguf uju fig re konkesis gobekkem hahbih el voble ku pinco etalozo do.','Tue Oct 05 2117') ;
INSERT INTO comment values('S11FQcrWGKx', 'ryAz75B-Mte', 'paltry-grain@icloud.us','Forupho hagfolib jipula ba ownaoj ocovig pehfalho tib to hareupa owapuw sobteswov puva jeluvwas ho.','Thu Mar 05 2054') ;
INSERT INTO comment values('rJeK7cHWMYl', 'Sy4QqSbMYe', 'unknown-pizzas@icloud.us','Pajugtun feov gohcov zosatpah obiuwa fohpen dekuvo gev gini loupufud ki tepgamfa.','Wed Jun 05 2058') ;
INSERT INTO comment values('S1bFQ5S-MKl', 'ByaB7crWGKl', 'unknown-pizzas@icloud.us','Duentaf migfeeg mopez jor del ma macul uwogodlin gala de sot cergontew eteja.','Wed Jul 01 2026') ;
INSERT INTO comment values('HyMKXcB-GKx', 'H19lmcBZGtx', 'helpful-porter@sympatico.ca','Ho veut pofwo fihuj jodsalrov ruwkuiri av lipedat kihbin peuw hiwew icbiwet motu.','Thu Apr 09 2043') ;
INSERT INTO comment values('rkXtQqBZGYe', 'r1gpGcSWMtg', 'fun-river@gmail.us','Se fezudeju ekpet iguni diwutke ta ope wih wurotu ewcu nodic nurofnur.','Sat Jun 19 2055') ;
INSERT INTO comment values('By4tQqSbGKl', 'H1CmqH-GYg', 'keen-office@mac.uk','Vubo cekwoj pursujas iwawoljaw mipcupug an kikogmot zeure guuf hol hil suktepas jakigvik on moagze.','Wed Jul 08 2071') ;
INSERT INTO comment values('rJrtQqrbfYl', 'H1sMQcSWzFl', 'woebegone-bulb@hotmail.fr','Goni jidec juthil zuklo kozalho wado efbo ficej pupupo ebobeza meulez fijulwat virolwec.','Thu Apr 16 2076') ;
INSERT INTO comment values('BkIYQ5BZGtl', 'BywhGqSZGFg', 'muddled-star@me.us','Zi tufitco ivu tegi nunhejvo ju giskiv ewiowudo luwid ri wo zafel.','Sat Sep 06 2110') ;
INSERT INTO comment values('SJPt7cSZzFx', 'BJqB75HbMFx', 'futuristic-humor@videotron.fr','Lo hujdamlun cigsokze ve gucfikci zoreal nuesce uviolo iwarago tesbopon zovow zemrac.','Tue Jul 25 2045') ;
INSERT INTO comment values('BJuK7qrbGKg', 'B1Z2f5BZGKg', 'lopsided-view@hotmail.ca','Weshe cucu cek capas ognazi ticif wan ownaw we ecuwij cot ta varaov ozku co nimnopvez je.','Sat Jul 01 2073') ;
INSERT INTO comment values('SyFYX9HZzYx', 'SJOZQ9BWzFx', 'heroic-office@me.com','Uc muun zohmunfu bi lip metrona owifah emnaviru adeijfin si se gossonufu fanko juhfade viwu.','Tue Mar 26 2019') ;
INSERT INTO comment values('rycKmqHWzYl', 'ryJGm9HZMKe', 'white-pollution@videotron.io','Icsu giwezi min vec kachez wu pew hob wuolse rasgohod ero monfic ko pomiur zimvetbid zonpene tuwcago viluuk.','Sun Mar 15 2043') ;
INSERT INTO comment values('B1oFm9SbGYx', 'HkzBQ9B-GKl', 'exotic-business@videotron.co','Hivica notalzat momotovuf cufber dugne sivmi rauv jillogdih ez mi zafsa oddogpak nusashed loggino camhala.','Fri Nov 24 2062') ;
INSERT INTO comment values('BJ2Fmcr-Mtx', 'HkVlQcS-GKe', 'unknown-pizzas@icloud.us','Ekelo juepa borme hemuuz sogum wagfilav losfu ji ubu pehifen vaf tev saf fejni jezazulu nezowtu uja.','Wed Jul 29 2065') ;
INSERT INTO comment values('ryaFXcBWzte', 'Hy-7qSbGtg', 'keen-office@mac.uk','De rain zebakfi notpewhoz wiocu jop lohru tas vud eg fukfiro bahteb.','Fri Dec 02 2061') ;
INSERT INTO comment values('Bk0FX9B-fKg', 'SkpgXcHZMFg', 'foolish-voyage@sympatico.uk','Toflol miw ti befnaemu ovtafram uhiwaezo awisip leg pinofju gedmem fouleaz ko feg eznus hu nu.','Fri Jun 29 2108') ;
INSERT INTO comment values('HJy9Q9BbzFl', 'B17Q9HZGYx', 'slippery-development@me.io','Zulnub pipahla ga tanojeti uzva cijbe he maposidow odaigenav cihi pu fu po ded wi.','Sat Apr 27 2086') ;
INSERT INTO comment values('H1gcQ9B-fKl', 'Sybr75rWMtl', 'money-kiss@gmail.co','Ov gerif lur gusahij wavut etdevbo mewmapram segowpi za wetbiugi oza zuco tuc botoh ovpakih jak wi kuldo.','Sat Feb 19 2050') ;
INSERT INTO comment values('S1Z9XcrZzYe', 'SJux75r-MKe', 'naive-toothbrush@mac.ca','Zi kapra im farzajid kuvvek jonus ge wiav nerok sak go wusodve iwa.','Sun Apr 08 2040') ;
INSERT INTO comment values('rJM97cBWGtl', 'rJwxX9BZzte', 'keen-office@mac.uk','Daslus owe masvosun wunmoz tas pufusmus welob sijpaznaf tizcah naklupbef nimoroju fak newrig owaitpel pijiedi.','Tue Oct 12 2106') ;
INSERT INTO comment values('ryQcX5BbGtg', 'H19lmcBZGtx', 'woebegone-bulb@hotmail.fr','Jimiglip roztiilo ujde ji iwarat oro opeku bedo odofurdet ro emeicade vahopi ci na oruku ap huptaf.','Thu Feb 27 2048') ;
INSERT INTO comment values('SyNcm9r-Gtx', 'S1oQ9HWftx', 'woebegone-bulb@hotmail.fr','Te lapira tovato ep hud wethicciz pemoh jobem caliduc kaz vefe doterig eja ovec hulis.','Fri Sep 20 2024') ;
INSERT INTO comment values('BkB5Qqr-Gtx', 'S1oQ9HWftx', 'curved-foot@mac.fr','Gukew racmois ashob ami pihgih minewig wefti beasu filebah zi vecbul aza ba tihacbar.','Thu Oct 12 2102') ;
INSERT INTO comment values('Sk89mqSbMYg', 'r1He7qHWGFe', 'curved-foot@mac.fr','Asma ri ger jonebda ofgafedu giodi de zacube nota caowuuv neir doravwew dipef ni toruv adeva wista kicto.','Fri Apr 18 2053') ;
INSERT INTO comment values('r1D5XcBbfFe', 'ByaB7crWGKl', 'try-cemetery@videotron.uk','Terel nefev jez pufepte ecjuw hamu kiw ade kitehawi me wagile me omi roco padavija kimutra pec cuuba.','Wed Jul 26 2023') ;
INSERT INTO comment values('Bkdqm5rbfFg', 'Bkc3G9r-ztl', 'flowery-low@sympatico.fr','Ta cuh iwlok rip fah nocevi mi mokunva gug jih fega gubnuse wisemni.','Thu Sep 03 2116') ;
INSERT INTO comment values('ByK5m5rbzFl', 'H1rm79rbfKg', 'creepy-rice@yahoo.com','Anpuc maf megil sagenag bugep sujbu jiemozu rusfaj pobgek reh gebu ariguwu wuj asifa etvo.','Mon Apr 21 2098') ;
INSERT INTO comment values('SJqcQ9rZMYx', 'ByDM79BZzYx', 'trashy-squirrel@me.net','Poc te minow bamvicjot duw kobunher diboti zubcol utujef disme zuva wi tutfomsu demaddi raez hetdoc niwume.','Mon Oct 28 2030') ;
INSERT INTO comment values('SkicQqBbMFx', 'ByaB7crWGKl', 'cloudy-coast@sympatico.uk','Cotov cihi bewig vilareva lum teevo mi abardoj duc novamim kekinan op.','Tue Aug 31 2032') ;
INSERT INTO comment values('ry39XqHZGFe', 'H1tTG9rZzKx', 'cheerful-sheet@me.ca','Enavoivo nis ne zab uwiezinoc rec fek evafim rifoskez ifego vorejpav amifen idomukem keteg aveji tezkuwjo mivkik emukuj.','Wed Jul 08 2048') ;
INSERT INTO comment values('BJ6c79B-fFx', 'HJinf5B-fFl', 'macabre-tree@hotmail.com','Juz domezo wopjudhe fac na hablez vidbiwmeh fekujne ugkus du avrufin jel biviw ez menuij rakiipo non.','Tue Dec 25 2091') ;
INSERT INTO comment values('rkRcQ5BWGYx', 'BkX5B-GKx', 'heroic-office@me.com','Lanje wuf vavsoc bawe huzer vukevuger jaglogizi pabvekav ihitig ahgez zo ableum wom zatazomi.','Fri Apr 03 2093') ;
INSERT INTO comment values('HJ1jm5rWzKg', 'SJGm5SbzYg', 'exotic-business@videotron.co','Woroj to zovi uk woh wuknikina canfalkar ge cegi nisaos kodeh tos sapem ini luh zit pabur.','Fri Jul 04 2110') ;
INSERT INTO comment values('ryesX9HZMFe', 'Hkr6zqHZfYg', 'wooden-shelf@sympatico.io','Emifevzav es wata kecelel se dikcu wirbo to ba ce zopubawug zafizpuz ofolil.','Mon May 12 2087') ;
INSERT INTO comment values('H1Wo79HWMtx', 'ByTMX5HZftx', 'white-pollution@videotron.io','Sa casmo ibavaavu vakip moscu buhife no ic ecoelmac kuviruva ragu alofir oksu lik ji kamjuez.','Tue Sep 07 2094') ;
INSERT INTO comment values('ryfiX5rZGFx', 'HkGxm5HbzFx', 'workable-story@hotmail.fr','Gubujcef locwicak pumfafome zeclaje uf miomi puelfi tireg bucun li bif lojah.','Wed Nov 25 2065') ;
INSERT INTO comment values('SymiQqSZGFx', 'HknS7qS-fKe', 'hanging-root@hotmail.io','Ogifa pu cis tifakum ugonu nabto muhap fon ig achofoc monow kinbiho ufelu.','Sat Jan 27 2029') ;
INSERT INTO comment values('B1Ni7qHbftx', 'rJwxX9BZzte', 'thinkable-basin@hotmail.co','Gucsu kecu cunu kabigu fawoku telidgi ded osatuc seb beh henda ajukiwomi nav nermumces henaje sivodvec gowi.','Mon Feb 05 2074') ;
INSERT INTO comment values('r1SjQqH-GFx', 'SJwr7qrbzKe', 'workable-story@hotmail.fr','Nibahi zipus dicud dehoem ur pier si binuani giba fe nopfot jurzouv.','Wed Oct 31 2085') ;
INSERT INTO comment values('rkIjX9S-MKx', 'S1yrQqSZzYe', 'dirty-border@hotmail.ca','Facel cahutu gauci dimi ar jufovel gigroric sam ulaesaho zel ki muzguj diulezil henesoj muttaj cige.','Fri Jan 08 2027') ;
INSERT INTO comment values('SyPiX5SWfFx', 'H1tTG9rZzKx', 'trashy-squirrel@me.net','Wuzeted od juca ci pa cim zege rivev lu nit irarak iggig uv go jo ot.','Wed May 09 2108') ;
INSERT INTO comment values('SkdiXcH-Mtl', 'BywhGqSZGFg', 'money-kiss@gmail.co','Zuwib poggijo lapizbi henuga cahedo rot tasugzo livar cuguwzag fife mumirar heogge dapfijul wezpeva zedop ziijonuk ubo nijbigaj.','Sat Feb 09 2097') ;
INSERT INTO comment values('HyFim9H-ztx', 'r1G3GcB-ftx', 'dirty-border@hotmail.ca','Ajetibub cemubsap madvi sin al fe ju hozpigoze vefceug cuirki gedfo dase kinbez nempip did az mamrotma.','Mon Mar 19 2068') ;
INSERT INTO comment values('Sy5smcrWGKl', 'rJXZ75BZzYx', 'woebegone-bulb@hotmail.fr','Pok alojud vev ciwbobew gabicnob obapunle ritluuwa let fir fedu apo zak.','Sun Feb 13 2107') ;
INSERT INTO comment values('BJjjmcBbGFx', 'SyNrmqSZzYl', 'white-pollution@videotron.io','Sonvi jetaab moc janpac ja on rip bivupho huwodvat sas cij ucibu kaw wa bep uga.','Thu Nov 22 2018') ;
INSERT INTO comment values('Sk2i75rbGYe', 'BJMMX5rbGYg', 'needed-purpose@yahoo.uk','Cawunbu buvuwag adokuc icoclek reg lig areni wuh risah nuzuwo elu upa sepromi ure.','Sun Jan 04 2026') ;
INSERT INTO comment values('HkTsX9HZGtl', 'H1sMQcSWzFl', 'rapid-space@hotmail.fr','Jeh afa jelah hizudco icivo di etuocu tec hebu buharop bejiw tofli pece pi vipasfak de jum tombebfa.','Mon Apr 23 2108') ;
INSERT INTO comment values('SkCim9rZGtl', 'S1phG9H-zFg', 'abandoned-children@sympatico.com','Co moiro behges rav tulja gib sanohpa iwujejver cegir nebopmit noano bin salbejop otfalwof finugizo.','Sat Oct 09 2088') ;
INSERT INTO comment values('Hk137qHWztl', 'B1TW75HWfKg', 'rapid-space@hotmail.fr','Abgetbu zukhe vel reziiz openamu kamhalowa niffev vu gidpitot koda kob oruibose rezehuem erus huwi pebahihoz mafwitze otime.','Fri May 12 2051') ;
INSERT INTO comment values('rJl2QcBbzYg', 'HJXxQqr-fFg', 'modern-crow@gmail.co','Bouv rowor rofaw baudtu cah vowucfi ti teugcag geza okmevim ko zub la li dantug bolarja ikdal.','Sat Jun 03 2034') ;
INSERT INTO comment values('HyW37qBWGFe', 'ryWMX5BbzFg', 'modern-crow@gmail.co','Uw jedpomo na ejewujet fegu ohokti tekokduz san vijmab utcidi zogkokisu foogdaf namfuvcow bajav ibajemla dek giohufa.','Tue Apr 19 2033') ;
INSERT INTO comment values('B1Mh7cH-Gte', 'HJlzXqr-GFg', 'futuristic-humor@videotron.fr','Bewemefan je viw febviz pep wesose voc zam va lemefub we vavde joahil tikcid id owpihiz.','Fri Jul 20 2018') ;
INSERT INTO comment values('H1Q2m9rZGKg', 'r1jaMqSbGFl', 'heroic-office@me.com','Ehovumul helhel lug vuzri racoji nabo em wo ul po jic mose nilka hepsos tijuju.','Wed Oct 28 2093') ;
INSERT INTO comment values('ryE27crWMte', 'H1ToM9SWfFg', 'macabre-tree@hotmail.com','Omtoh eze ag bebhud fozrifwib imeen otbeiji sibedoh kowhivhod ilfuur vacus polov zu ulre.','Tue Jan 09 2052') ;
INSERT INTO comment values('HJBhm5S-fFx', 'Bkc3G9r-ztl', 'wooden-shelf@sympatico.io','Dolguk dul alnup jemelfi don supar gadek gab mifki cewnansu uba oti.','Fri Jun 22 2074') ;
INSERT INTO comment values('Hy82XqBZMYx', 'B1Z2f5BZGKg', 'helpful-porter@sympatico.ca','Hodurhuf ukeroc onemaju zafovluc lum ozeluh tif hil iriohjuj lajgunme lafedagiv zikjissip.','Mon Aug 30 2049') ;
INSERT INTO comment values('SJwn75rWfFg', 'SJ4az9SZzYg', 'abandoned-children@sympatico.com','Ma gat ijad ig elile oc ma runez pic wamcuhliv toto zegvi.','Sat Mar 03 2074') ;
INSERT INTO comment values('Bkd3QcH-GKl', 'Hkr6zqHZfYg', 'wooden-shelf@sympatico.io','Ricufuz romce pogud pok zamehsi sucji gaforis bo masolul ukmus pilca woce za moej lidenco fipe efi.','Wed Jun 01 2033') ;
INSERT INTO comment values('Hkthm9H-MYl', 'SJux75r-MKe', 'cloudy-coast@sympatico.uk','Kaf gorif cuton noanur keigiro sajonvur rip uvawi wette gu low odipij ga ij zeobge gegide oriipu.','Sat Oct 22 2044') ;
INSERT INTO comment values('B19379SbGtg', 'B1TW75HWfKg', 'trashy-squirrel@me.net','Iku ton noh rahnud sucoce decruhoz gueba koho oginauva ivuuk aho ug lo fevbot ko tu.','Fri Aug 09 2052') ;
INSERT INTO comment values('Hko2mqrZzKx', 'rkwsf9SZGYg', 'thinkable-basin@hotmail.co','Cikemo iva maujo zefum ese pu aweewtiv odrovcun moz bun cuga bectofu hezunuga sok gi he.','Sat Jan 08 2107') ;
INSERT INTO comment values('HkhnQcH-GKl', 'ByXVX9HbfFl', 'woebegone-bulb@hotmail.fr','Vakutika feeme ko ahji nil rohrif ha askijduf bet vewoh vadevom sikdi bikrebna dawe wor navi ozese.','Wed Dec 26 2091') ;
INSERT INTO comment values('H1phQcBWMKl', 'BJoiz5H-Mte', 'keen-office@mac.uk','Gowafear ru pila cait re coseci dolbekvac hob kigded ara wujesiiz dofuluke wutdadsaj ru.','Fri Feb 09 2103') ;
INSERT INTO comment values('HyC379B-MYl', 'Sk7XX5rWMKg', 'flowery-low@sympatico.fr','Zazac sotgutef helo bionuji aco rab suwbedgup hu ratzeik am atpit abi pimezas wagef hedi.','Fri Nov 04 2078') ;
INSERT INTO comment values('S1yaQ9rWMFe', 'S1UmcBbMtg', 'abandoned-children@sympatico.com','Mobku wifunoto karjieta jiceg hu bawiwoki nes jonhib facdein cec me zojvenun.','Tue Jun 04 2019') ;
INSERT INTO comment values('rygpm9B-zYx', 'BJqB75HbMFx', 'money-kiss@gmail.co','Wez bob jiv le refem et rismuc cejfaohi gunogip tegek bovbawaw rur icejo abo biw.','Fri Sep 05 2064') ;
INSERT INTO comment values('rJZ6X5H-zKx', 'BJMWX9HZGFg', 'lazy-nut@icloud.fr','Uhunbe go ulurornop mogbeszig wulfa ni nal abeet gin bod ifi omireze.','Wed Jun 06 2074') ;
INSERT INTO comment values('BJfT79SbzYl', 'BkSf7qHZGFl', 'lazy-nut@icloud.fr','Ok ret dilfigij odedo ka cami nic muveup ziiwfo geb iznevcab nu bu ti.','Fri Jun 08 2108') ;
INSERT INTO comment values('HJm6Q9rZMFg', 'Sy4QqSbMYe', 'exotic-business@videotron.co','Putizo kodirumeb dejterba kulava ohru mazo fozew peecu zip alcasu no negjogdo bihad otujaf horociv go huif de.','Sat Nov 04 2056') ;
INSERT INTO comment values('HJ4aQcHZGtl', 'Sybr75rWMtl', 'animated-title@hotmail.io','Jucvag udweg upigejud defloza angamna mobpab junoji tihbi wo fouwi nekgef nomjowguv zan pobi ekmag mase.','Tue Oct 01 2058') ;
INSERT INTO comment values('BJHT79HWfYe', 'r1wV79BbGte', 'keen-office@mac.uk','Avacolni tapose matcete cissocke zot ivuev sagpikok ha fore vara bicecuh vikme jibkehim si fu.','Thu Jul 07 2078') ;
INSERT INTO comment values('S18T79BZfFg', 'ryAz75B-Mte', 'bad-stew@gmail.uk','Limpizi kijiehe dumu unki ac vavuk la to wiccakmol zinum hedup keluluwu luhiob lidbigva moboriti fuvenni upu.','Wed Jun 16 2094') ;
INSERT INTO comment values('Hyv6mqBZfYx', 'Sybr75rWMtl', 'futuristic-humor@videotron.fr','Pi he baisa sec ji raig bogcun ku torvube kantugo bo je.','Sun Dec 06 2026') ;
INSERT INTO comment values('rk_aX5BZfKg', 'BJN-7qH-GYx', 'flowery-low@sympatico.fr','Lohagih achimen po boude desiuh va dujkiz de ajadar goj vaakusus niete ok vo sak.','Fri Feb 22 2058') ;
INSERT INTO comment values('HktTmcBZGFl', 'rJwxX9BZzte', 'curved-foot@mac.fr','Zir wocegzib jivsor ej fagcaid emoorawo bo niged if ajacu cihojpi jawoc nanaub jadjieji.','Sat Oct 05 2086') ;
INSERT INTO comment values('Bk96X5rWzFl', 'Skv-m9SZMYg', 'try-cemetery@videotron.uk','Liv lemru uw val od romukno houfucep diwmednab mohihen cifero agoroala sajvop upa wobizok mukaj kokik.','Fri Nov 17 2073') ;
INSERT INTO comment values('rkj6X5BWftx', 'HJAhfqHbGFl', 'white-pollution@videotron.io','Egofivo egriviw onbov va da elitoipa ki fale viud levuh owdecfu likuti podavat hacra fafek pijej ivolokuj.','Mon Nov 07 2089') ;
INSERT INTO comment values('r1nTXcSbMKe', 'SJtgXqHbfYx', 'exotic-business@videotron.co','Mu alufowa sihoofu uhiude fab tovuvga oloadoini tovonbu wedejag ripdaj bobnuw desfupi tewferel ledubdo ku opca.','Mon Feb 15 2072') ;
INSERT INTO comment values('HkpT79BZzFe', 'ByDM79BZzYx', 'unknown-pizzas@icloud.us','Jijesab soh izoavi opcuf zahribu putnu fahroli birokrom mouvu fad orevo nafak.','Fri Nov 10 2073') ;
INSERT INTO comment values('r1AaXqH-fYx', 'B1v79SZzte', 'white-pollution@videotron.io','Me foz le nufton le fu ovodizib osazicu tajaza dackuk zokaoc ebevi.','Sat Jan 30 2117') ;
INSERT INTO comment values('HyJ0XcSWMKx', 'r1uM75B-GFg', 'woebegone-coal@sympatico.com','Ve ogbi ke gatluc nec wa humazo vona la opihataro sujaw sale hubvip jihaope kume zo.','Mon Oct 03 2067') ;
INSERT INTO comment values('SkgA79SWMYl', 'SkVVmcHbzYx', 'blessed-blade@hotmail.us','Gow evufaoso ij ibdosi ubepe cituc sof lafnurub tuci ocaik ve fuhefnek umewun.','Thu Nov 11 2077') ;
INSERT INTO comment values('rk-CX5rWfFe', 'rk3jGqHWGKg', 'successful-fruit@mac.fr','Nijbab vol ge agowomeg enezceb poh cuzonejo hi owo napciriwi for ziz wojbir uni kes lad.','Sun Nov 08 2116') ;
INSERT INTO comment values('SkzCX5H-fYe', 'Hyc479r-Mtg', 'curved-foot@mac.fr','Dan li poerwew robihi huj rebvese hezim ucoevub anu hatcifwi nul curi.','Mon Dec 12 2044') ;
INSERT INTO comment values('Hy7R75S-fYl', 'ryJGm9HZMKe', 'rapid-space@hotmail.fr','Bik la luvtenve azacola cedhut ha renzabces gowruw wellofa ke ze bomsut cilum bowmivwas wizmo.','Sun Nov 28 2060') ;
INSERT INTO comment values('H14AQ9HWftg', 'S1yrQqSZzYe', 'woebegone-bulb@hotmail.fr','Obdowo isorijco noc fujsa tuz magukan nepde po enzi wiworifeb atbejeji huezap.','Fri Nov 13 2065') ;
INSERT INTO comment values('HJH0m9Hbftg', 'B1KB75SZzYx', 'hanging-root@hotmail.io','Jebhu abdim ece hoasgof gerirdu zad lidosi ugahah fizlirfa guh za cahone uko sorazla fu.','Tue Jun 19 2074') ;
INSERT INTO comment values('rJLCXqSWGKe', 'SJwr7qrbzKe', 'fun-river@gmail.us','Ubehotcu gefi zi sodwebu ituvu puwni re povdez ke orwuud luhaedu vubobciv camot re tosesozus asrenoc lehzo geoncu.','Wed Apr 18 2063') ;
INSERT INTO comment values('BkDCmqBWGKl', 'B1dnz9HWzYx', 'lazy-nut@icloud.fr','Ehingip iga cedhiz te bowma ibe dihiv jiv vevno ap sigoaz cipocape uzo afazile kikopo revlik.','Thu Oct 14 2083') ;
INSERT INTO comment values('BkuRm9BZGtl', 'HkGxm5HbzFx', 'lazy-nut@icloud.fr','Difizni gis lo ilosod rogi ku fovuz idlemfid vunvuto suzaw gen sascu jeuci.','Sat Mar 23 2069') ;
INSERT INTO comment values('rktC7crZzYe', 'BJHSXqrZMFg', 'nebulous-start@mac.uk','Zepobi wejhavdi vagugu ti egemuf aru rais tofpa revu ibonu civiloji vi luttid ame ahopi.','Fri Jun 26 2048') ;
INSERT INTO comment values('HyqRm5HZGYl', 'S1drXqH-fKg', 'cheerful-sheet@me.ca','Ojaisano danji tevoskuj erfotkep web zi co jartaf figmi tebe uco niwow gos zu.','Tue May 15 2096') ;
INSERT INTO comment values('Hyi07qrZGYg', 'rJwxX9BZzte', 'naive-toothbrush@mac.ca','Umusitmim tulusijiw tewjozzes zojeb si repra sahvu vig niwruuvu bikiptot rug ewisu adaice fuora.','Tue Feb 11 2025') ;
INSERT INTO comment values('SJh0Q5BZztl', 'H1xSmqBZMFe', 'foolish-voyage@sympatico.uk','Raabe iz cima vim en ozohusu saldefbo hi tavjo ewzit po fuj cuwaczep.','Fri Apr 18 2098') ;
INSERT INTO comment values('SkpCmcHZGYl', 'ByLX79S-fYx', 'thinkable-basin@hotmail.co','Ij zapu ruw ruso likil wefaz sa pi avuk sojenuh zuzaude lawzihni owakuto fe hohen goeptik.','Sat Sep 23 2079') ;
INSERT INTO comment values('HkRAmqHWGYg', 'S18Vm5rZztx', 'modern-crow@gmail.co','Se kinhi citaib jin cep upediwno pu nimdu pufcov hira be jovhi bo gupfe.','Sun Mar 09 2025') ;
INSERT INTO comment values('SJyyeQ5SWztx', 'ryWMX5BbzFg', 'nebulous-start@mac.uk','Oke noakuog benuew iwolifris ji bu pecuhok ihme ife puhdofmuc eftamo ge.','Fri May 31 2109') ;
INSERT INTO comment values('HJxkgmqBbMtx', 'r1dm75HWMYg', 'helpful-porter@sympatico.ca','Opupeuku kehuzu okakip wimono fotocgul ozo aruukno pahipof zi ibeuka jezug dew wahehi elvup lofurezoh ledjohzi fe.','Sat Feb 22 2070') ;
INSERT INTO comment values('rJZJgXqHZztg', 'SyRlm5BZMFl', 'abandoned-children@sympatico.com','Imeguhor itagibri ru botrucom zutjovgim de wetrudot waohauno fased suahvu da hih uhcu geldaszu odwep muv zulipi.','Sun Mar 17 2069') ;
INSERT INTO comment values('HyMkeQcH-MKe', 'H1e3Mqr-zKl', 'muddled-star@me.us','Wocekuj ulekagat pu labije emi izacovjiv cilalek pomo la gib for bokezo.','Thu May 23 2019') ;
INSERT INTO comment values('rJXyxXqHZMFx', 'S1phG9H-zFg', 'golden-crayon@me.ca','Gugic oleno va muzdogfol fag muj pi nos juaru puvusbok mag rimla.','Tue Sep 26 2113') ;
INSERT INTO comment values('By4kxXqr-fYe', 'H19lmcBZGtx', 'woebegone-coal@sympatico.com','Atetubjin ra jicu nowote gu nibsa patob fuvha sijeh tof pa rem zetug pif minkewot abfe cozfacah.','Wed May 04 2044') ;
INSERT INTO comment values('HyBkxm5rWGtx', 'H19lmcBZGtx', 'nutty-queen@icloud.net','Kiporag as uka tecejud neolojoj wehfo upugo boseca sujini fet efi vid ne fiderefom kuvnabza helu co.','Wed Dec 10 2087') ;
INSERT INTO comment values('BJ8ygm9S-Gtx', 'rJKQQcrbGFl', 'unknown-pizzas@icloud.us','Bukla kovnefzuf jifolul moszag apekuepe sepi vehzas nur vobes oviis holalkik iweporwu.','Thu Feb 28 2041') ;
INSERT INTO comment values('SkwkxQqrZMFx', 'HJlzXqr-GFg', 'successful-fruit@mac.fr','Wob goewamic ugfuhap ge weh inva kiji em jirdi ge vuj hupmo goezlut nuj ko godo owrig.','Mon Aug 15 2050') ;
INSERT INTO comment values('B1_yeX9SbMYe', 'BkJXXqHZfYx', 'successful-fruit@mac.fr','Fic filhub wif una uf ci bocil ted cife lukazis zauk cic ko ha guthitdir vifajmo.','Wed Feb 13 2036') ;
INSERT INTO comment values('HJtye7qBbzte', 'SJux75r-MKe', 'lazy-nut@icloud.fr','Od de ak reffej mowwiiva em taweror nihal ba reg suwohcac lopujsa ip tovhizon.','Sat May 07 2022') ;
INSERT INTO comment values('HkcylmqSWfFl', 'H1HQqHbGtx', 'cheerful-sheet@me.ca','Fuweti ojofezzu cumook ekvehi antogaj kezkekaf batves ve ebki hawjehac avama tavat ipa fodjek ibruhdi ate ufvatzo oz.','Wed Mar 03 2021') ;
INSERT INTO comment values('BkjJxm5H-MKe', 'HygV7crWGKg', 'needed-purpose@yahoo.uk','Wa makhup noceomu kumne kivuj misbul boof vukjim ijod pot zuenotu feoze etederlu sibusep buidujo ha julegwog hanorawah.','Thu Oct 05 2028') ;
INSERT INTO comment values('Hkh1lXqrWMKe', 'Sy2NXqrZftl', 'blessed-blade@hotmail.us','Fagmod ittomwej no tuubbe pok dis ji hacnorid zu ile punuj co ko.','Thu Apr 20 2062') ;
INSERT INTO comment values('rkpJgQcSbGFl', 'HyzX79B-MKg', 'woebegone-bulb@hotmail.fr','Nol onevuzo ne se nebaz omiha mebva cembapnew renopoj bopec uz vewhoj zeohuz ommac se.','Wed Jan 07 2043') ;
INSERT INTO comment values('BJAylQcSWzte', 'HkcGm9SWzYg', 'white-pollution@videotron.io','Ewbebi lip ickiewe kacfoje ufbufdu icogogpak aku sacewne ocokugod idi zonpatu eno tikwi fi kekbigom wuw.','Thu Oct 11 2091') ;
INSERT INTO comment values('B1Jelm9S-GKg', 'r1dm75HWMYg', 'successful-fruit@mac.fr','Du kefje iwcehnoh fuke de zujahela ru ako heddilan manihwo jeen uh sal ranudid iwsos topan.','Mon Jun 19 2079') ;
INSERT INTO comment values('HklegQ5r-GKl', 'HkGxm5HbzFx', 'nebulous-start@mac.uk','Zoivo go tup wiz jiet widupji ake ewuallaz imaeti fadug pu belotavu mevcojrid.','Thu Jan 28 2038') ;
INSERT INTO comment values('rk-xgQ9Bbftl', 'SJ_TMcSZfFe', 'hanging-root@hotmail.io','Ebuapusac iv nejmaho esvagoz sozpelpu adeso za pihirbij biewtoz es bu gowardob vozhu evu vi pi.','Thu Apr 23 2105') ;
INSERT INTO comment values('H1fgx79Sbftl', 'HJtnMcSZftx', 'wooden-shelf@sympatico.io','Jutlun wuohejop anhab lalwehe ipe cacata ija da custafsuj koizbek zer rabnibic.','Sat Dec 12 2111') ;
INSERT INTO comment values('S1megQqBbfFe', 'SJtgXqHbfYx', 'abandoned-children@sympatico.com','Sanak erpas fuasi su zu cowebocil jafoconut wo sigver mihus gehece sapmewco guwij nanle.','Tue Dec 30 2025') ;
INSERT INTO comment values('SkEexmqrZGKg', 'Sklm9HbzYg', 'white-pollution@videotron.io','Daweju pe luggemawe caju batoju fi du ke icsap vuhdadul suvheoz joom.','Tue Apr 21 2105') ;
INSERT INTO comment values('S1BxgX9rbzKx', 'S1KEmqBWMtx', 'curved-foot@mac.fr','Acunow sepcaz pivlagi le goklafji zupiwozi met ri wuhun car lo hu li va nev nugukdu vari baj.','Sat Aug 21 2117') ;
INSERT INTO comment values('S18ll75H-zYl', 'HyLbm9B-fFe', 'cloudy-coast@sympatico.uk','Lessiguc pugic eso kuzicvi id rubogaz ehpis ziz zancaf buguez bocem bag.','Sun Oct 24 2032') ;
INSERT INTO comment values('HywxeXqBZzYx', 'BJoiz5H-Mte', 'futuristic-humor@videotron.fr','Jinteffu kuj legzuj di hag cin bunhav kohov ri tendowe wizi usuke.','Tue Sep 05 2023') ;
INSERT INTO comment values('Hk_elmqBZftx', 'rk_iGqrZMKl', 'abandoned-children@sympatico.com','Vulsi suvi wem rahuv lon akro vusugfow daf lu laizdor ilcajlis du kozufke juol jaino mopuudo ecihlow.','Wed Jan 15 2042') ;
INSERT INTO comment values('ByFgeQqHZMtl', 'H1sMQcSWzFl', 'trashy-squirrel@me.net','Teg uk wauro rimrur an wimrufuv viehgom towfalez po lid uhakiaj pawhazu bufa okouc rasu borab comekjok ma.','Fri Jan 25 2086') ;
INSERT INTO comment values('rJqgl75HbfYg', 'ryWMX5BbzFg', 'futuristic-humor@videotron.fr','Gik tiwa ulaj jizarraz ivse cer poj nawi juev gef fabfedi tujok vidzilu bais odawaj cappaf pinulfiz.','Fri Aug 28 2037') ;
INSERT INTO comment values('SksllX9BbGtl', 'SJtgXqHbfYx', 'exotic-business@videotron.co','Egamowa acifu ni ewudet touce duva favumgu tetnibol lohnujca wuv muov legravkil cebku.','Fri Jan 21 2061') ;
INSERT INTO comment values('r1hlg7qBbGte', 'H19779HWfYl', 'naive-toothbrush@mac.ca','Vavizo con lo pemi gomav pur nomuc watsaz ke etounuzan in ho roke muciig gak ega.','Fri Nov 09 2018') ;
INSERT INTO comment values('Sk6lxm5BWMte', 'B1v79SZzte', 'unknown-pizzas@icloud.us','Elo riec ubbom onabaig datfafi kuk ke gahzoefo hilid badak fagcogvom ilbubwah se.','Mon Nov 26 2074') ;
INSERT INTO comment values('S1CgxXqrbzFl', 'rkm2fqBZzYx', 'paltry-grain@icloud.us','Reki lufo morib loghijeb ve gansavuz emfuczub hutuk nu ko curzu sa ciiwbik fog uberaut ih.','Sun Jun 06 2055') ;
INSERT INTO comment values('HJJZeX9rWfYg', 'rJwxX9BZzte', 'hanging-root@hotmail.io','Tota nawwuriv fanujug baga jarwo hifam sinocmo gad sigvep commojum zazic no.','Mon Nov 09 2111') ;
INSERT INTO comment values('Skx-eQ5BWMte', 'ByTMX5HZftx', 'naive-toothbrush@mac.ca','Id ze ru revfasiz neiwi ev reheg vakivfam par sa tosvuhij efobof gehluol zusuwe.','Wed Jul 20 2078') ;
INSERT INTO comment values('H1W-lXcHbzFx', 'ByaB7crWGKl', 'heroic-office@me.com','Uzwik lis fo liluwiga sijjade ikvi ume rebul ojivanne mutu so nesva.','Sun Apr 20 2025') ;
INSERT INTO comment values('HJf-lX5rZGtl', 'ryWMX5BbzFg', 'nutty-queen@icloud.net','Ermijub mebkagej et codeni kekavbu sijjasud nozehu pul lim uwiv daz onoah hikojwu omedodon le ih.','Fri Feb 05 2083') ;
INSERT INTO comment values('rJ7bgX9rZMtl', 'By_4QcBWMKl', 'dirty-border@hotmail.ca','Dog waved zapa ejhaif lizgozu lo hah no moahunu fehon belfos buwuredo binigi diiv dir rehtuk noci.','Fri Feb 23 2063') ;
INSERT INTO comment values('S1Vbg7qrWzFl', 'HJlzXqr-GFg', 'keen-office@mac.uk','Kotvato manah eludi gid idozez eziov uvapra sipa tihihu omec jiho od.','Fri Mar 22 2030') ;
INSERT INTO comment values('SkBWxQ9SZMFx', 'Sk7XX5rWMKg', 'nebulous-start@mac.uk','Il owu romi bumtuk mamijvoz av panalus golusuh ja fod po uju woc hihep pibnizko unfijra unjazkij miuv.','Sat Aug 17 2086') ;
INSERT INTO comment values('S18WeQqS-GYx', 'S1UmcBbMtg', 'bad-stew@gmail.uk','Ca rol zibogi net ju ufokakuf vuihuli wowozo pa lozpidin ohmivag katfima opzic gonev nu nozup medsu osko.','Wed Jun 22 2078') ;
INSERT INTO comment values('BJwWl7qSbfKx', 'rkNhM5BZMtx', 'workable-story@hotmail.fr','Lapa imesera coczisec ewemo vo jipeeg veta lodinka ol lug mabado fez miholjo wem uzuufical.','Wed Aug 09 2090') ;
INSERT INTO comment values('B1_bgQcB-GFx', 'H1xSmqBZMFe', 'try-cemetery@videotron.uk','Fukefun ji pitiw egajudimi wegorti gapaw bod bizihtu na ta kalati kar elo izwofe mutodewe cobimab.','Thu Mar 15 2063') ;
INSERT INTO comment values('ryFZlQ9rbftg', 'HJAhfqHbGFl', 'curved-foot@mac.fr','Kice he ji johme egapedig agacuhpa mataviw mucir hepni jo mob cosovvec wekceswih geapuwul.','Wed Dec 10 2070') ;
INSERT INTO comment values('SJ9-g79SbMKl', 'HJE7mqSWztg', 'creepy-rice@yahoo.com','Ifeone goav kivi duhbuljif li bad urafu suvuwpo lop emtif mig ebuid arhovepi co gapejo fiffiliv renut juosuder.','Tue Oct 13 2020') ;
INSERT INTO comment values('rJoblXcHbGtl', 'ryLlm9rbMKe', 'workable-story@hotmail.fr','Ulojambur lalo gemahim pu lagwatfih metufvew seiw biilu arvip jegubwen gama ve osdaut nebre kilomit hawup osibesi.','Sat Dec 10 2050') ;
INSERT INTO comment values('By3-gmcHWzYx', 'S1KEmqBWMtx', 'wooden-shelf@sympatico.io','Zozbiuk jub fippetlac doziegi lu uha sa vu ziknir sufenu fegleh vatef.','Mon Jun 25 2046') ;
INSERT INTO comment values('BkTWl79rZGKg', 'Sy67qHbzYx', 'woebegone-coal@sympatico.com','Tarnedi iv ot fogufko zegco tokmoozi owokok baijupu ziv rubhalun bu oti.','Wed Dec 22 2088') ;
INSERT INTO comment values('ByRZxm5S-zKx', 'SyRlm5BZMFl', 'faulty-wren@sympatico.co','Fuakri vikzugo wog ro afu ka anehu gic geevi pifhiwi ka egteziku ejgueta vimpeunu wub vesuvime dejguswo.','Fri Oct 06 2062') ;
INSERT INTO comment values('HkyzeX5S-fFl', 'rk3jGqHWGKg', 'unknown-pizzas@icloud.us','Pivlejha mefzo manrublo kucidrud virwe isi wobseta cuiwzu rikunbep wepe zu wa norso.','Sun Feb 11 2103') ;
INSERT INTO comment values('SylflQqrbfKl', 'ByDM79BZzYx', 'animated-title@hotmail.io','Lejditjuf onito alumoce cidov nerefueco igamilem ba dan tosne razzifjon jizbudde geza in cedon jagviimi pumbaglo ovaje.','Fri Sep 09 2072') ;
INSERT INTO comment values('r1bGlXcHZfFl', 'S1UmcBbMtg', 'helpful-porter@sympatico.ca','Fiar gezisu ug fegenav ozveh isovi cew odom vehos mawi soswiucu bilke.','Fri Dec 09 2095') ;
INSERT INTO comment values('SyGzem5B-MKe', 'ryLlm9rbMKe', 'workable-story@hotmail.fr','Dopha devgallo ne mesu ejvobe cu piktiwci zun bokrejpu jo vufwi vezel omu ja zanbuf loc vu ohaguis.','Tue Aug 14 2108') ;
INSERT INTO comment values('rJXMlmcrbGtg', 'ryWMX5BbzFg', 'macabre-tree@hotmail.com','Purdadni ifizi isvop cobfi vuawfev dow haterzus wesweknu muwel sigew zumu jotijake da deku zuw dipu ojaza hum.','Tue Mar 18 2053') ;
INSERT INTO comment values('rkNflXcBbztg', 'HJX6f5HbMtl', 'rapid-space@hotmail.fr','Nuruhpu gu zenula vacpew werejub efsatte rirec pekkapo ban tibed va puawe futamu ar orodilo bacaf donezug.','Tue Jul 19 2061') ;
INSERT INTO comment values('rJSGeXcrZztx', 'rk9Q5BWGYl', 'cloudy-coast@sympatico.uk','Ovoregej dehrauhe viner zu hal topim ciil kojum ufobe zoori ivliw pi ijru pupufe gis kur.','Sun Mar 26 2034') ;
INSERT INTO comment values('ByIGeX5rbMFg', 'Bkc3G9r-ztl', 'quickest-insect@gmail.net','Merpu fifhaje pizor uj toteko ituocfop fa je fompupked wu kabvoc hiek.','Mon Jul 10 2090') ;
INSERT INTO comment values('HyDMlQqHbzFg', 'ByDM79BZzYx', 'foolish-voyage@sympatico.uk','Eb zu zidsioz wit givfaave wukez hucnag agi omiruki ijuj ca mame kasufbaw if vervug.','Sun Jun 10 2114') ;
INSERT INTO comment values('Hyuze79B-zKe', 'H1KizqSbfFx', 'cloudy-coast@sympatico.uk','Tikuwfe devej sun izagu dub abpobil li udoudva nikahzu zitwajto ni em jesgofki urzuwe.','Sun Oct 16 2039') ;
INSERT INTO comment values('HyFzgXcHWztl', 'B17Q9HZGYx', 'cheerful-sheet@me.ca','Mi emi mi giitaetu anfo azeum ebzecci ufosepred celkusri jag rerumura ripetco bubwu es.','Wed May 27 2071') ;
INSERT INTO comment values('By5Gl7cBbfYe', 'rJKQQcrbGFl', 'needed-purpose@yahoo.uk','Utdotof usatupud gi idalow sahlarjar zipugup no hugu cowvulgir hafpopov etemekejo kibov kojac ilbofguj.','Wed Jan 04 2102') ;
INSERT INTO comment values('SyoMg7qSWfKl', 'SkMTGqrWzFl', 'needed-purpose@yahoo.uk','Vufekwa woha jesu surac azi gufazna zerjok popum zemi fet efasa momrok sititaf lu avebi lehap bes di.','Sat Oct 21 2113') ;
INSERT INTO comment values('HJ2GgQ9HZfKg', 'Sybr75rWMtl', 'cloudy-coast@sympatico.uk','Re uwumi iwagu ehanolga ebi ref gatejeb mo povbopne ve vugat mojjudvij jolbowej egtu tozbon.','Mon Jul 31 2023') ;
INSERT INTO comment values('Bypzl79H-GYg', 'H19779HWfYl', 'exotic-business@videotron.co','Wazillid satkagur nof fuvrop enib uf ri voti wutwe usa zu sorijzo lehom ferbabu si hip ugcegoke otfok.','Mon Apr 09 2063') ;
INSERT INTO comment values('SyRMgXqrbftl', 'HJX6f5HbMtl', 'animated-title@hotmail.io','Giful cuaciser fifceh uno bawonpob ta um rovdapiz daz pownosop upolamwu ripumosu sakeno.','Fri Jul 06 2103') ;
INSERT INTO comment values('HJ1QlQ9rWMFl', 'ryWMX5BbzFg', 'dirty-border@hotmail.ca','Ku ugutoj omac zuhjabi sek wutcuuvu cub kaje si eh nagduud pawif giz najuprop gap.','Sat Nov 20 2100') ;
INSERT INTO comment values('rkeQl75BbGYx', 'BJqB75HbMFx', 'untidy-join@me.co','Neflam izave lec ud vijha tuf fac det hagsah fom mehjav godizan torugmun zir.','Mon Jul 07 2070') ;
INSERT INTO comment values('S1ZmeQ9HZMtx', 'HJqsf9rWftg', 'dirty-border@hotmail.ca','Emweow vofno owpopucu teta nuh oceoda gobci boczobil car ruri ros da bazmenop su romhi kivjo.','Wed Apr 02 2053') ;
INSERT INTO comment values('ByGXxm9BWMYg', 'B1AZ7crZftl', 'fun-river@gmail.us','Ate ima om munisnud leb paaligo afiotzaf umo ge je cut agute ursekpe ceput uwehariz jocivbep vutdezicu pinilwac.','Wed Sep 21 2050') ;
INSERT INTO comment values('B1m7gm5HZMte', 'Sk3gX9BZfFe', 'flowery-low@sympatico.fr','Fimo jevkir curgut ja jewwab ijassu ikin sogponav agi sitbigob ro bi re.','Wed Jun 05 2019') ;
INSERT INTO comment values('B1E7l7cBZfte', 'HJXxQqr-fFg', 'try-cemetery@videotron.uk','Zudubas orcere edi pun huvo neari ewtohe jeko cipazwa dofwisa litulu sewso tahevi.','Mon Jun 01 2111') ;
INSERT INTO comment values('r1SQxQcSZGKg', 'rk3jGqHWGKg', 'workable-story@hotmail.fr','Ruel tajatji cuknazaw dukin pelo dat nesiketa idozozpek omros bacol ofuhecwi vaiw dipseku.','Sun Dec 30 2040') ;
INSERT INTO comment values('SkIQeQqSWzKx', 'H1ToM9SWfFg', 'lopsided-view@hotmail.ca','Tohahe ubijis copadire potihahu subvol kegjezu siwedbit pifmud nozuf niw udkil howwap bemveh pa goubpop wifjowo armem.','Thu Oct 17 2069') ;
INSERT INTO comment values('rkPQgm9HWMYg', 'HJE7mqSWztg', 'workable-story@hotmail.fr','Es pojduza nu pi ore umuti wiswac elor tauv benavkob hakruko zuoli gevuca kiwbinvi ifsukav empovo miricki pufciv.','Fri Jan 18 2086') ;
INSERT INTO comment values('rJuXx7qBbGFg', 'Sy2NXqrZftl', 'lazy-nut@icloud.fr','Bothasi jalled ut vuluk sagciffu herfiwfuv decup resema afnovema ikoko valewu dajo.','Fri Jun 20 2070') ;
INSERT INTO comment values('rkKQl7qSWfFx', 'HkjemqH-MYe', 'foolish-voyage@sympatico.uk','Ciunafu eg poz sigsuemo uhon meveko ovla deuvka akanega su we ehbiuge.','Mon Mar 27 2023') ;
INSERT INTO comment values('S19Qe75HZMKg', 'HkGxm5HbzFx', 'unknown-pizzas@icloud.us','Gi wecesu wid nasofig valga gopzupta ir jelbos bamsev ofe vev cocuabi piwosa hejec miz erifeje ji ifu.','Tue Oct 30 2068') ;
INSERT INTO comment values('ryj7eQqBbfKx', 'HknS7qS-fKe', 'slippery-development@me.io','Idocif dohi rurucif bunron jobwo ci niwrat kuvpeduku udi kigpovsa vuvukpeh oraupe pewe zig oha ca pojih logu.','Sat Aug 22 2037') ;
INSERT INTO comment values('r13QgX5rWfKg', 'HkjemqH-MYe', 'hanging-root@hotmail.io','Olufu je nekro jatsun ove bulih sujkurbem emi zeko gag dewitura itcufkih likecucu kogpiem zo bu.','Thu Dec 01 2039') ;
INSERT INTO comment values('SJTmlmqH-GFx', 'HJtnMcSZftx', 'keen-office@mac.uk','Ka so adbuzu wokju za ah woru ih sekithec hazulmo fojvo mari zigzadho wid bep latac.','Fri Sep 23 2095') ;
INSERT INTO comment values('BkAQgXcHbfYe', 'HJ9-XqSZGYl', 'woebegone-bulb@hotmail.fr','Wecoh diskoz wonrapmiv ih weuhel se okofulwer ne zi rewow tafoova pom mezes gaf jawo.','Mon May 21 2114') ;
INSERT INTO comment values('By1Ngm9BZftx', 'BknazqB-Mte', 'bad-stew@gmail.uk','Lufwig midfar tapileaje mi depaor zibimkin co raj uclu rugi ujajuf lum.','Thu Apr 28 2061') ;
INSERT INTO comment values('rJxNx7cS-GFx', 'B1KB75SZzYx', 'exotic-business@videotron.co','Hum ucpe gimjasep pupublu anmebip boste obalugo ar soposnu gikdiape hazadubu ujelasu habbe moume.','Thu Mar 10 2067') ;
INSERT INTO comment values('ryb4eX5H-fYe', 'S122zcrZGFe', 'thinkable-basin@hotmail.co','Dutohes etiib le ditel liesigep saro cevido ralu vipurah ijduego zap wedus fa luzgir lam.','Mon Jun 15 2082') ;
INSERT INTO comment values('r1zVem5SWMKl', 'rk3jGqHWGKg', 'dirty-border@hotmail.ca','Sekweje omeinag okpahgap mojceemo rendambov zurdodvub vi tindon hos datikew emvumwud zeuripe.','Wed Jun 02 2094') ;
INSERT INTO comment values('ByXEeQ5SWGKe', 'SyNrmqSZzYl', 'white-pollution@videotron.io','Ejimuac cub komoiw tupsobaf higel vazu puko falisi pothatwe oladubhe vajdej waato wajbi det urte ije.','Sun Jul 10 2067') ;
INSERT INTO comment values('Hy4NeX5HZMKl', 'HkCXX9H-MKl', 'creepy-rice@yahoo.com','Ozusam cecelsaj zud fuidoik mepu ziroraf ej ra uhaup sih coowuman refimaz fisib var me.','Mon Aug 15 2033') ;
INSERT INTO comment values('B1HElQcBWGFg', 'SJwr7qrbzKe', 'needed-purpose@yahoo.uk','Il me deinipo holgamzin ewdivfar uroguje done vuj juujnep zeso zifabnu fad li.','Sat Aug 18 2068') ;
INSERT INTO comment values('r1I4xQcHZMFl', 'H19lmcBZGtx', 'modern-crow@gmail.co','Ilfu azuit wiski nol mivbo bad fo ubfokze luc ir cuvuve watfoju zu dusiak.','Thu May 02 2069') ;
INSERT INTO comment values('HkPNlQ9HZMtl', 'H1ToM9SWfFg', 'trashy-squirrel@me.net','Hiwal diw gocuwi mo jo beid tezizmo pifopa ab torhaba ulugi jeolu.','Sat Mar 05 2101') ;
INSERT INTO comment values('BJ_ExmcrWGFe', 'B1Z2f5BZGKg', 'money-kiss@gmail.co','Nese kuwogcot tocittu hov hotculej juvoda butazawil pimorug abu seec otwa gujhumi nu wemici cahishu bifmanpit liwamtab kilap.','Mon Oct 09 2090') ;
INSERT INTO comment values('ByYNe75HZfFl', 'r13X9HbfYg', 'abandoned-children@sympatico.com','Nuvozo ricib bikvu awazerzaz afpepwuv vev zuonekil nod ugamuweh fovlaaho cun totkighem zi icuneofi vofebrog.','Tue Mar 24 2099') ;
INSERT INTO comment values('BJ5Vlm5rWzYg', 'r1He7qHWGFe', 'untidy-join@me.co','Gorfapec desi jewwit uhoju be alolur ce ogob tuzu at webji kapaviki zew komto.','Thu Aug 07 2087') ;
INSERT INTO comment values('HksNl79H-Mtl', 'HkcGm9SWzYg', 'faulty-wren@sympatico.co','Suc fig otsagrat pip capopi focdi ugi dodzukzer je eweur ofuzu ibjojnu giwdup.','Tue Dec 20 2112') ;
INSERT INTO comment values('Sy3Vgm9BZGte', 'BJbQXqB-fFe', 'cheerful-sheet@me.ca','Repzojab wi faji fec vooklu tidus ibo cuzziznok levco tesbemba fiwu ocisef zemked je uc du.','Sun Apr 03 2067') ;
INSERT INTO comment values('S1p4lQ5SZfYg', 'H1KizqSbfFx', 'paltry-invention@me.com','Gan sewoja da lib asvuwuz lij saduz idaha ca du hak rofe bih puvorieg afu migsek kunuj.','Sun Dec 29 2115') ;
INSERT INTO comment values('HJCEgQ5rWzte', 'H1KizqSbfFx', 'woebegone-bulb@hotmail.fr','Jetac foro abupaj cipdocru wunkol fogca esosi ube ubpodis er pa te moweci selofeno aka wid zal.','Sun Dec 01 2047') ;
INSERT INTO comment values('SJyHgXcrbMYx', 'H1e3Mqr-zKl', 'fun-river@gmail.us','Eb ceh ugalep jocbeh tul kovotoce waz pozbuh gusjuijo ken se map mawuw om.','Wed Jun 23 2117') ;
INSERT INTO comment values('rylHe79BZGKe', 'SJux75r-MKe', 'creepy-rice@yahoo.com','Kip ra se nobic jedojra kifruhor da goj peduhu ifupefuj oc je vir pornumso wonfon zewoucu ophakal gibleczob.','Wed Jan 28 2082') ;
INSERT INTO comment values('Sy-Hgm9HWzYg', 'ByLX79S-fYx', 'nutty-queen@icloud.net','Ra sualima tajfidra suti nocralal ga ecuufvol hiece reuje wohru tupbi vaf uvu.','Wed Aug 25 2088') ;
INSERT INTO comment values('HJzBlm9BWzFx', 'B17MXcrZMKx', 'hanging-root@hotmail.io','Ori uwinuk uwrok jo wo riwe mollez ki wa tupnonik ufuwih vorkuj pe ozuoj vu.','Wed Jul 25 2068') ;
INSERT INTO comment values('HJXHlm9SZzFg', 'Sklm9HbzYg', 'fun-river@gmail.us','Wabig ulesumir disiczuc acjiepe kitlo oc cabisu vusiupe voufo huzag pok rubo.','Tue Mar 08 2044') ;
INSERT INTO comment values('rJEHgQcBbMtx', 'rksEQcBWzKg', 'macabre-tree@hotmail.com','Da tekkuf kopfuwtuk owovis ruf otnu mote wunwenkos edhomi fehmo wos lu.','Sat May 08 2100') ;
INSERT INTO comment values('BkrSxm9rWzKe', 'r1L6McHWfFl', 'macabre-tree@hotmail.com','Gojev agaidaib ki najakzir movte du atues mosimupe vug carhowjo cusezroj cawlelcav caoca betmaame win nojilsi kugadfo.','Sun Apr 24 2033') ;
INSERT INTO comment values('rkLrxQ5rbfKg', 'SkVVmcHbzYx', 'quickest-insect@gmail.net','Ke hokhazmo rik valfiwak fawha zaudozi perahori wehahu uc isumefo uvpec karfep ekdug lagu fezu newdirfah kobu.','Thu Dec 30 2088') ;
INSERT INTO comment values('S1PBxQ5SZzKe', 'rJXZ75BZzYx', 'naive-toothbrush@mac.ca','Ko aje nagek pahijuse towud suk zecamepej paz pahottu di umagiisa ragjaz cuak ifu.','Mon Jul 25 2044') ;
INSERT INTO comment values('HyOBlX5B-GKg', 'SJj7m5rZfFg', 'workable-story@hotmail.fr','Riile gibitag cowop jehum pizafdi tuuhaj hocsij kubpi betvurul rifadu miblom kemlummon wo cuw ced.','Sun Aug 06 2056') ;
INSERT INTO comment values('BJtrg79r-zFe', 'SJOZQ9BWzFx', 'paltry-invention@me.com','Buz kibol taepohek uha ban eweup fog rok ehe ke co az an ni bawec olehop dijvamoh.','Sun May 20 2085') ;
INSERT INTO comment values('HycHeQcHWfFg', 'HykxQ5BbfKx', 'modern-crow@gmail.co','To kimsugvoj kennedes figa ehetiv sewug fiwut car haba fiisi barito dazos aldoura.','Tue Oct 05 2027') ;
INSERT INTO comment values('B1irxQ9BZGtl', 'BkJXXqHZfYx', 'successful-fruit@mac.fr','Wicampu sil okutat wabzuwi umu zehu run riwfihvij sif aro ibi hido lejgot lob bazzueb ado.','Sun May 09 2100') ;
INSERT INTO comment values('S1hrlmcHZMtg', 'B1TW75HWfKg', 'deranged-nest@hotmail.com','Tutier ki fivempu wavoviraf peuja moatu ef ibto piwruw fazudez ze sowojer wupceto mirabe.','Thu Apr 03 2036') ;
INSERT INTO comment values('HJprxXcH-fFx', 'ryLlm9rbMKe', 'creepy-rice@yahoo.com','Wu isnaon fawica elohi bot wowwazila ra zew vozlorid waflepem buso ifki wep bijon mivpa.','Sun Jul 30 2062') ;
INSERT INTO comment values('ryRBeQ9rWMYx', 'S1drXqH-fKg', 'nutty-queen@icloud.net','Tipvi wub ocoupu ti gofninla co gepukveb la ace mebove rijo wu uponej ommege ren basjuha jib.','Tue Nov 08 2061') ;
INSERT INTO comment values('r1JIxQcSZGFl', 'H1rm79rbfKg', 'nebulous-start@mac.uk','Miwaphos mulapihud wewvitwam ubmole gisev abuze erhe behivmo zi menzice ud wujufez ha upirilu.','Wed Jan 01 2098') ;
INSERT INTO comment values('r1l8gQqrWzFe', 'B1KB75SZzYx', 'bad-stew@gmail.uk','To kelubnu guvve negped fuabo bufdozwu na erhu recit dod gesid taw igocaf kazufkis wasouvi devinaol.','Wed Apr 29 2043') ;
INSERT INTO comment values('SkbLxmcBbGFg', 'SJwr7qrbzKe', 'woebegone-bulb@hotmail.fr','Ris sugjas vi irug suzu fivbon zocajimig zoduot giw wud safmu oligogpi ofibe mado ogiavbuf geva nigu re.','Thu Aug 02 2040') ;
INSERT INTO comment values('SJf8e7qHWzKg', 'B1dnz9HWzYx', 'exotic-business@videotron.co','Hicvob aro ninapat wovjiebu pu ubrisuz ge wev subu lobatupi bitzodilu vud ozuike osiwak hokkew go.','Tue Nov 19 2019') ;
INSERT INTO comment values('SkmUe79r-fYe', 'BJSbQqr-fKe', 'try-cemetery@videotron.uk','Ub otzo se sig ne pu takjegdu etdahle gezode mohza tohotef paze dugzar naon aremiw tano ew.','Thu Apr 24 2098') ;
INSERT INTO comment values('BkV8gQcBWzFx', 'S1UmcBbMtg', 'creepy-rice@yahoo.com','Dilone dod addu ecatogco lisu jebuve ru anunal bor bosmuk wimetir eh anrapuc.','Fri Feb 23 2103') ;
INSERT INTO comment values('H1BUlmcr-zKl', 'S1yrQqSZzYe', 'untidy-join@me.co','Hed we hu ruwbup sureg ibjeb dapdi powvew fik jehov ro mo ipo.','Wed Feb 21 2029') ;
INSERT INTO comment values('HyLIeQ9rbMKe', 'ByaB7crWGKl', 'keen-office@mac.uk','Tohti owi cooz ica robavehol fasijage veovapor gi fimu gappacuv hinev orkokkiz vepe zusujwu bo ozodi jad.','Mon Mar 21 2039') ;
INSERT INTO comment values('rJwUxX9BWGKg', 'H1xSmqBZMFe', 'heroic-office@me.com','Sip so refibe giis luefu dofajli dic osja tin zuencas ivapoeh gir vi gedwazvuf patwo mag nippu lit.','Tue May 06 2064') ;
INSERT INTO comment values('B1OLg79rbGYl', 'ByTMX5HZftx', 'modern-crow@gmail.co','Zub civnazit gek jivbej idoig zobvu rumezdas tiana terow acodeeb idific riehta wevacig gereheki lorzunwo nelmi.','Sun Jan 01 2096') ;
INSERT INTO comment values('SJtIgm9SbGKx', 'r1He7qHWGFe', 'needed-purpose@yahoo.uk','Jubbam ivilirce ugiip fecovnif ebi oramogaw da rimja as ucu lotaju zezahdas fiwawu wuwbutep.','Mon May 31 2100') ;
INSERT INTO comment values('HJ5Lg7qS-zYg', 'Skv-m9SZMYg', 'modern-crow@gmail.co','Ravu cajuzik col ci ev oblane kufog la ube gow etpeb gurac ebel ic lociten bap wuksiwor vippes.','Tue Apr 26 2101') ;
INSERT INTO comment values('SJo8e7qS-MYl', 'HJinf5B-fFl', 'deranged-nest@hotmail.com','Be jebopi boigwu nelahif iv muzudod ubnesi etevoh gavkog fus tic tebse zez pogbo.','Thu Aug 25 2050') ;
INSERT INTO comment values('H1hIxQ5HZMFx', 'rkwsf9SZGYg', 'foolish-voyage@sympatico.uk','Riflieh tomav jiw zabga zi ru ki uri ukro umtaloh embi fe upanuji rija befitubem et ge.','Thu Jun 20 2052') ;
INSERT INTO comment values('S16LeX9SZMte', 'BkelQ5S-zYl', 'successful-fruit@mac.fr','Romej fuh bidgol zil cogi sahvaju mudobre vamo widfur gubhe rul akre tes mejvem ishuhge wo.','Sun May 17 2099') ;
INSERT INTO comment values('ByAUg7cH-Mte', 'S1n7Q9BZftx', 'abandoned-expansion@hotmail.co','Zu jud olidehe nih ut oja kajgu uk ve sago anbumok jupoc alpikve fajdatku fisidkul juwgoneg naw cezew.','Tue Jul 06 2083') ;
INSERT INTO comment values('rkJDeQqS-GFe', 'Sybr75rWMtl', 'money-kiss@gmail.co','Osi dagzi anpena imunabmuf peg ugiebefa wefula johis upikoglov pefcecuc migal pidewic tiri tufep is hinlon calperjid naaw.','Fri Nov 14 2092') ;
INSERT INTO comment values('r1xwl79HWftg', 'B1v79SZzte', 'slippery-development@me.io','Jim egi hoggeko ikpahwez rimop hudzazso ebo zoego carih fazziida epwetab dovgiuk.','Wed Jul 31 2030') ;
INSERT INTO comment values('SkWweXqrZGFe', 'BJMMX5rbGYg', 'successful-fruit@mac.fr','Mauticeb to akga eba ke gucebmi hodladomo jucot okmidew ubota suwbab olme wajedrut.','Tue Jul 29 2042') ;
INSERT INTO comment values('rkGwgm5HbMFl', 'Sybr75rWMtl', 'fun-river@gmail.us','Zetisod so sek uk wi sup mol wi lewu ci seze zimmurbi bohiedu.','Mon Aug 15 2112') ;
INSERT INTO comment values('r1mwxQ5SWzFl', 'Hk-E7crWfKl', 'modern-crow@gmail.co','Ujra cel ak ze nub capamane ed met es figucre rih behopdo bafuwha sofpaci acgo.','Thu Oct 26 2023') ;
INSERT INTO comment values('SyEDxXqHWzKe', 'S11nf9HbzFx', 'exotic-business@videotron.co','Badhob ogemoc ew tel ruhibun inuvu vearmo tiotrih azmivija cenzimrev nu niap cin eco muzkonik nanjetes.','Fri Oct 19 2103') ;
INSERT INTO comment values('BySPeXcSWMYe', 'Sy67qHbzYx', 'white-pollution@videotron.io','Ucceh iwbe vul wa ja tuwcapce nih avvooma rebomok kecpihef cat di.','Tue Oct 29 2097') ;
INSERT INTO comment values('BkIvxmcHbfYx', 'r1He7qHWGFe', 'bad-stew@gmail.uk','Uke liefo kadka uzaje be idati lun wetejiw vec catiji gif sedcotud.','Sun Sep 18 2022') ;
INSERT INTO comment values('SywPgQ5rbGtx', 'HJAhfqHbGFl', 'muddled-star@me.us','Ci son agojar dov rapgozir va weehe ar je bomibuob ithajip lehde vocgu cug nul sigu.','Mon Jan 03 2084') ;
INSERT INTO comment values('r1dDlXcSZzFe', 'ByaB7crWGKl', 'naive-toothbrush@mac.ca','Ve vowgovlig uc fedemu kap ju cu pewri gezro faamto nubiwase ral dino.','Mon Jun 18 2091') ;
INSERT INTO comment values('BJKwlQ5SZfYg', 'rJwxX9BZzte', 'paltry-invention@me.com','Vi regzaz uzda sogesoza wamga cusoza iweciret daif denuj cejruur ise na izapa esra jajkiot sahe vosakag.','Sun May 11 2070') ;
INSERT INTO comment values('SJ9vlXqH-Mtx', 'SJtgXqHbfYx', 'flowery-low@sympatico.fr','Zodcuf so geckoruc zudu bemop micgu malano varusfo kubcaza ni weto zabsaf bethi bivule ahu rekamuwo jiahule la.','Tue Jul 24 2046') ;
INSERT INTO comment values('SJoDx75r-ftx', 'BywhGqSZGFg', 'paltry-invention@me.com','Vu ja zat dakace ke af epo imoiji vicageguw vubce gefiz zi mehamcis owfurez jobelir cuvuki.','Thu Oct 17 2041') ;
INSERT INTO comment values('S13Px75SZMKg', 'B1v79SZzte', 'nebulous-start@mac.uk','Ji zom usavu tamwugahi ciwuvolo viupe ufzer pugrov za nanap zabketik woca edva.','Tue Feb 24 2043') ;
INSERT INTO comment values('SJ6Dl7crZzKg', 'BJ6NQ9r-MKg', 'abandoned-children@sympatico.com','Figpepab ad mauvu kelnuh barulje zipa cerazif dar orvop oppiguz zeufer kuze jaku on sutiw.','Tue Oct 05 2066') ;
INSERT INTO comment values('H1RDgQ5rbGKl', 'BkX5B-GKx', 'quickest-insect@gmail.net','Jajhof adedogi ir ruw dem bevwiscih ekahu finopom wadmij ne repgojun bol.','Thu Feb 13 2048') ;
INSERT INTO comment values('ryJOx75HZzYe', 'BJSbQqr-fKe', 'faulty-wren@sympatico.co','Dor lo gu atapigah bigpopje deker pu ektite uza dacorum vij fervelaj kid.','Mon Jul 10 2034') ;
INSERT INTO comment values('BJxug79HZGtl', 'H1PXm5SZzKg', 'nebulous-start@mac.uk','Tizaflar getuvut riwgukde oheke dalekif oh otu ugboja evaluju camgecis tudeahu oze enohacuz woriga wubabciw.','Sat Jan 19 2097') ;
INSERT INTO comment values('r1bul75SbzYx', 'S18Vm5rZztx', 'modern-crow@gmail.co','Fiivu woful or vafa rigeuw ege cocug unebutew ninorate ruco vi oza sed ventamfi fu odnuwlu.','Tue Oct 03 2079') ;
INSERT INTO comment values('S1z_xQ9BZzKg', 'BJJ6McBZGYe', 'flowery-low@sympatico.fr','Kim fotubaco vof lo big cipuvu mi ce afe weelvo vekirlar ivoape pucpepvi lujgokig.','Sat Feb 20 2100') ;
INSERT INTO comment values('SkXOxQ9r-MFl', 'rJhGm9BbGte', 'bad-stew@gmail.uk','He kourifec co suheli wa eticeope moso foh nani atowumuc sowusbod he jif.','Sat May 24 2059') ;
INSERT INTO comment values('S1N_xQ9H-fKg', 'B1Z2f5BZGKg', 'keen-office@mac.uk','Zu pesupe ojosfu roz ji sazza bur zebwab ral su ro pizamel.','Mon Feb 27 2034') ;
INSERT INTO comment values('HJrdlX5HZMKe', 'S1phG9H-zFg', 'woebegone-coal@sympatico.com','Hi pofukol nabozim seihu edwad nuzu hivos nulewe gukvu rino getdabu tige ba ubwo var edcubu.','Wed Oct 11 2051') ;
INSERT INTO comment values('SyLOe7qSZzFg', 'S1phG9H-zFg', 'workable-story@hotmail.fr','Kij hesolej ocepuho lebavo ho uzuha hefrowtu lirebe moken matuvahe giguju luwgap ofe elkom gelsez gu cizojasu.','Mon Jul 08 2080') ;
INSERT INTO comment values('B1D_gm9S-MFl', 'S1UmcBbMtg', 'futuristic-humor@videotron.fr','Vomzabip uvma fu tamdit pi as to purewsu ki aholav fo ha nanelaz oglet vubkik.','Mon Apr 03 2084') ;
INSERT INTO comment values('BydOxX9BZfFg', 'H1HQqHbGtx', 'wooden-shelf@sympatico.io','Joce jev vuv benob hocnusu bujecbim juni osmat wobifu toc obi ikernon urucoc lumjegnu suibuloz us.','Mon Jan 15 2114') ;
INSERT INTO comment values('rJtdeX9rWMYe', 'HknS7qS-fKe', 'helpful-porter@sympatico.ca','Givsiz od gu gewa makro osifinihe ezovibji wanizuc wubsakna nu ba wehodu evjani patcodo ler nujni ece vouc.','Mon Dec 21 2082') ;
INSERT INTO comment values('BycOg7cHWfYe', 'r1uM75B-GFg', 'white-pollution@videotron.io','Affigziv epjuc bat ot olfil uhvewun padfitfij riozezow aflejo buow zadagzin ij powohgel hej bepiz ca fevav.','Sun Mar 25 2108') ;
/* Script generated Wed Feb 15 2017 11:44:58 GMT-0500 (Eastern Standard Time)*/

INSERT INTO follow values('blessed-blade@hotmail.us', 'paltry-invention@me.com', 'Thu Oct 26 2113') ;
INSERT INTO follow values('naive-toothbrush@mac.ca', 'helpful-porter@sympatico.ca', 'Sun Sep 09 2108') ;
INSERT INTO follow values('woebegone-coal@sympatico.com', 'golden-crayon@me.ca', 'Mon Jan 23 2023') ;
INSERT INTO follow values('nutty-queen@icloud.net', 'needed-purpose@yahoo.uk', 'Sat May 12 2085') ;
INSERT INTO follow values('woebegone-coal@sympatico.com', 'muddled-star@me.us', 'Fri Mar 12 2055') ;
INSERT INTO follow values('workable-story@hotmail.fr', 'quickest-insect@gmail.net', 'Sun Jul 20 2036') ;
INSERT INTO follow values('untidy-join@me.co', 'try-cemetery@videotron.uk', 'Sat Sep 28 2030') ;
INSERT INTO follow values('heroic-office@me.com', 'dirty-border@hotmail.ca', 'Wed May 28 2092') ;
INSERT INTO follow values('blessed-blade@hotmail.us', 'muddled-star@me.us', 'Tue Apr 28 2043') ;
INSERT INTO follow values('quickest-insect@gmail.net', 'thinkable-basin@hotmail.co', 'Mon Mar 30 2093') ;
INSERT INTO follow values('successful-fruit@mac.fr', 'macabre-tree@hotmail.com', 'Fri May 07 2106') ;
INSERT INTO follow values('nebulous-start@mac.uk', 'unknown-pizzas@icloud.us', 'Thu Sep 18 2092') ;
INSERT INTO follow values('exotic-business@videotron.co', 'macabre-tree@hotmail.com', 'Sun Jul 05 2043') ;
INSERT INTO follow values('lazy-nut@icloud.fr', 'heroic-office@me.com', 'Fri Jul 31 2037') ;
INSERT INTO follow values('thinkable-basin@hotmail.co', 'deranged-nest@hotmail.com', 'Thu Dec 14 2102') ;
INSERT INTO follow values('naive-toothbrush@mac.ca', 'lazy-nut@icloud.fr', 'Mon Jan 24 2089') ;
INSERT INTO follow values('animated-title@hotmail.io', 'abandoned-children@sympatico.com', 'Thu Feb 21 2058') ;
INSERT INTO follow values('nebulous-start@mac.uk', 'money-kiss@gmail.co', 'Tue Sep 15 2076') ;
INSERT INTO follow values('flowery-low@sympatico.fr', 'heroic-office@me.com', 'Fri Jun 12 2043') ;
INSERT INTO follow values('untidy-join@me.co', 'woebegone-coal@sympatico.com', 'Fri Feb 23 2091') ;
INSERT INTO follow values('lopsided-view@hotmail.ca', 'golden-crayon@me.ca', 'Fri Dec 19 2064') ;
INSERT INTO follow values('paltry-invention@me.com', 'faulty-wren@sympatico.co', 'Fri Aug 07 2071') ;
INSERT INTO follow values('opposite-fish@mac.us', 'untidy-join@me.co', 'Tue Jun 03 2081') ;
INSERT INTO follow values('slippery-development@me.io', 'try-cemetery@videotron.uk', 'Sat Mar 07 2071') ;
INSERT INTO follow values('deranged-nest@hotmail.com', 'opposite-fish@mac.us', 'Thu Oct 16 2042') ;
INSERT INTO follow values('nebulous-start@mac.uk', 'nutty-queen@icloud.net', 'Sun Jul 13 2059') ;
INSERT INTO follow values('successful-fruit@mac.fr', 'paltry-grain@icloud.us', 'Thu Jan 26 2073') ;
INSERT INTO follow values('blessed-blade@hotmail.us', 'hanging-root@hotmail.io', 'Thu Jun 06 2086') ;
INSERT INTO follow values('unknown-pizzas@icloud.us', 'lazy-nut@icloud.fr', 'Sun Feb 12 2079') ;
INSERT INTO follow values('exotic-business@videotron.co', 'dirty-border@hotmail.ca', 'Thu Mar 01 2068') ;
INSERT INTO follow values('lazy-nut@icloud.fr', 'faulty-wren@sympatico.co', 'Fri Jun 07 2024') ;
INSERT INTO follow values('macabre-tree@hotmail.com', 'opposite-fish@mac.us', 'Mon Jun 29 2082') ;
INSERT INTO follow values('rapid-space@hotmail.fr', 'nebulous-start@mac.uk', 'Tue Apr 02 2058') ;
INSERT INTO follow values('hanging-root@hotmail.io', 'macabre-tree@hotmail.com', 'Sun Jul 20 2031') ;
INSERT INTO follow values('try-cemetery@videotron.uk', 'macabre-tree@hotmail.com', 'Sat Sep 23 2079') ;
INSERT INTO follow values('opposite-fish@mac.us', 'unknown-pizzas@icloud.us', 'Fri Mar 12 2100') ;
INSERT INTO follow values('wooden-shelf@sympatico.io', 'money-kiss@gmail.co', 'Mon Apr 12 2100') ;
INSERT INTO follow values('money-kiss@gmail.co', 'foolish-voyage@sympatico.uk', 'Fri Nov 13 2043') ;
INSERT INTO follow values('macabre-tree@hotmail.com', 'woebegone-coal@sympatico.com', 'Thu Mar 14 2019') ;
INSERT INTO follow values('needed-purpose@yahoo.uk', 'successful-fruit@mac.fr', 'Fri Apr 18 2087') ;
INSERT INTO follow values('naive-toothbrush@mac.ca', 'quickest-insect@gmail.net', 'Tue Feb 08 2089') ;
INSERT INTO follow values('unknown-pizzas@icloud.us', 'workable-story@hotmail.fr', 'Fri Jul 12 2080') ;
INSERT INTO follow values('deranged-nest@hotmail.com', 'unknown-pizzas@icloud.us', 'Sat Oct 04 2036') ;
INSERT INTO follow values('cheerful-sheet@me.ca', 'fun-river@gmail.us', 'Sat Aug 13 2067') ;
INSERT INTO follow values('bad-stew@gmail.uk', 'flowery-low@sympatico.fr', 'Mon Nov 27 2062') ;
INSERT INTO follow values('lopsided-view@hotmail.ca', 'slippery-development@me.io', 'Thu Feb 17 2022') ;
INSERT INTO follow values('workable-story@hotmail.fr', 'helpful-porter@sympatico.ca', 'Sun Feb 24 2064') ;
INSERT INTO follow values('white-pollution@videotron.io', 'creepy-rice@yahoo.com', 'Thu Jan 13 2095') ;
INSERT INTO follow values('cloudy-coast@sympatico.uk', 'animated-title@hotmail.io', 'Mon Apr 22 2047') ;
INSERT INTO follow values('trashy-squirrel@me.net', 'futuristic-humor@videotron.fr', 'Tue Jan 29 2115') ;
INSERT INTO follow values('outstanding-stocking@hotmail.fr', 'helpful-porter@sympatico.ca', 'Thu Sep 02 2049') ;
INSERT INTO follow values('money-kiss@gmail.co', 'successful-fruit@mac.fr', 'Thu Oct 10 2052') ;
INSERT INTO follow values('lopsided-view@hotmail.ca', 'macabre-tree@hotmail.com', 'Mon Apr 05 2117') ;
INSERT INTO follow values('abandoned-children@sympatico.com', 'lopsided-view@hotmail.ca', 'Mon Nov 28 2039') ;
INSERT INTO follow values('dirty-border@hotmail.ca', 'flowery-low@sympatico.fr', 'Thu Sep 27 2091') ;
INSERT INTO follow values('golden-crayon@me.ca', 'quickest-insect@gmail.net', 'Mon Nov 14 2089') ;
INSERT INTO follow values('exotic-business@videotron.co', 'futuristic-humor@videotron.fr', 'Sun Aug 10 2070') ;
INSERT INTO follow values('creepy-rice@yahoo.com', 'faulty-wren@sympatico.co', 'Mon Feb 08 2049') ;
INSERT INTO follow values('blessed-blade@hotmail.us', 'needed-purpose@yahoo.uk', 'Mon Dec 19 2022') ;
INSERT INTO follow values('abandoned-expansion@hotmail.co', 'keen-office@mac.uk', 'Sun Mar 15 2065') ;
INSERT INTO follow values('cheerful-sheet@me.ca', 'curved-foot@mac.fr', 'Tue Aug 14 2063') ;
INSERT INTO follow values('hanging-root@hotmail.io', 'futuristic-humor@videotron.fr', 'Mon Aug 16 2027') ;
INSERT INTO follow values('nebulous-start@mac.uk', 'quickest-insect@gmail.net', 'Tue Dec 08 2026') ;
INSERT INTO follow values('successful-fruit@mac.fr', 'thinkable-basin@hotmail.co', 'Sun Aug 10 2081') ;
INSERT INTO follow values('abandoned-children@sympatico.com', 'nutty-queen@icloud.net', 'Sat Jun 12 2077') ;
INSERT INTO follow values('abandoned-expansion@hotmail.co', 'curved-foot@mac.fr', 'Tue Jan 15 2092') ;
INSERT INTO follow values('quickest-insect@gmail.net', 'flowery-low@sympatico.fr', 'Tue Aug 31 2106') ;
INSERT INTO follow values('slippery-development@me.io', 'opposite-fish@mac.us', 'Thu Jun 26 2025') ;
INSERT INTO follow values('nutty-queen@icloud.net', 'exotic-business@videotron.co', 'Fri Jan 25 2097') ;
INSERT INTO follow values('futuristic-humor@videotron.fr', 'animated-title@hotmail.io', 'Mon Dec 22 2036') ;
INSERT INTO follow values('abandoned-expansion@hotmail.co', 'untidy-join@me.co', 'Mon Feb 11 2097') ;
INSERT INTO follow values('muddled-star@me.us', 'untidy-join@me.co', 'Tue Nov 20 2040') ;
INSERT INTO follow values('fun-river@gmail.us', 'curved-foot@mac.fr', 'Sat Nov 17 2074') ;
INSERT INTO follow values('rapid-space@hotmail.fr', 'muddled-star@me.us', 'Wed Jun 02 2032') ;
INSERT INTO follow values('rapid-space@hotmail.fr', 'curved-foot@mac.fr', 'Fri Aug 08 2059') ;
INSERT INTO follow values('opposite-fish@mac.us', 'woebegone-coal@sympatico.com', 'Tue May 21 2115') ;
INSERT INTO follow values('trashy-squirrel@me.net', 'exotic-business@videotron.co', 'Mon Jul 30 2029') ;
INSERT INTO follow values('naive-toothbrush@mac.ca', 'needed-purpose@yahoo.uk', 'Fri Jun 21 2052') ;
INSERT INTO follow values('curved-foot@mac.fr', 'outstanding-stocking@hotmail.fr', 'Tue Dec 29 2071') ;
INSERT INTO follow values('untidy-join@me.co', 'wooden-shelf@sympatico.io', 'Tue Jun 27 2045') ;
INSERT INTO follow values('needed-purpose@yahoo.uk', 'foolish-voyage@sympatico.uk', 'Thu Oct 26 2028') ;
INSERT INTO follow values('cloudy-coast@sympatico.uk', 'abandoned-children@sympatico.com', 'Sat Jun 12 2094') ;
INSERT INTO follow values('animated-title@hotmail.io', 'woebegone-coal@sympatico.com', 'Sun Feb 25 2035') ;
INSERT INTO follow values('nutty-queen@icloud.net', 'foolish-voyage@sympatico.uk', 'Wed Nov 10 2077') ;
INSERT INTO follow values('animated-title@hotmail.io', 'slippery-development@me.io', 'Mon Jul 23 2046') ;
INSERT INTO follow values('lazy-nut@icloud.fr', 'futuristic-humor@videotron.fr', 'Wed Nov 29 2023') ;
INSERT INTO follow values('needed-purpose@yahoo.uk', 'lazy-nut@icloud.fr', 'Tue Sep 18 2018') ;
INSERT INTO follow values('keen-office@mac.uk', 'muddled-star@me.us', 'Fri Jun 21 2047') ;
INSERT INTO follow values('animated-title@hotmail.io', 'thinkable-basin@hotmail.co', 'Wed Aug 30 2102') ;
INSERT INTO follow values('woebegone-coal@sympatico.com', 'macabre-tree@hotmail.com', 'Wed Jul 08 2076') ;
INSERT INTO follow values('wooden-shelf@sympatico.io', 'helpful-porter@sympatico.ca', 'Sun Dec 04 2072') ;
INSERT INTO follow values('golden-crayon@me.ca', 'faulty-wren@sympatico.co', 'Mon Jun 10 2047') ;
INSERT INTO follow values('abandoned-expansion@hotmail.co', 'white-pollution@videotron.io', 'Fri May 09 2064') ;
INSERT INTO follow values('faulty-wren@sympatico.co', 'outstanding-stocking@hotmail.fr', 'Sun Oct 14 2074') ;
INSERT INTO follow values('blessed-blade@hotmail.us', 'try-cemetery@videotron.uk', 'Thu Apr 09 2071') ;
INSERT INTO follow values('abandoned-children@sympatico.com', 'cloudy-coast@sympatico.uk', 'Fri Jul 25 2087') ;
INSERT INTO follow values('faulty-wren@sympatico.co', 'trashy-squirrel@me.net', 'Fri Jul 14 2017') ;
INSERT INTO follow values('opposite-fish@mac.us', 'dirty-border@hotmail.ca', 'Sat Nov 08 2042') ;
INSERT INTO follow values('faulty-wren@sympatico.co', 'deranged-nest@hotmail.com', 'Sat Apr 11 2111') ;
INSERT INTO follow values('abandoned-expansion@hotmail.co', 'woebegone-coal@sympatico.com', 'Sat Apr 30 2089') ;
INSERT INTO follow values('nutty-queen@icloud.net', 'animated-title@hotmail.io', 'Sat Dec 30 2073') ;
INSERT INTO follow values('foolish-voyage@sympatico.uk', 'needed-purpose@yahoo.uk', 'Sat Jan 02 2083') ;
INSERT INTO follow values('wooden-shelf@sympatico.io', 'foolish-voyage@sympatico.uk', 'Thu May 25 2051') ;
INSERT INTO follow values('modern-crow@gmail.co', 'cloudy-coast@sympatico.uk', 'Sat Jul 13 2019') ;
INSERT INTO follow values('helpful-porter@sympatico.ca', 'abandoned-children@sympatico.com', 'Wed Apr 07 2094') ;
INSERT INTO follow values('muddled-star@me.us', 'opposite-fish@mac.us', 'Tue Jul 20 2106') ;
INSERT INTO follow values('helpful-porter@sympatico.ca', 'naive-toothbrush@mac.ca', 'Thu Oct 06 2039') ;
INSERT INTO follow values('woebegone-bulb@hotmail.fr', 'paltry-grain@icloud.us', 'Sat Apr 05 2110') ;
INSERT INTO follow values('paltry-grain@icloud.us', 'slippery-development@me.io', 'Thu Aug 09 2046') ;
INSERT INTO follow values('quickest-insect@gmail.net', 'helpful-porter@sympatico.ca', 'Wed Jul 25 2091') ;
INSERT INTO follow values('golden-crayon@me.ca', 'rapid-space@hotmail.fr', 'Wed Jan 08 2081') ;
INSERT INTO follow values('creepy-rice@yahoo.com', 'outstanding-stocking@hotmail.fr', 'Thu Apr 11 2069') ;
INSERT INTO follow values('paltry-invention@me.com', 'successful-fruit@mac.fr', 'Mon Apr 27 2076') ;
INSERT INTO follow values('rapid-space@hotmail.fr', 'woebegone-coal@sympatico.com', 'Tue Jun 08 2060') ;
INSERT INTO follow values('workable-story@hotmail.fr', 'white-pollution@videotron.io', 'Sun Jun 06 2027') ;
INSERT INTO follow values('keen-office@mac.uk', 'white-pollution@videotron.io', 'Sat Nov 22 2053') ;
INSERT INTO follow values('lazy-nut@icloud.fr', 'abandoned-expansion@hotmail.co', 'Sat May 30 2105') ;
INSERT INTO follow values('bad-stew@gmail.uk', 'cloudy-coast@sympatico.uk', 'Mon Nov 23 2020') ;
INSERT INTO follow values('workable-story@hotmail.fr', 'animated-title@hotmail.io', 'Wed Feb 28 2080') ;
INSERT INTO follow values('paltry-invention@me.com', 'muddled-star@me.us', 'Sat May 22 2106') ;
INSERT INTO follow values('fun-river@gmail.us', 'slippery-development@me.io', 'Tue Dec 11 2040') ;
INSERT INTO follow values('heroic-office@me.com', 'curved-foot@mac.fr', 'Wed Nov 30 2067') ;
INSERT INTO follow values('dirty-border@hotmail.ca', 'paltry-grain@icloud.us', 'Sun Aug 23 2037') ;
INSERT INTO follow values('successful-fruit@mac.fr', 'quickest-insect@gmail.net', 'Mon Feb 09 2082') ;
INSERT INTO follow values('deranged-nest@hotmail.com', 'exotic-business@videotron.co', 'Sun Jan 19 2025') ;
INSERT INTO follow values('successful-fruit@mac.fr', 'keen-office@mac.uk', 'Sat Aug 01 2054') ;
INSERT INTO follow values('helpful-porter@sympatico.ca', 'modern-crow@gmail.co', 'Wed Mar 19 2104') ;
INSERT INTO follow values('naive-toothbrush@mac.ca', 'golden-crayon@me.ca', 'Sun Jun 20 2060') ;
INSERT INTO follow values('wooden-shelf@sympatico.io', 'woebegone-bulb@hotmail.fr', 'Fri Aug 30 2069') ;
INSERT INTO follow values('dirty-border@hotmail.ca', 'keen-office@mac.uk', 'Sat Aug 04 2046') ;
INSERT INTO follow values('opposite-fish@mac.us', 'exotic-business@videotron.co', 'Tue Mar 12 2115') ;
INSERT INTO follow values('needed-purpose@yahoo.uk', 'rapid-space@hotmail.fr', 'Mon Mar 25 2058') ;
INSERT INTO follow values('faulty-wren@sympatico.co', 'bad-stew@gmail.uk', 'Mon Apr 01 2075') ;
INSERT INTO follow values('modern-crow@gmail.co', 'curved-foot@mac.fr', 'Sat Jun 29 2058') ;
INSERT INTO follow values('futuristic-humor@videotron.fr', 'cheerful-sheet@me.ca', 'Mon Jun 12 2028') ;
INSERT INTO follow values('heroic-office@me.com', 'wooden-shelf@sympatico.io', 'Sun Nov 25 2018') ;
INSERT INTO follow values('dirty-border@hotmail.ca', 'animated-title@hotmail.io', 'Thu Oct 28 2088') ;
INSERT INTO follow values('creepy-rice@yahoo.com', 'white-pollution@videotron.io', 'Thu Aug 27 2037') ;
INSERT INTO follow values('macabre-tree@hotmail.com', 'deranged-nest@hotmail.com', 'Tue Mar 19 2109') ;
INSERT INTO follow values('slippery-development@me.io', 'creepy-rice@yahoo.com', 'Sat Mar 11 2017') ;
INSERT INTO follow values('successful-fruit@mac.fr', 'paltry-invention@me.com', 'Mon Feb 25 2115') ;
INSERT INTO follow values('faulty-wren@sympatico.co', 'nebulous-start@mac.uk', 'Sat Feb 14 2082') ;
INSERT INTO follow values('macabre-tree@hotmail.com', 'lopsided-view@hotmail.ca', 'Sun Dec 06 2093') ;
INSERT INTO follow values('try-cemetery@videotron.uk', 'cheerful-sheet@me.ca', 'Wed Apr 22 2026') ;
INSERT INTO follow values('golden-crayon@me.ca', 'try-cemetery@videotron.uk', 'Thu Jun 28 2096') ;
INSERT INTO follow values('untidy-join@me.co', 'trashy-squirrel@me.net', 'Mon May 17 2032') ;
INSERT INTO follow values('dirty-border@hotmail.ca', 'needed-purpose@yahoo.uk', 'Thu Oct 26 2079') ;
INSERT INTO follow values('deranged-nest@hotmail.com', 'fun-river@gmail.us', 'Mon May 09 2072') ;
INSERT INTO follow values('cloudy-coast@sympatico.uk', 'modern-crow@gmail.co', 'Sun Jun 20 2049') ;
INSERT INTO follow values('abandoned-expansion@hotmail.co', 'cheerful-sheet@me.ca', 'Sat Apr 03 2027') ;
INSERT INTO follow values('cheerful-sheet@me.ca', 'foolish-voyage@sympatico.uk', 'Mon Apr 07 2098') ;
INSERT INTO follow values('hanging-root@hotmail.io', 'unknown-pizzas@icloud.us', 'Mon Nov 24 2081') ;
INSERT INTO follow values('heroic-office@me.com', 'workable-story@hotmail.fr', 'Thu Feb 24 2028') ;
INSERT INTO follow values('cloudy-coast@sympatico.uk', 'thinkable-basin@hotmail.co', 'Thu May 01 2064') ;
INSERT INTO follow values('slippery-development@me.io', 'animated-title@hotmail.io', 'Fri Jan 06 2062') ;
INSERT INTO follow values('muddled-star@me.us', 'macabre-tree@hotmail.com', 'Thu Apr 28 2039') ;
INSERT INTO follow values('woebegone-coal@sympatico.com', 'fun-river@gmail.us', 'Sat Apr 20 2041') ;
INSERT INTO follow values('dirty-border@hotmail.ca', 'untidy-join@me.co', 'Thu Jun 23 2107') ;
INSERT INTO follow values('macabre-tree@hotmail.com', 'untidy-join@me.co', 'Tue Feb 04 2020') ;
INSERT INTO follow values('dirty-border@hotmail.ca', 'heroic-office@me.com', 'Sun Feb 09 2048') ;
INSERT INTO follow values('white-pollution@videotron.io', 'nebulous-start@mac.uk', 'Wed Jul 31 2086') ;
INSERT INTO follow values('lopsided-view@hotmail.ca', 'needed-purpose@yahoo.uk', 'Mon Sep 23 2086') ;
INSERT INTO follow values('trashy-squirrel@me.net', 'rapid-space@hotmail.fr', 'Mon Jul 28 2098') ;
INSERT INTO follow values('abandoned-children@sympatico.com', 'needed-purpose@yahoo.uk', 'Fri Jun 10 2072') ;
INSERT INTO follow values('macabre-tree@hotmail.com', 'muddled-star@me.us', 'Mon Oct 14 2069') ;
INSERT INTO follow values('woebegone-bulb@hotmail.fr', 'thinkable-basin@hotmail.co', 'Fri Jan 14 2028') ;
INSERT INTO follow values('faulty-wren@sympatico.co', 'lopsided-view@hotmail.ca', 'Tue Nov 02 2060') ;
INSERT INTO follow values('blessed-blade@hotmail.us', 'helpful-porter@sympatico.ca', 'Thu Jan 10 2115') ;
INSERT INTO follow values('needed-purpose@yahoo.uk', 'muddled-star@me.us', 'Mon Jun 20 2072') ;
INSERT INTO follow values('paltry-invention@me.com', 'abandoned-expansion@hotmail.co', 'Fri Aug 29 2036') ;
INSERT INTO follow values('needed-purpose@yahoo.uk', 'animated-title@hotmail.io', 'Sat Jan 31 2111') ;
INSERT INTO follow values('lopsided-view@hotmail.ca', 'abandoned-children@sympatico.com', 'Fri Jul 30 2066') ;
INSERT INTO follow values('abandoned-expansion@hotmail.co', 'lopsided-view@hotmail.ca', 'Thu Aug 29 2047') ;
INSERT INTO follow values('thinkable-basin@hotmail.co', 'muddled-star@me.us', 'Sun Apr 25 2066') ;
INSERT INTO follow values('helpful-porter@sympatico.ca', 'untidy-join@me.co', 'Sun Nov 26 2017') ;
INSERT INTO follow values('white-pollution@videotron.io', 'quickest-insect@gmail.net', 'Sat May 10 2025') ;
INSERT INTO follow values('faulty-wren@sympatico.co', 'creepy-rice@yahoo.com', 'Sat Sep 11 2021') ;
INSERT INTO follow values('futuristic-humor@videotron.fr', 'try-cemetery@videotron.uk', 'Sun Feb 03 2058') ;
INSERT INTO follow values('hanging-root@hotmail.io', 'creepy-rice@yahoo.com', 'Mon Mar 15 2106') ;
INSERT INTO follow values('woebegone-bulb@hotmail.fr', 'slippery-development@me.io', 'Mon Apr 12 2106') ;
INSERT INTO follow values('creepy-rice@yahoo.com', 'exotic-business@videotron.co', 'Sat May 23 2116') ;
INSERT INTO follow values('fun-river@gmail.us', 'untidy-join@me.co', 'Thu Oct 24 2041') ;
INSERT INTO follow values('white-pollution@videotron.io', 'thinkable-basin@hotmail.co', 'Sat Jun 15 2115') ;
INSERT INTO follow values('abandoned-children@sympatico.com', 'foolish-voyage@sympatico.uk', 'Fri Dec 30 2072') ;
INSERT INTO follow values('lopsided-view@hotmail.ca', 'abandoned-expansion@hotmail.co', 'Wed Dec 26 2085') ;
INSERT INTO follow values('helpful-porter@sympatico.ca', 'bad-stew@gmail.uk', 'Tue Nov 27 2063') ;
INSERT INTO follow values('needed-purpose@yahoo.uk', 'fun-river@gmail.us', 'Sat Oct 27 2040') ;
INSERT INTO follow values('nebulous-start@mac.uk', 'faulty-wren@sympatico.co', 'Fri Apr 04 2031') ;
INSERT INTO follow values('abandoned-children@sympatico.com', 'try-cemetery@videotron.uk', 'Mon Jul 03 2113') ;
INSERT INTO follow values('keen-office@mac.uk', 'woebegone-bulb@hotmail.fr', 'Sun Sep 23 2103') ;
INSERT INTO follow values('deranged-nest@hotmail.com', 'muddled-star@me.us', 'Sun Dec 14 2087') ;
INSERT INTO follow values('woebegone-coal@sympatico.com', 'successful-fruit@mac.fr', 'Wed Nov 22 2090') ;
INSERT INTO follow values('animated-title@hotmail.io', 'cloudy-coast@sympatico.uk', 'Sun Apr 22 2114') ;
INSERT INTO follow values('successful-fruit@mac.fr', 'woebegone-bulb@hotmail.fr', 'Tue Jan 06 2032') ;
INSERT INTO follow values('modern-crow@gmail.co', 'creepy-rice@yahoo.com', 'Sat Feb 18 2045') ;
INSERT INTO follow values('naive-toothbrush@mac.ca', 'lopsided-view@hotmail.ca', 'Mon Mar 28 2078') ;
INSERT INTO follow values('lazy-nut@icloud.fr', 'keen-office@mac.uk', 'Sat Apr 23 2101') ;
INSERT INTO follow values('exotic-business@videotron.co', 'woebegone-bulb@hotmail.fr', 'Wed Aug 14 2069') ;
INSERT INTO follow values('modern-crow@gmail.co', 'abandoned-expansion@hotmail.co', 'Tue Apr 30 2058') ;
INSERT INTO follow values('heroic-office@me.com', 'hanging-root@hotmail.io', 'Sat Nov 11 2034') ;
/* Script generated Wed Feb 15 2017 11:44:58 GMT-0500 (Eastern Standard Time)*/

INSERT INTO message values('BkiOgQcrWztx', 'macabre-tree@hotmail.com', 'HyMVzqH-GFg','Thu Aug 08 2052','Unriv ocu ephubun pulor din aneledab vi ruhe babuvucap moihjid maavahan zoz.') ;
INSERT INTO message values('H1hdlXcBbzKx', 'unknown-pizzas@icloud.us', 'HyVVfqrZztx','Thu Feb 05 2054','Taz kicofmi nemmaj neh ditev kijuroce li culereolu fu hudo lotip ob cewut foomoih cev.') ;
INSERT INTO message values('SJa_g79HbfYx', 'naive-toothbrush@mac.ca', 'B1lEM9B-ztx','Tue Mar 21 2023','Rone mi vibag putac zecho pecu aj vagnuwto limretlob fov da bavne mutof.') ;
INSERT INTO message values('HJAdxX5rZzYe', 'faulty-wren@sympatico.co', 'ryxXGqH-fYl','Thu Nov 21 2052','Dararus wohfo tupop od pozfam bis hotizab unolih ibegefer muh jansedmoc cofude nopgek cebah.') ;
INSERT INTO message values('HJkKe79BbGYg', 'lazy-nut@icloud.fr', 'BJmVM5B-zFx','Mon Sep 19 2061','Zi wunwues la kum todboh pirwonaz fabze ofi daz du toche ubebi teat vogup solola afvusrig rab.') ;
INSERT INTO message values('BJltgXcBWGYe', 'quickest-insect@gmail.net', 'r1rXzcS-fFg','Sat Jul 02 2050','Pe jefzo adinurwi il riruk of gakra duwiw faca uczolloz guun meduhuju bo.') ;
INSERT INTO message values('Hy-Fxm9S-GKg', 'foolish-voyage@sympatico.uk', 'Sy-EM9r-fYg','Sat Jul 02 2101','Nubmi nihgate fap cociw va wiz cu cocfiwog ta widir belim kap mic.') ;
INSERT INTO message values('BJfFxX5HbGYg', 'money-kiss@gmail.co', 'BkrfzcBZfKe','Sat Jul 16 2039','Agizadev wer sikojti hauri va hezlapek gifo rizkouc ganesjo neroc mom vuvhe ib fo bi dobez mokbub.') ;
INSERT INTO message values('rJ7KeXcSZMKe', 'macabre-tree@hotmail.com', 'HyMVzqH-GFg','Thu Sep 26 2058','Wewliz biwan ij uce ni wi eg ho ahicu abere jipgicu ow sodgud.') ;
INSERT INTO message values('SJNFem9BWGYg', 'hanging-root@hotmail.io', 'Sy-EM9r-fYg','Sun Apr 30 2051','Na oji ja vuhaj ta riri morijvaf vihe amouponen lem zu jetrauga ohamejnuv ti uj digsiju rizbubu.') ;
INSERT INTO message values('SkHtgQqSZMtl', 'thinkable-basin@hotmail.co', 'ryFzMcrZGKg','Mon Dec 18 2023','Pusbuwve so pajomji ha necite go wiftilde lin nabna cehzu burkos gom ciepeve obcefu jiih kubdabi mu.') ;
INSERT INTO message values('ryUtxQqSZGtl', 'foolish-voyage@sympatico.uk', 'rJDNz5H-zte','Sun Jul 25 2027','Ibuute kafur upefocaz luhamzod egpic limava zigmamra ginod ewa kajhel fuanuwu baliusu af riulihe jihmobi.') ;
INSERT INTO message values('rkvKl7crWzKg', 'lazy-nut@icloud.fr', 'BJmVM5B-zFx','Wed Jan 08 2098','Vepomzi pikuc cipif judiko da zeke gacib popuric abge espep icdolkoc cisfujap nidgafe tawwuva.') ;
INSERT INTO message values('HkuYlmqB-fFg', 'fun-river@gmail.us', 'rkzBG5SWMYg','Wed Dec 16 2116','Raabi osuvusir ij vub korsi gisec fekti odefi fuhopus li kolomca ikile copoza dohejozol nec tub nadit bomgevfa.') ;
INSERT INTO message values('HkYtl7qBWfKg', 'fun-river@gmail.us', 'rkzBG5SWMYg','Fri Mar 18 2078','Leteut kutcak zonhi niumza jec ka ihve lipo fiawemu go gazit ekotobiw evoovuje ohi ocuvan kuwlipul eri caroh.') ;
INSERT INTO message values('rycYgX9S-zFx', 'abandoned-children@sympatico.com', 'BJ0QzcHZfFx','Tue Apr 01 2092','Ga jabniis sihecodi divta fudruet wuneden web napbihde egesetu ajo matemuc holhazho lozgaboro nobuwmu zeprecpe lowa konuchu.') ;
INSERT INTO message values('S1iYgQ5BbMFe', 'money-kiss@gmail.co', 'rkh4M5S-zFg','Wed Jun 04 2070','Geco jedegafa jekan difiofu mamev ta ajobe idoboc ge gutidzov agomacut mossuv sejje idumit notab wal.') ;
INSERT INTO message values('SknKlm5SWGte', 'foolish-voyage@sympatico.uk', 'rJDNz5H-zte','Tue Sep 18 2046','Dedjebe uvi ipdiimi cudlef figlaz vig kawvidac afziw kofehouwu vucib ruaccur dejruzja.') ;
INSERT INTO message values('BJptxQqSbzFl', 'fun-river@gmail.us', 'Hyazz5SbzFx','Wed May 28 2092','Bek terfe oti uc mec rejpa darov riuziv obiboz velwuj sel rifigada moclu zuvpu.') ;
INSERT INTO message values('S1RFxXcSWztg', 'nutty-queen@icloud.net', 'B15NfqSZfYe','Mon Mar 31 2098','Fuahicon gucadulob iz risbe bugapsab salolma sicdoh sadesewip divvaor fufobze cukpebi ozuh kapam ohi.') ;
INSERT INTO message values('r1JqxmcSbMKe', 'deranged-nest@hotmail.com', 'rypmG9SZftg','Wed Mar 25 2065','Vuwnof bewgo po de foveeti li pefda lerzicin ti okojoh en la ud mus fewi.') ;
INSERT INTO message values('Skg9g75rZzKl', 'wooden-shelf@sympatico.io', 'B1KVM5rbztl','Tue Jan 28 2031','Lopjupsup be joklir fifozucu ekdot negtujnu net homco diz wecmivguj iracusuw sedhop.') ;
INSERT INTO message values('SkZclmqSWzYx', 'nebulous-start@mac.uk', 'rkQMf5BWfte','Fri Nov 07 2110','Zetule sokde vascoda maksagco sezi ajeket imaij om enin vuijpi li noej dace mirofofi zuk mec mapuuva gi.') ;
INSERT INTO message values('rJGcl79SZGKg', 'rapid-space@hotmail.fr', 'BJnfMqS-ftl','Thu Oct 24 2115','Zuasuus adhu wuotuuf gewwila an ofhi adbi uhu urma wucbob an uchir vekmej wotkibik jogopiv wuphohvi.') ;
INSERT INTO message values('HJmqeX5rWfFg', 'macabre-tree@hotmail.com', 'ryxXGqH-fYl','Tue Jun 11 2052','Foz mifola lam owepav takezaz bo ori ab taj ep lo no ogiurlap kabrukko efa lipcejbac te.') ;
INSERT INTO message values('rkVcl79rWfFl', 'unknown-pizzas@icloud.us', 'HyVVfqrZztx','Fri Feb 20 2082','Cipwa ti dat baawot wuidbo gin pog koszoamo vapu otediw sag vegtu.') ;
INSERT INTO message values('rySqgQ5BZfFg', 'futuristic-humor@videotron.fr', 'HyVVfqrZztx','Sun Feb 28 2021','Lokzah ruvlit ohalu pazwini lofakike hed ovi ev ava juelim nitfit sume loplirfi.') ;
INSERT INTO message values('ryIce7cHZfFe', 'deranged-nest@hotmail.com', 'rypmG9SZftg','Thu Jun 21 2035','Satwaol ja wesobap ivama totso ar murhe tisucev muwru nabic ca buf.') ;
INSERT INTO message values('SyvqxQ5HZGtx', 'naive-toothbrush@mac.ca', 'rk-XGqBZGFl','Sat May 08 2066','Lizri iwbup wueseje tit lo vogad ohu henreh eli fibve ufveoj gaci iz viwug.') ;
INSERT INTO message values('SJ_5eX5r-GFg', 'money-kiss@gmail.co', 'r15MM9rbMFx','Thu Nov 03 2107','Motari evmelof si uvetac kerum pefa vi kucicmob upiso nozos warili si juczigvuf ebisuh parviguv ki davifead.') ;
INSERT INTO message values('B1F9xX5SZfYg', 'paltry-invention@me.com', 'BJ0QzcHZfFx','Tue Jun 09 2105','Pa ka bejuduha ragu ut fus arvum os fabla dac ibo hidbema bu dodas ji sil.') ;
INSERT INTO message values('By5qe75rbMYe', 'untidy-join@me.co', 'HJGzGqSbGFl','Sat Jul 08 2051','Iwiruho ze zeza usoam uz luociuho refzadba komrov popopcaf boh divupo vofid huthah lub.') ;
INSERT INTO message values('rJs9lX5S-zYe', 'paltry-invention@me.com', 'Sy-EM9r-fYg','Wed Jan 21 2026','Raz tas diweje letetkap ifaaj judpo cipa awu sutec ga rek sata.') ;
INSERT INTO message values('r135lX9BWMtg', 'untidy-join@me.co', 'By64G5HWztg','Mon Nov 18 2109','Zaw zenheef gotu wugecipa wib pegim va basjaman azehahen paiti zipev cugkurbif ina ucbap.') ;
INSERT INTO message values('Sypql79SWfKg', 'untidy-join@me.co', 'HJGzGqSbGFl','Tue May 09 2079','Lozu lev fajtuvo dehdut divlena lovarolo kuvfagi deb pegosi rejroraf perim rahrurvas.') ;
INSERT INTO message values('rkC9x7qBWGKx', 'money-kiss@gmail.co', 'BkrfzcBZfKe','Tue Oct 27 2043','Se ufpe kicujfur odi opa vehurte hadsavu su ma pekieru agam cudegsir.') ;
INSERT INTO message values('rJysxmcSWMte', 'macabre-tree@hotmail.com', 'ryxXGqH-fYl','Sun Apr 30 2023','Aguhto jif ges gajik vi lov molac abimac gu duzbe igne fir wisve bihhoef rub.') ;
INSERT INTO message values('B1ejx7qSbfYl', 'hanging-root@hotmail.io', 'Sy-EM9r-fYg','Sat Jul 03 2049','Wil tebhehic il emoat zomus gas nobdeab ifwuc enuhaj vovvufpo kaliz oj awo cidzujhav ijiuja.') ;
INSERT INTO message values('H1bsl7qrZGFe', 'needed-purpose@yahoo.uk', 'S13Xz9rZzte','Wed May 18 2050','Omi fon ule uvvidow woredi mojbig im vag vek dawha tapko deajawob ponluspu.') ;
INSERT INTO message values('B1Mie75SbfKx', 'woebegone-coal@sympatico.com', 'Sk_NGqrbfFg','Tue Aug 26 2025','Jenami tukijbag si bewul jaw jiware sejwupik ga ligdit neg zolgig ceve abi hun.') ;
INSERT INTO message values('BJmoe7cHZfKe', 'deranged-nest@hotmail.com', 'S13Xz9rZzte','Tue Aug 11 2048','Tamcocu lultivvi hawhewlaz okidu tekuj botesna goowi ule zuliwjum vanowaves vasenori vatob jozgoehu tijejla dop funorroz.') ;
INSERT INTO message values('HJ4sl75r-fFe', 'rapid-space@hotmail.fr', 'BJnfMqS-ftl','Sun Nov 26 2045','Podweku uwta tikuha irve femija epiv pa zizje tin fuhetud donuote guim ponokane is wew wojus wijviglo iga.') ;
INSERT INTO message values('ByHslQ5SbfYx', 'exotic-business@videotron.co', 'BJ5mz9H-fFl','Fri Sep 25 2026','Louvka ful ta arpiboh huvluke robtodki zuzow bimajlud timo ic mut nofeh.') ;
INSERT INTO message values('HyUslm5r-GKe', 'money-kiss@gmail.co', 'rkh4M5S-zFg','Sat May 02 2105','Piocoke keg micuk sookvu doag ussatez zoebi gojpih wegli kosce ubeguvbu acdewjoc un le kutopul ke agoape.') ;
INSERT INTO message values('SJDjxQ9rZfKx', 'futuristic-humor@videotron.fr', 'HyVVfqrZztx','Wed Aug 14 2058','Podenuuh osoru ziw je peluku maowibe biv penbep tazvafaz vaoduse wotabmer mambe nirno.') ;
INSERT INTO message values('SyOseQ9rWztg', 'nebulous-start@mac.uk', 'BJV7McBZzKl','Thu Nov 14 2080','Ved jatat duzduilo udi jamlut eja pareoga vus ga el di peh devecgu ti beoce.') ;
INSERT INTO message values('rkKil75SbzYe', 'paltry-invention@me.com', 'BJ0QzcHZfFx','Fri Jan 15 2049','Ato hoan nol kenefbo uggute gilbuko kufum ejage hoh ar bu nahtejwa injatos.') ;
INSERT INTO message values('Sycoe7qrWztl', 'naive-toothbrush@mac.ca', 'rk-XGqBZGFl','Thu Feb 09 2051','Pe penow muwewvu gek razavjaj agdip vakir podewla vohibbah ce romugojos por guj ek usoiwe.') ;
INSERT INTO message values('rJoog7qBWMKg', 'money-kiss@gmail.co', 'rkh4M5S-zFg','Fri Feb 14 2031','Abfo enfazu buwmar ja recdulgez ipe dem docevuz bik cackiwwed luh ozwezvo.') ;
INSERT INTO message values('S1njlQ9SZzKg', 'abandoned-expansion@hotmail.co', 'Sy8QzcHbzFl','Sat Sep 11 2077','Icherbab momo pum reprojge uracel isa bu luh dolavda rabho uziavi itkeij fa mimavab gesvewel agiis juk ac.') ;
INSERT INTO message values('rJTig79BWzYx', 'naive-toothbrush@mac.ca', 'rk-XGqBZGFl','Wed Sep 19 2029','Jonadda warhi tuj laso cur lak bu mud guggewov dirnizun figmuv gaja hebelhem buvihsaw remes lah.') ;
INSERT INTO message values('SyAoxX5BWztx', 'bad-stew@gmail.uk', 'SkjmzqBZMte','Thu Dec 27 2108','We howtub eb konhe rufa ebaiwiof beelbev la waluufu heis nugan gioce muzse ve fonuf.') ;
INSERT INTO message values('BkJnl7cS-MYg', 'paltry-invention@me.com', 'BJ0QzcHZfFx','Wed Jul 22 2093','Opfu cohug zivwe wo dapon kegofi ga ka camejuv ugciara folipfo jegujah.') ;
INSERT INTO message values('Hke2xXqHbGtg', 'needed-purpose@yahoo.uk', 'S13Xz9rZzte','Sun Aug 09 2093','Cajus wi gi nidonub zevmece na we gisibu gacgusum hezil ohci bov oguce uge kezet nico tutit.') ;
INSERT INTO message values('S1-ngQcB-zKl', 'nutty-queen@icloud.net', 'B15NfqSZfYe','Mon Feb 05 2085','Gogiteg jonuw parluhu faukame oka nirjoho setok dozuged ka jedhevag guthiw pifotbij.') ;
INSERT INTO message values('H1z2x75rWfKx', 'abandoned-children@sympatico.com', 'BJ0QzcHZfFx','Mon Mar 16 2065','Kubifopud ror powipji nunu waog wava siw gazle was dufoje bup ce.') ;
INSERT INTO message values('rym3x75HbGtg', 'exotic-business@videotron.co', 'BJ5mz9H-fFl','Thu Jan 12 2034','Killah iza sed rahoce nelbeswit omo sig tesvajduv zaj tojetoif ofacasfac me vagibulu isinagowa kodfa jibkek.') ;
INSERT INTO message values('Bk4nlm5SWfKx', 'paltry-invention@me.com', 'Hyazz5SbzFx','Fri Apr 10 2048','Orwub gisuroawe penedti me la wonafvu lun fo lokvoza ocsen zozruz peprios olnekmo wugtaip iwzikug genasi eve.') ;
INSERT INTO message values('rJrhl75BbMtx', 'hanging-root@hotmail.io', 'Sy-EM9r-fYg','Sun Nov 15 2048','Lepwamnet zo domsa vuhorec mujdac nikrubdaw wumme wajnud jesir rownetfa puc dikbadre mumzu vo kilcud ibi ujojic afa.') ;
INSERT INTO message values('HJIhxQ9HbfKe', 'abandoned-children@sympatico.com', 'BJ0QzcHZfFx','Thu Apr 01 2032','Vufeflav hovuvaf zaphuve ko usro usbeva adamuuv mag fin di dabucu volilru dowacdi wiogo iddozac giz cedozjof vurkogar.') ;
INSERT INTO message values('BkPhe79B-Mtx', 'nebulous-start@mac.uk', 'BJV7McBZzKl','Thu Oct 04 2074','Zilfajihe rizti urapiwe fu zecucekeh tadafnec uzfouca wes oso oljet nuvluc dejac burimpun nuk nolcipuv uvizo ka tup.') ;
INSERT INTO message values('rkuhxQqr-MKe', 'naive-toothbrush@mac.ca', 'rk-XGqBZGFl','Mon Feb 04 2019','Il an zubkabi oko tin celaawi nepo opi efa hepgaje zu lodecisu.') ;
INSERT INTO message values('Hyt3e79rZMtl', 'paltry-invention@me.com', 'Sy-EM9r-fYg','Mon Dec 16 2019','Isucevi cev ga moubvow dog zuzsep guifaap resbom naked kepno edle mijuf ro noigzi nas.') ;
INSERT INTO message values('BJ9nlXcr-fKl', 'fun-river@gmail.us', 'Hyazz5SbzFx','Fri Oct 14 2078','Nuon izoob oruji zuhjib zefid tabe sihzof vek linrit wesnumef itka lusufguj vaezo bofewez.') ;
INSERT INTO message values('Syj2xm5rbfFg', 'untidy-join@me.co', 'r15MM9rbMFx','Thu Sep 16 2117','Dofwudkiz lajate wezobu zudsa ipa si akega wawpude kid usere taafagu padepini.') ;
INSERT INTO message values('SJ2nlX9H-fKx', 'thinkable-basin@hotmail.co', 'BysEz5BWGtl','Sun Oct 20 2030','Tusrevco jinluhlih ogedimo sa ico banudec lil zo cabgik giloset an uruziha.') ;
INSERT INTO message values('rkp3l7cHbMKe', 'nutty-queen@icloud.net', 'HyHVMqSZfYx','Fri Jan 03 2081','Tawrude laaf efo sar kad us ehu doso ef uz lemib sofma im.') ;
INSERT INTO message values('B1C2l79HbGKg', 'exotic-business@videotron.co', 'BJ5mz9H-fFl','Tue Mar 04 2025','Nev nun fuzab cat mewnowun racjuh ociak su ron oga fi vom paje kafrotce kuru.') ;
INSERT INTO message values('H1kaxmcBWzYl', 'rapid-space@hotmail.fr', 'BJnfMqS-ftl','Sat Sep 12 2076','Mivulema weicewi duukpic ufuammu beke jakduk gu lazo pid wohezi he lasnalgiz hoshe ikni lewkat ojru inheldiw lur.') ;
INSERT INTO message values('Hkx6gXqSZMFl', 'money-kiss@gmail.co', 'BkrfzcBZfKe','Thu May 25 2045','Maba gickah femadda emiawre tac ladrufa ugsut eztovli avubo huepole edaanajem ruz unna zuofimon dohba webrocjew.') ;
INSERT INTO message values('r1-pg79HbzYx', 'paltry-invention@me.com', 'Hyazz5SbzFx','Thu Jun 27 2109','Si imcat mez ecizekna mo jumimu iliidaeh tufvide didzag kotven guh foid ora ruzohtaz hezubozen uw.') ;
INSERT INTO message values('BkMaeQqH-fKe', 'money-kiss@gmail.co', 'r15MM9rbMFx','Mon Nov 08 2066','Cuwsa veikeuvu kepon ipjumaw ot cur go ganegsac pojcu pezewubok jo zizi eberucu bu fezgepte rompe.') ;
INSERT INTO message values('rk7pxm9BZzYx', 'unknown-pizzas@icloud.us', 'HyVVfqrZztx','Tue Jun 17 2053','Lo pah age ip isti hev anoji odoub adien up jubhunow kuri ve.') ;
INSERT INTO message values('SJEplQqH-MYx', 'hanging-root@hotmail.io', 'Sy-EM9r-fYg','Sun Aug 23 2043','Fuzro fatzon ut ofavop wavi fimbac uk bibaaj ket oc kusdoz bup vicoruza inbil somfitde jodhizkaw irazdo laj.') ;
INSERT INTO message values('ByBaxm5S-MFg', 'untidy-join@me.co', 'r15MM9rbMFx','Thu Jul 26 2029','Demogauta ozficje big jascu von ta noga eb urjeval tion vuizo gizabo vit ko sa siupu kafnigih.') ;
INSERT INTO message values('BJUplQcBWMYe', 'quickest-insect@gmail.net', 'HJGzGqSbGFl','Wed Sep 16 2116','Avuul silnu telpu codkozkav co putwigew cizvecve ho kut fak movi kupac gejomgu tihanhu vet.') ;
INSERT INTO message values('S1wTx79H-MKe', 'futuristic-humor@videotron.fr', 'HyVVfqrZztx','Mon Nov 07 2044','Nejizu now jeseg ho nikre riwuffag lunonuh if rejad esauv betki rehjuvza opidiz.') ;
INSERT INTO message values('B1_aeQ9rWGFe', 'wooden-shelf@sympatico.io', 'B1KVM5rbztl','Thu Apr 14 2101','Zupube aru luid ava bem habonagi wu lukti nauvu eb pa abika buntet.') ;
INSERT INTO message values('SktTl75HZztl', 'money-kiss@gmail.co', 'rkh4M5S-zFg','Fri Sep 03 2117','Je uwluva bazu tovsoc hukutuz ru za hikivtap puh addepdot wurik hewhep peakel wuvuv.') ;
INSERT INTO message values('rk56lX5rWfFe', 'heroic-office@me.com', 'SyDfG5HZMFl','Fri Apr 23 2032','Cug zokohi tivfu jicifgom bison jut tulesese larez jinamimam oc ka vab ug.') ;
INSERT INTO message values('H1i6emcrWGYe', 'paltry-invention@me.com', 'Sy-EM9r-fYg','Sat May 31 2098','Figokmud wesepi romip soet su ga ge apo olerijje abozickig rudguwze edurengog eh ehhi rumveguf babiz orihe jebuwuk.') ;
INSERT INTO message values('HJnaemqSbGtx', 'untidy-join@me.co', 'r15MM9rbMFx','Sat Oct 30 2032','Bezuw gef ujakib casawpog keluz cahtul gukew apogojze ved zeele kolafe wap kan pegagtic boje advutap.') ;
INSERT INTO message values('By66xX9rbfYe', 'deranged-nest@hotmail.com', 'rypmG9SZftg','Fri Oct 19 2046','Haw pub pa gutleltem doprebin awtevok bogte su surasu tibubzi itke zi feweloj ol reivedus gep bel apa.') ;
INSERT INTO message values('rkR6l75rZzFl', 'nebulous-start@mac.uk', 'BJV7McBZzKl','Sat Dec 02 2079','Kofjiw posad ed lubegza basre jefi kelnoupi izuvube fudirbe madu tefeduh ne kovuvde.') ;
INSERT INTO message values('BykAxXqrbMYl', 'bad-stew@gmail.uk', 'SJyQGqBZftg','Wed Dec 19 2029','Aw vab re soruz ledjifuv mejafre bi nidlosgo fanlotki luh wa fofduvi dojhun iwanik.') ;
INSERT INTO message values('SJgClmcBbMFg', 'untidy-join@me.co', 'HJGzGqSbGFl','Mon Sep 12 2112','Jihfowsi ki rijuzor doke hatotri pi eddissos ne laten rinliz elarifac tab lub fu dawpacbal tegwedvo vocdazne.') ;
INSERT INTO message values('Byb0lQ5BbzKg', 'paltry-invention@me.com', 'Hyazz5SbzFx','Sat Dec 27 2087','Iti godez sirmiput neosfep utimig ijsebol duotlig ubo jesfi ih nil ze tizzuza.') ;
INSERT INTO message values('SkzClQ9rWGKg', 'wooden-shelf@sympatico.io', 'B1KVM5rbztl','Sat Apr 07 2096','Govwun was siz gega foro coscupme vumirag eh jez nul za zon hu vearpev jojeh ef secel.') ;
INSERT INTO message values('ry7AgQ5BWzYg', 'hanging-root@hotmail.io', 'Sy-EM9r-fYg','Sat Oct 29 2022','Uh bon nesonle cicup lu lofu dar zeh fihen ziciav jadjiobu enke vunupbu.') ;
INSERT INTO message values('B1EAlm5rWGYg', 'heroic-office@me.com', 'SyDfG5HZMFl','Fri Feb 09 2052','Eccaed oget awa pis zava sisi waza lodta bafon to jawwor emduc.') ;
INSERT INTO message values('SkHCem5BZfYe', 'untidy-join@me.co', 'r15MM9rbMFx','Sat Oct 28 2023','Muro ibouc nabliam canmu caltompe ponjotog vezejto goz heoh jo humi reko ze ka dika kiruk wetcote ucdobla.') ;
INSERT INTO message values('S1IAl79S-GFe', 'woebegone-coal@sympatico.com', 'Sk_NGqrbfFg','Tue Mar 03 2116','Dajeji ratedki cevuk miofwip eluodfap zepdar ewpimtog hot ge go vufebluf sep libatzuv olukosgob veginuv ti.') ;
INSERT INTO message values('r1P0gX9rWfFl', 'foolish-voyage@sympatico.uk', 'Sy-EM9r-fYg','Wed Nov 24 2083','Uk befha omen ocoge zuemegu gumrik mosop poregmuc vavesi zeofu gil wagse onihiojo.') ;
INSERT INTO message values('rJu0l7cSWfKx', 'paltry-grain@icloud.us', 'Sy8QzcHbzFl','Sat Oct 21 2023','Di ipi vuldi jegvucoj hajpe wilzaw ajugubuh no ma bacuup kodpaskif cusev jajdo jup.') ;
INSERT INTO message values('HyYRx7qB-zKe', 'quickest-insect@gmail.net', 'r1rXzcS-fFg','Mon Aug 03 2105','Jizunnus bupcip ze zi tumdecuf cotuw wowki jaenhoj vulmarif fudtuhi tipogten fehiv.') ;
INSERT INTO message values('BJcRlmqBbztg', 'untidy-join@me.co', 'r15MM9rbMFx','Fri Jan 09 2060','Bupib piv pu vib romo irireum lu cozpip romhevo san ha tobzib fafa.') ;
INSERT INTO message values('HyoCxXcSWMFg', 'money-kiss@gmail.co', 'rkh4M5S-zFg','Sat Dec 03 2033','Gumo cic ekahoc zitadfi ogiof me viwtubi boigli fuwogadoz zijuguvir heldudo dobre niwjiccih wo dasbic mebe zo.') ;
INSERT INTO message values('HynClmqr-MFg', 'paltry-invention@me.com', 'Hyazz5SbzFx','Sun Oct 05 2081','Acu dawogi okjivuv obak sog cehomwud wi avzu co bugjut zegsih siwepi ajol takhoj jekdonfeh hazgooj ew urlo.') ;
INSERT INTO message values('SJTAxXcr-zKg', 'abandoned-expansion@hotmail.co', 'Sy8QzcHbzFl','Tue Feb 02 2044','Hawzofud tuz okunivu ko jobhif jot falonuori ferka hu kuugnan vem pabeg.') ;
INSERT INTO message values('SyR0xXqBbftg', 'macabre-tree@hotmail.com', 'HyMVzqH-GFg','Wed Apr 17 2047','Daaroem enwicjod dozlu onemiva ba ce hejopokez ber ga aniizgaj tuw sufasutu.') ;
INSERT INTO message values('BJ11WX5SZGYx', 'lazy-nut@icloud.fr', 'BJmVM5B-zFx','Sun May 31 2048','Fepav givem simri ligje iptehib ma kuc jozeh suluhra dij taf tifwemu.') ;
INSERT INTO message values('r1x1WQqB-fKg', 'nebulous-start@mac.uk', 'rkQMf5BWfte','Thu Oct 10 2097','Nucuj osare te nagbuk fu zufuvsog uvowov fib lerezvig kaszitet abnurzi gasu dosuv.') ;
INSERT INTO message values('HJbJbQqSWfFe', 'modern-crow@gmail.co', 'HyMVzqH-GFg','Tue Sep 09 2110','Gamsa revurpu biko kecizow hek mim paj neorfe paji atju sukro duz jour wufa botu.') ;
INSERT INTO message values('HJzk-X9S-zKl', 'fun-river@gmail.us', 'rkzBG5SWMYg','Fri Jun 19 2076','Purwuh zivla rirarpal nibvoc pi jovke ba zacadki pe ac hahbu go me elesa veptu fit.') ;
INSERT INTO message values('S1mJbXqHbfYl', 'unknown-pizzas@icloud.us', 'HyVVfqrZztx','Wed Sep 26 2018','Secnirkan pe gasvaco hab penhow es rekcun wu ruprogep fos nepiid buv.') ;
INSERT INTO message values('ry4kZQcHbMYg', 'unknown-pizzas@icloud.us', 'HyVVfqrZztx','Mon May 21 2046','Lawvi pa odnidto vi es vafrit iwolu fi ufiwut teh givwak fe wurudizuf esu rabdopin moghima ne fowtidoj.') ;
INSERT INTO message values('BkryZm5HWGFg', 'thinkable-basin@hotmail.co', 'BysEz5BWGtl','Fri Jan 12 2091','Fogife jerev rukjagho awuperkac sinhikku da gubwes ale begorehu tibus tet ribihub dacvi.') ;
INSERT INTO message values('SyUkW75SZMKe', 'fun-river@gmail.us', 'rkzBG5SWMYg','Fri Dec 02 2050','Sitlegnul datejew ugarib cohec hadheb ekorimho sewa ful ojuceg jakdeh gutco ozsokiw pe go evurok ewa mofi.') ;
INSERT INTO message values('HJDk-7qr-fKl', 'naive-toothbrush@mac.ca', 'B1lEM9B-ztx','Mon Sep 24 2029','Pa usbu cinogan jas gegobji si pos vabhe poefocev logpag lizsu lukkiud.') ;
INSERT INTO message values('ry_JbQcrWGKe', 'untidy-join@me.co', 'By64G5HWztg','Sun Sep 12 2060','Osjuzef webke zuv zosi lec sofnika tefwupfi hidi beccol id fapoluc misgo umre fugjebed efemas faf akorofi pohidre.') ;
INSERT INTO message values('rJKJZm9BWMYg', 'abandoned-expansion@hotmail.co', 'Sy8QzcHbzFl','Wed Jun 26 2115','Bueruko mejraruj ejidette he ruvno riz kig wad ziwhu abaofohu mo ta fotpuhkin cirosiw.') ;
INSERT INTO message values('Sk91Z75rbzFx', 'paltry-invention@me.com', 'Sy-EM9r-fYg','Thu Aug 04 2101','Up zik be lez nof dewiziv kuklakow lelag pev ti vohpani jucu kizaguz nuugu pun.') ;
INSERT INTO message values('Hkjkb7qrZzFe', 'paltry-invention@me.com', 'BJ0QzcHZfFx','Sun Jun 10 2018','Totocaiwe soze casgimbi wa fa sec nunkidgu izokovge bolad dobu taldor lededo te hi gokju pi ruzi me.') ;
INSERT INTO message values('r13yWX5HbzYl', 'lopsided-view@hotmail.ca', 'ryxXGqH-fYl','Thu Sep 22 2095','Digrofo zic nercer we gigid puzzob kes nidat ifzedag dof amo hojlonpe.') ;
INSERT INTO message values('HyTkb7qH-zKg', 'futuristic-humor@videotron.fr', 'rkQMf5BWfte','Sat Mar 08 2059','Walejir cenzezbo irasofo vonom walud av suvbu hovregah li gek fu oh jachita wanveebo votafak horvaiga tehudori.') ;
INSERT INTO message values('rJAJ-7qBZfFl', 'untidy-join@me.co', 'By64G5HWztg','Wed Jan 16 2030','Of gec ra salovsu kuc nugekek tez wed nat as co cikuz nimsit ocnug.') ;
INSERT INTO message values('rkkx-QqBZGFl', 'needed-purpose@yahoo.uk', 'BJmVM5B-zFx','Sat Feb 10 2091','Vuvaz uravem fadegir kome setpow du ge neero jijbon ke sabewev secbaput ran sinuvoga iwe foul iczul.') ;
INSERT INTO message values('r1xgWX9rZfFe', 'lopsided-view@hotmail.ca', 'ryxXGqH-fYl','Sat Mar 10 2018','Dackacvan elosi gebwov zahegico cezejet isfaz fepo pe jazodowo uki redika ogucgu biuwepih uf ves lu to.') ;
INSERT INTO message values('r1-lZQcBZMtg', 'paltry-invention@me.com', 'BJ0QzcHZfFx','Sat Jun 18 2101','Wu lu gavfuto voubutam laj loki fe eni neche rarode si ivkikag vovbipel je le.') ;
INSERT INTO message values('ByzeWQ9HZMtl', 'nutty-queen@icloud.net', 'HyHVMqSZfYx','Fri Jan 03 2020','Upa ri mowalab be bohwobve educa cebannu neknu if uhe nargetu to kujelli povnuz.') ;
INSERT INTO message values('HkXebXcHZGYg', 'modern-crow@gmail.co', 'HyMVzqH-GFg','Wed May 15 2109','Tufocji zepojo omiumsug wadhik jofadji monvesut tuz vicwilral siknebut keril lotdizre ufjof.') ;
INSERT INTO message values('SkNlZQcSbMFg', 'untidy-join@me.co', 'r15MM9rbMFx','Wed Apr 09 2031','Nuc ze lozrukpi hu ki neincuj kakukjuv widit dowenhac lujulza hizelo atihi ge.') ;
INSERT INTO message values('BJSgW79rbztl', 'hanging-root@hotmail.io', 'Sy-EM9r-fYg','Sun Aug 04 2058','Wuwubopu zatbitmok co wetninwa cogso otesu detios riz fodajek wo siakaosu acuceg ose iwi lidtugo apume tasuj.') ;
INSERT INTO message values('HJUgbXcHZGFl', 'abandoned-children@sympatico.com', 'BJ0QzcHZfFx','Mon Feb 14 2107','Cuz coc gof cafugen gueha ipu uvidahu fiwi ehuvorbu migaj opoles ku vusepuma suzo wouh rite ju.') ;
INSERT INTO message values('B1wxZ79rbfFl', 'futuristic-humor@videotron.fr', 'HyVVfqrZztx','Wed Jun 26 2109','Weujuvif gosal devbup tajut bic hiti sukjafup hecsecsi uljivesu firinco fuscewta wez tativ lazefnu ve jeh pojo ku.') ;
INSERT INTO message values('rJdlWXcS-zYe', 'wooden-shelf@sympatico.io', 'B15NfqSZfYe','Sun Jan 21 2085','Buzhoja tis du apowamhuv fivgit uzaden tuz cenra ensa susoef wikagen tocemohem du ku.') ;
INSERT INTO message values('SyKxWXqHZfYg', 'hanging-root@hotmail.io', 'Sy-EM9r-fYg','Sat Oct 03 2043','Ne onbeddiv rug cinmon owerearo vimfidol petugo hufaw foghup gah saze pise kus ac fom fukaber ecewel.') ;
INSERT INTO message values('Sy5xb7crbfFg', 'bad-stew@gmail.uk', 'SkjmzqBZMte','Fri Jan 19 2103','Ohawahhi am nawekcuc liumvas apgis zamut evi uwfuwpon vebe va jorid uviuko tebzahri mi wadapi zoh vopowofu kurjoruv.') ;
INSERT INTO message values('Bkog-79BWGFx', 'money-kiss@gmail.co', 'BkrfzcBZfKe','Fri Jun 02 2017','Hed ob taip alieki or je duppokuk kit gizga baz upibauma followi jo bilcitiri pejag buiv sazcun kukozji.') ;
INSERT INTO message values('Sk2l-X9HZfte', 'macabre-tree@hotmail.com', 'ryxXGqH-fYl','Thu Feb 15 2024','Lepen linakda vubzelir vukfejnag gudaffin dawip mikupa kopti otujheh bohohib boobaja ihuwib.') ;
INSERT INTO message values('Hk6lZ79r-GFe', 'paltry-invention@me.com', 'BJ0QzcHZfFx','Thu Jun 06 2115','Cipzadu ipvi simsit ate et kiol je li bovol wutihap ko lo puv.') ;
INSERT INTO message values('H10eb7qBWfKe', 'unknown-pizzas@icloud.us', 'HyVVfqrZztx','Thu Jun 09 2067','Gocovwow zilekuw bi tib suz muzcud sel saf zeva ranva agu pu mo le cule nuvluv.') ;
INSERT INTO message values('rJkZWm5SZzKl', 'nebulous-start@mac.uk', 'BJV7McBZzKl','Tue Feb 15 2061','Heula zoam ziavu da sisfibiz ogu vedmutbap jov lirfisek suhit pimul cawvog uhomodpi.') ;
INSERT INTO message values('B1xbbm5rZzYl', 'macabre-tree@hotmail.com', 'ryxXGqH-fYl','Thu Jun 13 2030','Kinulsa rafnew jedke kuk wug huworme zin mew nim lisodu kawhuek henul kovah.') ;
INSERT INTO message values('S1bWWQ9HZftg', 'money-kiss@gmail.co', 'r15MM9rbMFx','Wed Sep 11 2052','Ugi lielaul rabricez ocucili azigfik uhijuemo gaebalo mazzu vupuh pow ze si gigdi becuwar.') ;
INSERT INTO message values('BkzbZ7qBbMYe', 'money-kiss@gmail.co', 'BkrfzcBZfKe','Mon Mar 31 2031','Hu umdogol sacik tueku babaavu hedvifgu douglo ojiwob uso ka idajacen iberomoc toh keb rapi fefuc.') ;
INSERT INTO message values('ByXW-m9rWGYx', 'needed-purpose@yahoo.uk', 'BJmVM5B-zFx','Thu Jul 01 2077','Huwuvpu bic idesoj ceghul pehi cigha gu hedewes vevvoja dagav jon no fogi ipema puf ona ke.') ;
INSERT INTO message values('HJ4WZmqH-MKl', 'lopsided-view@hotmail.ca', 'ryxXGqH-fYl','Mon Jul 18 2067','Logadak ji woparup safofwib wiw we wo mi bitelu ewo fufla ne vize.') ;
INSERT INTO message values('SJHZWXqrZGKe', 'untidy-join@me.co', 'HJGzGqSbGFl','Thu Jan 14 2049','Lul roc fom ekvi taaka daji basic ikevacom we wo ebi ij feli esol wirbunom ehfocuj.') ;
INSERT INTO message values('rJIZ-XqSZMKx', 'paltry-invention@me.com', 'Hyazz5SbzFx','Tue Sep 17 2041','Bifmepegu ge napdiaka huj rimwoj gihe ewecim wizo mohul za duhaci zo wutvobuj zuwlokvi.') ;
INSERT INTO message values('BkP--XcHbzYg', 'paltry-invention@me.com', 'Hyazz5SbzFx','Thu Jun 02 2050','Mokehti ciwwuhas zojaf ma irapi kuzo gugodi boezice waakuiba mat joitegak on zi baajuelu gekocimu.') ;
INSERT INTO message values('r1_WZXqBWMYg', 'nutty-queen@icloud.net', 'HyHVMqSZfYx','Thu Mar 12 2065','Dite fobor capiwor punodus jebmaire gehbihjup lihluk letguw metute bocuta esa ri peohbuz.') ;
INSERT INTO message values('SyFZbm5HWMtx', 'try-cemetery@videotron.uk', 'SkjmzqBZMte','Fri Feb 24 2113','Fevow riwrol nebofki temubom tostoan fep hiw bufes iwhebwif batuc nu vabru dodpo zu.') ;
INSERT INTO message values('Sy5bZmcS-fKl', 'foolish-voyage@sympatico.uk', 'Sy-EM9r-fYg','Tue Dec 31 2058','Vamzo ruribkom solzut fowahli putpeni zemapora tadruab kabetpo ofuwevi righeplet dutizje simuga usimib ovuevwug omu zaztokac.') ;
INSERT INTO message values('Bki-WQ9rZfYx', 'fun-river@gmail.us', 'rkzBG5SWMYg','Sun Jan 30 2101','Dakboda piw heehi eh oho ojokeup noapfe niwo luwuoki meazajez wanid zoz lo.') ;
INSERT INTO message values('S12bZ75SZfYx', 'macabre-tree@hotmail.com', 'HyMVzqH-GFg','Mon Dec 12 2050','Famcapces di vefdut piwugtes suspeju nozubo vituzem repiesa pusoblep bid pih ji ohla.') ;
INSERT INTO message values('Bk6ZZ75rbztx', 'lopsided-view@hotmail.ca', 'ryxXGqH-fYl','Wed Oct 01 2053','Gu nanohme lakuk nubuzpa ri be humfog cioze ruh za zakhuziz rur.') ;
INSERT INTO message values('H1CWZm5HWzYx', 'heroic-office@me.com', 'SyDfG5HZMFl','Fri Jan 05 2114','Wok mushoc ij dovod rowfoug ri ge ebdid fetelon iviguj penfopeda beekude cup huz opisoibi fac lanueki amlarte.') ;
INSERT INTO message values('Sy1fZm9HbGYl', 'macabre-tree@hotmail.com', 'HyMVzqH-GFg','Fri Aug 25 2084','Gimipik vimduepe gaifegas we aw eticu ucenu waw peti zacupe wamazi hiv fovcasaz.') ;
INSERT INTO message values('SJxMW75BWzYl', 'paltry-grain@icloud.us', 'ryGXGqB-GKl','Sun Jan 28 2063','Siz vise tohfozek dehmawim udazu po vuw gizonedig ihno jekamcod vim zutufvi.') ;
INSERT INTO message values('HkWzbmqS-zFe', 'thinkable-basin@hotmail.co', 'BysEz5BWGtl','Sun Sep 04 2089','Tismuwop zavuwber tubsube kuz tavesci kiw bal javehge zac niudni udatav egowuduw dabuwde nerge gos.') ;
INSERT INTO message values('BkGGWmqBbMYl', 'faulty-wren@sympatico.co', 'ryxXGqH-fYl','Sat May 19 2046','Af gelat dogleowa he jemoetu kap meol vis tar loetzi gur wetofbe wugdoke nup wodhiwku runzegbac.') ;
INSERT INTO message values('ByQMb75r-Mte', 'rapid-space@hotmail.fr', 'BJnfMqS-ftl','Fri Mar 08 2069','Tube netaw fargowlo jarajok aki kocivro hincoj nozgapwig ama pow bakdat geblah mu corabe datdiruz fofez.') ;
INSERT INTO message values('SkVzWmcBbzte', 'modern-crow@gmail.co', 'HyMVzqH-GFg','Tue Aug 16 2039','Igej asaho rekav tom opiwoeb cik migoho tuvduki fuhabi koimu foecmoc ulagutun lu.') ;
INSERT INTO message values('rkSz-XcSbzYx', 'paltry-invention@me.com', 'Hyazz5SbzFx','Mon Jun 07 2077','Cuma ewgiffum vig gereof biudmom roctuh uhe zape seamzaw luzus douc sonhackos.') ;
INSERT INTO message values('r18fbX5B-zKl', 'modern-crow@gmail.co', 'HyMVzqH-GFg','Wed Oct 06 2094','Se vubop racras omociriv geput kunaw mog ibenaror suzhem it dedocite socosbu witaato kuk buzize nugto hafva.') ;
INSERT INTO message values('r1vMZ75BbzYl', 'fun-river@gmail.us', 'Hyazz5SbzFx','Wed Nov 25 2111','Ci hakedepom vuug fu esber ca laev agajmu kitmah fod titor ipiekkak wufwe ge.') ;
INSERT INTO message values('BydMbXqr-GKg', 'modern-crow@gmail.co', 'HyMVzqH-GFg','Sat Oct 12 2080','Gihufora iho likugnor guksacibi zaupapip hajgakpu lefoob codi ra jaedhu fovonir kunuv miscitwos bocil jitsivjej kimwa copwohi ruutrab.') ;
INSERT INTO message values('HJYfb79SWfKx', 'wooden-shelf@sympatico.io', 'B1KVM5rbztl','Tue Feb 06 2063','Soz inihuocu da gohto iruso ti kefraal fazcam nafub butohno buvpohla dikim fuv mase heznedev titboghe oghiw cinej.') ;
INSERT INTO message values('H1czW79BWMYl', 'paltry-invention@me.com', 'BJ0QzcHZfFx','Sat Feb 27 2021','Cof mufjiez fuw ma naz jurmebuni zih hirja jaznupa aho lamve erizaw tarevawof aveduhdol timin gag irvatuji.') ;
INSERT INTO message values('rkoGZ75rbMYe', 'foolish-voyage@sympatico.uk', 'rJDNz5H-zte','Fri Oct 30 2020','Fejanev ohugtiv potsa wamlugos mahsit zedovgaw lubtu palzu adowidda we edaebsud ni urezu.') ;
INSERT INTO message values('rJnMbQ5SbGFl', 'deranged-nest@hotmail.com', 'rypmG9SZftg','Tue Jul 20 2032','Lufip jiwho oposala du mabwemu zejcira caspe pa mukwa vehecit jeg roziw cir.') ;
INSERT INTO message values('SypzbXqr-MYx', 'untidy-join@me.co', 'HJGzGqSbGFl','Thu Nov 08 2035','Lohsamzo okaano ceneb nejzeomi up pijwarsed livod orri wanfeemu sisohu daere dubfafa uvvulafu obahhak owu hu.') ;
INSERT INTO message values('HyCMb7qS-GFe', 'heroic-office@me.com', 'SyDfG5HZMFl','Sat Dec 11 2077','Ba lifguhmi dewi fuvez mut pino gapof jenimre akurez pepfipmif dafil az ahsoew ubibaflil unuiz jawe.') ;
INSERT INTO message values('HJyQZXcH-MYl', 'paltry-invention@me.com', 'Hyazz5SbzFx','Mon Aug 18 2053','Urekit ivi mibjamko miliheabo ufefavu man ojoruec wobhadob ton noh poldup havu pes tegekut edpigza.') ;
INSERT INTO message values('B1lXbXqSbftg', 'needed-purpose@yahoo.uk', 'BJmVM5B-zFx','Sat Jan 20 2057','Ha fevilam saufoca na asuuv wefkih liba hipaze tenuhise def evig pum pi eta vi ecesizav roulegec.') ;
INSERT INTO message values('HyWQ-75SWzKx', 'deranged-nest@hotmail.com', 'rypmG9SZftg','Sat Jul 17 2100','Miwpa uwwefo lah egaran jesogko ogamu febilu mod mij jepeh ju conhej.') ;
INSERT INTO message values('ByfQ-X5rWMFe', 'fun-river@gmail.us', 'Hyazz5SbzFx','Wed Feb 04 2111','Evbazume aco diuz ulo modin holwuet zuznelek re re zukpuvav nurwek ujbejken ve oga hiuh.') ;
INSERT INTO message values('SkmQZm9BWzYx', 'quickest-insect@gmail.net', 'HJGzGqSbGFl','Fri Nov 29 2024','Va je ozobeuri ceva ju lojor odto sigfuvbe uwu fic far worap naelules depeus med muvfol.') ;
INSERT INTO message values('r1Nmb7qS-zKl', 'naive-toothbrush@mac.ca', 'B1lEM9B-ztx','Wed Nov 21 2063','Ovuibukon fohisina evcif taho ob jimaw mewijpuv ecu voezmu cionjez la owovhu.') ;
INSERT INTO message values('BkSX-X9rWftg', 'needed-purpose@yahoo.uk', 'BJmVM5B-zFx','Sun Feb 21 2066','Pol di oj joijerot faz mot gepten rewutunet womki sanos lejob uk.') ;
INSERT INTO message values('HyUmWm5H-fYx', 'unknown-pizzas@icloud.us', 'HyVVfqrZztx','Wed Apr 19 2102','Niv nuveaw fom lar ho vuvvaimu oc zuk zudem sec tav mokil.') ;
INSERT INTO message values('Skv7W79S-zKg', 'foolish-voyage@sympatico.uk', 'rJDNz5H-zte','Sat Nov 21 2099','Zuabecu ate di zoto diset loh la rapvav volegite erra fodazeezo bu.') ;
INSERT INTO message values('BJOm-mcHWMtx', 'paltry-invention@me.com', 'Sy-EM9r-fYg','Fri Jun 15 2029','Zugo wehru boaltaj woda reb jalro gow va ehi fi biw mavtafag leepa fifi zeir febfusu mum mutabe.') ;
INSERT INTO message values('SyFXZ79H-GFx', 'naive-toothbrush@mac.ca', 'rk-XGqBZGFl','Tue Feb 13 2114','Hipuni mafwejho an isiec huum pe ehruduja guupoc dohaf numool go di simza eke gamirocuv jo.') ;
INSERT INTO message values('Hyq7Z7crWztx', 'untidy-join@me.co', 'r15MM9rbMFx','Thu Feb 19 2111','Lec tu meli acaenem ratre imune cavcis vunrihhi hued su dovdowgob sidubgu.') ;
INSERT INTO message values('HksQ-QcSZMFx', 'untidy-join@me.co', 'r15MM9rbMFx','Tue Feb 07 2090','Gowet ugana neb ruh ipuhihis di we nab jijofat tostu zup zam zolebbaj.') ;
INSERT INTO message values('S12X-Q9H-fFx', 'nebulous-start@mac.uk', 'BJV7McBZzKl','Fri Nov 15 2024','Fokpit fakeru caoh fuavgo tobiz asolowu hih ejabu gun atuhocsi ora cauf.') ;
INSERT INTO message values('rkpX-QqSZGtg', 'fun-river@gmail.us', 'Hyazz5SbzFx','Wed May 31 2113','Nu ivuv pi zutije solajote fobu nudrasum me cu kedvegej wi ol pekigod lapceddiw go.') ;
INSERT INTO message values('H1AXb75B-fYx', 'money-kiss@gmail.co', 'r15MM9rbMFx','Thu Oct 25 2103','Wiho cer az vuhumalo se voz hollom jub sah nud gev pokip mozvaw pumeso ut.') ;
INSERT INTO message values('rJyEWQcrZfYg', 'wooden-shelf@sympatico.io', 'B15NfqSZfYe','Wed Jun 05 2075','Tefiwan fod ac icapuk duk barejfi ja guw le kuvib ru ej helfu abazajwer.') ;
INSERT INTO message values('rylN-m9BbGYg', 'macabre-tree@hotmail.com', 'HyMVzqH-GFg','Thu Mar 27 2081','Behheve telufne koov uhtawzow jitciola ecobe de pefanmu hicohiwo muuso siwegil huhnorilu.') ;
INSERT INTO message values('SJZ4b79S-zYx', 'macabre-tree@hotmail.com', 'HyMVzqH-GFg','Sun Aug 12 2035','Zib it nis turga wucgu heiki jamvur zem enawa ogazap weadguv hoho erovo ji ib bepiwod.') ;
INSERT INTO message values('B1GVWm5B-Gte', 'paltry-invention@me.com', 'Hyazz5SbzFx','Mon Nov 26 2096','Jodven vilefuic ahnikej ba ecewico tiniru jivomo namak vo efdib nipanren avi hilmari la ligarar.') ;
INSERT INTO message values('BJmNZmcS-fFx', 'bad-stew@gmail.uk', 'SJyQGqBZftg','Mon Mar 02 2020','Ce fin ka obro butucuse vebiif hezoni januhu fijeihu emarek poci jo fazgoctez givameri ofoheuze muhnitop localub.') ;
INSERT INTO message values('ByEN-mqHZzKg', 'foolish-voyage@sympatico.uk', 'Sy-EM9r-fYg','Thu Nov 15 2114','Guh nikhilso uwilobe oztu jigeho oda wis goffilwa bihi ogemu pecgowamu tijsoil kigkevak hag henuwji oko nojigos ci.') ;
INSERT INTO message values('rkrE-7qSbMFg', 'foolish-voyage@sympatico.uk', 'Sy-EM9r-fYg','Fri May 07 2027','Mekociw sewhowi lufoil jaf goczi ule cuculec op gunuw bece roolhuz repteg hondises higocwi zula ki bu ugili.') ;
INSERT INTO message values('BJINbQqS-MKe', 'quickest-insect@gmail.net', 'HJGzGqSbGFl','Thu Jul 26 2091','Oto ganola zafere fe fis ven davgof fazili coppihid tohba faz ihuni navfu fo.') ;
INSERT INTO message values('r1vVbQcrbGtg', 'futuristic-humor@videotron.fr', 'HyVVfqrZztx','Sat Nov 05 2101','Sulawu levwis ugil jek azdik raren civze gogho enu begewraw va micil wucu defmo eweiwo pucodu avfouda.') ;
INSERT INTO message values('ryuVb7cHWzYe', 'try-cemetery@videotron.uk', 'SkjmzqBZMte','Wed Dec 31 2042','La ovnual nozo omdosul ejtavbi vikza hurali ekibuv ulifidte mefi saru emti efuzoztak afokihif notkuv seche ji.') ;
INSERT INTO message values('ryFVb75H-ftl', 'exotic-business@videotron.co', 'BJ5mz9H-fFl','Wed Jan 29 2025','Lor la cibabe co ed lawrudak jocajaet nadob at iwahil zugsu riprummo zawuhke dokar ra idobi hora.') ;
INSERT INTO message values('SyqVbQqH-GYx', 'quickest-insect@gmail.net', 'HJGzGqSbGFl','Sun Aug 23 2020','Ukaso pa medefodu vafuk vihi kedodfa sic taog zofid nof coebu rewovev pacvef era jatwonve.') ;
INSERT INTO message values('SJoEZXqrWztg', 'untidy-join@me.co', 'r15MM9rbMFx','Thu Dec 29 2095','Poc sibu carwu bacno kuit mevi jublihe buhaeve hene haj pav diwtof zinud buv mik dinmih li.') ;
INSERT INTO message values('rJhNWQ5H-MFl', 'quickest-insect@gmail.net', 'r1rXzcS-fFg','Sun Feb 27 2107','Ca ub de fuflanmez ogu dikuhib idijuk vun wuf tenhicoc divebu wugber ofoizi zasa evi tivilwej ep ezfabu.') ;
INSERT INTO message values('S1pNW75HWfYl', 'nutty-queen@icloud.net', 'B15NfqSZfYe','Mon Apr 05 2027','No iseapi cepune ezikez hejtus eje zaf tafe ub eb ba midwaro.') ;
INSERT INTO message values('rJ0V-XqHbMte', 'money-kiss@gmail.co', 'r15MM9rbMFx','Thu Feb 25 2066','Lawla no lagulma caam emuriwe si wofetium fisovuvi fulnes fof ut go vamgin cazimgo.') ;
INSERT INTO message values('rkkr-m9HWzKe', 'fun-river@gmail.us', 'Hyazz5SbzFx','Fri Jan 26 2074','Pa ceh sulho he bi hefjo kamjege zum eszapom betgi ramac fiamovud gaw birde.') ;
INSERT INTO message values('SJgHWQ5HbzFl', 'paltry-invention@me.com', 'BJ0QzcHZfFx','Thu Oct 20 2107','Cub cogate enpolvi iv bebo pijki vulewe lilrere afjoh tepevono ribti li rugra jegawne geov jun hugo ogmuso.') ;
INSERT INTO message values('Hy-HbmqBWGYg', 'bad-stew@gmail.uk', 'SkjmzqBZMte','Sat Oct 12 2115','Giem saana hozsir benjakpu rotnewuc lahufa ju diswirul goz nes jeoma cel cibeki ese muuniri burwopir zed.') ;
INSERT INTO message values('rJzHZ7cHbMFg', 'needed-purpose@yahoo.uk', 'BJmVM5B-zFx','Mon Nov 11 2047','Viwut makpir wuzab uhizeb omhu reclear zim fika bil rogikleh pavozaw takrok lo upjidoh.') ;
INSERT INTO message values('HkQBW75rWzYl', 'wooden-shelf@sympatico.io', 'B1KVM5rbztl','Fri Aug 14 2076','Jovupal gibuci izfekov cuw if owovi tues opno wiki nepliziw naba houlna vi.') ;
INSERT INTO message values('B1Erbmqr-ztl', 'untidy-join@me.co', 'By64G5HWztg','Sun Aug 29 2027','Favoz gisub fe gusokfa no feocudu cosutkuv mi wo tet kaj tu vejmus.') ;
INSERT INTO message values('BJHB-m5rWfFx', 'futuristic-humor@videotron.fr', 'rkQMf5BWfte','Tue Jul 28 2054','Jedhituk corfe vojrohzor etumo uha onoagisip azful inunajtes fis dufu karlas faza seja we.') ;
INSERT INTO message values('HJLrb7cBbzKx', 'thinkable-basin@hotmail.co', 'BysEz5BWGtl','Sat Jun 13 2026','Pibalteb fazizhop coalu ufa bogaz ku laaravaw oneulada regsi etute ma lihdatla icedepad degjil ab zuerjun sowe igubu.') ;
INSERT INTO message values('ByPrWXcr-zFl', 'macabre-tree@hotmail.com', 'HyMVzqH-GFg','Wed Mar 19 2092','Zijzoz beboah cubidsih fag kebme kozabut revoewu dogoce adzawec tocibpav manas raflowaj wawetga duf ojawi laemmis ze.') ;
INSERT INTO message values('HkOBZmcSZfte', 'futuristic-humor@videotron.fr', 'rkQMf5BWfte','Tue Jan 08 2109','Mig jo elunoda kov tebizesec be bakcusto kit domjug og risobe nut koive cazosugo conotka ejpuplam ruwemuk.') ;
INSERT INTO message values('ryKrbmqB-Gtx', 'wooden-shelf@sympatico.io', 'B15NfqSZfYe','Sat Sep 19 2054','Sicaz pa wibiwnij kazkeg zuzmusona fu pohtelbov urutab otede raf luvokhus coeb wuh.') ;
INSERT INTO message values('SycHZm5r-Mtg', 'futuristic-humor@videotron.fr', 'HyVVfqrZztx','Wed May 06 2093','Ji go dokcog ujoij ena rutonon obi isjegro kawweho fuk mum jo vob nis heruc wa eror ilpeuc.') ;
INSERT INTO message values('BkiBWm9r-Mtl', 'fun-river@gmail.us', 'rkzBG5SWMYg','Tue Aug 17 2027','Wuwucato apdi fepehuju pakjisaw ic ligi vop sehu kejefadam lokefba bega mudfavgel ihalazcic su.') ;
INSERT INTO message values('H1nS-Q5SWzFe', 'abandoned-children@sympatico.com', 'BJ0QzcHZfFx','Sat Nov 04 2079','Ebu celadgur wiojacu ru lov tolaetu ekvozej lo ziz eb teaf lu ogezu.') ;
INSERT INTO message values('HJpBbX9HWMFx', 'woebegone-coal@sympatico.com', 'Sk_NGqrbfFg','Thu Jan 26 2034','Fuj roma azi uz nibom irehabbib dik dun fak ogipiota vucwi sevet wadcufe lubez dizdeb iwedab.') ;
INSERT INTO message values('rJRB-Q5H-GFg', 'unknown-pizzas@icloud.us', 'HyVVfqrZztx','Wed Mar 07 2096','Bip maigipod eva ov muiheoz wij je zageceb bugofli sefispej utkidpen be eklol redzi.') ;
INSERT INTO message values('S1JIWQcrbMtx', 'thinkable-basin@hotmail.co', 'ryFzMcrZGKg','Fri Oct 17 2092','Hahikumid mavka vetzawim zofwo apiulano iri ga nu ruoh ivkajhif zoongu valtu liw jawarret mukbih wiva.') ;
INSERT INTO message values('SklIWQqrWzYe', 'nutty-queen@icloud.net', 'B15NfqSZfYe','Mon Jun 08 2020','Uhci hah po wo eb fuzuc awluke viz litbe vofo he lo pi el gec ris jimtiknew.') ;
INSERT INTO message values('HkWIWQ5H-GFl', 'paltry-invention@me.com', 'Hyazz5SbzFx','Thu Jan 27 2028','Kawginis immu va vittacfi iro ce jeh ihoune biewufas pa kivenof rit.') ;
INSERT INTO message values('BJMLZQcBWGYg', 'deranged-nest@hotmail.com', 'rypmG9SZftg','Tue Jun 12 2040','Bi adavaf pak ide ri ri ku bizusus bo lemjahaf labsa newofmu vu vusedi.') ;
INSERT INTO message values('B1QUbX5S-ftg', 'paltry-grain@icloud.us', 'Sy8QzcHbzFl','Mon Oct 01 2040','Nej fasid erukoj obpi gabjemju uzliec lesa kuosmi uw nuwmokit kied komoge jegkezse.') ;
INSERT INTO message values('BJNUZXcrbztl', 'abandoned-children@sympatico.com', 'BJ0QzcHZfFx','Wed Jul 31 2075','Huawite mus levsi kaucanu meken pubnovgu hulohbac onuwi za leed hep zid tolvak rocatca gu.') ;
INSERT INTO message values('rkH8WXcSWGKe', 'paltry-invention@me.com', 'Hyazz5SbzFx','Sun Jan 28 2024','Dosfesule hozfe riv wir hetpak haahka zo vorudu olnigilu boze ulviwci izku hijoluca ka veh.') ;
INSERT INTO message values('rkUIZmcHZztl', 'rapid-space@hotmail.fr', 'BJnfMqS-ftl','Fri Jul 08 2022','Om fanfic re tew naze zug lin do rapsulvi voked novazak abetur vasdode hivwa ihogaraf.') ;
INSERT INTO message values('rkvUZQ9SZGFx', 'foolish-voyage@sympatico.uk', 'Sy-EM9r-fYg','Sun Jul 02 2073','Coc ludehisu zepgieb cabuv ebehe ben juk re amhef zirog tazub kirsu adafowir si zupjunkol mipsozwi re.') ;
INSERT INTO message values('HkdIZQ9B-GKe', 'faulty-wren@sympatico.co', 'ryxXGqH-fYl','Sun Feb 24 2109','Colbero vifbin erfit kihgof no gaik wa lezi fatu dopabu lanin wud ulufowu hiadawa wibgumog.') ;
INSERT INTO message values('B1KI-79HWMKx', 'untidy-join@me.co', 'By64G5HWztg','Wed Feb 05 2116','Aja lon lihte cuhah goujbuj ceztangoj mog bumeteli uttedesi ehi bazapi tudiwbu.') ;
INSERT INTO message values('BJ5IbmcHWftg', 'hanging-root@hotmail.io', 'Sy-EM9r-fYg','Sun Apr 17 2089','Okago pegafa fas opu dekhod mehu owipogcu ti afetenci dejiz ruz ufa maom guk.') ;
INSERT INTO message values('BysLZXqHbGKe', 'nutty-queen@icloud.net', 'B15NfqSZfYe','Tue Feb 02 2021','Ta ab kebpade efu iv zofgik lokotmuf ovuvudum gev ziwho iv sap.') ;
INSERT INTO message values('S1hI-Q5rWfFl', 'try-cemetery@videotron.uk', 'SkjmzqBZMte','Fri Jul 03 2054','Cevuc lemase reze gec biklaz dipusgal nifuzli ijwoj tugjuddu wuzfovi nat zo azideec ti goharotu nu epfa pucdom.') ;
INSERT INTO message values('By6UZm9HbGKx', 'wooden-shelf@sympatico.io', 'B1KVM5rbztl','Wed Oct 09 2030','Jur fehuha cummeaj mumaf lis ki kab fav er gaz sinzubul agbob buubetu.') ;
INSERT INTO message values('SkRUWX5BZGKe', 'abandoned-children@sympatico.com', 'BJ0QzcHZfFx','Mon Nov 28 2095','Bed se ateazuni omuwig peg kitecros dew te gin ze fadom mam go je epome.') ;
INSERT INTO message values('SJJvZ75SbfYx', 'naive-toothbrush@mac.ca', 'B1lEM9B-ztx','Thu Dec 18 2070','Cad ivzuog vijti umbaki dabwisozu raha et peotiwud hor feipopi haaw ranzimdi fa rifo bifujo regi popoz.') ;
INSERT INTO message values('ByeDW79B-Mtg', 'fun-river@gmail.us', 'rkzBG5SWMYg','Tue Aug 29 2062','Enewibcak nif us alce lamhezzu bavu pipwigim pofko jaksace revtumope tedonikuv seawoto he zecfik cen otekehdij kometce.') ;
INSERT INTO message values('HkZP-mcr-GKx', 'untidy-join@me.co', 'r15MM9rbMFx','Tue Nov 18 2064','Wokniwsef kego porucu hid hu ugu hagduti do ref tobovar kehbi biti vemok tahmasfi vobcar motbad.') ;
INSERT INTO message values('HJGvb75SZGtx', 'nebulous-start@mac.uk', 'BJV7McBZzKl','Sat Dec 26 2093','Vibolozi wostakwo miica kuv ge luasoha uwa ibanugo feziho rerir nem kihenji pa.') ;
INSERT INTO message values('SJmP-mqSbftl', 'deranged-nest@hotmail.com', 'S13Xz9rZzte','Thu Jan 10 2115','Vowujel eka hifolu fus edajocse rez pudpa raluz ig hahsu golulvak panumej ezi sip.') ;
INSERT INTO message values('SJEvZQ5HWGKx', 'wooden-shelf@sympatico.io', 'B1KVM5rbztl','Sat Dec 15 2114','Erweb zapme bi hi tejaneri orma rise uwe avaru seb rasdulhi wuwaon ukairomam to cu.') ;
INSERT INTO message values('BkHwWX9HbzKg', 'heroic-office@me.com', 'SyDfG5HZMFl','Mon Nov 10 2081','Vuluuh jozi no gohev gavehgi evotol kauhemo zu sol zuwipa va di po sis ambif ced.') ;
INSERT INTO message values('SyLv-7qH-GKx', 'fun-river@gmail.us', 'rkzBG5SWMYg','Fri Nov 03 2056','Fu mekekic epvecve hispi du irjoror hobnir fu ki no sunah pavvub bujbijwus ibomoago apohuv um seol sautavo.') ;
INSERT INTO message values('rywPZm5r-MKx', 'naive-toothbrush@mac.ca', 'rk-XGqBZGFl','Mon Jan 12 2105','Ce jolibe fesef mihgolek ne nusbinco jeafizo iptegcip jusbuuh upca higavujev si kuspiv mirusina.') ;
INSERT INTO message values('SyuPZXqSWGFe', 'try-cemetery@videotron.uk', 'SkjmzqBZMte','Tue Feb 15 2061','Wicer hu su lawcemi barpuwez newa mam tuwemeepu egmicol sebicci apis li evpetcu bufogju ja pob afjadda.') ;
INSERT INTO message values('HJtD-m5HZMFe', 'naive-toothbrush@mac.ca', 'B1lEM9B-ztx','Sun Aug 12 2029','Mogojo pim winag owlamra rege rup goen ruvjo hufo ni nom me ita hufce.') ;
INSERT INTO message values('Sk9PbXcBbzFe', 'deranged-nest@hotmail.com', 'S13Xz9rZzte','Wed Jul 12 2034','Vesoad nupoimo vicwa rok emurpat bejab ehe fuw foga vej vikgucud ivnubtej.') ;
INSERT INTO message values('HksP-QcH-GKx', 'hanging-root@hotmail.io', 'Sy-EM9r-fYg','Sun Apr 03 2112','Gepbos sojuf pikecgaj wegnuvuc awgoet jepovzo lap avatico ewuwci ezemoto hiukuno ohepasek komwalah.') ;
INSERT INTO message values('S12v-7qSbMYx', 'nebulous-start@mac.uk', 'rkQMf5BWfte','Mon Nov 14 2044','Agdampa emfagur ipgufuv dagazocu wop tinilagi cokgo lem wubeiza dow aci kakve la bihtices mik isoscil ejufwu decla.') ;
INSERT INTO message values('ryTPbX9r-GFg', 'untidy-join@me.co', 'r15MM9rbMFx','Fri Apr 29 2044','Fivwibu ze ri tafere sodorro jepuceh ekirerac mokbuj dad wizizi dew he.') ;
INSERT INTO message values('HyCv-XqS-GKe', 'exotic-business@videotron.co', 'BJ5mz9H-fFl','Wed Jul 24 2086','Apsur koltuv tuzer efwe gucit ek jujnu aginupus ma cadbijha osifeda iliku matanu ab bazo.') ;
INSERT INTO message values('BJk_W79rbfFx', 'untidy-join@me.co', 'By64G5HWztg','Wed Aug 07 2115','Nik zopjagew povaw nasi garbi lupoc omifefhe bozzunede re uk guhzez aneak mi.') ;
INSERT INTO message values('ByeuZ7qrWGYg', 'fun-river@gmail.us', 'Hyazz5SbzFx','Sun May 20 2068','Rawdobo sa edoja jal atu hakidu ivibo ofe dife nontitib hujuk mop atu ej enusaip.') ;
INSERT INTO message values('H1-uZ7qrZfYe', 'nebulous-start@mac.uk', 'rkQMf5BWfte','Wed Mar 30 2078','Hagelbu zi adpebo koc ozijan ji buf gowno balelito len ta ca saseoj juddetit fec guh.') ;
INSERT INTO message values('BJfub7cHZMYx', 'deranged-nest@hotmail.com', 'rypmG9SZftg','Wed Jun 25 2025','Gobka rowlawus madhug icale tej ezwoz dahgil ma vihzed noli rapsej ijesad.') ;
INSERT INTO message values('SyX_-QqS-ftg', 'needed-purpose@yahoo.uk', 'BJmVM5B-zFx','Wed Jun 01 2072','Da bu tofamwip win wozodij wodko ge vopda algilo gig ko ib degeak begaru eluer eb acbo.') ;
INSERT INTO message values('ByV_Z79rbfte', 'fun-river@gmail.us', 'Hyazz5SbzFx','Thu Jan 10 2092','Ig eda jitizuwog getvansab der dauli ripag rekiwepa hizazezet sifgizeg seso hut he zakguhuzu nigva.') ;
INSERT INTO message values('ryHOZX9rZfYg', 'rapid-space@hotmail.fr', 'BJnfMqS-ftl','Fri Dec 07 2103','Pilcojim wocuwduw zulan ciltu uzurazid ajose ot sizetam hobuvonoj letodes jahi ud lettuj tet taad gonegim rif.') ;
INSERT INTO message values('SkUObmqr-MKl', 'untidy-join@me.co', 'HJGzGqSbGFl','Mon Mar 24 2025','Zo os je aweuko vokih si niav ge pece hizej hoz cagico danihim hiw bula uheedzis ciilo.') ;
INSERT INTO message values('Hkv_WQ9r-Mtg', 'lazy-nut@icloud.fr', 'BJmVM5B-zFx','Thu Jul 21 2101','Roptet ebeko sodri cevobvam sawosewi aheloheh selhi teefo oda mu ud oha wap pesebvu lihifal se ervozat.') ;
INSERT INTO message values('HJ_OW79HZfFx', 'thinkable-basin@hotmail.co', 'BysEz5BWGtl','Sat May 18 2019','Cahav pe kacefzi efi zuhjom azibuz uggu levwidoj akkoubi ojitud pumzuk rejkucvoz kogav megvof ej.') ;
INSERT INTO message values('SkKuZ79SWzFl', 'hanging-root@hotmail.io', 'Sy-EM9r-fYg','Sat Mar 19 2107','Hewiwo kabogu oj bomag teviljor pit tirewve jovfe dusto uso zinuruj cumsik bed ovituusa wavmodic emusi puche.') ;
INSERT INTO message values('BJ9OZXcr-zFe', 'lazy-nut@icloud.fr', 'BJmVM5B-zFx','Sun May 07 2045','Ahowokib nuhkow nil vodogoce va sojilamu izu kedu tadob ehuuno fazena sahta papceajo zulonmof.') ;
INSERT INTO message values('SJsuZmqr-GKl', 'paltry-invention@me.com', 'Sy-EM9r-fYg','Tue Mar 11 2104','Ogi degeew zubolte so huteror afegova ire kifefho arozidi hurehe ica jini virero.') ;
INSERT INTO message values('H13O-QqrZMYl', 'money-kiss@gmail.co', 'r15MM9rbMFx','Sat Nov 04 2017','Gurwip bosiz gafa wov wijom lu sowwewker ece fouli agi obkuc alke ra puaga guvkiwim foopa.') ;
INSERT INTO message values('H16_WQcrZztl', 'woebegone-coal@sympatico.com', 'Sk_NGqrbfFg','Thu Apr 30 2116','Zasoz mainojo kurobjec zeavi dub eji radduc sik tulor kit egkabal umbovnez ji ipicasi wonohte mihzu kuvawwup.') ;
INSERT INTO message values('Hk0u-XqS-Mtl', 'modern-crow@gmail.co', 'HyMVzqH-GFg','Mon Jun 24 2047','Guc ehiaj we kuiv ridwowjeg guji ipizizir doise ogi ese uv igefuegu uvmij pugudwaw.') ;
INSERT INTO message values('rk1YZQcSWzYx', 'rapid-space@hotmail.fr', 'BJnfMqS-ftl','Sat Apr 01 2113','Wuv dejbihe kowapgu ta zu naraz si cicneb tej bapev bavegotuz of ifudew hiwabew.') ;
INSERT INTO message values('r1xKWQcHZzFl', 'paltry-invention@me.com', 'Hyazz5SbzFx','Wed Apr 29 2099','Nup wamgumah hulguti rabik bal zekrugma at imzupji cigkig nonepam tavolbuf ajo burnajhi ru.') ;
INSERT INTO message values('Hkbtb7cSZfYx', 'bad-stew@gmail.uk', 'SkjmzqBZMte','Sun Jan 07 2080','Duva naosocur ejuuhubet bizevuw utoho issikbu ra tiomo lase ripkok ejikej jen bi zatuvoru bu.') ;
INSERT INTO message values('H1GYW75rWfKe', 'deranged-nest@hotmail.com', 'rypmG9SZftg','Sat Jul 29 2045','Eruotifu poti un hej wehez nofe zaw piobibek wemomji goeto nen tas papivlot kuamurap gatezti piumereg pe.') ;
INSERT INTO message values('H1Qtbm9SZGFx', 'paltry-invention@me.com', 'Sy-EM9r-fYg','Thu Aug 06 2082','Anjipdog ame igowaun pacbiw didnak jegruhu picujuhut razmulodo metparsus bepongas ri gemjob bajithir hag utiwa vid bonhemat tizmiga.') ;
INSERT INTO message values('BJ4FZQqS-zFl', 'paltry-invention@me.com', 'Sy-EM9r-fYg','Sat Aug 01 2071','Debki afe ha gen ad ili ogope ifozu apujuh pos igecuwo zavuba zu hugef kisucuti ed.') ;
INSERT INTO message values('HyBKZmcHWfFg', 'nutty-queen@icloud.net', 'HyHVMqSZfYx','Mon Oct 17 2061','Vutupun gigeg av asi lazcuje hekul jek fege sa olvamu bijafus ogiva fugzi zetma isacadsir woze gif jifko.') ;
INSERT INTO message values('HJUKZ75BbGFx', 'naive-toothbrush@mac.ca', 'rk-XGqBZGFl','Tue Oct 13 2065','Ahe batolmu nahah wed javnu zon kabte juez calvil fi derdub kil.') ;
INSERT INTO message values('SkvFZXqSZfte', 'naive-toothbrush@mac.ca', 'B1lEM9B-ztx','Mon Jun 13 2067','Ci gikzaoj gor jigof eburov zoliguz et daj pobvegur liwih cevehevo eb ore lene zeucu inem wot dukuna.') ;
INSERT INTO message values('ry_YZ75r-MKg', 'thinkable-basin@hotmail.co', 'ryFzMcrZGKg','Thu Aug 12 2094','Rakpi dikziva huwig kura zikgaf awajinhim bunkarem bi direlin jucak juzat ge kijnevag ehevod ideb aldi.') ;
INSERT INTO message values('BkYFWQcBWMKe', 'exotic-business@videotron.co', 'BJ5mz9H-fFl','Wed Jul 25 2063','Tujdeumi ugirata fosifaf ozebak civ ijoka pekgiiz jifzi lagik gi uno vagevevo na magom hor.') ;
INSERT INTO message values('BJ9YZX9HZGte', 'woebegone-coal@sympatico.com', 'Sk_NGqrbfFg','Sat Sep 09 2051','Jac ofiama du fetig iceagawer huh ih jaljetaj vukugepo se jullobfid otisef ugomin kinsidbiz ma pif zab.') ;
INSERT INTO message values('SJiK-XcH-fKx', 'thinkable-basin@hotmail.co', 'BysEz5BWGtl','Tue Mar 10 2082','Daz kawu nefot cavmaspuf tomuega ko zuihdez nen cufwa wut ele wappajlu.') ;
INSERT INTO message values('rk2Fb7cB-zYl', 'wooden-shelf@sympatico.io', 'B1KVM5rbztl','Fri Jul 16 2060','Semi fov sej gihbilfa kokam zito mit uspa evodi fetgobwes virihrez dicmabro.') ;
INSERT INTO message values('SypYWmqSWGKx', 'nebulous-start@mac.uk', 'rkQMf5BWfte','Sun Aug 22 2100','Izomve radjuh gadgi tojwu leg et af teusaopa pipkoc ron nobce pa erejepuh pe vec gapah cogitbe wa.') ;
INSERT INTO message values('ryCY-mqHZfYx', 'modern-crow@gmail.co', 'HyMVzqH-GFg','Thu Nov 27 2092','Apeg lu hudreb ofni bag kembucil caaza zu igu woudeka is cija.') ;
INSERT INTO message values('rJy9ZmcHZMKl', 'wooden-shelf@sympatico.io', 'B15NfqSZfYe','Tue Oct 12 2083','Fevus zah dej efdacuw unujo car kunhauwa fodev ati herefura gero munsuhe zed etawun wuw vel.') ;
INSERT INTO message values('SJg9-XcHWGFe', 'nebulous-start@mac.uk', 'rkQMf5BWfte','Tue Sep 09 2104','Ruwuvo lozhapuba wupew coruez ud ob gooru ja noticewu lotamul joklog jujafilo ig bevelof ruwepeefa sijgoc uniohu armojjal.') ;
INSERT INTO message values('S1ZqZmqBbfFg', 'paltry-invention@me.com', 'Hyazz5SbzFx','Sat Aug 22 2071','Utrijmol wovegi vofum sasreptih wo ju juik vog ga berse wazica koj.') ;
INSERT INTO message values('ByzqZXqSZzKe', 'deranged-nest@hotmail.com', 'S13Xz9rZzte','Tue Sep 29 2026','Oro zajde je zo vi dakam danaj pirwin bokebik valjoz ha zow pip.') ;
INSERT INTO message values('BkQcZQcrbMKg', 'deranged-nest@hotmail.com', 'rypmG9SZftg','Thu Sep 06 2114','Bigegeupa zodas fef kewes uze bucib derubo datar pus ko kojsep te en falpison jawi.') ;
INSERT INTO message values('B14qW75rZGtl', 'abandoned-children@sympatico.com', 'BJ0QzcHZfFx','Mon Feb 19 2024','Ri pilu wo injenzob kintejuz dej pisjivmam bomni uro kiri duzhof doiwieve tijgug cecpabe kuffe.') ;
INSERT INTO message values('SJHqZm5r-MFe', 'paltry-grain@icloud.us', 'Sy8QzcHbzFl','Tue Jul 07 2093','Ego iwe zilkuhe co fu ev tuzohug ruzsoc vofarzih ag je falur bituzon fu.') ;
INSERT INTO message values('HJU5-7cSWGYl', 'needed-purpose@yahoo.uk', 'S13Xz9rZzte','Sun Dec 26 2038','Tokokces fuijo rahzuhje igugiivi vucdir votocep jilbadnow go nab vilodi lek ewrodeb viav wowogowo duvdaugi fagrot.') ;
INSERT INTO message values('S1w9bXcr-GFg', 'money-kiss@gmail.co', 'r15MM9rbMFx','Sun May 24 2054','Mag hamke woere ohi muzigle wu isaseib pav epepacmap vuzo soja zoetzu.') ;
INSERT INTO message values('B1uq-Q5BbMtl', 'naive-toothbrush@mac.ca', 'rk-XGqBZGFl','Fri Oct 09 2026','Epi zarla annunat erevimpi uleze iki pewhehiv uwo si honog da niv.') ;
INSERT INTO message values('Syt9WXqBWfYe', 'naive-toothbrush@mac.ca', 'rk-XGqBZGFl','Mon Jul 22 2115','Ajurov wambim to juf zab reme guagu japruvek suh volavlub ukpujan ugiah wu odile bawroduh gijimok vonmef.') ;
INSERT INTO message values('H159WXcSbMtl', 'fun-river@gmail.us', 'rkzBG5SWMYg','Fri Jan 24 2053','Ze fujna lef ib athizew bacven nijmud juce otca hi alu iloneshe jilik ko mevnu du netgasite.') ;
INSERT INTO message values('ByocWQqBZGtg', 'money-kiss@gmail.co', 'BkrfzcBZfKe','Sun Dec 09 2035','Be giffoho ikta resal uzidoevi ivupulbi riup hi botsarlo gepacna mutodbu jizofa ba jap.') ;
INSERT INTO message values('Bk35-mcHZfKl', 'fun-river@gmail.us', 'rkzBG5SWMYg','Tue Apr 01 2036','Bunah koblopaj ezu fafu gubas robkesif hopak se mobag boni niju am rubi bolabu af.') ;
INSERT INTO message values('S1a5Zm5S-zFx', 'bad-stew@gmail.uk', 'SJyQGqBZftg','Wed Jul 25 2068','Zetdil lidi keibi ve imeiro tognesiw jurzuffel na ulein mu si bir epluehu goho ap vesvivu utwafhu gah.') ;
INSERT INTO message values('B105WX9BbGYx', 'try-cemetery@videotron.uk', 'SkjmzqBZMte','Thu Feb 27 2087','Iv bo limow otu opic mowa la tezuhoc kireaj abjuj te repina suwuucu te wo tavar wi lil.') ;
INSERT INTO message values('ryJs-XcHbftx', 'foolish-voyage@sympatico.uk', 'Sy-EM9r-fYg','Mon Dec 29 2059','Boczupe ku ha doof opaneab belah fiti etafi jufcifi zaphid tog il ok ewu.') ;
INSERT INTO message values('S1ei-QqSbfFl', 'nebulous-start@mac.uk', 'rkQMf5BWfte','Tue Jun 09 2111','Dekos diasati ip ighavize zasjaen epe sifezro hurel usawupja mehaoju ehafecwa gu.') ;
INSERT INTO message values('ryZjb75SbMKx', 'untidy-join@me.co', 'By64G5HWztg','Sun Apr 20 2092','Uno peneadi opoaz votupo puko ac si hos do os mo hozoko nimof fe hep ra.') ;
INSERT INTO message values('rkziZ7crbfFl', 'paltry-invention@me.com', 'Sy-EM9r-fYg','Fri Nov 03 2056','Keredo nosuf kam huj fez regisil gi eperujodi lara epedijfe fakgo nejhen puzu.') ;
INSERT INTO message values('BkQo-X9S-zFe', 'fun-river@gmail.us', 'rkzBG5SWMYg','Wed Nov 20 2030','Opij id vuteac ohvegor tezterma vokoru vazsop obunedu fe dege luniule zenfab.') ;
INSERT INTO message values('BJVs-XcSZMKe', 'naive-toothbrush@mac.ca', 'rk-XGqBZGFl','Wed Mar 26 2104','Hoj capkizte ofonu lumarfig wow pugvone pale witic da ec birer wute buc.') ;
INSERT INTO message values('BySibXqHbzYg', 'macabre-tree@hotmail.com', 'HyMVzqH-GFg','Tue Dec 20 2112','Humvod cumupan tugoboc watus setnif kunusoata kepafib vefobmas ca rarsatfez towcakor lozhew sodo nepa cifethes.') ;
INSERT INTO message values('BkUjZ79HZMFe', 'macabre-tree@hotmail.com', 'ryxXGqH-fYl','Fri Dec 28 2114','Loz ju musdowje eha jeftukgag caf torikul wuduezi gumdigbi mahe pobzig cis nolucnih.') ;
INSERT INTO message values('BJPiZ79B-MYe', 'futuristic-humor@videotron.fr', 'HyVVfqrZztx','Thu Mar 17 2107','Ti dusfi vupjozed as ozotasi bed bajuwzo doco note el joke izokezo.') ;
INSERT INTO message values('Skus-m9BWftl', 'paltry-grain@icloud.us', 'ryGXGqB-GKl','Mon Jun 11 2085','Apeima cicepona parfe dimzego cipu rovcil suttiuz za jerafahe olabi odicuju zalsicwiv pecinjos lufbo pojcuvbe sa his dumu.') ;
INSERT INTO message values('HyKjbQ9HZGKl', 'money-kiss@gmail.co', 'BkrfzcBZfKe','Thu Apr 24 2104','Mizsipvon ruckaoro inlouve sisgo urki nofu lu icu ujodog titvivew vaji urutas fuku.') ;
INSERT INTO message values('HJ9jZX5SWGKl', 'macabre-tree@hotmail.com', 'HyMVzqH-GFg','Tue Jan 25 2039','Zocmerjid peoj du vi uviwil muzorhu epmacur hagi rusup lekpiki zo ipitofpu ko edenieti jedajle ali divtomeku kecedset.') ;
INSERT INTO message values('HJjsWXqSWfYl', 'hanging-root@hotmail.io', 'Sy-EM9r-fYg','Tue Nov 21 2084','Nedalkeb luturhub ibo ofifem wivuleud jeara tazut era avtifi es howek cizuro gemu icuguluk coegini wupku evu.') ;
INSERT INTO message values('SJnj-XcBWMFx', 'money-kiss@gmail.co', 'r15MM9rbMFx','Tue Jan 24 2079','Wewez nel laezi duwarvor am picusmes segpusfev deh jen goz zuah za uwecu esu wereg juf bevo.') ;
INSERT INTO message values('rkToWQqrbztg', 'bad-stew@gmail.uk', 'SkjmzqBZMte','Thu Dec 17 2082','Evvoh du gifmegrof ro peb usi fi ratrifij lu nefaj powbuk cokwuhke duavom ducna ila migded gagfesel.') ;
INSERT INTO message values('S1Cs-7cBbfYe', 'modern-crow@gmail.co', 'HyMVzqH-GFg','Mon Jun 27 2022','Eju ufdo gojbap ehsot cib winno huc iwmuw surmaf lacabew jeg afuig efacagfah so zenud tadi zuczug.') ;
INSERT INTO message values('H11hW79HZMYl', 'fun-river@gmail.us', 'rkzBG5SWMYg','Wed Aug 04 2027','Sik wupoku ju lota muera pupud afeto ze mefucsuv gif duc vi ta jan curar na.') ;
INSERT INTO message values('SJl3ZQ5B-fKl', 'rapid-space@hotmail.fr', 'BJnfMqS-ftl','Sun Sep 30 2063','Cemmol wev cim covkejodi inhiben coit vejiz rodaujo poc sutwujda av findumub lisbug awu zozupuga.') ;
INSERT INTO message values('rJW3bQcHbMtx', 'foolish-voyage@sympatico.uk', 'Sy-EM9r-fYg','Thu May 19 2033','Mot wupwo fob sode pobug til nisavor ozuegi tiofueja dezhisiw joz gon dursojjo.') ;
INSERT INTO message values('BJGnbQqBZzYl', 'futuristic-humor@videotron.fr', 'rkQMf5BWfte','Fri Apr 12 2041','Co ubjogeh mame vu va se hegju jigwimmik omjasu gup ojkavso kebrog rajjuj uvu datutefuz gelguhcan.') ;
INSERT INTO message values('Hy73-QcSZzKx', 'try-cemetery@videotron.uk', 'SkjmzqBZMte','Sat Mar 06 2088','Gojtauti uto fas gol utre epecos alekamje se utvet refsereg ganhusda lubavkot lichavje.') ;
INSERT INTO message values('rJE2-QqH-MFe', 'nebulous-start@mac.uk', 'rkQMf5BWfte','Thu Apr 29 2038','Sam fujaoz coshusena sitmissa ubiki rufwikisa vape norruwvih erurep koitata togjot pelaman tu ofacaz kik.') ;
INSERT INTO message values('HkB3ZXqBbMtx', 'nutty-queen@icloud.net', 'B15NfqSZfYe','Mon Aug 19 2069','Naj vapbomci gaefa sa jud ekuja kekiti puabzi dupeeko bojeszes tolibipa zegba.') ;
INSERT INTO message values('BkI3WX5rZzYg', 'naive-toothbrush@mac.ca', 'rk-XGqBZGFl','Sun Feb 02 2087','Bu ranumoz koha cegnid zofgovo fugumo pehezub poru kucuvel sohelo cuzur pu.') ;
INSERT INTO message values('rkv2-mcrWfKg', 'exotic-business@videotron.co', 'BJ5mz9H-fFl','Thu Feb 03 2033','Rutop kufof sabfutfo jug as wod ofodo janafcod ta tioj gerkavgud tabofate fip fojufi kuv li.') ;
INSERT INTO message values('H1_nbQcHbGFx', 'futuristic-humor@videotron.fr', 'rkQMf5BWfte','Mon Feb 21 2095','Ra toogisat kil uzowazuf debkuro ko varfoene lelefcol aciugiter bawadrat zehmit narbufat fumi aweruheb.') ;
INSERT INTO message values('SyKhZm9BWMFe', 'money-kiss@gmail.co', 'rkh4M5S-zFg','Fri Jan 23 2054','Farep izimomon il paccug vicav fublen utmezi ib ruoge jesboc tev ovhiwhu onaij cecumcu fi.') ;
INSERT INTO message values('S1q3W7qr-fYg', 'fun-river@gmail.us', 'Hyazz5SbzFx','Fri May 22 2065','Todowim efetojpiv zaftotut okbikop muhfalap luwibmo um jor wibraz az fun wu ejocur bef rumu.') ;
INSERT INTO message values('r1o3bQ9SZMFg', 'paltry-invention@me.com', 'BJ0QzcHZfFx','Sat May 14 2044','Se sitnud huam bu vecubabo mezwinba hiov jatatzer kocda tustato merah zuglape.') ;
INSERT INTO message values('rkhhWX5S-GFx', 'quickest-insect@gmail.net', 'r1rXzcS-fFg','Sun Apr 01 2074','Su enihupoh kivfadav dutah tibhej fagiwki ho kofukhes tuw ruewe evdiw piti vi.') ;
INSERT INTO message values('ByT2WmqSbMte', 'money-kiss@gmail.co', 'r15MM9rbMFx','Wed Aug 01 2085','Toj cez jurucaom jav do av firebewak ruppufnu wotta igosisi vi uga.') ;
INSERT INTO message values('SkAhZm5HZzFx', 'try-cemetery@videotron.uk', 'SkjmzqBZMte','Tue Nov 24 2111','Ci ulkiscer rout pifpad ozaubi ep gu curfe zelki pilezu efgek cifveh nahavhi nopmes pi casakbov ajimaf.') ;
INSERT INTO message values('HJyaWQ5BWztg', 'needed-purpose@yahoo.uk', 'S13Xz9rZzte','Thu Oct 29 2116','Daig isocuab una ekloj ko noarevi boboh lunkaos aba uc efe jichucaj mazdecos.') ;
INSERT INTO message values('BJgpZQ9HWfYe', 'macabre-tree@hotmail.com', 'HyMVzqH-GFg','Tue Dec 06 2067','Totfirinu kivom gu si izmero wa we oghes gublem puj rodle teco esjaku hecda ogikja hogahalu.') ;
INSERT INTO message values('B1Wp-75BWGYg', 'bad-stew@gmail.uk', 'SJyQGqBZftg','Tue May 02 2073','Nudcivuc fet odopwit sathug acahitij atuub sa jar mo si tor nelpimwa kabzekva rize.') ;
INSERT INTO message values('HkzT-X5SWfFx', 'nebulous-start@mac.uk', 'rkQMf5BWfte','Sun Jul 08 2085','Tefuzem wivfile osvo kos idara tudali savtem dom ku supi tosicno jih joap rik za law ro maviuti.') ;
INSERT INTO message values('SJXpZm9BWfYx', 'needed-purpose@yahoo.uk', 'BJmVM5B-zFx','Thu Sep 04 2064','Houbo usruru im kecbiw sote iz boh walusi ikavo dezib noz bo uc nu to cefdew ersuhho.') ;
INSERT INTO message values('H14Tb7crbztl', 'faulty-wren@sympatico.co', 'ryxXGqH-fYl','Mon Aug 17 2020','Ena okawaz ji webgut vah lov ozugas anu caziuhe tep ocizewo nuf dopapu.') ;
INSERT INTO message values('ryBabmcHbMte', 'paltry-grain@icloud.us', 'Sy8QzcHbzFl','Sun Mar 28 2049','Toho osukeptum giloeru zeis capve kalibu mignupi sitmo kilugi vis pafbobiv wic tucjaf jehev wipetsab velfa siz.') ;
INSERT INTO message values('rJ8TZQ5r-zte', 'exotic-business@videotron.co', 'BJ5mz9H-fFl','Wed Apr 14 2106','Fu gozimha usritef sa wozvic ruavo tukfu simfu te we gepusu comoj gip mioli eb hikuad.') ;
INSERT INTO message values('SkvTWX9HZMYg', 'nutty-queen@icloud.net', 'HyHVMqSZfYx','Tue Sep 12 2034','Nik ujepag odwe usbe dabavgas viropo veg dumipuh lepiw mesi heb po odwaut vabem mimuz ilokolob kovdib gef.') ;
INSERT INTO message values('S1OTb75BZMKe', 'bad-stew@gmail.uk', 'SkjmzqBZMte','Tue Jul 17 2029','Ka evi ezopala heru tu az eztuuh wa malira cu fom towja lujipu tegoit ot am puh.') ;
INSERT INTO message values('S1KaW75SbfKg', 'heroic-office@me.com', 'SyDfG5HZMFl','Fri May 27 2089','Dom sirseul wowpa sab dulikuwo tab gaeh loof un gazha jawjumla zi didip toto fohcap zicsehag.') ;
INSERT INTO message values('SJcTb75H-zFg', 'futuristic-humor@videotron.fr', 'rkQMf5BWfte','Wed Aug 17 2095','Lopjov mu itotu so jibihtov besuef fikelfe heb lu biz fipu sonizi nagkiv adalag to gicgatiz oteman tobvedoz.') ;
INSERT INTO message values('HyspbQqH-GYg', 'exotic-business@videotron.co', 'BJ5mz9H-fFl','Fri Nov 02 2046','Osvo ucumezmu kajel lu ja abosuini mog iku suz uviefamip losref se.') ;
INSERT INTO message values('S1n6-XcHbGtg', 'abandoned-expansion@hotmail.co', 'Sy8QzcHbzFl','Sat Dec 07 2069','Sab ole gebeeno cecci sop ivopes deader wos vi guzce vam zuvbol nov cep julvemab.') ;
INSERT INTO message values('BJapbX5rbzYx', 'needed-purpose@yahoo.uk', 'BJmVM5B-zFx','Thu May 08 2081','Cazavcuz ow gid lifla mebem kokpo co veitaroz husuju wo tu zela.') ;
INSERT INTO message values('ryRTWX9rbGYe', 'thinkable-basin@hotmail.co', 'ryFzMcrZGKg','Fri Mar 12 2066','Baduh robpas zuwmec kag bazcoh nedeze dipegaka nuwjoh peguril feawosop uzjic jo tetcupu banogun mug putawa mefaocu zad.') ;
INSERT INTO message values('rk1CZQqSZfFe', 'foolish-voyage@sympatico.uk', 'rJDNz5H-zte','Wed May 21 2053','Tipotle ifku ge riaza vebewimek toz bimav bobhuzce offudiz ikufufsu sacozez bi omuerelu.') ;
INSERT INTO message values('r1lR-X9S-MFg', 'wooden-shelf@sympatico.io', 'B1KVM5rbztl','Sun May 25 2064','Jed vuh ipjakko luudjes ro batiligo age laraew viduvija ane to enu.') ;
INSERT INTO message values('HkZRb79SbzFx', 'modern-crow@gmail.co', 'HyMVzqH-GFg','Wed Dec 09 2099','Coh giwahehoc zowketofe rih sew zodsata ha lo mojwu bafubzuk kago he veduzgu ujo fifra koce tijtohkel.') ;
INSERT INTO message values('SyG0bmqr-fYl', 'untidy-join@me.co', 'HJGzGqSbGFl','Mon Jul 27 2105','Oldavli obawiltus veh ila ben cuhgotzok ca cozow uto acraj rir sulum ked.') ;
INSERT INTO message values('BJ70ZXqBZztl', 'futuristic-humor@videotron.fr', 'HyVVfqrZztx','Wed Nov 11 2099','Efa tuajo bec nifge bicbuzur sehlu kedci dek osizehe dadov niki fuvjubla dunuvraf zobujnu mecwefame seka.') ;
INSERT INTO message values('HkN0-QcSZfFx', 'naive-toothbrush@mac.ca', 'rk-XGqBZGFl','Fri Mar 21 2053','Hawno na hiovat gibtes zinolbe sonsok nanaje si va paeg guhewtug itajavopo og ewiloloto wuszid cojmilu hehjo.') ;
INSERT INTO message values('HJSRWm9H-fKe', 'naive-toothbrush@mac.ca', 'rk-XGqBZGFl','Fri Mar 18 2101','Gorwe wi vupukij owekoik ezu ohvu zu igvup hadawah ser ah sipgo.') ;
INSERT INTO message values('Sk8AWQ9Sbztl', 'exotic-business@videotron.co', 'BJ5mz9H-fFl','Thu Dec 29 2078','Vol li zophi jav laldop isa lamocig ciesuefe ruj wa uhafte wagip tofetuw ta cu ojo guehasoh.') ;
INSERT INTO message values('r1PA-75H-MFx', 'bad-stew@gmail.uk', 'SkjmzqBZMte','Sun Nov 20 2089','Wi rec ativa fakaw icnof gectanel mutu pegir ic be me vo.') ;
INSERT INTO message values('H1u0ZQ9HWMtg', 'deranged-nest@hotmail.com', 'rypmG9SZftg','Mon May 19 2025','Kuzukepi owcibli laj ji cojna zegzobe zuk icwub ikaos zaw ras wa riw jevu.') ;
INSERT INTO message values('B1FRWX5BWGFe', 'bad-stew@gmail.uk', 'SJyQGqBZftg','Mon Apr 17 2034','Cot topi elokeaji burog pibo vinotos rek nomivif uwotaf amwihpo juri we.') ;
INSERT INTO message values('rkc0bm5HbzYx', 'futuristic-humor@videotron.fr', 'rkQMf5BWfte','Mon Jul 09 2018','Wumat ugosaplaz mino ru zeg kag getasu ru jenfobwag irohusuf his gonok lot urozaslec fo.') ;
INSERT INTO message values('HksR-XqH-MKl', 'untidy-join@me.co', 'By64G5HWztg','Sun Jul 06 2031','Fol pesieje fe ifebuw hacelig bohuaka nede bolo zofobkuz re sod vuvro wocbil mov.') ;
INSERT INTO message values('H12R-XcHZfKx', 'exotic-business@videotron.co', 'BJ5mz9H-fFl','Wed Jan 19 2028','Gi nihtaz viwosare uzi uj faso varafel geig wo ahnet gis meh egoso mawsior bewnopob tepfioti.') ;
INSERT INTO message values('ByaC-X9SWzYl', 'rapid-space@hotmail.fr', 'BJnfMqS-ftl','Sun Jan 31 2066','Copda wimmakfi lal ri zapa bi jeuvewa fibitev vivan peggompeg cu somwek citvaal ve.') ;
INSERT INTO message values('H10CZ79S-fKe', 'futuristic-humor@videotron.fr', 'HyVVfqrZztx','Mon Jul 31 2079','Hatva orpo tom nagic ebfe ulnic bem beowo vul zi oh ukunok jiruwahi.') ;
INSERT INTO message values('SkJkGXqHbzFl', 'paltry-invention@me.com', 'BJ0QzcHZfFx','Thu Dec 16 2106','Upewaav recirurek inzilte ta gebujre furne ruri rako dom ame de cemhus ekeheh jec uluru vawonaehu.') ;
INSERT INTO message values('S1gkfmcHbMte', 'foolish-voyage@sympatico.uk', 'Sy-EM9r-fYg','Wed Jul 05 2084','Kubtoma gitauj jo gi tucop vatomif cezafa sa vo pobfis bitcij laru.') ;
INSERT INTO message values('H1bkMmqSWfFe', 'untidy-join@me.co', 'By64G5HWztg','Mon May 30 2107','Vino cuozoap bi zi tebfa hu fuvih gi fib jogu nekedtov cupuku.') ;
INSERT INTO message values('Hkf1f75H-MYl', 'nebulous-start@mac.uk', 'BJV7McBZzKl','Thu Nov 13 2036','Wiijbak vetuc boce to pidma ka harub li biszemuv abka subuho ivjum gaegasu juc lihuj punu.') ;
INSERT INTO message values('B1QJz7cBbftx', 'money-kiss@gmail.co', 'rkh4M5S-zFg','Sat Oct 26 2109','Leb rigo ogsu momac kuni lajebat osotissun senrudun go wubba raaku goticag fifmojo ad orhefuk lo kecdo ahhesrez.') ;
INSERT INTO message values('S1N1fXqSZfKl', 'fun-river@gmail.us', 'Hyazz5SbzFx','Sat Jul 12 2104','Ga ebo sojuca bamzabin getir nofzafur lez fewloine zadlo pupaf tiijosuk rec ho nub nohe wi hug.') ;
INSERT INTO message values('ByH1zmqBbfFl', 'futuristic-humor@videotron.fr', 'rkQMf5BWfte','Sun Sep 27 2082','Urji mowovba ide no keen hekibka ife pa loh inenowig namerkup torroafi virmow ecageh sedjedog retra nawdem.') ;
INSERT INTO message values('SkL1fmqHbMKg', 'lopsided-view@hotmail.ca', 'ryxXGqH-fYl','Sat May 27 2023','Cij sakpuz letafisu te basawjo kefore acicazuk ihiwehres ha favu nicepa henah hadce ucgo inenel.') ;
INSERT INTO message values('H1PyGQcH-zKl', 'abandoned-expansion@hotmail.co', 'Sy8QzcHbzFl','Wed Feb 10 2072','Pivugi niv edinekak gezodorah sim ba inpu azo surgo sooci eliom santu fanioga.') ;
INSERT INTO message values('B1OkMQqBZGtg', 'thinkable-basin@hotmail.co', 'BysEz5BWGtl','Tue Apr 20 2021','Ojjak cinow kuci bebivo sev uhamu mu pemodapu jugzu ki uvsecel fevdu wi sibe dic favsi uzi sal.') ;
INSERT INTO message values('BJtJGQcBWftx', 'paltry-grain@icloud.us', 'Sy8QzcHbzFl','Fri Nov 23 2040','Titfu cefam awausili gunuzdur it ajaza petgurug uh sahde fonco vivip nev wovebce ji duv lahesfi selgeko aseeceli.') ;
INSERT INTO message values('r151GmcSZfKx', 'bad-stew@gmail.uk', 'SkjmzqBZMte','Tue Aug 14 2035','Vohi ir maoz diljonsaw ucuazuguz bof gaehu nu uw tenva obebun gimwulu pegigtol heevire lootebag usu zahofjun pitafrij.') ;
INSERT INTO message values('BkiyGmqBbfte', 'lopsided-view@hotmail.ca', 'ryxXGqH-fYl','Fri Sep 17 2083','Ra gic okkeluz ufuzalu zorodejo fac ra ohka wafataze ecpow lawon fo.') ;
INSERT INTO message values('HJ3yMX5SbfFg', 'futuristic-humor@videotron.fr', 'HyVVfqrZztx','Mon Feb 20 2023','Vowhakab efe mol ke cob giddivku riroela zikoj anojout miw isofe pehfa wi ahkul mego.') ;
INSERT INTO message values('ByT1fXcr-Gtx', 'money-kiss@gmail.co', 'BkrfzcBZfKe','Fri Jan 21 2061','Pobef juw no idiwe irekeli upe colal za vahkevol vo tu ubu arcav kub rerbadiv ric.') ;
INSERT INTO message values('BkRkGX5rbztg', 'paltry-invention@me.com', 'BJ0QzcHZfFx','Sat Apr 28 2046','Doj umeliw bunaeru bu ozugane urpev rero digufa bonlujtu di suvdo zofdupkul dej hen.') ;
INSERT INTO message values('SJJefQ9rbMtx', 'needed-purpose@yahoo.uk', 'BJmVM5B-zFx','Sat Jun 14 2059','Nof forvuthe cihev ebsad iwu vos vegmulwi nuzsuho kadioha mebdul nuvsuk lazze.') ;
INSERT INTO message values('r1lxfm9HbfYl', 'needed-purpose@yahoo.uk', 'BJmVM5B-zFx','Tue Mar 12 2086','Radovka touko vu adojub pe firis jespetos hijtuowa jo cewuvnet usfiag ef woekobaj mo rocpavale.') ;
INSERT INTO message values('H1WefXcSbfFe', 'paltry-invention@me.com', 'Sy-EM9r-fYg','Thu Nov 22 2068','Eduzece peamu puma ona ahtucpev pavwuzka uv guguguv mosagob kuj impo dagtichez cu ki cashepaw.') ;
INSERT INTO message values('rJzgM7qrbftl', 'futuristic-humor@videotron.fr', 'rkQMf5BWfte','Fri Apr 27 2108','Ku obrunvuf ahiwomu kudat rafra odjoure wog kunge kokisider souriho zoopi luwcid luf.') ;
INSERT INTO message values('rJ7xzX5BZMKx', 'woebegone-coal@sympatico.com', 'Sk_NGqrbfFg','Fri Feb 20 2054','Jabfoweji kelluvew hawhisu uwooceze mo fos lotpe uglonve lu os bo duseksuk zi.') ;
INSERT INTO message values('SkEef7qS-MYl', 'wooden-shelf@sympatico.io', 'B15NfqSZfYe','Tue Apr 21 2026','Liswij afga ratwu mamumduf cohaclit cad miv we ca hujgi weanma ri ti.') ;
INSERT INTO message values('S1SeGQqBWMFx', 'thinkable-basin@hotmail.co', 'BysEz5BWGtl','Fri Dec 16 2050','Gurdutvuv su dobakij rijla bojaloweg jaun opiareije raorezi mat ziz puj wajhe pifsom guj foki jisikvi.') ;
INSERT INTO message values('ByUlf7crWzYx', 'paltry-grain@icloud.us', 'ryGXGqB-GKl','Sat Oct 05 2097','Mawaj le lenuw on gumuf ler dihpe gilhu je rezuti wes tuamnev pin coj.') ;
INSERT INTO message values('BJwefQ5HWfFx', 'foolish-voyage@sympatico.uk', 'rJDNz5H-zte','Sat Oct 25 2070','Kuh sornuv pe wo niwrem ojja pees irilon vakootu muobi ke vaz rom vejozdi.') ;
INSERT INTO message values('B1_eMQcrbzYe', 'fun-river@gmail.us', 'rkzBG5SWMYg','Sun Apr 05 2020','Cis cijlacu loeju de dereg canulek fa pazi lom uvo gosanca perahiw om nulubtu id dod.') ;
INSERT INTO message values('BkFgGXqrbMtx', 'bad-stew@gmail.uk', 'SJyQGqBZftg','Fri Oct 11 2069','Cizmuzvi igvi ta lit zemu dumebeg cage ec lutavre li humomuz izuhilci ta fobo mojku gaunumes.') ;
INSERT INTO message values('Sk9xGX5rbGYe', 'foolish-voyage@sympatico.uk', 'rJDNz5H-zte','Thu Feb 26 2093','Laaz ecuhozohe caognib dape em vuh hozpi ibpif adoirusap ezikag mil fesvi.') ;
INSERT INTO message values('ByogzXcHbzYx', 'paltry-invention@me.com', 'BJ0QzcHZfFx','Tue Apr 25 2023','Doare fec ronuw zatwukcoj ebuv cogeha lopcom abgiljil mohetareg fu paow tagupiz babafihin degataw.') ;
INSERT INTO message values('rk3gGQ9HWMFx', 'nebulous-start@mac.uk', 'BJV7McBZzKl','Thu Mar 13 2059','Es mab omep ocernag jofdel carasuto jubkalan rodvegu ugowipo me nejka wa houl cap petzoni ral.') ;
INSERT INTO message values('H16xf75rbzFl', 'thinkable-basin@hotmail.co', 'ryFzMcrZGKg','Mon Oct 19 2037','Se fok ba inheh kevki betwez lav ci mutuwu jotehu ede do naz basa egi jewu kaefju tebatva.') ;
INSERT INTO message values('rJ0eM79SZftx', 'macabre-tree@hotmail.com', 'ryxXGqH-fYl','Fri Jan 05 2029','Li copcovwes pawci mum baret ve bacimlev sinav rakiode ne onoropti tesmum ajnushi ilozu fep ejevedvoc.') ;
INSERT INTO message values('BykZzQqrbfFe', 'heroic-office@me.com', 'SyDfG5HZMFl','Fri Jul 01 2067','Okhaljog me uvmeoj nizdoafu gizmu iti id zegiv dun wiljinus nogeot odalo ji kawa zawsunroz.') ;
INSERT INTO message values('rJlbGXqrbzFx', 'foolish-voyage@sympatico.uk', 'Sy-EM9r-fYg','Tue Jun 14 2095','Wuditpug gapan nihkud la sueju ze putseik ika em ar uvpo mahaf rigpi.') ;
INSERT INTO message values('S1ZbfmqHbfYx', 'quickest-insect@gmail.net', 'r1rXzcS-fFg','Wed Jun 17 2116','Wif kaota isojrer huduhe okidivve sop bopat fudhal te fer dori puhgi oc cocfare jocka se gifed tevog.') ;
INSERT INTO message values('H1fbfQ5BZMKe', 'fun-river@gmail.us', 'Hyazz5SbzFx','Mon Mar 08 2032','Cisi oprohgo gowop cinwasu debefi rug wanonse dusdipri ulo siwrul areceaf zeworsi moetevi ne bawmiccop umutujan uhehafot.') ;
INSERT INTO message values('SkQZf75SZzKx', 'lopsided-view@hotmail.ca', 'ryxXGqH-fYl','Sat Jul 14 2029','Forotmu gek ehegiweh zi demu maz pin ba liwov lik nonbuoji kem eho tuf api kovo.') ;
INSERT INTO message values('HkE-f79H-fFx', 'macabre-tree@hotmail.com', 'ryxXGqH-fYl','Thu Apr 18 2041','Akropneh avapuwto peeraju lijitez jobbobmef mirvunu komagfiv je were ziojo koubis iji.') ;
INSERT INTO message values('rJSZzX5H-Gtx', 'naive-toothbrush@mac.ca', 'rk-XGqBZGFl','Fri Mar 09 2114','Pukurliv zic idesordo adewa woffuha tehgun ed vuwugwo fo kamcufna orsose vehbezji ruzasdul lopzebep siw.') ;
INSERT INTO message values('BJI-MXqrZzKg', 'money-kiss@gmail.co', 'rkh4M5S-zFg','Tue Dec 09 2098','Gu faj miiwizu peekavu do si nuaj uhi nifsap ewasigmih esiomfub zod machegoh evi ted melfies apauza.') ;
INSERT INTO message values('B1vbf75rbftx', 'quickest-insect@gmail.net', 'HJGzGqSbGFl','Tue Feb 09 2049','Dozrilca pijizba aw ketwok av zuk madi cetuca vezgu siudu cugkujju lendari vinte vopike.') ;
INSERT INTO message values('B1d-MX5rZMKx', 'hanging-root@hotmail.io', 'Sy-EM9r-fYg','Tue Apr 22 2081','Tu edeoke fakrow fulo razod janno rinsunne iniro ejsub lek ek nokri uzfegap bo hup feckovas ijo.') ;
INSERT INTO message values('HyYWG7cB-zFx', 'exotic-business@videotron.co', 'BJ5mz9H-fFl','Wed Oct 16 2086','Nubfogru mupenwes ed somkiba te diru tejuchiz fijbesvor vurita bow jirisis ase.') ;
INSERT INTO message values('Hy9WMX5B-GKg', 'paltry-grain@icloud.us', 'Sy8QzcHbzFl','Sat Sep 28 2115','One cimtowez saf hokodon wed ofeafu gofiala sopujluj fo ji votpokfa ad ezvagul bidgatrib.') ;
INSERT INTO message values('SkobzXcHbzKg', 'quickest-insect@gmail.net', 'HJGzGqSbGFl','Mon Nov 10 2104','Zes gizra isalubem as rigip watak lobpipe tow cira vit oda ezira his sepwij.') ;
INSERT INTO message values('BynZGX9BWMYg', 'faulty-wren@sympatico.co', 'ryxXGqH-fYl','Mon Apr 15 2086','Ta kegad ga nife minvi ecuzuf iri bahev fuwi ri hujpig ke.') ;
INSERT INTO message values('HJTZzXcr-fFl', 'paltry-grain@icloud.us', 'ryGXGqB-GKl','Thu Mar 26 2099','Isi li ucpa so teltabal rigfogiti nize uga poile beali vev vi pof mizja pejtarzik zoop ji.') ;
INSERT INTO message values('rJAWM7cSZMYl', 'macabre-tree@hotmail.com', 'ryxXGqH-fYl','Sun Jan 04 2111','Aha ha ogwev vo mipiskom ci buk mi tazasu inu do zuoven mab.') ;
INSERT INTO message values('HyJGz7qrbfKg', 'deranged-nest@hotmail.com', 'rypmG9SZftg','Sat Sep 07 2041','Esva loew fazhala zefgewsic besamnit ka wat zu ze ol kusar pojo ereca curwuffo ibi.') ;
INSERT INTO message values('ByxMfXcHZMFl', 'money-kiss@gmail.co', 'rkh4M5S-zFg','Tue Jun 04 2109','Buzfuc wetve jinhul lajendes dopfib barok is ba evupuz hazzu licbevij abizurkep supu.') ;
INSERT INTO message values('BJWGf75BbMFx', 'nutty-queen@icloud.net', 'HyHVMqSZfYx','Sat Sep 29 2040','Wapwano furuz vidmo fu je teru kobofe diwnos nirfindap ocdi anavob arita wo kolfip.') ;
INSERT INTO message values('ryGMzXcBbzFg', 'fun-river@gmail.us', 'rkzBG5SWMYg','Sat Dec 16 2023','Ga zewsowuz gez uba futsor udoap girurala mavim zilka loojo wazzujmej ifme.') ;
INSERT INTO message values('H1mGzX9rbMYl', 'lazy-nut@icloud.fr', 'BJmVM5B-zFx','Mon Oct 08 2085','Ta culwojo hemmes ijewa pehnisnop hazad ikiwe bolafi gof nojvi fo wetro efoeke carjacto mutempa rafusrij mitziis.') ;
INSERT INTO message values('Bk4GMQqB-MYl', 'naive-toothbrush@mac.ca', 'rk-XGqBZGFl','Thu Jan 06 2039','Nobfozlo duloru if ab ce coug li gaohujo hudit megbal teggu zopucuk ub hurupvi tiduco pi su.') ;
INSERT INTO message values('rySzGQ9SWMYe', 'untidy-join@me.co', 'By64G5HWztg','Tue Jul 03 2029','Cike mugibma cerfos hulzuken but tupobo sidamup fosdo ekulziz januzi egfuv fopow.') ;
INSERT INTO message values('S1UMfm9SZfYl', 'hanging-root@hotmail.io', 'Sy-EM9r-fYg','Wed Nov 21 2068','Waftokpav abdaj zu wu fo vizecpij uwfu poukzu sel sefeh dufkih sorip.') ;
INSERT INTO message values('HyPGMXcB-ftl', 'nebulous-start@mac.uk', 'BJV7McBZzKl','Sat Sep 30 2113','Bihno pab vegminar hozedor regloag jiewgum ikcudiv zirok ire kopcof cipikcu igodem lorede fujohaga rel tudmuv tud ehuhi.') ;
INSERT INTO message values('HkuzG7cBZGYl', 'untidy-join@me.co', 'HJGzGqSbGFl','Tue Oct 02 2108','Kani repuzeb se nugofi habwuznok nuziwag lesajfev seliffi duzu dosika faz kun noihde.') ;
INSERT INTO message values('SkYff75BZzFg', 'naive-toothbrush@mac.ca', 'rk-XGqBZGFl','Sat Oct 23 2094','Wa tuto fecsugna jeg dibis vufheb vi waanzal cotsizih edocebut uwezeof ced raja ga goddun.') ;
INSERT INTO message values('Sk9zfQ9S-MKg', 'untidy-join@me.co', 'r15MM9rbMFx','Sat Dec 23 2028','Hade rofkiic job zeac zujcov owajeer longimo dibaor bar teticulom sugfifa cer obi hic isuzedma riveg mu sef.') ;
INSERT INTO message values('ByifG7cr-zFx', 'faulty-wren@sympatico.co', 'ryxXGqH-fYl','Wed Jun 16 2049','Detketo vegso coheme zuhe durag falavzah buw orru nu wop wezsi tusi gotifew.') ;
INSERT INTO message values('HJ3fMXqSWMtg', 'untidy-join@me.co', 'By64G5HWztg','Wed May 07 2092','Do redun rogida ni okufilfo numaten edees zuike juwleg dovlu ibusa loz cawebi legogi.') ;
INSERT INTO message values('BkpMGQ9rbMKl', 'paltry-grain@icloud.us', 'Sy8QzcHbzFl','Tue Apr 16 2052','Bew fihiuf peji zehe lugowuzit igco op podpuge vurel voig ce sovo nujdacuf sekodnu goseut.') ;
INSERT INTO message values('rkRzGm9BZMtl', 'untidy-join@me.co', 'r15MM9rbMFx','Fri Sep 30 2101','Behwa ru cilezo fo javiv ico lawuc ek vefi wudvid bencatru ceb ornuhol iwmusni zinocpu fupoc.') ;
INSERT INTO message values('rJ1mGm5HWftl', 'nebulous-start@mac.uk', 'BJV7McBZzKl','Sun Jul 31 2044','Sudhahdif hiverre jacwa egiku nooge kasotzo kottud evwe jupler secet wupvo nogehu vi arojuve er dohtevocu.') ;
INSERT INTO message values('SJxQM79rZMYx', 'unknown-pizzas@icloud.us', 'HyVVfqrZztx','Sat Feb 20 2044','Omi ekli joar la pukkih nos pejo makruta viroliosu kaf fojev zusawmu pez vuntiw nohi.') ;
INSERT INTO message values('HkWQMQ9HbfFe', 'paltry-grain@icloud.us', 'ryGXGqB-GKl','Tue Aug 04 2076','Nidzol tow jumjugdek ufzulko upafe duj ewbej nercuv wejuaj uhevak tomera mi vici homugciz uppepnih nib wonake.') ;
INSERT INTO message values('SyMXGm5HbMKx', 'unknown-pizzas@icloud.us', 'HyVVfqrZztx','Fri Dec 09 2061','Watezu lolworbuw nufhu peiho ow footzi la gowo ukte ohi vefozgo pipanhur kizhifos cas uzibu.') ;
INSERT INTO message values('HyXmG79HWGFg', 'thinkable-basin@hotmail.co', 'ryFzMcrZGKg','Wed Dec 22 2049','Rawpiw vadla uwege mupbutic kef canivoju go ciltuiwi illueto gehcino kiitirig fonju egaoja rup dil fekihi.') ;
INSERT INTO message values('H1VXG79BZftl', 'fun-river@gmail.us', 'rkzBG5SWMYg','Fri Jun 12 2048','Povcaljoc ufubuja udcip hojcuf pevlos imawuzbut fo ci ag ipenuksag berbu bedsekru kuwowvi dedvuvcak rozuk.') ;
INSERT INTO message values('B1rmzm9SWfFl', 'fun-river@gmail.us', 'Hyazz5SbzFx','Wed Mar 23 2089','Uci siwsab alfik ule tudrum olepcin azca dukehho wo hakjeh kekekob rewuvu un vufbahav cu ajbatar sukitwic.') ;
INSERT INTO message values('By87MQ5BbfKx', 'exotic-business@videotron.co', 'BJ5mz9H-fFl','Mon Jan 26 2105','Ot pimog limobebi javi mofi viegje nebilo alobi ro levnobib dihvat vecehe nehwicbar.') ;
INSERT INTO message values('SJDmf7cr-GFx', 'wooden-shelf@sympatico.io', 'B1KVM5rbztl','Mon Sep 19 2050','Gehoj ev la nazive toenbo ocikojef bac sova ipejufop adazul cidu vokpap bojje iwafedsu gisa rebus jiecla.') ;
INSERT INTO message values('HydQzm9B-Gte', 'quickest-insect@gmail.net', 'r1rXzcS-fFg','Sun Jun 05 2044','Zenure kenhiuf laf ji vesgu la gutos foj ir rihlolvar folmezu hegatu pef ja og.') ;
INSERT INTO message values('r1KQfQ5HZzFl', 'needed-purpose@yahoo.uk', 'S13Xz9rZzte','Thu Dec 11 2098','Riug benrune ilo valgen ol ronela lab jogcoz osu dudhu eva guril vewepaj nampij zih wazugaila puznu he.') ;
INSERT INTO message values('HJ9mzXqBZGKl', 'deranged-nest@hotmail.com', 'S13Xz9rZzte','Tue Nov 06 2074','Ri olona bicodaw kaiv ni divrototu gu hi durne bejaf bolveze holicufa dibook fos cinaz.') ;
INSERT INTO message values('rksXfXcBZfKe', 'needed-purpose@yahoo.uk', 'BJmVM5B-zFx','Tue May 31 2072','Be uwfij oldenpiz kajat itsomdej ahfevbej ezbi eriundo fuew oli zit joheb it fi agaehka fiw cikfud up.') ;
INSERT INTO message values('H127zXqrZMKe', 'bad-stew@gmail.uk', 'SJyQGqBZftg','Sat Aug 11 2074','Hi agliwica ka jejete fifu lujvoz wi non ji pevpubiv ha sumofedir rig je lozu je hapunza.') ;
INSERT INTO message values('B1TQzX9SWfFe', 'try-cemetery@videotron.uk', 'SkjmzqBZMte','Sat Nov 05 2095','Vo at tuhrefvi ted us luuhrop uze tentet ungif etaniv kep zejajme maljiev.') ;
INSERT INTO message values('rk0mGQcSbMte', 'money-kiss@gmail.co', 'rkh4M5S-zFg','Sun Nov 14 2100','Uhozobare adugihpi segu eli iwmi ton muhfojrat ro no he pe vok gam ot gujavah.') ;
INSERT INTO message values('ryk4Mm5SZftx', 'modern-crow@gmail.co', 'HyMVzqH-GFg','Fri Jun 10 2033','Je kusuwsav ek semuc kum fejodku timuv ezado cu sizhin egiedapa upobaje vo fuc.') ;
INSERT INTO message values('Hyg4GQqBbzKx', 'wooden-shelf@sympatico.io', 'B15NfqSZfYe','Wed Jun 28 2079','Ka liregaj uze botito ipu ra posa wih efuucibe moj hidmilgu ojbotig.') ;
INSERT INTO message values('ryWEGm5S-MFe', 'deranged-nest@hotmail.com', 'S13Xz9rZzte','Wed Feb 25 2071','Wug ketnonwa nujhopic jaccu neg ji ekde ev za uhjimema man fem.') ;
INSERT INTO message values('r1MEMXqH-fte', 'abandoned-expansion@hotmail.co', 'Sy8QzcHbzFl','Tue Sep 30 2110','Usunan ori hodug sidwulu zowowa derod puive gutuuji keh feilezi bo cipuma okoebru.') ;
INSERT INTO message values('H1m4MQ9rZfFe', 'try-cemetery@videotron.uk', 'SkjmzqBZMte','Wed Dec 02 2026','Jilpe olo cas esulu hatobjes sucelen zotuco nedho zij rouwa fatesacu winba ufna.') ;
INSERT INTO message values('HyNNf75HZGYg', 'deranged-nest@hotmail.com', 'rypmG9SZftg','Thu Jul 22 2049','Fir madukabu tizaslu la powjeaci uconagzin basavinu po ciegu itamfom bup zikij fijud lijke daovhew peginel citkac ta.') ;
INSERT INTO message values('B1HEGmcBWftx', 'paltry-grain@icloud.us', 'Sy8QzcHbzFl','Sun Mar 12 2079','Beimac san ezamif pidbuhnet higsurso sonruhbub ohifi une cezuzaite el ku ebekuze so vowa.') ;
INSERT INTO message values('SkIVGQ9BWfFx', 'nebulous-start@mac.uk', 'BJV7McBZzKl','Fri Mar 25 2044','Cesig wit vah huzgowi orna de akorevoke zo ehrad ekwat now ufbef suov zujmiwo pul hosno ivetivopi gip.') ;
INSERT INTO message values('BkwEz7qSZfKx', 'abandoned-expansion@hotmail.co', 'Sy8QzcHbzFl','Wed Sep 15 2077','Me pemforur vizukku duigikap muf hikwuili suw enpazil zuluzoig ta luh hiojita hudara bu sat ru fe eb.') ;
INSERT INTO message values('SyO4f7cB-Mtx', 'untidy-join@me.co', 'HJGzGqSbGFl','Sat Mar 16 2075','Inap odi aladdu dekar akovogi gukdup rosrewlam uleac ovnerah lawoki fol furcur luoce kefu do rep uno.') ;
INSERT INTO message values('S1tEz75Sbftg', 'wooden-shelf@sympatico.io', 'B15NfqSZfYe','Thu Apr 14 2101','Vi fibgi givuuc upu luti wipi zapno jadjubwo lu gaj bud sucataij lov jodug.') ;
INSERT INTO message values('Sy94fm5HWfFl', 'foolish-voyage@sympatico.uk', 'rJDNz5H-zte','Mon Feb 28 2101','Ca mogo ittu fulu vobumeda wenud wabieg vojul afimol todluvceh gihorme soh sodnez apkekmum ki nobbimige ondaj su.') ;
INSERT INTO message values('B1s4GQ5BbMtl', 'nebulous-start@mac.uk', 'BJV7McBZzKl','Sat Aug 23 2042','Nilubpaw for zekte gic kekkaj dufwaku zuwjinah emurulup rassanov sozos wappo maifu.') ;
INSERT INTO message values('ry3NGmcH-Mtl', 'hanging-root@hotmail.io', 'Sy-EM9r-fYg','Wed Mar 27 2052','Halsuh hewki ogi fitvip ware budemiofi kanzurpu motigga nipbiifa si pa vuzat ib wamcug.') ;
/* Script generated Wed Feb 15 2017 11:44:59 GMT-0500 (Eastern Standard Time)*/

INSERT INTO commentreaction values('SyFYX9HZzYx', 'faulty-wren@sympatico.co', 'happiness') ;
INSERT INTO commentreaction values('r1dDlXcSZzFe', 'foolish-voyage@sympatico.uk', 'excitement') ;
INSERT INTO commentreaction values('r1xwl79HWftg', 'golden-crayon@me.ca', 'happiness') ;
INSERT INTO commentreaction values('rkXtQqBZGYe', 'lopsided-view@hotmail.ca', 'excitement') ;
INSERT INTO commentreaction values('Sk2i75rbGYe', 'outstanding-stocking@hotmail.fr', 'excitement') ;
INSERT INTO commentreaction values('SkmUe79r-fYe', 'needed-purpose@yahoo.uk', 'excitement') ;
INSERT INTO commentreaction values('S1r8Q9S-fYg', 'unknown-pizzas@icloud.us', 'like') ;
INSERT INTO commentreaction values('ryxwXcrbGYl', 'workable-story@hotmail.fr', 'sadness') ;
INSERT INTO commentreaction values('BJ6c79B-fFx', 'curved-foot@mac.fr', 'happiness') ;
INSERT INTO commentreaction values('H1fgx79Sbftl', 'woebegone-bulb@hotmail.fr', 'like') ;
INSERT INTO commentreaction values('rkIjX9S-MKx', 'fun-river@gmail.us', 'anger') ;
INSERT INTO commentreaction values('H1W-lXcHbzFx', 'helpful-porter@sympatico.ca', 'anger') ;
INSERT INTO commentreaction values('HJYdX9BZMte', 'unknown-pizzas@icloud.us', 'like') ;
INSERT INTO commentreaction values('Sy3Vgm9BZGte', 'try-cemetery@videotron.uk', 'anger') ;
INSERT INTO commentreaction values('r1xwl79HWftg', 'white-pollution@videotron.io', 'anger') ;
INSERT INTO commentreaction values('S1BxgX9rbzKx', 'needed-purpose@yahoo.uk', 'happiness') ;
INSERT INTO commentreaction values('rJkUXqHZzKg', 'try-cemetery@videotron.uk', 'anger') ;
INSERT INTO commentreaction values('HJm6Q9rZMFg', 'rapid-space@hotmail.fr', 'like') ;
INSERT INTO commentreaction values('BkDCmqBWGKl', 'thinkable-basin@hotmail.co', 'happiness') ;
INSERT INTO commentreaction values('BkDum9S-ztx', 'rapid-space@hotmail.fr', 'happiness') ;
INSERT INTO commentreaction values('ryaFXcBWzte', 'nutty-queen@icloud.net', 'excitement') ;
INSERT INTO commentreaction values('HJm6Q9rZMFg', 'helpful-porter@sympatico.ca', 'anger') ;
INSERT INTO commentreaction values('SJqcQ9rZMYx', 'futuristic-humor@videotron.fr', 'like') ;
INSERT INTO commentreaction values('HJf-lX5rZGtl', 'naive-toothbrush@mac.ca', 'excitement') ;
INSERT INTO commentreaction values('Hk137qHWztl', 'modern-crow@gmail.co', 'like') ;
INSERT INTO commentreaction values('BkjJxm5H-MKe', 'abandoned-children@sympatico.com', 'like') ;
INSERT INTO commentreaction values('SksllX9BbGtl', 'exotic-business@videotron.co', 'sadness') ;
INSERT INTO commentreaction values('rycKmqHWzYl', 'bad-stew@gmail.uk', 'excitement') ;
INSERT INTO commentreaction values('BkfuQqBZGtl', 'macabre-tree@hotmail.com', 'sadness') ;
INSERT INTO commentreaction values('Hkthm9H-MYl', 'exotic-business@videotron.co', 'excitement') ;
INSERT INTO commentreaction values('SyEDxXqHWzKe', 'dirty-border@hotmail.ca', 'anger') ;
INSERT INTO commentreaction values('HklegQ5r-GKl', 'fun-river@gmail.us', 'anger') ;
INSERT INTO commentreaction values('HJH0m9Hbftg', 'untidy-join@me.co', 'excitement') ;
INSERT INTO commentreaction values('rJl2QcBbzYg', 'dirty-border@hotmail.ca', 'excitement') ;
INSERT INTO commentreaction values('HJzBlm9BWzFx', 'helpful-porter@sympatico.ca', 'anger') ;
INSERT INTO commentreaction values('By4tQqSbGKl', 'curved-foot@mac.fr', 'like') ;
INSERT INTO commentreaction values('SkbLxmcBbGFg', 'money-kiss@gmail.co', 'anger') ;
INSERT INTO commentreaction values('Hy4NeX5HZMKl', 'woebegone-bulb@hotmail.fr', 'happiness') ;
INSERT INTO commentreaction values('Hyi07qrZGYg', 'thinkable-basin@hotmail.co', 'sadness') ;
INSERT INTO commentreaction values('HJBhm5S-fFx', 'golden-crayon@me.ca', 'happiness') ;
INSERT INTO commentreaction values('BJwWl7qSbfKx', 'blessed-blade@hotmail.us', 'excitement') ;
INSERT INTO commentreaction values('rkpJgQcSbGFl', 'abandoned-expansion@hotmail.co', 'anger') ;
INSERT INTO commentreaction values('BJyv7cBWMYx', 'paltry-invention@me.com', 'anger') ;
INSERT INTO commentreaction values('BkTWl79rZGKg', 'needed-purpose@yahoo.uk', 'excitement') ;
INSERT INTO commentreaction values('r1D5XcBbfFe', 'workable-story@hotmail.fr', 'sadness') ;
INSERT INTO commentreaction values('HyFzgXcHWztl', 'macabre-tree@hotmail.com', 'anger') ;
INSERT INTO commentreaction values('HyW37qBWGFe', 'heroic-office@me.com', 'like') ;
INSERT INTO commentreaction values('ByK5m5rbzFl', 'macabre-tree@hotmail.com', 'excitement') ;
INSERT INTO commentreaction values('ryVIQcrbfYe', 'rapid-space@hotmail.fr', 'excitement') ;
INSERT INTO commentreaction values('rJquXcBZfFx', 'woebegone-bulb@hotmail.fr', 'sadness') ;
INSERT INTO commentreaction values('H1hIxQ5HZMFx', 'lopsided-view@hotmail.ca', 'excitement') ;
INSERT INTO commentreaction values('ryj7eQqBbfKx', 'wooden-shelf@sympatico.io', 'excitement') ;
INSERT INTO commentreaction values('BkIvxmcHbfYx', 'fun-river@gmail.us', 'excitement') ;
INSERT INTO commentreaction values('BJ6c79B-fFx', 'heroic-office@me.com', 'sadness') ;
INSERT INTO commentreaction values('rJl2QcBbzYg', 'try-cemetery@videotron.uk', 'like') ;
INSERT INTO commentreaction values('H1Q2m9rZGKg', 'dirty-border@hotmail.ca', 'excitement') ;
INSERT INTO commentreaction values('H1fgx79Sbftl', 'quickest-insect@gmail.net', 'excitement') ;
INSERT INTO commentreaction values('BJ6c79B-fFx', 'rapid-space@hotmail.fr', 'sadness') ;
INSERT INTO commentreaction values('HyMkeQcH-MKe', 'untidy-join@me.co', 'happiness') ;
INSERT INTO commentreaction values('rJwUxX9BWGKg', 'blessed-blade@hotmail.us', 'excitement') ;
INSERT INTO commentreaction values('rJdD79BbGte', 'needed-purpose@yahoo.uk', 'excitement') ;
INSERT INTO commentreaction values('HJCEgQ5rWzte', 'nutty-queen@icloud.net', 'anger') ;
INSERT INTO commentreaction values('BJ_ExmcrWGFe', 'animated-title@hotmail.io', 'like') ;
INSERT INTO commentreaction values('BkIvxmcHbfYx', 'deranged-nest@hotmail.com', 'happiness') ;
INSERT INTO commentreaction values('SJoDx75r-ftx', 'creepy-rice@yahoo.com', 'anger') ;
INSERT INTO commentreaction values('SJwn75rWfFg', 'curved-foot@mac.fr', 'excitement') ;
INSERT INTO commentreaction values('r1xwl79HWftg', 'helpful-porter@sympatico.ca', 'sadness') ;
INSERT INTO commentreaction values('SylflQqrbfKl', 'bad-stew@gmail.uk', 'excitement') ;
INSERT INTO commentreaction values('SkIQeQqSWzKx', 'creepy-rice@yahoo.com', 'anger') ;
INSERT INTO commentreaction values('By3-gmcHWzYx', 'successful-fruit@mac.fr', 'excitement') ;
INSERT INTO commentreaction values('ByK5m5rbzFl', 'workable-story@hotmail.fr', 'excitement') ;
INSERT INTO commentreaction values('Sy-Hgm9HWzYg', 'bad-stew@gmail.uk', 'sadness') ;
INSERT INTO commentreaction values('SkeLXcrWfFl', 'lazy-nut@icloud.fr', 'like') ;
INSERT INTO commentreaction values('Hkh1lXqrWMKe', 'cheerful-sheet@me.ca', 'happiness') ;
INSERT INTO commentreaction values('rycKmqHWzYl', 'wooden-shelf@sympatico.io', 'happiness') ;
INSERT INTO commentreaction values('BJjjmcBbGFx', 'slippery-development@me.io', 'anger') ;
INSERT INTO commentreaction values('SJPt7cSZzFx', 'heroic-office@me.com', 'like') ;
INSERT INTO commentreaction values('BJ8ygm9S-Gtx', 'cheerful-sheet@me.ca', 'excitement') ;
INSERT INTO commentreaction values('r1AaXqH-fYx', 'exotic-business@videotron.co', 'excitement') ;
INSERT INTO commentreaction values('H14AQ9HWftg', 'curved-foot@mac.fr', 'happiness') ;
INSERT INTO commentreaction values('H1BUlmcr-zKl', 'lazy-nut@icloud.fr', 'happiness') ;
INSERT INTO commentreaction values('rkGwgm5HbMFl', 'naive-toothbrush@mac.ca', 'excitement') ;
INSERT INTO commentreaction values('B1E7l7cBZfte', 'white-pollution@videotron.io', 'excitement') ;
INSERT INTO commentreaction values('rJXyxXqHZMFx', 'lopsided-view@hotmail.ca', 'sadness') ;
INSERT INTO commentreaction values('BJAylQcSWzte', 'thinkable-basin@hotmail.co', 'happiness') ;
INSERT INTO commentreaction values('ryQcX5BbGtg', 'creepy-rice@yahoo.com', 'excitement') ;
INSERT INTO commentreaction values('BJxug79HZGtl', 'creepy-rice@yahoo.com', 'anger') ;
INSERT INTO commentreaction values('S1bFQ5S-MKl', 'try-cemetery@videotron.uk', 'excitement') ;
INSERT INTO commentreaction values('HJ1QlQ9rWMFl', 'exotic-business@videotron.co', 'excitement') ;
INSERT INTO commentreaction values('SJyHgXcrbMYx', 'outstanding-stocking@hotmail.fr', 'happiness') ;
INSERT INTO commentreaction values('rk-xgQ9Bbftl', 'abandoned-children@sympatico.com', 'anger') ;
INSERT INTO commentreaction values('S1PBxQ5SZzKe', 'workable-story@hotmail.fr', 'anger') ;
INSERT INTO commentreaction values('HJ2GgQ9HZfKg', 'nutty-queen@icloud.net', 'anger') ;
INSERT INTO commentreaction values('SJo8e7qS-MYl', 'faulty-wren@sympatico.co', 'anger') ;
INSERT INTO commentreaction values('BJfT79SbzYl', 'helpful-porter@sympatico.ca', 'excitement') ;
INSERT INTO commentreaction values('rJXyxXqHZMFx', 'heroic-office@me.com', 'anger') ;
INSERT INTO commentreaction values('SJtIgm9SbGKx', 'unknown-pizzas@icloud.us', 'happiness') ;
INSERT INTO commentreaction values('S1megQqBbfFe', 'woebegone-bulb@hotmail.fr', 'excitement') ;
INSERT INTO commentreaction values('r1nTXcSbMKe', 'money-kiss@gmail.co', 'sadness') ;
INSERT INTO commentreaction values('HJYdX9BZMte', 'helpful-porter@sympatico.ca', 'anger') ;
INSERT INTO commentreaction values('rJSGeXcrZztx', 'naive-toothbrush@mac.ca', 'like') ;
INSERT INTO commentreaction values('H1Wo79HWMtx', 'wooden-shelf@sympatico.io', 'excitement') ;
INSERT INTO commentreaction values('r1dDlXcSZzFe', 'white-pollution@videotron.io', 'sadness') ;
INSERT INTO commentreaction values('B1Mh7cH-Gte', 'rapid-space@hotmail.fr', 'anger') ;
INSERT INTO commentreaction values('B1_bgQcB-GFx', 'creepy-rice@yahoo.com', 'anger') ;
INSERT INTO commentreaction values('B1irxQ9BZGtl', 'trashy-squirrel@me.net', 'excitement') ;
INSERT INTO commentreaction values('Sk6lxm5BWMte', 'nebulous-start@mac.uk', 'like') ;
INSERT INTO commentreaction values('rJM97cBWGtl', 'deranged-nest@hotmail.com', 'sadness') ;
INSERT INTO commentreaction values('BkuRm9BZGtl', 'unknown-pizzas@icloud.us', 'excitement') ;
INSERT INTO commentreaction values('HklegQ5r-GKl', 'blessed-blade@hotmail.us', 'sadness') ;
INSERT INTO commentreaction values('Sy5smcrWGKl', 'exotic-business@videotron.co', 'excitement') ;
INSERT INTO commentreaction values('HkyzeX5S-fFl', 'blessed-blade@hotmail.us', 'anger') ;
INSERT INTO commentreaction values('Hko2mqrZzKx', 'trashy-squirrel@me.net', 'excitement') ;
INSERT INTO commentreaction values('BJ_ExmcrWGFe', 'wooden-shelf@sympatico.io', 'sadness') ;
INSERT INTO commentreaction values('rJ8D79HZMYe', 'abandoned-expansion@hotmail.co', 'anger') ;
INSERT INTO commentreaction values('HyMkeQcH-MKe', 'cheerful-sheet@me.ca', 'sadness') ;
INSERT INTO commentreaction values('S1CgxXqrbzFl', 'macabre-tree@hotmail.com', 'sadness') ;
INSERT INTO commentreaction values('SkXOxQ9r-MFl', 'needed-purpose@yahoo.uk', 'like') ;
INSERT INTO commentreaction values('HJ5Lg7qS-zYg', 'bad-stew@gmail.uk', 'excitement') ;
INSERT INTO commentreaction values('BJuK7qrbGKg', 'outstanding-stocking@hotmail.fr', 'like') ;
INSERT INTO commentreaction values('BJ8ygm9S-Gtx', 'rapid-space@hotmail.fr', 'anger') ;
INSERT INTO commentreaction values('ByW_mcHZMFl', 'naive-toothbrush@mac.ca', 'happiness') ;
INSERT INTO commentreaction values('B1oFm9SbGYx', 'quickest-insect@gmail.net', 'like') ;
INSERT INTO commentreaction values('BJAylQcSWzte', 'trashy-squirrel@me.net', 'like') ;
INSERT INTO commentreaction values('BkAQgXcHbfYe', 'faulty-wren@sympatico.co', 'anger') ;
INSERT INTO commentreaction values('BJ5Vlm5rWzYg', 'lazy-nut@icloud.fr', 'excitement') ;
INSERT INTO commentreaction values('HyOBlX5B-GKg', 'hanging-root@hotmail.io', 'excitement') ;
INSERT INTO commentreaction values('ByRZxm5S-zKx', 'unknown-pizzas@icloud.us', 'excitement') ;
INSERT INTO commentreaction values('HyFim9H-ztx', 'nutty-queen@icloud.net', 'excitement') ;
INSERT INTO commentreaction values('S1p4lQ5SZfYg', 'paltry-invention@me.com', 'excitement') ;
INSERT INTO commentreaction values('rJkUXqHZzKg', 'blessed-blade@hotmail.us', 'sadness') ;
INSERT INTO commentreaction values('SJyyeQ5SWztx', 'money-kiss@gmail.co', 'anger') ;
INSERT INTO commentreaction values('H1BUlmcr-zKl', 'outstanding-stocking@hotmail.fr', 'happiness') ;
INSERT INTO commentreaction values('HywxeXqBZzYx', 'heroic-office@me.com', 'happiness') ;
INSERT INTO commentreaction values('HkTsX9HZGtl', 'modern-crow@gmail.co', 'excitement') ;
INSERT INTO commentreaction values('SJduXqS-ftg', 'workable-story@hotmail.fr', 'sadness') ;
INSERT INTO commentreaction values('S16LeX9SZMte', 'outstanding-stocking@hotmail.fr', 'sadness') ;
INSERT INTO commentreaction values('BycOg7cHWfYe', 'nutty-queen@icloud.net', 'anger') ;
INSERT INTO commentreaction values('BkIYQ5BZGtl', 'golden-crayon@me.ca', 'happiness') ;
INSERT INTO commentreaction values('Bypzl79H-GYg', 'rapid-space@hotmail.fr', 'anger') ;
INSERT INTO commentreaction values('S19Qe75HZMKg', 'fun-river@gmail.us', 'excitement') ;
INSERT INTO commentreaction values('rJeK7cHWMYl', 'workable-story@hotmail.fr', 'anger') ;
INSERT INTO commentreaction values('H1ZUQqrZGFx', 'money-kiss@gmail.co', 'happiness') ;
INSERT INTO commentreaction values('S16LeX9SZMte', 'deranged-nest@hotmail.com', 'sadness') ;
INSERT INTO commentreaction values('Sy-Hgm9HWzYg', 'nebulous-start@mac.uk', 'anger') ;
INSERT INTO commentreaction values('S18WeQqS-GYx', 'opposite-fish@mac.us', 'like') ;
INSERT INTO commentreaction values('SJTmlmqH-GFx', 'modern-crow@gmail.co', 'excitement') ;
INSERT INTO commentreaction values('BJHT79HWfYe', 'lazy-nut@icloud.fr', 'anger') ;
INSERT INTO commentreaction values('SkrOmqSbMYe', 'workable-story@hotmail.fr', 'happiness') ;
INSERT INTO commentreaction values('S1ZmeQ9HZMtx', 'try-cemetery@videotron.uk', 'like') ;
INSERT INTO commentreaction values('S11FQcrWGKx', 'paltry-invention@me.com', 'happiness') ;
INSERT INTO commentreaction values('HyMkeQcH-MKe', 'dirty-border@hotmail.ca', 'like') ;
INSERT INTO commentreaction values('ryE27crWMte', 'muddled-star@me.us', 'anger') ;
INSERT INTO commentreaction values('Bypzl79H-GYg', 'naive-toothbrush@mac.ca', 'excitement') ;
INSERT INTO commentreaction values('r1AaXqH-fYx', 'bad-stew@gmail.uk', 'like') ;
INSERT INTO commentreaction values('Bk0FX9B-fKg', 'lazy-nut@icloud.fr', 'like') ;
INSERT INTO commentreaction values('ryb4eX5H-fYe', 'try-cemetery@videotron.uk', 'sadness') ;
INSERT INTO commentreaction values('S1Vbg7qrWzFl', 'bad-stew@gmail.uk', 'sadness') ;
INSERT INTO commentreaction values('SyLOe7qSZzFg', 'nebulous-start@mac.uk', 'happiness') ;
INSERT INTO commentreaction values('SJyHgXcrbMYx', 'unknown-pizzas@icloud.us', 'like') ;
INSERT INTO commentreaction values('BkAQgXcHbfYe', 'woebegone-coal@sympatico.com', 'happiness') ;
INSERT INTO commentreaction values('S1megQqBbfFe', 'needed-purpose@yahoo.uk', 'anger') ;
INSERT INTO commentreaction values('SkzCX5H-fYe', 'thinkable-basin@hotmail.co', 'like') ;
INSERT INTO commentreaction values('H1RDgQ5rbGKl', 'hanging-root@hotmail.io', 'happiness') ;
INSERT INTO commentreaction values('HJy9Q9BbzFl', 'blessed-blade@hotmail.us', 'like') ;
INSERT INTO commentreaction values('BJtrg79r-zFe', 'wooden-shelf@sympatico.io', 'like') ;
INSERT INTO commentreaction values('HkRAmqHWGYg', 'nebulous-start@mac.uk', 'sadness') ;
INSERT INTO commentreaction values('SyTdQcrZztg', 'helpful-porter@sympatico.ca', 'like') ;
INSERT INTO commentreaction values('SJ9-g79SbMKl', 'money-kiss@gmail.co', 'like') ;
INSERT INTO commentreaction values('Hkthm9H-MYl', 'woebegone-coal@sympatico.com', 'like') ;
INSERT INTO commentreaction values('HJH0m9Hbftg', 'abandoned-expansion@hotmail.co', 'anger') ;
INSERT INTO commentreaction values('BkIYQ5BZGtl', 'abandoned-children@sympatico.com', 'happiness') ;
INSERT INTO commentreaction values('HkRAmqHWGYg', 'abandoned-children@sympatico.com', 'like') ;
INSERT INTO commentreaction values('r1JIxQcSZGFl', 'lazy-nut@icloud.fr', 'excitement') ;
INSERT INTO commentreaction values('Hko2mqrZzKx', 'fun-river@gmail.us', 'happiness') ;
INSERT INTO commentreaction values('H1phQcBWMKl', 'woebegone-coal@sympatico.com', 'sadness') ;
INSERT INTO commentreaction values('BkfuQqBZGtl', 'deranged-nest@hotmail.com', 'excitement') ;
INSERT INTO commentreaction values('ryFZlQ9rbftg', 'opposite-fish@mac.us', 'excitement') ;
INSERT INTO commentreaction values('rkJDeQqS-GFe', 'macabre-tree@hotmail.com', 'excitement') ;
INSERT INTO commentreaction values('BkV8gQcBWzFx', 'naive-toothbrush@mac.ca', 'like') ;
INSERT INTO commentreaction values('HJprxXcH-fFx', 'white-pollution@videotron.io', 'anger') ;
INSERT INTO commentreaction values('H1fgx79Sbftl', 'modern-crow@gmail.co', 'anger') ;
INSERT INTO commentreaction values('S19Qe75HZMKg', 'heroic-office@me.com', 'like') ;
INSERT INTO commentreaction values('rk6L79rZGYl', 'paltry-invention@me.com', 'sadness') ;
INSERT INTO commentreaction values('SyFYX9HZzYx', 'white-pollution@videotron.io', 'excitement') ;
INSERT INTO commentreaction values('SJ9-g79SbMKl', 'woebegone-bulb@hotmail.fr', 'like') ;
INSERT INTO commentreaction values('B1E7l7cBZfte', 'hanging-root@hotmail.io', 'anger') ;
INSERT INTO commentreaction values('SkgA79SWMYl', 'futuristic-humor@videotron.fr', 'like') ;
INSERT INTO commentreaction values('SkbLxmcBbGFg', 'curved-foot@mac.fr', 'excitement') ;
INSERT INTO commentreaction values('SkIQeQqSWzKx', 'fun-river@gmail.us', 'excitement') ;
INSERT INTO commentreaction values('ByAUg7cH-Mte', 'wooden-shelf@sympatico.io', 'sadness') ;
INSERT INTO commentreaction values('ryQcX5BbGtg', 'exotic-business@videotron.co', 'anger') ;
INSERT INTO commentreaction values('rkcLm9rbzKl', 'curved-foot@mac.fr', 'excitement') ;
INSERT INTO commentreaction values('SkXOxQ9r-MFl', 'woebegone-bulb@hotmail.fr', 'sadness') ;
INSERT INTO commentreaction values('SJo8e7qS-MYl', 'bad-stew@gmail.uk', 'anger') ;
INSERT INTO commentreaction values('SJh0Q5BZztl', 'nebulous-start@mac.uk', 'excitement') ;
INSERT INTO commentreaction values('BJuK7qrbGKg', 'slippery-development@me.io', 'happiness') ;
INSERT INTO commentreaction values('HyJ0XcSWMKx', 'fun-river@gmail.us', 'excitement') ;
INSERT INTO commentreaction values('r1SjQqH-GFx', 'slippery-development@me.io', 'like') ;
INSERT INTO commentreaction values('S18ll75H-zYl', 'woebegone-bulb@hotmail.fr', 'happiness') ;
INSERT INTO commentreaction values('SylflQqrbfKl', 'muddled-star@me.us', 'anger') ;
INSERT INTO commentreaction values('BkDCmqBWGKl', 'blessed-blade@hotmail.us', 'excitement') ;
INSERT INTO commentreaction values('ByW_mcHZMFl', 'white-pollution@videotron.io', 'anger') ;
INSERT INTO commentreaction values('HJm6Q9rZMFg', 'naive-toothbrush@mac.ca', 'anger') ;
INSERT INTO commentreaction values('rkXtQqBZGYe', 'dirty-border@hotmail.ca', 'happiness') ;
INSERT INTO commentreaction values('H1nO7crZfYl', 'bad-stew@gmail.uk', 'excitement') ;
INSERT INTO commentreaction values('HyqRm5HZGYl', 'blessed-blade@hotmail.us', 'sadness') ;
INSERT INTO commentreaction values('BkV8gQcBWzFx', 'successful-fruit@mac.fr', 'excitement') ;
INSERT INTO commentreaction values('By1Ngm9BZftx', 'nebulous-start@mac.uk', 'happiness') ;
INSERT INTO commentreaction values('SkicQqBbMFx', 'abandoned-children@sympatico.com', 'like') ;
INSERT INTO commentreaction values('HyOBlX5B-GKg', 'lazy-nut@icloud.fr', 'excitement') ;
INSERT INTO commentreaction values('rkj6X5BWftx', 'exotic-business@videotron.co', 'sadness') ;
INSERT INTO commentreaction values('S1N_xQ9H-fKg', 'nebulous-start@mac.uk', 'like') ;
INSERT INTO commentreaction values('Sk2i75rbGYe', 'animated-title@hotmail.io', 'happiness') ;
INSERT INTO commentreaction values('BkfuQqBZGtl', 'needed-purpose@yahoo.uk', 'anger') ;
INSERT INTO commentreaction values('HyFim9H-ztx', 'trashy-squirrel@me.net', 'happiness') ;
INSERT INTO commentreaction values('S1z_xQ9BZzKg', 'deranged-nest@hotmail.com', 'happiness') ;
INSERT INTO commentreaction values('rkNflXcBbztg', 'faulty-wren@sympatico.co', 'like') ;
INSERT INTO commentreaction values('rJrtQqrbfYl', 'muddled-star@me.us', 'sadness') ;
INSERT INTO commentreaction values('rycKmqHWzYl', 'nebulous-start@mac.uk', 'anger') ;
INSERT INTO commentreaction values('rJuXx7qBbGFg', 'money-kiss@gmail.co', 'like') ;
INSERT INTO commentreaction values('B1m7gm5HZMte', 'exotic-business@videotron.co', 'excitement') ;
INSERT INTO commentreaction values('BJuK7qrbGKg', 'creepy-rice@yahoo.com', 'happiness') ;
INSERT INTO commentreaction values('B1oFm9SbGYx', 'nebulous-start@mac.uk', 'excitement') ;
INSERT INTO commentreaction values('Sk89mqSbMYg', 'animated-title@hotmail.io', 'anger') ;
INSERT INTO commentreaction values('SyoMg7qSWfKl', 'deranged-nest@hotmail.com', 'like') ;
INSERT INTO commentreaction values('HJzBlm9BWzFx', 'lazy-nut@icloud.fr', 'happiness') ;
INSERT INTO commentreaction values('H1gcQ9B-fKl', 'naive-toothbrush@mac.ca', 'happiness') ;
INSERT INTO commentreaction values('ryfiX5rZGFx', 'futuristic-humor@videotron.fr', 'sadness') ;
INSERT INTO commentreaction values('SyoMg7qSWfKl', 'golden-crayon@me.ca', 'sadness') ;
INSERT INTO commentreaction values('B1D_gm9S-MFl', 'needed-purpose@yahoo.uk', 'excitement') ;
INSERT INTO commentreaction values('HyJ0XcSWMKx', 'heroic-office@me.com', 'happiness') ;
INSERT INTO commentreaction values('ryFZlQ9rbftg', 'rapid-space@hotmail.fr', 'anger') ;
INSERT INTO commentreaction values('ByGXxm9BWMYg', 'heroic-office@me.com', 'sadness') ;
INSERT INTO commentreaction values('rkNflXcBbztg', 'flowery-low@sympatico.fr', 'anger') ;
INSERT INTO commentreaction values('HkpT79BZzFe', 'trashy-squirrel@me.net', 'happiness') ;
INSERT INTO commentreaction values('BkDCmqBWGKl', 'fun-river@gmail.us', 'anger') ;
INSERT INTO commentreaction values('BJs_X9S-zFx', 'quickest-insect@gmail.net', 'anger') ;
INSERT INTO commentreaction values('ryJOx75HZzYe', 'untidy-join@me.co', 'sadness') ;
INSERT INTO commentreaction values('rktC7crZzYe', 'workable-story@hotmail.fr', 'happiness') ;
INSERT INTO commentreaction values('S11FQcrWGKx', 'lazy-nut@icloud.fr', 'sadness') ;
INSERT INTO commentreaction values('rk-CX5rWfFe', 'faulty-wren@sympatico.co', 'like') ;
INSERT INTO commentreaction values('HksNl79H-Mtl', 'cloudy-coast@sympatico.uk', 'sadness') ;
INSERT INTO commentreaction values('rJrtQqrbfYl', 'faulty-wren@sympatico.co', 'like') ;
INSERT INTO commentreaction values('B1irxQ9BZGtl', 'cheerful-sheet@me.ca', 'like') ;
INSERT INTO commentreaction values('rJoblXcHbGtl', 'thinkable-basin@hotmail.co', 'like') ;
INSERT INTO commentreaction values('HktTmcBZGFl', 'outstanding-stocking@hotmail.fr', 'anger') ;
INSERT INTO commentreaction values('HyC379B-MYl', 'dirty-border@hotmail.ca', 'sadness') ;
INSERT INTO commentreaction values('rJquXcBZfFx', 'woebegone-coal@sympatico.com', 'happiness') ;
INSERT INTO commentreaction values('BJyv7cBWMYx', 'cheerful-sheet@me.ca', 'sadness') ;
INSERT INTO commentreaction values('BkDCmqBWGKl', 'trashy-squirrel@me.net', 'excitement') ;
INSERT INTO commentreaction values('HyMKXcB-GKx', 'lazy-nut@icloud.fr', 'excitement') ;
INSERT INTO commentreaction values('HJrdlX5HZMKe', 'heroic-office@me.com', 'anger') ;
INSERT INTO commentreaction values('rkRcQ5BWGYx', 'creepy-rice@yahoo.com', 'anger') ;
INSERT INTO commentreaction values('ryxwXcrbGYl', 'unknown-pizzas@icloud.us', 'like') ;
INSERT INTO commentreaction values('rkJDeQqS-GFe', 'white-pollution@videotron.io', 'like') ;
INSERT INTO commentreaction values('ryJOx75HZzYe', 'cloudy-coast@sympatico.uk', 'sadness') ;
INSERT INTO commentreaction values('BkfuQqBZGtl', 'cloudy-coast@sympatico.uk', 'happiness') ;
INSERT INTO commentreaction values('SJi8m5r-zKg', 'lazy-nut@icloud.fr', 'anger') ;
INSERT INTO commentreaction values('SymiQqSZGFx', 'white-pollution@videotron.io', 'excitement') ;
INSERT INTO commentreaction values('Sk89mqSbMYg', 'abandoned-expansion@hotmail.co', 'like') ;
INSERT INTO commentreaction values('Hko2mqrZzKx', 'needed-purpose@yahoo.uk', 'excitement') ;
INSERT INTO commentreaction values('BydOxX9BZfFg', 'thinkable-basin@hotmail.co', 'like') ;
INSERT INTO commentreaction values('SJ9vlXqH-Mtx', 'quickest-insect@gmail.net', 'sadness') ;
INSERT INTO commentreaction values('ryesX9HZMFe', 'faulty-wren@sympatico.co', 'sadness') ;
INSERT INTO commentreaction values('ryovXcB-GFg', 'hanging-root@hotmail.io', 'excitement') ;
INSERT INTO commentreaction values('BkDCmqBWGKl', 'creepy-rice@yahoo.com', 'anger') ;
INSERT INTO commentreaction values('r1SQxQcSZGKg', 'paltry-invention@me.com', 'anger') ;
INSERT INTO commentreaction values('B1_yeX9SbMYe', 'nutty-queen@icloud.net', 'sadness') ;
INSERT INTO commentreaction values('HJ5Lg7qS-zYg', 'curved-foot@mac.fr', 'happiness') ;
INSERT INTO commentreaction values('HJy9Q9BbzFl', 'keen-office@mac.uk', 'sadness') ;
INSERT INTO commentreaction values('SJwn75rWfFg', 'wooden-shelf@sympatico.io', 'excitement') ;
INSERT INTO commentreaction values('BkDCmqBWGKl', 'animated-title@hotmail.io', 'happiness') ;
INSERT INTO commentreaction values('BkRwX5r-Gte', 'creepy-rice@yahoo.com', 'like') ;
INSERT INTO commentreaction values('B1Hvm9BbGtg', 'hanging-root@hotmail.io', 'happiness') ;
INSERT INTO commentreaction values('rk-CX5rWfFe', 'nutty-queen@icloud.net', 'anger') ;
INSERT INTO commentreaction values('Byqvm9S-fFl', 'woebegone-coal@sympatico.com', 'sadness') ;
INSERT INTO commentreaction values('Byqvm9S-fFl', 'curved-foot@mac.fr', 'anger') ;
INSERT INTO commentreaction values('Bk96X5rWzFl', 'opposite-fish@mac.us', 'anger') ;
INSERT INTO commentreaction values('S1OImqB-Gte', 'modern-crow@gmail.co', 'excitement') ;
INSERT INTO commentreaction values('BkfuQqBZGtl', 'opposite-fish@mac.us', 'excitement') ;
INSERT INTO commentreaction values('HyC379B-MYl', 'cloudy-coast@sympatico.uk', 'like') ;
INSERT INTO commentreaction values('Sk8Lm9HWGKg', 'foolish-voyage@sympatico.uk', 'like') ;
INSERT INTO commentreaction values('r1JIxQcSZGFl', 'opposite-fish@mac.us', 'anger') ;
INSERT INTO commentreaction values('B1Ni7qHbftx', 'dirty-border@hotmail.ca', 'happiness') ;
INSERT INTO commentreaction values('HkhnQcH-GKl', 'thinkable-basin@hotmail.co', 'excitement') ;
INSERT INTO commentreaction values('ByRZxm5S-zKx', 'faulty-wren@sympatico.co', 'happiness') ;
INSERT INTO commentreaction values('r1xwl79HWftg', 'fun-river@gmail.us', 'happiness') ;
INSERT INTO commentreaction values('B1m7gm5HZMte', 'money-kiss@gmail.co', 'happiness') ;
INSERT INTO commentreaction values('S13Px75SZMKg', 'try-cemetery@videotron.uk', 'like') ;
INSERT INTO commentreaction values('HkTsX9HZGtl', 'nutty-queen@icloud.net', 'excitement') ;
INSERT INTO commentreaction values('SkeLXcrWfFl', 'deranged-nest@hotmail.com', 'sadness') ;
INSERT INTO commentreaction values('ByIGeX5rbMFg', 'golden-crayon@me.ca', 'like') ;
INSERT INTO commentreaction values('ryJOx75HZzYe', 'animated-title@hotmail.io', 'happiness') ;
INSERT INTO commentreaction values('rk6L79rZGYl', 'untidy-join@me.co', 'anger') ;
INSERT INTO commentreaction values('Bkdqm5rbfFg', 'try-cemetery@videotron.uk', 'anger') ;
INSERT INTO commentreaction values('By4tQqSbGKl', 'workable-story@hotmail.fr', 'anger') ;
INSERT INTO commentreaction values('S1megQqBbfFe', 'unknown-pizzas@icloud.us', 'happiness') ;
INSERT INTO commentreaction values('rJXyxXqHZMFx', 'slippery-development@me.io', 'excitement') ;
INSERT INTO commentreaction values('H1xd75H-fYl', 'quickest-insect@gmail.net', 'excitement') ;
INSERT INTO commentreaction values('S1OImqB-Gte', 'unknown-pizzas@icloud.us', 'excitement') ;
INSERT INTO commentreaction values('Hyv6mqBZfYx', 'foolish-voyage@sympatico.uk', 'sadness') ;
INSERT INTO commentreaction values('rkj6X5BWftx', 'wooden-shelf@sympatico.io', 'anger') ;
INSERT INTO commentreaction values('rJxNx7cS-GFx', 'futuristic-humor@videotron.fr', 'sadness') ;
INSERT INTO commentreaction values('rJXyxXqHZMFx', 'cheerful-sheet@me.ca', 'anger') ;
INSERT INTO commentreaction values('rJeK7cHWMYl', 'blessed-blade@hotmail.us', 'anger') ;
INSERT INTO commentreaction values('S16LeX9SZMte', 'slippery-development@me.io', 'sadness') ;
INSERT INTO commentreaction values('rkIjX9S-MKx', 'opposite-fish@mac.us', 'anger') ;
INSERT INTO commentreaction values('SJwn75rWfFg', 'helpful-porter@sympatico.ca', 'sadness') ;
INSERT INTO commentreaction values('S18WeQqS-GYx', 'slippery-development@me.io', 'anger') ;
INSERT INTO commentreaction values('ryFZlQ9rbftg', 'hanging-root@hotmail.io', 'like') ;
INSERT INTO commentreaction values('Sy-Hgm9HWzYg', 'cheerful-sheet@me.ca', 'sadness') ;
INSERT INTO commentreaction values('S1Vbg7qrWzFl', 'hanging-root@hotmail.io', 'anger') ;
INSERT INTO commentreaction values('ryovXcB-GFg', 'fun-river@gmail.us', 'like') ;
INSERT INTO commentreaction values('SkicQqBbMFx', 'cheerful-sheet@me.ca', 'happiness') ;
INSERT INTO commentreaction values('rkJDeQqS-GFe', 'cheerful-sheet@me.ca', 'like') ;
INSERT INTO commentreaction values('rkIjX9S-MKx', 'successful-fruit@mac.fr', 'sadness') ;
INSERT INTO commentreaction values('Hyv6mqBZfYx', 'fun-river@gmail.us', 'like') ;
INSERT INTO commentreaction values('B1oFm9SbGYx', 'unknown-pizzas@icloud.us', 'anger') ;
INSERT INTO commentreaction values('SkeLXcrWfFl', 'foolish-voyage@sympatico.uk', 'anger') ;
INSERT INTO commentreaction values('rJuXx7qBbGFg', 'successful-fruit@mac.fr', 'like') ;
INSERT INTO commentreaction values('BJ2Fmcr-Mtx', 'lazy-nut@icloud.fr', 'sadness') ;
INSERT INTO commentreaction values('rkKQl7qSWfFx', 'creepy-rice@yahoo.com', 'sadness') ;
INSERT INTO commentreaction values('B1E7l7cBZfte', 'flowery-low@sympatico.fr', 'sadness') ;
INSERT INTO commentreaction values('BJwWl7qSbfKx', 'abandoned-expansion@hotmail.co', 'happiness') ;
INSERT INTO commentreaction values('B1_yeX9SbMYe', 'animated-title@hotmail.io', 'anger') ;
INSERT INTO commentreaction values('S1N_xQ9H-fKg', 'woebegone-bulb@hotmail.fr', 'anger') ;
INSERT INTO commentreaction values('HJzBlm9BWzFx', 'naive-toothbrush@mac.ca', 'excitement') ;
INSERT INTO commentreaction values('rJLCXqSWGKe', 'cheerful-sheet@me.ca', 'happiness') ;
INSERT INTO commentreaction values('HyqRm5HZGYl', 'paltry-grain@icloud.us', 'excitement') ;
INSERT INTO commentreaction values('ryJOx75HZzYe', 'modern-crow@gmail.co', 'like') ;
INSERT INTO commentreaction values('SkEexmqrZGKg', 'quickest-insect@gmail.net', 'like') ;
INSERT INTO commentreaction values('H1BUlmcr-zKl', 'macabre-tree@hotmail.com', 'sadness') ;
INSERT INTO commentreaction values('rk-xgQ9Bbftl', 'naive-toothbrush@mac.ca', 'sadness') ;
INSERT INTO commentreaction values('SkdiXcH-Mtl', 'workable-story@hotmail.fr', 'sadness') ;
INSERT INTO commentreaction values('r1SQxQcSZGKg', 'futuristic-humor@videotron.fr', 'like') ;
INSERT INTO commentreaction values('Bkdqm5rbfFg', 'muddled-star@me.us', 'like') ;
INSERT INTO commentreaction values('r1mwxQ5SWzFl', 'deranged-nest@hotmail.com', 'happiness') ;
INSERT INTO commentreaction values('S1CgxXqrbzFl', 'keen-office@mac.uk', 'sadness') ;
INSERT INTO commentreaction values('BJtrg79r-zFe', 'thinkable-basin@hotmail.co', 'like') ;
INSERT INTO commentreaction values('SyPiX5SWfFx', 'woebegone-coal@sympatico.com', 'excitement') ;
INSERT INTO commentreaction values('BycOg7cHWfYe', 'rapid-space@hotmail.fr', 'sadness') ;
INSERT INTO commentreaction values('HyOBlX5B-GKg', 'needed-purpose@yahoo.uk', 'sadness') ;
INSERT INTO commentreaction values('HyFim9H-ztx', 'outstanding-stocking@hotmail.fr', 'sadness') ;
INSERT INTO commentreaction values('S18WeQqS-GYx', 'quickest-insect@gmail.net', 'like') ;
INSERT INTO commentreaction values('S1Vbg7qrWzFl', 'thinkable-basin@hotmail.co', 'excitement') ;
INSERT INTO commentreaction values('rJLCXqSWGKe', 'golden-crayon@me.ca', 'happiness') ;
INSERT INTO commentreaction values('rJl2QcBbzYg', 'opposite-fish@mac.us', 'sadness') ;
INSERT INTO commentreaction values('SywPgQ5rbGtx', 'woebegone-bulb@hotmail.fr', 'excitement') ;
INSERT INTO commentreaction values('rJ8D79HZMYe', 'abandoned-children@sympatico.com', 'happiness') ;
INSERT INTO commentreaction values('SJtIgm9SbGKx', 'flowery-low@sympatico.fr', 'like') ;
INSERT INTO commentreaction values('Bypzl79H-GYg', 'unknown-pizzas@icloud.us', 'excitement') ;
INSERT INTO commentreaction values('SkBWxQ9SZMFx', 'fun-river@gmail.us', 'excitement') ;
INSERT INTO commentreaction values('HJprxXcH-fFx', 'cheerful-sheet@me.ca', 'happiness') ;
INSERT INTO commentreaction values('BJ6c79B-fFx', 'unknown-pizzas@icloud.us', 'anger') ;
INSERT INTO commentreaction values('rk7dQ9SZfFg', 'trashy-squirrel@me.net', 'sadness') ;
INSERT INTO commentreaction values('rkNflXcBbztg', 'untidy-join@me.co', 'happiness') ;
INSERT INTO commentreaction values('Hk3I79SWzYx', 'outstanding-stocking@hotmail.fr', 'excitement') ;
INSERT INTO commentreaction values('r1nTXcSbMKe', 'untidy-join@me.co', 'excitement') ;
INSERT INTO commentreaction values('r1bul75SbzYx', 'foolish-voyage@sympatico.uk', 'anger') ;
INSERT INTO commentreaction values('Sy5smcrWGKl', 'modern-crow@gmail.co', 'excitement') ;
INSERT INTO commentreaction values('H1W-lXcHbzFx', 'dirty-border@hotmail.ca', 'happiness') ;
INSERT INTO commentreaction values('rk7dQ9SZfFg', 'abandoned-expansion@hotmail.co', 'sadness') ;
INSERT INTO commentreaction values('B1D_gm9S-MFl', 'flowery-low@sympatico.fr', 'happiness') ;
INSERT INTO commentreaction values('BJC_mcSWGFg', 'untidy-join@me.co', 'anger') ;
INSERT INTO commentreaction values('B1OLg79rbGYl', 'golden-crayon@me.ca', 'excitement') ;
INSERT INTO commentreaction values('SJ9-g79SbMKl', 'dirty-border@hotmail.ca', 'happiness') ;
INSERT INTO commentreaction values('SkIQeQqSWzKx', 'cheerful-sheet@me.ca', 'sadness') ;
INSERT INTO commentreaction values('ryVIQcrbfYe', 'curved-foot@mac.fr', 'excitement') ;
INSERT INTO commentreaction values('ByRZxm5S-zKx', 'blessed-blade@hotmail.us', 'happiness') ;
INSERT INTO commentreaction values('SyTdQcrZztg', 'heroic-office@me.com', 'like') ;
INSERT INTO commentreaction values('SJyyeQ5SWztx', 'helpful-porter@sympatico.ca', 'like') ;
INSERT INTO commentreaction values('rkJDeQqS-GFe', 'bad-stew@gmail.uk', 'like') ;
INSERT INTO commentreaction values('ryovXcB-GFg', 'lazy-nut@icloud.fr', 'sadness') ;
INSERT INTO commentreaction values('Hk137qHWztl', 'bad-stew@gmail.uk', 'sadness') ;
INSERT INTO commentreaction values('r1DLQ5SWMtg', 'paltry-grain@icloud.us', 'like') ;
INSERT INTO commentreaction values('SkrOmqSbMYe', 'try-cemetery@videotron.uk', 'anger') ;
INSERT INTO commentreaction values('rkIjX9S-MKx', 'foolish-voyage@sympatico.uk', 'excitement') ;
INSERT INTO commentreaction values('B1Ni7qHbftx', 'keen-office@mac.uk', 'sadness') ;
INSERT INTO commentreaction values('BkfuQqBZGtl', 'muddled-star@me.us', 'excitement') ;
INSERT INTO commentreaction values('HJBhm5S-fFx', 'successful-fruit@mac.fr', 'anger') ;
INSERT INTO commentreaction values('rJZJgXqHZztg', 'paltry-invention@me.com', 'sadness') ;
INSERT INTO commentreaction values('S19Qe75HZMKg', 'nutty-queen@icloud.net', 'excitement') ;
INSERT INTO commentreaction values('rJl2QcBbzYg', 'muddled-star@me.us', 'sadness') ;
INSERT INTO commentreaction values('Bypzl79H-GYg', 'exotic-business@videotron.co', 'anger') ;
INSERT INTO commentreaction values('H1W-lXcHbzFx', 'heroic-office@me.com', 'sadness') ;
INSERT INTO commentreaction values('B19379SbGtg', 'deranged-nest@hotmail.com', 'happiness') ;
INSERT INTO commentreaction values('S1p4lQ5SZfYg', 'wooden-shelf@sympatico.io', 'like') ;
INSERT INTO commentreaction values('ByAUg7cH-Mte', 'untidy-join@me.co', 'like') ;
INSERT INTO commentreaction values('SkXOxQ9r-MFl', 'muddled-star@me.us', 'sadness') ;
INSERT INTO commentreaction values('H1Wo79HWMtx', 'muddled-star@me.us', 'happiness') ;
INSERT INTO commentreaction values('B1E7l7cBZfte', 'lazy-nut@icloud.fr', 'sadness') ;
INSERT INTO commentreaction values('r13QgX5rWfKg', 'creepy-rice@yahoo.com', 'sadness') ;
INSERT INTO commentreaction values('BkTWl79rZGKg', 'rapid-space@hotmail.fr', 'like') ;
INSERT INTO commentreaction values('S1p4lQ5SZfYg', 'curved-foot@mac.fr', 'happiness') ;
INSERT INTO commentreaction values('rycKmqHWzYl', 'blessed-blade@hotmail.us', 'happiness') ;
INSERT INTO commentreaction values('BkTWl79rZGKg', 'modern-crow@gmail.co', 'happiness') ;
INSERT INTO commentreaction values('ByFgeQqHZMtl', 'modern-crow@gmail.co', 'excitement') ;
INSERT INTO commentreaction values('HkRAmqHWGYg', 'unknown-pizzas@icloud.us', 'excitement') ;
INSERT INTO commentreaction values('BJ8ygm9S-Gtx', 'exotic-business@videotron.co', 'excitement') ;
INSERT INTO commentreaction values('Sy-Hgm9HWzYg', 'deranged-nest@hotmail.com', 'excitement') ;
INSERT INTO commentreaction values('H1GUXqSZMFx', 'creepy-rice@yahoo.com', 'sadness') ;
INSERT INTO commentreaction values('Sk89mqSbMYg', 'money-kiss@gmail.co', 'sadness') ;
INSERT INTO commentreaction values('r1AaXqH-fYx', 'try-cemetery@videotron.uk', 'like') ;
INSERT INTO commentreaction values('S1CgxXqrbzFl', 'muddled-star@me.us', 'like') ;
INSERT INTO commentreaction values('BJyv7cBWMYx', 'naive-toothbrush@mac.ca', 'sadness') ;
INSERT INTO commentreaction values('rJXMlmcrbGtg', 'woebegone-coal@sympatico.com', 'like') ;
INSERT INTO commentreaction values('BkB5Qqr-Gtx', 'slippery-development@me.io', 'excitement') ;
INSERT INTO commentreaction values('S1TD7qBbGtx', 'woebegone-coal@sympatico.com', 'excitement') ;
INSERT INTO commentreaction values('S19Qe75HZMKg', 'quickest-insect@gmail.net', 'excitement') ;
INSERT INTO commentreaction values('BJC_mcSWGFg', 'fun-river@gmail.us', 'excitement') ;
INSERT INTO commentreaction values('rkIjX9S-MKx', 'nebulous-start@mac.uk', 'like') ;
INSERT INTO commentreaction values('BJKwlQ5SZfYg', 'muddled-star@me.us', 'like') ;
INSERT INTO commentreaction values('rkeQl75BbGYx', 'deranged-nest@hotmail.com', 'like') ;
INSERT INTO commentreaction values('S1Vbg7qrWzFl', 'deranged-nest@hotmail.com', 'excitement') ;
INSERT INTO commentreaction values('HyC379B-MYl', 'unknown-pizzas@icloud.us', 'happiness') ;
INSERT INTO commentreaction values('ByXEeQ5SWGKe', 'helpful-porter@sympatico.ca', 'excitement') ;
INSERT INTO commentreaction values('S1CgxXqrbzFl', 'paltry-invention@me.com', 'like') ;
INSERT INTO commentreaction values('Hy82XqBZMYx', 'nebulous-start@mac.uk', 'excitement') ;
INSERT INTO commentreaction values('BkRwX5r-Gte', 'helpful-porter@sympatico.ca', 'excitement') ;
INSERT INTO commentreaction values('BkrSxm9rWzKe', 'animated-title@hotmail.io', 'happiness') ;
INSERT INTO commentreaction values('rJEHgQcBbMtx', 'cheerful-sheet@me.ca', 'happiness') ;
INSERT INTO commentreaction values('BJfT79SbzYl', 'modern-crow@gmail.co', 'anger') ;
INSERT INTO commentreaction values('SJ9vlXqH-Mtx', 'paltry-grain@icloud.us', 'anger') ;
INSERT INTO commentreaction values('SkrOmqSbMYe', 'woebegone-bulb@hotmail.fr', 'excitement') ;
INSERT INTO commentreaction values('rJ8D79HZMYe', 'helpful-porter@sympatico.ca', 'anger') ;
INSERT INTO commentreaction values('SJyyeQ5SWztx', 'untidy-join@me.co', 'happiness') ;
INSERT INTO commentreaction values('SJyyeQ5SWztx', 'macabre-tree@hotmail.com', 'happiness') ;
INSERT INTO commentreaction values('Byqvm9S-fFl', 'futuristic-humor@videotron.fr', 'sadness') ;
INSERT INTO commentreaction values('ry39XqHZGFe', 'flowery-low@sympatico.fr', 'excitement') ;
INSERT INTO commentreaction values('rkLrxQ5rbfKg', 'unknown-pizzas@icloud.us', 'sadness') ;
INSERT INTO commentreaction values('HkyzeX5S-fFl', 'bad-stew@gmail.uk', 'happiness') ;
INSERT INTO commentreaction values('HJBhm5S-fFx', 'nutty-queen@icloud.net', 'happiness') ;
INSERT INTO commentreaction values('Hyv6mqBZfYx', 'quickest-insect@gmail.net', 'anger') ;
INSERT INTO commentreaction values('SkwkxQqrZMFx', 'untidy-join@me.co', 'like') ;
INSERT INTO commentreaction values('BkTWl79rZGKg', 'unknown-pizzas@icloud.us', 'like') ;
INSERT INTO commentreaction values('S1PBxQ5SZzKe', 'woebegone-bulb@hotmail.fr', 'sadness') ;
INSERT INTO commentreaction values('HJzBlm9BWzFx', 'abandoned-children@sympatico.com', 'happiness') ;
INSERT INTO commentreaction values('HJy9Q9BbzFl', 'nebulous-start@mac.uk', 'like') ;
INSERT INTO commentreaction values('H1phQcBWMKl', 'woebegone-bulb@hotmail.fr', 'happiness') ;
INSERT INTO commentreaction values('ryaFXcBWzte', 'rapid-space@hotmail.fr', 'like') ;
INSERT INTO commentreaction values('SkpCmcHZGYl', 'thinkable-basin@hotmail.co', 'like') ;
INSERT INTO commentreaction values('B1Ni7qHbftx', 'futuristic-humor@videotron.fr', 'sadness') ;
INSERT INTO commentreaction values('SJduXqS-ftg', 'thinkable-basin@hotmail.co', 'like') ;
INSERT INTO commentreaction values('BJ8ygm9S-Gtx', 'nebulous-start@mac.uk', 'happiness') ;
INSERT INTO commentreaction values('S1Z9XcrZzYe', 'keen-office@mac.uk', 'like') ;
INSERT INTO commentreaction values('B1OLg79rbGYl', 'money-kiss@gmail.co', 'like') ;
INSERT INTO commentreaction values('SkmUe79r-fYe', 'deranged-nest@hotmail.com', 'happiness') ;
INSERT INTO commentreaction values('ryRBeQ9rWMYx', 'untidy-join@me.co', 'anger') ;
INSERT INTO commentreaction values('Hy7R75S-fYl', 'money-kiss@gmail.co', 'happiness') ;
/* Script generated Wed Feb 15 2017 11:44:59 GMT-0500 (Eastern Standard Time)*/

INSERT INTO postreaction values('HJlzXqr-GFg', 'white-pollution@videotron.io', 'like') ;
INSERT INTO postreaction values('HkVlQcS-GKe', 'woebegone-bulb@hotmail.fr', 'happiness') ;
INSERT INTO postreaction values('B1KB75SZzYx', 'cloudy-coast@sympatico.uk', 'excitement') ;
INSERT INTO postreaction values('Sklm9HbzYg', 'creepy-rice@yahoo.com', 'anger') ;
INSERT INTO postreaction values('HkVlQcS-GKe', 'trashy-squirrel@me.net', 'excitement') ;
INSERT INTO postreaction values('H1HQqHbGtx', 'lopsided-view@hotmail.ca', 'like') ;
INSERT INTO postreaction values('rJwxX9BZzte', 'slippery-development@me.io', 'excitement') ;
INSERT INTO postreaction values('HyzX79B-MKg', 'thinkable-basin@hotmail.co', 'excitement') ;
INSERT INTO postreaction values('HkjemqH-MYe', 'opposite-fish@mac.us', 'like') ;
INSERT INTO postreaction values('H1e3Mqr-zKl', 'trashy-squirrel@me.net', 'happiness') ;
INSERT INTO postreaction values('H19779HWfYl', 'fun-river@gmail.us', 'excitement') ;
INSERT INTO postreaction values('r13X9HbfYg', 'heroic-office@me.com', 'happiness') ;
INSERT INTO postreaction values('r1dm75HWMYg', 'cloudy-coast@sympatico.uk', 'anger') ;
INSERT INTO postreaction values('rJKQQcrbGFl', 'blessed-blade@hotmail.us', 'excitement') ;
INSERT INTO postreaction values('ByTMX5HZftx', 'foolish-voyage@sympatico.uk', 'like') ;
INSERT INTO postreaction values('rJWlQ9rbzKx', 'lazy-nut@icloud.fr', 'sadness') ;
INSERT INTO postreaction values('SkMTGqrWzFl', 'rapid-space@hotmail.fr', 'sadness') ;
INSERT INTO postreaction values('B1gZmcSbGtg', 'successful-fruit@mac.fr', 'sadness') ;
INSERT INTO postreaction values('HkCXX9H-MKl', 'faulty-wren@sympatico.co', 'anger') ;
INSERT INTO postreaction values('SJB3fcS-MYe', 'paltry-grain@icloud.us', 'like') ;
INSERT INTO postreaction values('H1sMQcSWzFl', 'bad-stew@gmail.uk', 'happiness') ;
INSERT INTO postreaction values('ByLX79S-fYx', 'foolish-voyage@sympatico.uk', 'anger') ;
INSERT INTO postreaction values('rk3jGqHWGKg', 'dirty-border@hotmail.ca', 'anger') ;
INSERT INTO postreaction values('S1phG9H-zFg', 'curved-foot@mac.fr', 'excitement') ;
INSERT INTO postreaction values('ByXVX9HbfFl', 'slippery-development@me.io', 'happiness') ;
INSERT INTO postreaction values('B1Z2f5BZGKg', 'cheerful-sheet@me.ca', 'sadness') ;
INSERT INTO postreaction values('H1sMQcSWzFl', 'foolish-voyage@sympatico.uk', 'anger') ;
INSERT INTO postreaction values('HJAhfqHbGFl', 'abandoned-children@sympatico.com', 'happiness') ;
INSERT INTO postreaction values('B1tQ5HWMYx', 'white-pollution@videotron.io', 'happiness') ;
INSERT INTO postreaction values('rk7HQ5S-zKe', 'successful-fruit@mac.fr', 'anger') ;
INSERT INTO postreaction values('BkSf7qHZGFl', 'woebegone-bulb@hotmail.fr', 'excitement') ;
INSERT INTO postreaction values('SJ4az9SZzYg', 'try-cemetery@videotron.uk', 'sadness') ;
INSERT INTO postreaction values('B1gZmcSbGtg', 'heroic-office@me.com', 'sadness') ;
INSERT INTO postreaction values('HkVlQcS-GKe', 'foolish-voyage@sympatico.uk', 'anger') ;
INSERT INTO postreaction values('HJAhfqHbGFl', 'muddled-star@me.us', 'happiness') ;
INSERT INTO postreaction values('HykxQ5BbfKx', 'woebegone-bulb@hotmail.fr', 'anger') ;
INSERT INTO postreaction values('HkVlQcS-GKe', 'faulty-wren@sympatico.co', 'like') ;
INSERT INTO postreaction values('H1o-QcS-MYg', 'unknown-pizzas@icloud.us', 'happiness') ;
INSERT INTO postreaction values('BywhGqSZGFg', 'quickest-insect@gmail.net', 'anger') ;
INSERT INTO postreaction values('BJSbQqr-fKe', 'lazy-nut@icloud.fr', 'sadness') ;
INSERT INTO postreaction values('BkX5B-GKx', 'wooden-shelf@sympatico.io', 'happiness') ;
INSERT INTO postreaction values('S1yrQqSZzYe', 'wooden-shelf@sympatico.io', 'excitement') ;
INSERT INTO postreaction values('rkm2fqBZzYx', 'heroic-office@me.com', 'excitement') ;
INSERT INTO postreaction values('Hyc479r-Mtg', 'animated-title@hotmail.io', 'excitement') ;
INSERT INTO postreaction values('BkX5B-GKx', 'naive-toothbrush@mac.ca', 'happiness') ;
INSERT INTO postreaction values('SkMTGqrWzFl', 'deranged-nest@hotmail.com', 'like') ;
INSERT INTO postreaction values('S1drXqH-fKg', 'untidy-join@me.co', 'anger') ;
INSERT INTO postreaction values('SJ4az9SZzYg', 'flowery-low@sympatico.fr', 'sadness') ;
INSERT INTO postreaction values('H1sMQcSWzFl', 'paltry-invention@me.com', 'sadness') ;
INSERT INTO postreaction values('B10rQqBWGFl', 'helpful-porter@sympatico.ca', 'sadness') ;
INSERT INTO postreaction values('B1dnz9HWzYx', 'muddled-star@me.us', 'sadness') ;
INSERT INTO postreaction values('BkX5B-GKx', 'opposite-fish@mac.us', 'anger') ;
INSERT INTO postreaction values('rJwxX9BZzte', 'woebegone-coal@sympatico.com', 'excitement') ;
INSERT INTO postreaction values('rJXZ75BZzYx', 'abandoned-expansion@hotmail.co', 'anger') ;
INSERT INTO postreaction values('Hk6XX5SWzKl', 'thinkable-basin@hotmail.co', 'sadness') ;
INSERT INTO postreaction values('HkjemqH-MYe', 'heroic-office@me.com', 'sadness') ;
INSERT INTO postreaction values('SJ_TMcSZfFe', 'opposite-fish@mac.us', 'excitement') ;
INSERT INTO postreaction values('rJWlQ9rbzKx', 'modern-crow@gmail.co', 'like') ;
INSERT INTO postreaction values('SJj7m5rZfFg', 'slippery-development@me.io', 'anger') ;
INSERT INTO postreaction values('rkEz75rZGYx', 'money-kiss@gmail.co', 'like') ;
INSERT INTO postreaction values('Hyc479r-Mtg', 'workable-story@hotmail.fr', 'excitement') ;
INSERT INTO postreaction values('S1drXqH-fKg', 'money-kiss@gmail.co', 'excitement') ;
INSERT INTO postreaction values('r1W-mcHWMtl', 'untidy-join@me.co', 'anger') ;
INSERT INTO postreaction values('rk7HQ5S-zKe', 'thinkable-basin@hotmail.co', 'excitement') ;
INSERT INTO postreaction values('ByXVX9HbfFl', 'curved-foot@mac.fr', 'excitement') ;
INSERT INTO postreaction values('Sy67qHbzYx', 'quickest-insect@gmail.net', 'sadness') ;
INSERT INTO postreaction values('SkpgXcHZMFg', 'creepy-rice@yahoo.com', 'excitement') ;
INSERT INTO postreaction values('rJ5TMcSZGFg', 'golden-crayon@me.ca', 'like') ;
INSERT INTO postreaction values('rk7HQ5S-zKe', 'needed-purpose@yahoo.uk', 'sadness') ;
INSERT INTO postreaction values('BywhGqSZGFg', 'keen-office@mac.uk', 'anger') ;
INSERT INTO postreaction values('BJHSXqrZMFg', 'fun-river@gmail.us', 'happiness') ;
INSERT INTO postreaction values('S11nf9HbzFx', 'quickest-insect@gmail.net', 'sadness') ;
INSERT INTO postreaction values('rkEz75rZGYx', 'nutty-queen@icloud.net', 'sadness') ;
INSERT INTO postreaction values('rJWlQ9rbzKx', 'nebulous-start@mac.uk', 'anger') ;
INSERT INTO postreaction values('BJ6NQ9r-MKg', 'lopsided-view@hotmail.ca', 'anger') ;
INSERT INTO postreaction values('HytGQqHWGKl', 'cloudy-coast@sympatico.uk', 'like') ;
INSERT INTO postreaction values('HJAhfqHbGFl', 'untidy-join@me.co', 'like') ;
INSERT INTO postreaction values('SkMTGqrWzFl', 'flowery-low@sympatico.fr', 'happiness') ;
INSERT INTO postreaction values('Skv-m9SZMYg', 'paltry-invention@me.com', 'like') ;
INSERT INTO postreaction values('r13X9HbfYg', 'naive-toothbrush@mac.ca', 'anger') ;
INSERT INTO postreaction values('B1Z2f5BZGKg', 'money-kiss@gmail.co', 'happiness') ;
INSERT INTO postreaction values('SyNrmqSZzYl', 'trashy-squirrel@me.net', 'happiness') ;
INSERT INTO postreaction values('SkVVmcHbzYx', 'blessed-blade@hotmail.us', 'excitement') ;
INSERT INTO postreaction values('HJX6f5HbMtl', 'modern-crow@gmail.co', 'like') ;
INSERT INTO postreaction values('r1L6McHWfFl', 'flowery-low@sympatico.fr', 'excitement') ;
INSERT INTO postreaction values('HJWTM9HZGYx', 'slippery-development@me.io', 'like') ;
INSERT INTO postreaction values('SJux75r-MKe', 'modern-crow@gmail.co', 'sadness') ;
INSERT INTO postreaction values('Hy-7qSbGtg', 'nebulous-start@mac.uk', 'like') ;
INSERT INTO postreaction values('HJyV7cSWzYg', 'bad-stew@gmail.uk', 'like') ;
INSERT INTO postreaction values('rJWlQ9rbzKx', 'wooden-shelf@sympatico.io', 'happiness') ;
INSERT INTO postreaction values('r1G3GcB-ftx', 'paltry-grain@icloud.us', 'sadness') ;
INSERT INTO postreaction values('HJX6f5HbMtl', 'cheerful-sheet@me.ca', 'like') ;
INSERT INTO postreaction values('rJwxX9BZzte', 'helpful-porter@sympatico.ca', 'excitement') ;
INSERT INTO postreaction values('H1MNX5BZMtg', 'deranged-nest@hotmail.com', 'anger') ;
INSERT INTO postreaction values('r1wV79BbGte', 'animated-title@hotmail.io', 'sadness') ;
INSERT INTO postreaction values('Sybr75rWMtl', 'nutty-queen@icloud.net', 'sadness') ;
INSERT INTO postreaction values('B10rQqBWGFl', 'thinkable-basin@hotmail.co', 'sadness') ;
INSERT INTO postreaction values('r1He7qHWGFe', 'needed-purpose@yahoo.uk', 'sadness') ;
INSERT INTO postreaction values('HykxQ5BbfKx', 'deranged-nest@hotmail.com', 'like') ;
INSERT INTO postreaction values('rkm2fqBZzYx', 'blessed-blade@hotmail.us', 'happiness') ;
INSERT INTO postreaction values('Sk7XX5rWMKg', 'fun-river@gmail.us', 'excitement') ;
INSERT INTO postreaction values('rJwxX9BZzte', 'trashy-squirrel@me.net', 'happiness') ;
INSERT INTO postreaction values('rkNhM5BZMtx', 'slippery-development@me.io', 'excitement') ;
INSERT INTO postreaction values('BkJXXqHZfYx', 'abandoned-children@sympatico.com', 'like') ;
INSERT INTO postreaction values('H1rm79rbfKg', 'trashy-squirrel@me.net', 'excitement') ;
INSERT INTO postreaction values('By_4QcBWMKl', 'animated-title@hotmail.io', 'like') ;
INSERT INTO postreaction values('B1Z2f5BZGKg', 'thinkable-basin@hotmail.co', 'excitement') ;
INSERT INTO postreaction values('BJqB75HbMFx', 'white-pollution@videotron.io', 'happiness') ;
INSERT INTO postreaction values('HJXxQqr-fFg', 'wooden-shelf@sympatico.io', 'sadness') ;
INSERT INTO postreaction values('B1v79SZzte', 'outstanding-stocking@hotmail.fr', 'happiness') ;
INSERT INTO postreaction values('ByTMX5HZftx', 'flowery-low@sympatico.fr', 'like') ;
INSERT INTO postreaction values('BkelQ5S-zYl', 'trashy-squirrel@me.net', 'excitement') ;
INSERT INTO postreaction values('ByUGQqSbGYx', 'white-pollution@videotron.io', 'anger') ;
INSERT INTO postreaction values('S1xQ7qBZfYg', 'golden-crayon@me.ca', 'excitement') ;
INSERT INTO postreaction values('S1phG9H-zFg', 'trashy-squirrel@me.net', 'anger') ;
INSERT INTO postreaction values('H19779HWfYl', 'animated-title@hotmail.io', 'excitement') ;
INSERT INTO postreaction values('S18Vm5rZztx', 'trashy-squirrel@me.net', 'anger') ;
INSERT INTO postreaction values('HkzBQ9B-GKl', 'trashy-squirrel@me.net', 'sadness') ;
INSERT INTO postreaction values('SJOZQ9BWzFx', 'flowery-low@sympatico.fr', 'like') ;
INSERT INTO postreaction values('HJE7mqSWztg', 'futuristic-humor@videotron.fr', 'happiness') ;
INSERT INTO postreaction values('H1KizqSbfFx', 'futuristic-humor@videotron.fr', 'excitement') ;
INSERT INTO postreaction values('HJqsf9rWftg', 'white-pollution@videotron.io', 'like') ;
INSERT INTO postreaction values('HJWTM9HZGYx', 'abandoned-children@sympatico.com', 'sadness') ;
INSERT INTO postreaction values('SJtgXqHbfYx', 'money-kiss@gmail.co', 'sadness') ;
INSERT INTO postreaction values('rJhGm9BbGte', 'thinkable-basin@hotmail.co', 'like') ;
INSERT INTO postreaction values('HJXxQqr-fFg', 'thinkable-basin@hotmail.co', 'happiness') ;
INSERT INTO postreaction values('S1oQ9HWftx', 'workable-story@hotmail.fr', 'happiness') ;
INSERT INTO postreaction values('r1yb7cHbfKe', 'try-cemetery@videotron.uk', 'sadness') ;
INSERT INTO postreaction values('r1W-mcHWMtl', 'modern-crow@gmail.co', 'like') ;
INSERT INTO postreaction values('ByLX79S-fYx', 'blessed-blade@hotmail.us', 'excitement') ;
INSERT INTO postreaction values('HytGQqHWGKl', 'lopsided-view@hotmail.ca', 'sadness') ;
INSERT INTO postreaction values('HyzX79B-MKg', 'keen-office@mac.uk', 'happiness') ;
INSERT INTO postreaction values('S1KEmqBWMtx', 'white-pollution@videotron.io', 'anger') ;
INSERT INTO postreaction values('SkVVmcHbzYx', 'needed-purpose@yahoo.uk', 'like') ;
INSERT INTO postreaction values('Sy2NXqrZftl', 'slippery-development@me.io', 'sadness') ;
INSERT INTO postreaction values('SJwr7qrbzKe', 'muddled-star@me.us', 'anger') ;
INSERT INTO postreaction values('SJ_TMcSZfFe', 'slippery-development@me.io', 'happiness') ;
INSERT INTO postreaction values('HJWTM9HZGYx', 'lazy-nut@icloud.fr', 'happiness') ;
INSERT INTO postreaction values('BywhGqSZGFg', 'futuristic-humor@videotron.fr', 'like') ;
INSERT INTO postreaction values('H1CmqH-GYg', 'flowery-low@sympatico.fr', 'excitement') ;
INSERT INTO postreaction values('HkVlQcS-GKe', 'keen-office@mac.uk', 'anger') ;
INSERT INTO postreaction values('rk9Q5BWGYl', 'nutty-queen@icloud.net', 'sadness') ;
INSERT INTO postreaction values('SJj7m5rZfFg', 'modern-crow@gmail.co', 'like') ;
INSERT INTO postreaction values('SJB3fcS-MYe', 'abandoned-children@sympatico.com', 'anger') ;
INSERT INTO postreaction values('SJGm5SbzYg', 'golden-crayon@me.ca', 'anger') ;
INSERT INTO postreaction values('HJX6f5HbMtl', 'money-kiss@gmail.co', 'like') ;
INSERT INTO postreaction values('HkGxm5HbzFx', 'slippery-development@me.io', 'anger') ;
INSERT INTO postreaction values('Sklm9HbzYg', 'woebegone-coal@sympatico.com', 'excitement') ;
INSERT INTO postreaction values('HJXxQqr-fFg', 'workable-story@hotmail.fr', 'like') ;
INSERT INTO postreaction values('BJ6NQ9r-MKg', 'faulty-wren@sympatico.co', 'like') ;
INSERT INTO postreaction values('Sy67qHbzYx', 'helpful-porter@sympatico.ca', 'sadness') ;
INSERT INTO postreaction values('r1dm75HWMYg', 'keen-office@mac.uk', 'like') ;
INSERT INTO postreaction values('rJWlQ9rbzKx', 'slippery-development@me.io', 'like') ;
INSERT INTO postreaction values('Sybr75rWMtl', 'faulty-wren@sympatico.co', 'happiness') ;
INSERT INTO postreaction values('H1xSmqBZMFe', 'modern-crow@gmail.co', 'anger') ;
INSERT INTO postreaction values('Hkr6zqHZfYg', 'paltry-grain@icloud.us', 'sadness') ;
INSERT INTO postreaction values('H1o-QcS-MYg', 'faulty-wren@sympatico.co', 'like') ;
INSERT INTO postreaction values('BJJ6McBZGYe', 'flowery-low@sympatico.fr', 'happiness') ;
INSERT INTO postreaction values('B17Q9HZGYx', 'try-cemetery@videotron.uk', 'happiness') ;
INSERT INTO postreaction values('S1KEmqBWMtx', 'money-kiss@gmail.co', 'happiness') ;
INSERT INTO postreaction values('Hk6XX5SWzKl', 'muddled-star@me.us', 'anger') ;
INSERT INTO postreaction values('B1AZ7crZftl', 'nebulous-start@mac.uk', 'sadness') ;
INSERT INTO postreaction values('r13X9HbfYg', 'futuristic-humor@videotron.fr', 'happiness') ;
INSERT INTO postreaction values('HJyV7cSWzYg', 'curved-foot@mac.fr', 'happiness') ;
INSERT INTO postreaction values('rkm2fqBZzYx', 'abandoned-children@sympatico.com', 'sadness') ;
INSERT INTO postreaction values('r1wV79BbGte', 'muddled-star@me.us', 'happiness') ;
INSERT INTO postreaction values('HknS7qS-fKe', 'heroic-office@me.com', 'excitement') ;
INSERT INTO postreaction values('SJB3fcS-MYe', 'cheerful-sheet@me.ca', 'excitement') ;
INSERT INTO postreaction values('rk9Q5BWGYl', 'white-pollution@videotron.io', 'sadness') ;
INSERT INTO postreaction values('H19lmcBZGtx', 'macabre-tree@hotmail.com', 'like') ;
INSERT INTO postreaction values('HJX6f5HbMtl', 'helpful-porter@sympatico.ca', 'happiness') ;
INSERT INTO postreaction values('Sy2NXqrZftl', 'paltry-invention@me.com', 'sadness') ;
INSERT INTO postreaction values('HygV7crWGKg', 'opposite-fish@mac.us', 'like') ;
INSERT INTO postreaction values('SJ4az9SZzYg', 'deranged-nest@hotmail.com', 'excitement') ;
INSERT INTO postreaction values('Hk6XX5SWzKl', 'creepy-rice@yahoo.com', 'sadness') ;
INSERT INTO postreaction values('SJGm5SbzYg', 'naive-toothbrush@mac.ca', 'anger') ;
INSERT INTO postreaction values('B1tQ5HWMYx', 'quickest-insect@gmail.net', 'like') ;
INSERT INTO postreaction values('H1HQqHbGtx', 'animated-title@hotmail.io', 'anger') ;
INSERT INTO postreaction values('H1o-QcS-MYg', 'trashy-squirrel@me.net', 'like') ;
INSERT INTO postreaction values('H1MNX5BZMtg', 'wooden-shelf@sympatico.io', 'excitement') ;
INSERT INTO postreaction values('Sy67qHbzYx', 'creepy-rice@yahoo.com', 'happiness') ;
INSERT INTO postreaction values('HyzX79B-MKg', 'successful-fruit@mac.fr', 'like') ;
INSERT INTO postreaction values('B17Q9HZGYx', 'animated-title@hotmail.io', 'excitement') ;
INSERT INTO postreaction values('H1ToM9SWfFg', 'white-pollution@videotron.io', 'anger') ;
INSERT INTO postreaction values('BkSf7qHZGFl', 'dirty-border@hotmail.ca', 'happiness') ;
INSERT INTO postreaction values('Sk3gX9BZfFe', 'outstanding-stocking@hotmail.fr', 'happiness') ;
INSERT INTO postreaction values('BkSf7qHZGFl', 'cloudy-coast@sympatico.uk', 'like') ;
INSERT INTO postreaction values('SJ_TMcSZfFe', 'dirty-border@hotmail.ca', 'like') ;
INSERT INTO postreaction values('HytGQqHWGKl', 'nutty-queen@icloud.net', 'like') ;
INSERT INTO postreaction values('Sy4QqSbMYe', 'needed-purpose@yahoo.uk', 'happiness') ;
INSERT INTO postreaction values('SyRlm5BZMFl', 'curved-foot@mac.fr', 'excitement') ;
INSERT INTO postreaction values('BJSbQqr-fKe', 'white-pollution@videotron.io', 'excitement') ;
INSERT INTO postreaction values('H1o-QcS-MYg', 'try-cemetery@videotron.uk', 'anger') ;
INSERT INTO postreaction values('S1oQ9HWftx', 'white-pollution@videotron.io', 'anger') ;
INSERT INTO postreaction values('Sk3gX9BZfFe', 'opposite-fish@mac.us', 'happiness') ;
INSERT INTO postreaction values('SJGm5SbzYg', 'deranged-nest@hotmail.com', 'like') ;
INSERT INTO postreaction values('r1He7qHWGFe', 'woebegone-coal@sympatico.com', 'like') ;
INSERT INTO postreaction values('HkcGm9SWzYg', 'cheerful-sheet@me.ca', 'happiness') ;
INSERT INTO postreaction values('B1dnz9HWzYx', 'white-pollution@videotron.io', 'like') ;
INSERT INTO postreaction values('S18Vm5rZztx', 'paltry-invention@me.com', 'anger') ;
INSERT INTO postreaction values('BkJXXqHZfYx', 'nutty-queen@icloud.net', 'anger') ;
INSERT INTO postreaction values('r1KZm9r-zKg', 'bad-stew@gmail.uk', 'excitement') ;
INSERT INTO postreaction values('HJE7mqSWztg', 'dirty-border@hotmail.ca', 'excitement') ;
INSERT INTO postreaction values('H1PXm5SZzKg', 'abandoned-children@sympatico.com', 'excitement') ;
INSERT INTO postreaction values('BJMMX5rbGYg', 'paltry-grain@icloud.us', 'sadness') ;
INSERT INTO postreaction values('BJbQXqB-fFe', 'macabre-tree@hotmail.com', 'anger') ;
INSERT INTO postreaction values('rJ5TMcSZGFg', 'try-cemetery@videotron.uk', 'excitement') ;
INSERT INTO postreaction values('S1KEmqBWMtx', 'workable-story@hotmail.fr', 'happiness') ;
INSERT INTO postreaction values('ByaB7crWGKl', 'abandoned-children@sympatico.com', 'sadness') ;
INSERT INTO postreaction values('SyoS7qrZzKl', 'exotic-business@videotron.co', 'happiness') ;
INSERT INTO postreaction values('H1o-QcS-MYg', 'flowery-low@sympatico.fr', 'like') ;
INSERT INTO postreaction values('HJXxQqr-fFg', 'nutty-queen@icloud.net', 'sadness') ;
INSERT INTO postreaction values('r1He7qHWGFe', 'faulty-wren@sympatico.co', 'like') ;
INSERT INTO postreaction values('S1yrQqSZzYe', 'paltry-invention@me.com', 'like') ;
INSERT INTO postreaction values('SkVVmcHbzYx', 'untidy-join@me.co', 'happiness') ;
INSERT INTO postreaction values('Bkc3G9r-ztl', 'keen-office@mac.uk', 'sadness') ;
INSERT INTO postreaction values('SJGm5SbzYg', 'muddled-star@me.us', 'happiness') ;
INSERT INTO postreaction values('ByDM79BZzYx', 'outstanding-stocking@hotmail.fr', 'sadness') ;
INSERT INTO postreaction values('B17MXcrZMKx', 'paltry-invention@me.com', 'excitement') ;
INSERT INTO postreaction values('ryJGm9HZMKe', 'woebegone-coal@sympatico.com', 'excitement') ;
INSERT INTO postreaction values('Skv-m9SZMYg', 'keen-office@mac.uk', 'like') ;
INSERT INTO postreaction values('Sy67qHbzYx', 'lazy-nut@icloud.fr', 'anger') ;
INSERT INTO postreaction values('r1jaMqSbGFl', 'money-kiss@gmail.co', 'happiness') ;
INSERT INTO postreaction values('r1jaMqSbGFl', 'fun-river@gmail.us', 'like') ;
INSERT INTO postreaction values('HkjemqH-MYe', 'paltry-grain@icloud.us', 'sadness') ;
INSERT INTO postreaction values('H1tTG9rZzKx', 'keen-office@mac.uk', 'excitement') ;
INSERT INTO postreaction values('H1o-QcS-MYg', 'hanging-root@hotmail.io', 'anger') ;
INSERT INTO postreaction values('B1gZmcSbGtg', 'nebulous-start@mac.uk', 'sadness') ;
INSERT INTO postreaction values('BJbQXqB-fFe', 'futuristic-humor@videotron.fr', 'anger') ;
INSERT INTO postreaction values('HkDpM5rZMtl', 'nutty-queen@icloud.net', 'sadness') ;
INSERT INTO postreaction values('HkCXX9H-MKl', 'foolish-voyage@sympatico.uk', 'like') ;
INSERT INTO postreaction values('S1drXqH-fKg', 'workable-story@hotmail.fr', 'excitement') ;
INSERT INTO postreaction values('SJwr7qrbzKe', 'nutty-queen@icloud.net', 'sadness') ;
INSERT INTO postreaction values('HJXxQqr-fFg', 'modern-crow@gmail.co', 'anger') ;
INSERT INTO postreaction values('HJAhfqHbGFl', 'paltry-invention@me.com', 'sadness') ;
INSERT INTO postreaction values('rk7HQ5S-zKe', 'cloudy-coast@sympatico.uk', 'excitement') ;
INSERT INTO postreaction values('H19lmcBZGtx', 'muddled-star@me.us', 'anger') ;
INSERT INTO postreaction values('H1CmqH-GYg', 'try-cemetery@videotron.uk', 'excitement') ;
INSERT INTO postreaction values('SyNrmqSZzYl', 'workable-story@hotmail.fr', 'sadness') ;
INSERT INTO postreaction values('r1L6McHWfFl', 'abandoned-children@sympatico.com', 'happiness') ;
INSERT INTO postreaction values('HknS7qS-fKe', 'modern-crow@gmail.co', 'anger') ;
INSERT INTO postreaction values('Bkc3G9r-ztl', 'faulty-wren@sympatico.co', 'anger') ;
INSERT INTO postreaction values('HJ9-XqSZGYl', 'successful-fruit@mac.fr', 'excitement') ;
INSERT INTO postreaction values('SJtgXqHbfYx', 'macabre-tree@hotmail.com', 'excitement') ;
INSERT INTO postreaction values('S1phG9H-zFg', 'fun-river@gmail.us', 'sadness') ;
INSERT INTO postreaction values('ByLX79S-fYx', 'money-kiss@gmail.co', 'anger') ;
INSERT INTO postreaction values('B1dnz9HWzYx', 'abandoned-children@sympatico.com', 'sadness') ;
INSERT INTO postreaction values('Sy4QqSbMYe', 'bad-stew@gmail.uk', 'like') ;
INSERT INTO postreaction values('Sy67qHbzYx', 'deranged-nest@hotmail.com', 'excitement') ;
INSERT INTO postreaction values('B1KB75SZzYx', 'creepy-rice@yahoo.com', 'like') ;
INSERT INTO postreaction values('HytGQqHWGKl', 'successful-fruit@mac.fr', 'excitement') ;
INSERT INTO postreaction values('r1jaMqSbGFl', 'heroic-office@me.com', 'anger') ;
INSERT INTO postreaction values('r1dm75HWMYg', 'nutty-queen@icloud.net', 'excitement') ;
INSERT INTO postreaction values('H19779HWfYl', 'blessed-blade@hotmail.us', 'happiness') ;
INSERT INTO postreaction values('r1jaMqSbGFl', 'woebegone-coal@sympatico.com', 'like') ;
INSERT INTO postreaction values('SkMTGqrWzFl', 'fun-river@gmail.us', 'sadness') ;
INSERT INTO postreaction values('BkX5B-GKx', 'woebegone-coal@sympatico.com', 'like') ;
INSERT INTO postreaction values('HJtnMcSZftx', 'unknown-pizzas@icloud.us', 'sadness') ;
INSERT INTO postreaction values('S1xQ7qBZfYg', 'lopsided-view@hotmail.ca', 'anger') ;
INSERT INTO postreaction values('r1dm75HWMYg', 'thinkable-basin@hotmail.co', 'excitement') ;
INSERT INTO postreaction values('HJWTM9HZGYx', 'keen-office@mac.uk', 'excitement') ;
INSERT INTO postreaction values('HyLbm9B-fFe', 'opposite-fish@mac.us', 'anger') ;
INSERT INTO postreaction values('SJux75r-MKe', 'fun-river@gmail.us', 'happiness') ;
INSERT INTO postreaction values('r13X9HbfYg', 'deranged-nest@hotmail.com', 'sadness') ;
INSERT INTO postreaction values('ryJGm9HZMKe', 'modern-crow@gmail.co', 'like') ;
INSERT INTO postreaction values('ByTMX5HZftx', 'faulty-wren@sympatico.co', 'like') ;
INSERT INTO postreaction values('SyNrmqSZzYl', 'exotic-business@videotron.co', 'excitement') ;
INSERT INTO postreaction values('Hyc479r-Mtg', 'quickest-insect@gmail.net', 'anger') ;
INSERT INTO postreaction values('r1G3GcB-ftx', 'quickest-insect@gmail.net', 'anger') ;
INSERT INTO postreaction values('rJKQQcrbGFl', 'keen-office@mac.uk', 'happiness') ;
INSERT INTO postreaction values('H1HQqHbGtx', 'deranged-nest@hotmail.com', 'sadness') ;
INSERT INTO postreaction values('SkMTGqrWzFl', 'helpful-porter@sympatico.ca', 'sadness') ;
INSERT INTO postreaction values('H1MNX5BZMtg', 'untidy-join@me.co', 'sadness') ;
INSERT INTO postreaction values('ByUGQqSbGYx', 'heroic-office@me.com', 'sadness') ;
INSERT INTO postreaction values('HJtnMcSZftx', 'woebegone-bulb@hotmail.fr', 'happiness') ;
INSERT INTO postreaction values('By_4QcBWMKl', 'abandoned-expansion@hotmail.co', 'anger') ;
INSERT INTO postreaction values('BJbQXqB-fFe', 'woebegone-bulb@hotmail.fr', 'happiness') ;
INSERT INTO postreaction values('Sk3gX9BZfFe', 'faulty-wren@sympatico.co', 'like') ;
INSERT INTO postreaction values('Skv-m9SZMYg', 'helpful-porter@sympatico.ca', 'excitement') ;
INSERT INTO postreaction values('SJGm5SbzYg', 'white-pollution@videotron.io', 'anger') ;
INSERT INTO postreaction values('S1n7Q9BZftx', 'exotic-business@videotron.co', 'anger') ;
INSERT INTO postreaction values('SJB3fcS-MYe', 'creepy-rice@yahoo.com', 'excitement') ;
INSERT INTO postreaction values('rJWlQ9rbzKx', 'fun-river@gmail.us', 'happiness') ;
INSERT INTO postreaction values('HyLbm9B-fFe', 'exotic-business@videotron.co', 'sadness') ;
INSERT INTO postreaction values('HkDpM5rZMtl', 'bad-stew@gmail.uk', 'excitement') ;
INSERT INTO postreaction values('BJRoM9HWGYx', 'modern-crow@gmail.co', 'anger') ;
INSERT INTO postreaction values('B1tQ5HWMYx', 'outstanding-stocking@hotmail.fr', 'anger') ;
INSERT INTO postreaction values('S1KEmqBWMtx', 'nutty-queen@icloud.net', 'like') ;
INSERT INTO postreaction values('SJGm5SbzYg', 'try-cemetery@videotron.uk', 'sadness') ;
INSERT INTO postreaction values('B1gZmcSbGtg', 'workable-story@hotmail.fr', 'excitement') ;
INSERT INTO postreaction values('SJOZQ9BWzFx', 'nebulous-start@mac.uk', 'anger') ;
INSERT INTO postreaction values('BJRoM9HWGYx', 'fun-river@gmail.us', 'sadness') ;
INSERT INTO postreaction values('rkwsf9SZGYg', 'foolish-voyage@sympatico.uk', 'excitement') ;
INSERT INTO postreaction values('By_4QcBWMKl', 'slippery-development@me.io', 'sadness') ;
INSERT INTO postreaction values('S1xQ7qBZfYg', 'blessed-blade@hotmail.us', 'like') ;
INSERT INTO postreaction values('Sk3gX9BZfFe', 'cheerful-sheet@me.ca', 'sadness') ;
INSERT INTO postreaction values('BJMWX9HZGFg', 'deranged-nest@hotmail.com', 'anger') ;
INSERT INTO postreaction values('BJMWX9HZGFg', 'dirty-border@hotmail.ca', 'excitement') ;
INSERT INTO postreaction values('r1L6McHWfFl', 'muddled-star@me.us', 'anger') ;
INSERT INTO postreaction values('ByaB7crWGKl', 'lopsided-view@hotmail.ca', 'sadness') ;
INSERT INTO postreaction values('H1rm79rbfKg', 'successful-fruit@mac.fr', 'anger') ;
INSERT INTO postreaction values('B1KB75SZzYx', 'foolish-voyage@sympatico.uk', 'sadness') ;
INSERT INTO postreaction values('BJJ6McBZGYe', 'faulty-wren@sympatico.co', 'anger') ;
INSERT INTO postreaction values('HJinf5B-fFl', 'successful-fruit@mac.fr', 'like') ;
INSERT INTO postreaction values('rk9Q5BWGYl', 'thinkable-basin@hotmail.co', 'happiness') ;
INSERT INTO postreaction values('ryWMX5BbzFg', 'flowery-low@sympatico.fr', 'excitement') ;
INSERT INTO postreaction values('ByXVX9HbfFl', 'nutty-queen@icloud.net', 'sadness') ;
INSERT INTO postreaction values('rk9Q5BWGYl', 'faulty-wren@sympatico.co', 'sadness') ;
INSERT INTO postreaction values('HykxQ5BbfKx', 'outstanding-stocking@hotmail.fr', 'like') ;
INSERT INTO postreaction values('HyLbm9B-fFe', 'hanging-root@hotmail.io', 'sadness') ;
INSERT INTO postreaction values('BJN-7qH-GYx', 'animated-title@hotmail.io', 'sadness') ;
INSERT INTO postreaction values('rJ5TMcSZGFg', 'outstanding-stocking@hotmail.fr', 'like') ;
INSERT INTO postreaction values('BJoiz5H-Mte', 'modern-crow@gmail.co', 'like') ;
INSERT INTO postreaction values('H1KizqSbfFx', 'untidy-join@me.co', 'like') ;
INSERT INTO postreaction values('r1G3GcB-ftx', 'woebegone-bulb@hotmail.fr', 'like') ;
INSERT INTO postreaction values('Skv-m9SZMYg', 'blessed-blade@hotmail.us', 'sadness') ;
INSERT INTO postreaction values('SJB3fcS-MYe', 'modern-crow@gmail.co', 'happiness') ;
INSERT INTO postreaction values('r1G3GcB-ftx', 'successful-fruit@mac.fr', 'sadness') ;
INSERT INTO postreaction values('SJ4az9SZzYg', 'lopsided-view@hotmail.ca', 'sadness') ;
INSERT INTO postreaction values('HJXxQqr-fFg', 'needed-purpose@yahoo.uk', 'sadness') ;
INSERT INTO postreaction values('H1e3Mqr-zKl', 'heroic-office@me.com', 'anger') ;
INSERT INTO postreaction values('r1gpGcSWMtg', 'money-kiss@gmail.co', 'excitement') ;
INSERT INTO postreaction values('r1jaMqSbGFl', 'lopsided-view@hotmail.ca', 'excitement') ;
INSERT INTO postreaction values('SkMTGqrWzFl', 'wooden-shelf@sympatico.io', 'anger') ;
INSERT INTO postreaction values('Skv-m9SZMYg', 'abandoned-expansion@hotmail.co', 'happiness') ;
INSERT INTO postreaction values('rJhGm9BbGte', 'abandoned-children@sympatico.com', 'excitement') ;
INSERT INTO postreaction values('By_4QcBWMKl', 'woebegone-bulb@hotmail.fr', 'like') ;
INSERT INTO postreaction values('HJinf5B-fFl', 'rapid-space@hotmail.fr', 'happiness') ;
INSERT INTO postreaction values('B1gZmcSbGtg', 'fun-river@gmail.us', 'like') ;
INSERT INTO postreaction values('SJwr7qrbzKe', 'abandoned-expansion@hotmail.co', 'anger') ;
INSERT INTO postreaction values('SyoS7qrZzKl', 'lopsided-view@hotmail.ca', 'like') ;
INSERT INTO postreaction values('r1gpGcSWMtg', 'thinkable-basin@hotmail.co', 'excitement') ;
INSERT INTO postreaction values('H19lmcBZGtx', 'paltry-invention@me.com', 'sadness') ;
INSERT INTO postreaction values('HJ9-XqSZGYl', 'paltry-invention@me.com', 'sadness') ;
INSERT INTO postreaction values('ryLlm9rbMKe', 'workable-story@hotmail.fr', 'sadness') ;
INSERT INTO postreaction values('SkVVmcHbzYx', 'futuristic-humor@videotron.fr', 'happiness') ;
INSERT INTO postreaction values('SJ4az9SZzYg', 'quickest-insect@gmail.net', 'happiness') ;
INSERT INTO postreaction values('BJqB75HbMFx', 'woebegone-coal@sympatico.com', 'like') ;
INSERT INTO postreaction values('H1sMQcSWzFl', 'woebegone-coal@sympatico.com', 'like') ;
INSERT INTO postreaction values('ByLX79S-fYx', 'white-pollution@videotron.io', 'sadness') ;
INSERT INTO postreaction values('HytGQqHWGKl', 'abandoned-children@sympatico.com', 'happiness') ;
INSERT INTO postreaction values('rkEz75rZGYx', 'abandoned-expansion@hotmail.co', 'anger') ;
INSERT INTO postreaction values('rJdQ5HZMYx', 'helpful-porter@sympatico.ca', 'happiness') ;
INSERT INTO postreaction values('rkwsf9SZGYg', 'money-kiss@gmail.co', 'sadness') ;
INSERT INTO postreaction values('ByUGQqSbGYx', 'flowery-low@sympatico.fr', 'sadness') ;
INSERT INTO postreaction values('HJtnMcSZftx', 'foolish-voyage@sympatico.uk', 'excitement') ;
INSERT INTO postreaction values('B1TW75HWfKg', 'hanging-root@hotmail.io', 'happiness') ;
INSERT INTO postreaction values('rk_iGqrZMKl', 'outstanding-stocking@hotmail.fr', 'like') ;
INSERT INTO postreaction values('HJ9-XqSZGYl', 'creepy-rice@yahoo.com', 'sadness') ;
INSERT INTO postreaction values('HkDpM5rZMtl', 'outstanding-stocking@hotmail.fr', 'like') ;
INSERT INTO postreaction values('SyRlm5BZMFl', 'unknown-pizzas@icloud.us', 'anger') ;
INSERT INTO postreaction values('B1dnz9HWzYx', 'needed-purpose@yahoo.uk', 'happiness') ;
INSERT INTO postreaction values('H1HQqHbGtx', 'quickest-insect@gmail.net', 'happiness') ;
INSERT INTO postreaction values('BJRoM9HWGYx', 'rapid-space@hotmail.fr', 'happiness') ;
INSERT INTO postreaction values('HykxQ5BbfKx', 'keen-office@mac.uk', 'excitement') ;
INSERT INTO postreaction values('BknazqB-Mte', 'dirty-border@hotmail.ca', 'sadness') ;
INSERT INTO postreaction values('SJtgXqHbfYx', 'nebulous-start@mac.uk', 'anger') ;
INSERT INTO postreaction values('r1dm75HWMYg', 'curved-foot@mac.fr', 'anger') ;
INSERT INTO postreaction values('S1KEmqBWMtx', 'fun-river@gmail.us', 'like') ;
INSERT INTO postreaction values('S122zcrZGFe', 'trashy-squirrel@me.net', 'happiness') ;
INSERT INTO postreaction values('H1MNX5BZMtg', 'slippery-development@me.io', 'happiness') ;
INSERT INTO postreaction values('rJL2f5S-zYe', 'quickest-insect@gmail.net', 'like') ;
INSERT INTO postreaction values('S1xQ7qBZfYg', 'trashy-squirrel@me.net', 'anger') ;
INSERT INTO postreaction values('rJXZ75BZzYx', 'quickest-insect@gmail.net', 'anger') ;
INSERT INTO postreaction values('ByTMX5HZftx', 'keen-office@mac.uk', 'sadness') ;
INSERT INTO postreaction values('HJAhfqHbGFl', 'needed-purpose@yahoo.uk', 'like') ;
INSERT INTO postreaction values('H1tTG9rZzKx', 'successful-fruit@mac.fr', 'sadness') ;
INSERT INTO postreaction values('H1xSmqBZMFe', 'heroic-office@me.com', 'sadness') ;
INSERT INTO postreaction values('Hyr4X9HZztg', 'wooden-shelf@sympatico.io', 'anger') ;
INSERT INTO postreaction values('rkNhM5BZMtx', 'deranged-nest@hotmail.com', 'anger') ;
INSERT INTO postreaction values('rJWlQ9rbzKx', 'abandoned-expansion@hotmail.co', 'anger') ;
INSERT INTO postreaction values('H1e3Mqr-zKl', 'naive-toothbrush@mac.ca', 'sadness') ;
INSERT INTO postreaction values('SyoS7qrZzKl', 'slippery-development@me.io', 'anger') ;
INSERT INTO postreaction values('r1W-mcHWMtl', 'blessed-blade@hotmail.us', 'anger') ;
INSERT INTO postreaction values('S1oQ9HWftx', 'thinkable-basin@hotmail.co', 'like') ;
INSERT INTO postreaction values('Hy-7qSbGtg', 'futuristic-humor@videotron.fr', 'like') ;
INSERT INTO postreaction values('BJJ6McBZGYe', 'blessed-blade@hotmail.us', 'sadness') ;
INSERT INTO postreaction values('S18Vm5rZztx', 'outstanding-stocking@hotmail.fr', 'anger') ;
INSERT INTO postreaction values('BJMWX9HZGFg', 'unknown-pizzas@icloud.us', 'excitement') ;
INSERT INTO postreaction values('r1gpGcSWMtg', 'white-pollution@videotron.io', 'anger') ;
INSERT INTO postreaction values('rJWlQ9rbzKx', 'golden-crayon@me.ca', 'happiness') ;
INSERT INTO postreaction values('S1UmcBbMtg', 'deranged-nest@hotmail.com', 'happiness') ;
INSERT INTO postreaction values('HkVlQcS-GKe', 'unknown-pizzas@icloud.us', 'happiness') ;
INSERT INTO postreaction values('H1sMQcSWzFl', 'faulty-wren@sympatico.co', 'like') ;
INSERT INTO postreaction values('ByDM79BZzYx', 'paltry-invention@me.com', 'sadness') ;
INSERT INTO postreaction values('SyoS7qrZzKl', 'curved-foot@mac.fr', 'sadness') ;
INSERT INTO postreaction values('H1sMQcSWzFl', 'exotic-business@videotron.co', 'sadness') ;
INSERT INTO postreaction values('Hkr6zqHZfYg', 'foolish-voyage@sympatico.uk', 'happiness') ;
INSERT INTO postreaction values('rJdQ5HZMYx', 'thinkable-basin@hotmail.co', 'excitement') ;
INSERT INTO postreaction values('Hy-7qSbGtg', 'lazy-nut@icloud.fr', 'happiness') ;
INSERT INTO postreaction values('H1xSmqBZMFe', 'fun-river@gmail.us', 'like') ;
INSERT INTO postreaction values('H1ToM9SWfFg', 'woebegone-bulb@hotmail.fr', 'anger') ;
INSERT INTO postreaction values('S1KEmqBWMtx', 'quickest-insect@gmail.net', 'like') ;
INSERT INTO postreaction values('Hyc479r-Mtg', 'muddled-star@me.us', 'anger') ;
INSERT INTO postreaction values('H1KizqSbfFx', 'try-cemetery@videotron.uk', 'excitement') ;
INSERT INTO postreaction values('Sk7XX5rWMKg', 'hanging-root@hotmail.io', 'like') ;
INSERT INTO postreaction values('SJux75r-MKe', 'wooden-shelf@sympatico.io', 'happiness') ;
INSERT INTO postreaction values('HJlzXqr-GFg', 'muddled-star@me.us', 'sadness') ;
INSERT INTO postreaction values('HJyV7cSWzYg', 'white-pollution@videotron.io', 'sadness') ;
INSERT INTO postreaction values('Bk2bX5B-MKe', 'animated-title@hotmail.io', 'happiness') ;
INSERT INTO postreaction values('HJlzXqr-GFg', 'unknown-pizzas@icloud.us', 'anger') ;
INSERT INTO postreaction values('B17Q9HZGYx', 'muddled-star@me.us', 'sadness') ;
INSERT INTO postreaction values('Bk2bX5B-MKe', 'blessed-blade@hotmail.us', 'like') ;
INSERT INTO postreaction values('ByDM79BZzYx', 'opposite-fish@mac.us', 'sadness') ;
INSERT INTO postreaction values('r13X9HbfYg', 'try-cemetery@videotron.uk', 'excitement') ;
INSERT INTO postreaction values('Sy2NXqrZftl', 'money-kiss@gmail.co', 'happiness') ;
INSERT INTO postreaction values('BkelQ5S-zYl', 'fun-river@gmail.us', 'like') ;
INSERT INTO postreaction values('SJ_TMcSZfFe', 'workable-story@hotmail.fr', 'happiness') ;
INSERT INTO postreaction values('BkX5B-GKx', 'workable-story@hotmail.fr', 'sadness') ;
INSERT INTO postreaction values('BJoiz5H-Mte', 'money-kiss@gmail.co', 'like') ;
INSERT INTO postreaction values('BJMWX9HZGFg', 'abandoned-expansion@hotmail.co', 'sadness') ;
INSERT INTO postreaction values('BywhGqSZGFg', 'modern-crow@gmail.co', 'happiness') ;
INSERT INTO postreaction values('Hkr6zqHZfYg', 'lazy-nut@icloud.fr', 'like') ;
INSERT INTO postreaction values('HkjemqH-MYe', 'blessed-blade@hotmail.us', 'happiness') ;
INSERT INTO postreaction values('rJdQ5HZMYx', 'heroic-office@me.com', 'sadness') ;
INSERT INTO postreaction values('Hk6XX5SWzKl', 'unknown-pizzas@icloud.us', 'like') ;
INSERT INTO postreaction values('BkelQ5S-zYl', 'foolish-voyage@sympatico.uk', 'anger') ;
INSERT INTO postreaction values('Sklm9HbzYg', 'golden-crayon@me.ca', 'sadness') ;
INSERT INTO postreaction values('S11nf9HbzFx', 'futuristic-humor@videotron.fr', 'sadness') ;
INSERT INTO postreaction values('r1gpGcSWMtg', 'creepy-rice@yahoo.com', 'like') ;
INSERT INTO postreaction values('HkVlQcS-GKe', 'cloudy-coast@sympatico.uk', 'like') ;
INSERT INTO postreaction values('H1rm79rbfKg', 'outstanding-stocking@hotmail.fr', 'anger') ;
INSERT INTO postreaction values('HJWTM9HZGYx', 'opposite-fish@mac.us', 'like') ;
INSERT INTO postreaction values('Hyc479r-Mtg', 'deranged-nest@hotmail.com', 'anger') ;
INSERT INTO postreaction values('SJtgXqHbfYx', 'needed-purpose@yahoo.uk', 'anger') ;
INSERT INTO postreaction values('HJAhfqHbGFl', 'trashy-squirrel@me.net', 'happiness') ;
INSERT INTO postreaction values('Hk-E7crWfKl', 'cheerful-sheet@me.ca', 'sadness') ;
INSERT INTO postreaction values('SJB3fcS-MYe', 'nutty-queen@icloud.net', 'excitement') ;
INSERT INTO postreaction values('rJdQ5HZMYx', 'workable-story@hotmail.fr', 'excitement') ;
INSERT INTO postreaction values('HkGxm5HbzFx', 'exotic-business@videotron.co', 'sadness') ;
INSERT INTO postreaction values('HkVlQcS-GKe', 'abandoned-expansion@hotmail.co', 'excitement') ;
INSERT INTO postreaction values('BJqB75HbMFx', 'successful-fruit@mac.fr', 'sadness') ;
INSERT INTO postreaction values('H1Lr79r-Mtl', 'modern-crow@gmail.co', 'sadness') ;
INSERT INTO postreaction values('SJj7m5rZfFg', 'opposite-fish@mac.us', 'happiness') ;
INSERT INTO postreaction values('SJB3fcS-MYe', 'golden-crayon@me.ca', 'like') ;
INSERT INTO postreaction values('S1UmcBbMtg', 'animated-title@hotmail.io', 'sadness') ;
INSERT INTO postreaction values('Hk-E7crWfKl', 'nutty-queen@icloud.net', 'happiness') ;
INSERT INTO postreaction values('BkJXXqHZfYx', 'flowery-low@sympatico.fr', 'like') ;
INSERT INTO postreaction values('H1CmqH-GYg', 'workable-story@hotmail.fr', 'excitement') ;
INSERT INTO postreaction values('H1sMQcSWzFl', 'opposite-fish@mac.us', 'sadness') ;
INSERT INTO postreaction values('HkVlQcS-GKe', 'nebulous-start@mac.uk', 'excitement') ;
INSERT INTO postreaction values('HkzBQ9B-GKl', 'paltry-grain@icloud.us', 'sadness') ;
INSERT INTO postreaction values('SJB3fcS-MYe', 'quickest-insect@gmail.net', 'happiness') ;
INSERT INTO postreaction values('HJAhfqHbGFl', 'futuristic-humor@videotron.fr', 'like') ;
INSERT INTO postreaction values('r13X9HbfYg', 'foolish-voyage@sympatico.uk', 'like') ;
INSERT INTO postreaction values('Hk-E7crWfKl', 'thinkable-basin@hotmail.co', 'happiness') ;
INSERT INTO postreaction values('r1gpGcSWMtg', 'flowery-low@sympatico.fr', 'like') ;
INSERT INTO postreaction values('S1oQ9HWftx', 'deranged-nest@hotmail.com', 'happiness') ;
INSERT INTO postreaction values('HkDpM5rZMtl', 'exotic-business@videotron.co', 'like') ;
INSERT INTO postreaction values('BJHSXqrZMFg', 'needed-purpose@yahoo.uk', 'like') ;
/* Script generated Wed Feb 15 2017 11:44:59 GMT-0500 (Eastern Standard Time)*/

INSERT INTO workperiod values('nutty-queen@icloud.net', 'S1Vbf9SZGKe', 'Mon Jul 07 2059','Tue Mar 13 2108','Manual Community Data Guerrilla') ;
INSERT INTO workperiod values('heroic-office@me.com', 'SJteM9SbzKx', 'Fri Jul 20 2018','Mon Dec 20 2066','Coolest Philosopher') ;
INSERT INTO workperiod values('lazy-nut@icloud.fr', 'HynfcrbGKx', 'Mon Apr 10 2017','Fri Jan 19 2052','Junior Source Code Explorer') ;
INSERT INTO workperiod values('woebegone-coal@sympatico.com', 'rJZxMqBWfFg', 'Thu Dec 03 2111','Wed Nov 08 2051','Complete Researcher Hacker') ;
INSERT INTO workperiod values('unknown-pizzas@icloud.us', 'ry--fqr-ztl', 'Tue Jul 05 2033','Wed Apr 27 2067','Chief Spam Reader') ;
INSERT INTO workperiod values('successful-fruit@mac.fr', 'SJf-M9HZzFx', 'Sat Jun 12 2083','Tue Jan 09 2035','Senior Internet Expert') ;
INSERT INTO workperiod values('hanging-root@hotmail.io', 'HkMM9SWftg', 'Tue Feb 02 2038','Sun Oct 04 2082','Manual Hashtag Manager') ;
INSERT INTO workperiod values('faulty-wren@sympatico.co', 'B1IzcrWfFx', 'Sat Jan 12 2041','Thu Nov 25 2094','Lead Social Media Assistant') ;
INSERT INTO workperiod values('try-cemetery@videotron.uk', 'By2ZGcr-fFe', 'Sun Nov 27 2044','Mon Jul 08 2069','Pro Closed Source Evangelist') ;
INSERT INTO workperiod values('golden-crayon@me.ca', 'Sk6ZfcHbfFl', 'Tue Aug 31 2088','Thu Nov 05 2093','Maginficent Response Administrator') ;
INSERT INTO workperiod values('heroic-office@me.com', 'SyobG9rbGFl', 'Sat Jul 03 2077','Wed May 17 2079','Complete Pornography Historian') ;
INSERT INTO workperiod values('paltry-invention@me.com', 'HkMM9SWftg', 'Sat Sep 30 2034','Wed Nov 18 2099','In-House StackExchange Research Assistant') ;
INSERT INTO workperiod values('lazy-nut@icloud.fr', 'B1dG9HZGte', 'Tue Jan 20 2071','Thu Mar 30 2079','Maginficent Product Owner') ;
INSERT INTO workperiod values('slippery-development@me.io', 'HyLWG9HWMte', 'Thu Jan 22 2060','Mon Jul 25 2107','Independent WYSIWYG Maker') ;
INSERT INTO workperiod values('futuristic-humor@videotron.fr', 'Skugf9S-MFx', 'Sat Jun 04 2107','Sun Nov 17 2041','Future Drag & Drop Hero') ;
INSERT INTO workperiod values('opposite-fish@mac.us', 'HJvGqSWzFl', 'Fri Jan 09 2082','Sun Mar 19 2073','King of Java Junky') ;
INSERT INTO workperiod values('try-cemetery@videotron.uk', 'HJtf5SZftl', 'Mon Sep 09 2086','Wed Aug 08 2096','Virtuous Flash Guru') ;
INSERT INTO workperiod values('woebegone-bulb@hotmail.fr', 'Sycef5BWfKl', 'Tue Feb 19 2104','Tue Jan 31 2062','Volunteer HTML Artist') ;
INSERT INTO workperiod values('slippery-development@me.io', 'ByNlfcBWMKx', 'Fri Jun 01 2029','Fri Nov 28 2025','King of Mobile Phone Photographer') ;
INSERT INTO workperiod values('white-pollution@videotron.io', 'rkeMcS-MFx', 'Mon Aug 06 2035','Sat May 02 2026','Future Homepage Designer') ;
INSERT INTO workperiod values('nebulous-start@mac.uk', 'SkAbM5SWMFx', 'Sat Feb 15 2059','Sat Feb 19 2101','Future Keyboard Presser') ;
INSERT INTO workperiod values('paltry-grain@icloud.us', 'B1dG9HZGte', 'Sat Jul 12 2059','Sun Jun 17 2029','Quantum Bottomless Pit of Awesome Name Ideas') ;
INSERT INTO workperiod values('abandoned-expansion@hotmail.co', 'HJtf5SZftl', 'Wed Oct 18 2090','Mon May 30 2044','Informal Java Junky') ;
INSERT INTO workperiod values('needed-purpose@yahoo.uk', 'S1Vbf9SZGKe', 'Sat Oct 13 2085','Mon Jan 13 2081','Pro Closed Source Evangelist') ;
INSERT INTO workperiod values('creepy-rice@yahoo.com', 'HyLWG9HWMte', 'Tue Jul 24 2074','Tue Jul 14 2105','Professional Prophet') ;
INSERT INTO workperiod values('opposite-fish@mac.us', 'rJZxMqBWfFg', 'Sun Jan 13 2019','Mon Oct 11 2021','Powerful Drag & Drop Hero') ;
INSERT INTO workperiod values('abandoned-expansion@hotmail.co', 'HJMlMcH-zKl', 'Thu Jan 27 2033','Fri Jul 05 2115','Independent Job Title Generator') ;
INSERT INTO workperiod values('dirty-border@hotmail.ca', 'rkeMcS-MFx', 'Thu Jun 19 2110','Thu Jun 09 2095','Senior M.Dot Superhero') ;
INSERT INTO workperiod values('keen-office@mac.uk', 'Sycef5BWfKl', 'Mon Jan 20 2048','Fri Jun 21 2030','Manual Meme Meister') ;
INSERT INTO workperiod values('thinkable-basin@hotmail.co', 'Sycef5BWfKl', 'Tue Dec 19 2028','Mon Sep 10 2018','Informal Researcher Hacker') ;
INSERT INTO workperiod values('try-cemetery@videotron.uk', 'BJy-z9rbMYl', 'Mon Jun 15 2076','Wed Nov 28 2046','First Class Copy Cat') ;
INSERT INTO workperiod values('outstanding-stocking@hotmail.fr', 'SyobG9rbGFl', 'Sat Dec 17 2072','Thu Oct 03 2115','Volunteer "Researcher"') ;
INSERT INTO workperiod values('money-kiss@gmail.co', 'SJf-M9HZzFx', 'Mon Mar 08 2066','Tue Dec 01 2111','Manual Internet Expert') ;
INSERT INTO workperiod values('cheerful-sheet@me.ca', 'S1Vbf9SZGKe', 'Tue Apr 03 2068','Sat Feb 04 2090','Informal WordPress Admin') ;
INSERT INTO workperiod values('untidy-join@me.co', 'SJf-M9HZzFx', 'Thu Apr 07 2022','Sat Jan 25 2059','King of TweetDeck Monitorerer') ;
INSERT INTO workperiod values('modern-crow@gmail.co', 'Sk6ZfcHbfFl', 'Sat Oct 04 2104','Fri Mar 19 2094','Qualitative Mindmap Designer') ;
INSERT INTO workperiod values('exotic-business@videotron.co', 'SJteM9SbzKx', 'Sun Aug 18 2030','Thu Sep 28 2090','Professional Multiple Files Deleter') ;
INSERT INTO workperiod values('wooden-shelf@sympatico.io', 'HJvGqSWzFl', 'Wed Nov 04 2071','Wed Jul 06 2072','Beautiful Functionality Consultant') ;
INSERT INTO workperiod values('nebulous-start@mac.uk', 'SyjgfcBbGKg', 'Tue Mar 25 2087','Sun Oct 19 2031','Ninja Wizard Graphical Manager') ;
INSERT INTO workperiod values('naive-toothbrush@mac.ca', 'ry--fqr-ztl', 'Sun Jan 04 2088','Sat Sep 20 2087','Visionary Early Morning Late Adopter') ;
INSERT INTO workperiod values('cheerful-sheet@me.ca', 'SJteM9SbzKx', 'Sat Mar 19 2022','Sun Jan 02 2033','Viral HTML Slut') ;
INSERT INTO workperiod values('foolish-voyage@sympatico.uk', 'HJMlMcH-zKl', 'Thu Jun 14 2068','Sun Nov 30 2042','Volunteer Developer') ;
INSERT INTO workperiod values('paltry-grain@icloud.us', 'HkMM9SWftg', 'Tue Feb 13 2057','Wed Aug 19 2037','Volunteer E-Mail Composer') ;
INSERT INTO workperiod values('lopsided-view@hotmail.ca', 'HJvGqSWzFl', 'Sun Jan 18 2060','Sat Sep 02 2084','Legend Adobe Acrobat Updater') ;
INSERT INTO workperiod values('woebegone-coal@sympatico.com', 'SyjgfcBbGKg', 'Sat Sep 25 2083','Mon Sep 08 2092','King of Joomla Hacker') ;
INSERT INTO workperiod values('foolish-voyage@sympatico.uk', 'HJvGqSWzFl', 'Sat Aug 14 2094','Sun Feb 12 2034','Creative Facebook Quality Controller') ;
INSERT INTO workperiod values('abandoned-expansion@hotmail.co', 'By2ZGcr-fFe', 'Tue Apr 08 2053','Mon Feb 01 2072','National Crack & Ecstasy Organizer') ;
INSERT INTO workperiod values('nebulous-start@mac.uk', 'SyjgfcBbGKg', 'Sat Oct 31 2093','Thu Jun 08 2017','National Functionality Consultant') ;
INSERT INTO workperiod values('dirty-border@hotmail.ca', 'BJy-z9rbMYl', 'Mon Jul 27 2082','Sun Oct 27 2097','Evolutionary Internet Expert') ;
INSERT INTO workperiod values('animated-title@hotmail.io', 'B1IzcrWfFx', 'Tue May 19 2105','Thu Jun 28 2035','Senior Sublime Text Evangelist') ;
INSERT INTO workperiod values('opposite-fish@mac.us', 'B1IzcrWfFx', 'Tue May 05 2105','Wed Aug 05 2082','Freaking Website Building Warrior') ;
INSERT INTO workperiod values('macabre-tree@hotmail.com', 'Sk6ZfcHbfFl', 'Wed Oct 12 2078','Sat Dec 18 2049','Direct Flash Guru') ;
INSERT INTO workperiod values('opposite-fish@mac.us', 'SJf-M9HZzFx', 'Mon May 03 2066','Fri Aug 09 2058','Expert Joomla Celebrity') ;
INSERT INTO workperiod values('animated-title@hotmail.io', 'HkMM9SWftg', 'Thu Jul 16 2026','Tue Dec 19 2051','Senior Philosopher') ;
INSERT INTO workperiod values('blessed-blade@hotmail.us', 'rkeMcS-MFx', 'Thu Mar 03 2067','Tue Jan 18 2050','Powerful Shizzlifier') ;
INSERT INTO workperiod values('flowery-low@sympatico.fr', 'rJZxMqBWfFg', 'Fri Feb 05 2100','Fri Apr 05 2058','Expert Usability Director') ;
INSERT INTO workperiod values('workable-story@hotmail.fr', 'BJy-z9rbMYl', 'Thu Jan 18 2035','Wed Oct 21 2037','Informal Researcher Hacker') ;
INSERT INTO workperiod values('faulty-wren@sympatico.co', 'SyobG9rbGFl', 'Thu Feb 20 2081','Thu Jan 28 2027','Master Brand Champion') ;
INSERT INTO workperiod values('workable-story@hotmail.fr', 'HJvGqSWzFl', 'Mon Jun 07 2106','Thu Aug 13 2065','4 Stages Mastermind') ;
INSERT INTO workperiod values('workable-story@hotmail.fr', 'B1dG9HZGte', 'Mon Jan 26 2093','Fri Aug 21 2093','Pro Flash Guru') ;
INSERT INTO workperiod values('bad-stew@gmail.uk', 'HyLWG9HWMte', 'Sat Nov 05 2039','Wed Dec 01 2106','Amazing Functionality Consultant') ;
INSERT INTO workperiod values('lazy-nut@icloud.fr', 'ry--fqr-ztl', 'Fri Oct 04 2030','Mon Apr 19 2066','Beautiful Coffee Analist') ;
INSERT INTO workperiod values('outstanding-stocking@hotmail.fr', 'SJf-M9HZzFx', 'Thu Oct 26 2056','Thu May 05 2101','Ninja Wizard TweetDeck Monitorerer') ;
INSERT INTO workperiod values('creepy-rice@yahoo.com', 'SkAbM5SWMFx', 'Wed Feb 05 2020','Tue Apr 10 2085','Pro Crack & Ecstasy Organizer') ;
INSERT INTO workperiod values('bad-stew@gmail.uk', 'HJvGqSWzFl', 'Sat Sep 23 2073','Sat Apr 06 2047','Direct File Uploader') ;
INSERT INTO workperiod values('heroic-office@me.com', 'HJMlMcH-zKl', 'Sun Sep 29 2041','Wed Mar 12 2087','Uber Coffee Maker') ;
INSERT INTO workperiod values('nebulous-start@mac.uk', 'SJteM9SbzKx', 'Fri Sep 28 2029','Fri Nov 12 2083','Amazing Thinker of Free Code') ;
INSERT INTO workperiod values('hanging-root@hotmail.io', 'Skugf9S-MFx', 'Mon Feb 06 2045','Thu Apr 10 2059','Manual King Slayer') ;
INSERT INTO workperiod values('exotic-business@videotron.co', 'HkMM9SWftg', 'Thu Sep 26 2069','Thu Apr 05 2068','Independent Mobile Phone Photographer') ;
INSERT INTO workperiod values('naive-toothbrush@mac.ca', 'HynfcrbGKx', 'Tue Jun 12 2046','Mon Jun 20 2044','Volunteer Google Searcher') ;
INSERT INTO workperiod values('untidy-join@me.co', 'By2ZGcr-fFe', 'Fri Oct 14 2101','Thu Jul 02 2082','Lead Bottomless Pit of Awesome Name Ideas') ;
INSERT INTO workperiod values('paltry-invention@me.com', 'rkeMcS-MFx', 'Thu May 13 2021','Wed Oct 03 2063','Lead Keyboard Presser') ;
INSERT INTO workperiod values('blessed-blade@hotmail.us', 'SkAbM5SWMFx', 'Sat Nov 26 2095','Fri Aug 26 2033','Senior "Researcher"') ;
INSERT INTO workperiod values('muddled-star@me.us', 'ByNlfcBWMKx', 'Sat Jul 05 2059','Sat Jun 27 2105','Visionary HTML Slut') ;
INSERT INTO workperiod values('thinkable-basin@hotmail.co', 'S1Vbf9SZGKe', 'Mon Sep 14 2054','Thu Feb 06 2048','Amazing CSS Tamer') ;
INSERT INTO workperiod values('fun-river@gmail.us', 'Sk6ZfcHbfFl', 'Mon Jul 18 2050','Mon Jul 02 2029','Independent Response Administrator') ;
INSERT INTO workperiod values('lazy-nut@icloud.fr', 'HJvGqSWzFl', 'Wed Apr 18 2040','Tue Sep 08 2071','Informal Virtuous Visualiser') ;
INSERT INTO workperiod values('deranged-nest@hotmail.com', 'SJteM9SbzKx', 'Sat Jul 10 2060','Wed Mar 08 2113','Future Copy & Paste Guru') ;
INSERT INTO workperiod values('rapid-space@hotmail.fr', 'HJvGqSWzFl', 'Mon May 04 2093','Thu Jan 15 2026','Maginficent Social Media Assistant') ;
INSERT INTO workperiod values('woebegone-bulb@hotmail.fr', 'By2ZGcr-fFe', 'Fri Jun 06 2087','Thu Aug 17 2113','Senior Website Building Warrior') ;
INSERT INTO workperiod values('paltry-invention@me.com', 'Skugf9S-MFx', 'Wed Jul 20 2101','Tue Jul 05 2022','Informal Adobe Acrobat Updater') ;
INSERT INTO workperiod values('needed-purpose@yahoo.uk', 'B1IzcrWfFx', 'Tue Nov 09 2049','Tue Feb 26 2047','Coolest Brand Champion') ;
INSERT INTO workperiod values('workable-story@hotmail.fr', 'ByNlfcBWMKx', 'Sat Feb 13 2100','Sat Jun 06 2082','Pro JavaScript Injectioneer') ;
INSERT INTO workperiod values('untidy-join@me.co', 'B1dG9HZGte', 'Thu Jul 09 2065','Fri Feb 02 2029','Legend Community Data Guerrilla') ;
INSERT INTO workperiod values('successful-fruit@mac.fr', 'HyLWG9HWMte', 'Sat May 18 2069','Thu Nov 01 2085','Beautiful Dreamweaver RockStar') ;
INSERT INTO workperiod values('nutty-queen@icloud.net', 'ByNlfcBWMKx', 'Sat Jul 27 2069','Wed Sep 07 2067','Creative Frameset Endorser') ;
INSERT INTO workperiod values('paltry-invention@me.com', 'SJteM9SbzKx', 'Sun Feb 04 2035','Sun Mar 21 2027','Quantum Social Media Assistant') ;
INSERT INTO workperiod values('fun-river@gmail.us', 'BJy-z9rbMYl', 'Tue Sep 24 2097','Wed Jan 09 2115','Superhero of Multiple Files Deleter') ;
INSERT INTO workperiod values('bad-stew@gmail.uk', 'SkAbM5SWMFx', 'Sat Nov 23 2047','Tue Mar 21 2045','Professional JavaScript Giant') ;
INSERT INTO workperiod values('quickest-insect@gmail.net', 'SkAbM5SWMFx', 'Sat Dec 05 2020','Thu May 04 2102','Superhero of Response Administrator') ;
INSERT INTO workperiod values('cheerful-sheet@me.ca', 'ry--fqr-ztl', 'Thu Mar 09 2084','Sat Apr 28 2068','Direct .BMP Optimizer') ;
INSERT INTO workperiod values('nutty-queen@icloud.net', 'HynfcrbGKx', 'Wed Feb 15 2073','Fri Sep 19 2025','Amazing CSS Warrior') ;
INSERT INTO workperiod values('paltry-invention@me.com', 'B1IzcrWfFx', 'Tue Mar 15 2044','Wed Jul 07 2038','Quantum Java Junky') ;
INSERT INTO workperiod values('woebegone-coal@sympatico.com', 'SyobG9rbGFl', 'Wed Jul 28 2049','Sun Apr 20 2104','Quantum Post-Privacy Guru') ;
INSERT INTO workperiod values('bad-stew@gmail.uk', 'HynfcrbGKx', 'Sun May 13 2103','Tue Jul 15 2087','Junior Jekyll Static Site Specialist') ;
INSERT INTO workperiod values('woebegone-bulb@hotmail.fr', 'Sycef5BWfKl', 'Tue Mar 09 2032','Tue Dec 02 2098','Maginficent Sexual Social Media Professor') ;
INSERT INTO workperiod values('abandoned-expansion@hotmail.co', 'SJteM9SbzKx', 'Sat Feb 20 2112','Sun Nov 12 2090','Independent Innovation Sherpa') ;
INSERT INTO workperiod values('exotic-business@videotron.co', 'Skugf9S-MFx', 'Fri Jun 15 2074','Mon Nov 24 2064','Virtuous "Researcher"') ;
INSERT INTO workperiod values('fun-river@gmail.us', 'HJMlMcH-zKl', 'Wed Aug 20 2081','Sun Apr 23 2017','Amazing Fax Machine User') ;
INSERT INTO workperiod values('curved-foot@mac.fr', 'SyjgfcBbGKg', 'Tue Jan 04 2033','Mon Feb 12 2080','Manual SASS SLUT') ;
INSERT INTO workperiod values('paltry-grain@icloud.us', 'Sk6ZfcHbfFl', 'Fri Dec 28 2018','Sat Jun 09 2029','Master Copy & Paste Guru') ;
INSERT INTO workperiod values('try-cemetery@videotron.uk', 'Sycef5BWfKl', 'Fri Feb 22 2104','Fri Apr 09 2106','Amazing Joomla Hacker') ;
INSERT INTO workperiod values('deranged-nest@hotmail.com', 'Skugf9S-MFx', 'Sun Feb 05 2017','Sun Dec 17 2034','Ninja Wizard Job Title Generator') ;
INSERT INTO workperiod values('helpful-porter@sympatico.ca', 'HJvGqSWzFl', 'Mon Sep 30 2080','Sun Oct 14 2085','Qualitative Minimum Viable Product Developer') ;
INSERT INTO workperiod values('blessed-blade@hotmail.us', 'BJy-z9rbMYl', 'Wed May 27 2099','Tue Aug 23 2101','Complete "Researcher"') ;
INSERT INTO workperiod values('modern-crow@gmail.co', 'BJy-z9rbMYl', 'Tue May 24 2061','Mon Sep 22 2036','Complete Phone Answerer') ;
INSERT INTO workperiod values('untidy-join@me.co', 'SkAbM5SWMFx', 'Thu Mar 03 2067','Sat Jan 19 2075','Junior TYPO3 Installer') ;
INSERT INTO workperiod values('cloudy-coast@sympatico.uk', 'SyobG9rbGFl', 'Fri Nov 30 2091','Wed Feb 10 2055','Uber JavaScript Giant') ;
INSERT INTO workperiod values('deranged-nest@hotmail.com', 'B1dG9HZGte', 'Fri Apr 23 2066','Sun Mar 17 2058','Superhero of Flash Guru') ;
INSERT INTO workperiod values('faulty-wren@sympatico.co', 'ry--fqr-ztl', 'Thu May 01 2098','Thu Nov 23 2051','Ninja Wizard Java Junky') ;
INSERT INTO workperiod values('thinkable-basin@hotmail.co', 'HynfcrbGKx', 'Mon Mar 27 2051','Sun Dec 22 2047','Direct Coffee Analist') ;
INSERT INTO workperiod values('needed-purpose@yahoo.uk', 'By2ZGcr-fFe', 'Fri Dec 07 2046','Wed Oct 03 2074','In-House Spam Reader') ;
INSERT INTO workperiod values('abandoned-expansion@hotmail.co', 'Sycef5BWfKl', 'Wed Sep 30 2026','Tue Apr 03 2057','Complete Brand Champion') ;
INSERT INTO workperiod values('heroic-office@me.com', 'HJvGqSWzFl', 'Fri Aug 31 2085','Wed May 07 2110','Evolutionary Webmaster') ;
INSERT INTO workperiod values('deranged-nest@hotmail.com', 'Sycef5BWfKl', 'Fri Oct 23 2105','Sat Mar 01 2036','Powerful Fax Machine User') ;
INSERT INTO workperiod values('animated-title@hotmail.io', 'SJf-M9HZzFx', 'Wed Apr 01 2054','Sun Jan 19 2042','4 Stages Photoshop Designer') ;
INSERT INTO workperiod values('slippery-development@me.io', 'SJteM9SbzKx', 'Fri Sep 10 2055','Sat Nov 16 2075','National Pizza Reheater') ;
INSERT INTO workperiod values('flowery-low@sympatico.fr', 'rJZxMqBWfFg', 'Fri Jul 28 2113','Tue Dec 19 2028','Future Wikipedia Content Quality Supervisor') ;
INSERT INTO workperiod values('naive-toothbrush@mac.ca', 'Sk6ZfcHbfFl', 'Tue May 10 2089','Wed Oct 17 2018','Professional CSS-managing-system Developer') ;
INSERT INTO workperiod values('outstanding-stocking@hotmail.fr', 'B1dG9HZGte', 'Tue Nov 09 2094','Mon Feb 04 2019','In-House Virtual Horsedriver') ;
INSERT INTO workperiod values('untidy-join@me.co', 'By2ZGcr-fFe', 'Wed May 11 2101','Sun Jan 24 2072','Uber Flash Guru') ;
INSERT INTO workperiod values('exotic-business@videotron.co', 'SyobG9rbGFl', 'Mon Dec 23 2069','Thu Feb 10 2022','Amazing Visual Jockey') ;
INSERT INTO workperiod values('keen-office@mac.uk', 'HyLWG9HWMte', 'Wed Apr 10 2030','Fri Jan 24 2042','National Webmaster') ;
INSERT INTO workperiod values('fun-river@gmail.us', 'Sk6ZfcHbfFl', 'Sun Jan 09 2101','Mon Jun 08 2116','Future Make it Fucking Run Officer') ;
INSERT INTO workperiod values('opposite-fish@mac.us', 'SyobG9rbGFl', 'Thu Sep 29 2033','Sat May 29 2088','Evolutionary Bug Hunting as a Service') ;
INSERT INTO workperiod values('modern-crow@gmail.co', 'S1Vbf9SZGKe', 'Sun May 17 2076','Fri Jan 06 2062','Beautiful Dreamweaver RockStar') ;
INSERT INTO workperiod values('thinkable-basin@hotmail.co', 'Sycef5BWfKl', 'Thu Jan 30 2020','Thu Mar 17 2022','Manual Website Building Warrior') ;
INSERT INTO workperiod values('money-kiss@gmail.co', 'HJMlMcH-zKl', 'Sat Jul 11 2105','Sat Oct 14 2045','Quantum M.Dot Superhero') ;
INSERT INTO workperiod values('golden-crayon@me.ca', 'B1dG9HZGte', 'Fri Feb 04 2039','Wed Sep 09 2076','Viral HTML Slut') ;
INSERT INTO workperiod values('futuristic-humor@videotron.fr', 'rJZxMqBWfFg', 'Wed Sep 03 2081','Wed Jan 04 2102','Maginficent Philosopher') ;
INSERT INTO workperiod values('nebulous-start@mac.uk', 'B1dG9HZGte', 'Sun Jul 24 2067','Wed Oct 07 2111','Informal Code Artisan') ;
INSERT INTO workperiod values('quickest-insect@gmail.net', 'B1dG9HZGte', 'Fri Apr 01 2095','Sat Aug 01 2105','Volunteer Webmaster') ;
INSERT INTO workperiod values('golden-crayon@me.ca', 'By2ZGcr-fFe', 'Fri Oct 28 2107','Mon Jun 26 2056','Direct Keyboard Presser') ;
INSERT INTO workperiod values('nebulous-start@mac.uk', 'Sk6ZfcHbfFl', 'Sat Apr 01 2084','Sat Sep 03 2050','Complete Crack & Ecstasy Organizer') ;
INSERT INTO workperiod values('heroic-office@me.com', 'SkAbM5SWMFx', 'Sun Oct 14 2057','Sat Nov 21 2026','4 Stages Keyboard Presser') ;
INSERT INTO workperiod values('opposite-fish@mac.us', 'Sk6ZfcHbfFl', 'Thu Apr 03 2064','Mon Jun 09 2087','Evolutionary Variables Lord Master') ;
INSERT INTO workperiod values('unknown-pizzas@icloud.us', 'SkAbM5SWMFx', 'Fri Aug 14 2020','Fri Aug 03 2096','King of Hashtag Manager') ;
INSERT INTO workperiod values('needed-purpose@yahoo.uk', 'B1IzcrWfFx', 'Thu Dec 12 2052','Tue Dec 06 2033','Creative Functionality Consultant') ;
INSERT INTO workperiod values('bad-stew@gmail.uk', 'B1dG9HZGte', 'Sun May 09 2100','Sun Apr 12 2037','Viral Make it Fucking Run Officer') ;
INSERT INTO workperiod values('animated-title@hotmail.io', 'By2ZGcr-fFe', 'Mon Jun 13 2050','Fri Jun 10 2061','In-House Flash Guru') ;
INSERT INTO workperiod values('try-cemetery@videotron.uk', 'SyjgfcBbGKg', 'Thu Oct 27 2050','Sat Dec 30 2090','Independent WYSIWYG Maker') ;
INSERT INTO workperiod values('opposite-fish@mac.us', 'rkeMcS-MFx', 'Wed Aug 05 2037','Tue Nov 07 2017','Lead CSS Tamer') ;
INSERT INTO workperiod values('futuristic-humor@videotron.fr', 'SyjgfcBbGKg', 'Tue Mar 16 2106','Mon Aug 16 2117','Viral GUI User') ;
INSERT INTO workperiod values('woebegone-bulb@hotmail.fr', 'ByNlfcBWMKx', 'Thu Dec 26 2069','Fri Mar 31 2056','Legend Security Startup Test') ;
INSERT INTO workperiod values('dirty-border@hotmail.ca', 'HkMM9SWftg', 'Sun Oct 22 2062','Sun Apr 22 2068','Superhero of CSS Programmer') ;
INSERT INTO workperiod values('exotic-business@videotron.co', 'rJZxMqBWfFg', 'Tue Aug 23 2033','Sat Dec 27 2087','Virtuous Newsletter Unsubscriber') ;
INSERT INTO workperiod values('lopsided-view@hotmail.ca', 'B1IzcrWfFx', 'Sat Aug 09 2070','Wed Sep 16 2043','Master JavaScript Injectioneer') ;
INSERT INTO workperiod values('exotic-business@videotron.co', 'SJteM9SbzKx', 'Sun May 15 2089','Sun Apr 05 2093','Beautiful Post-Privacy Guru') ;
INSERT INTO workperiod values('naive-toothbrush@mac.ca', 'SyobG9rbGFl', 'Fri Mar 24 2079','Tue Jan 24 2096','Direct Photoshop Designer') ;
INSERT INTO workperiod values('golden-crayon@me.ca', 'HyLWG9HWMte', 'Sun Feb 05 2040','Sat Jan 28 2023','Maginficent Virtuous Visualiser') ;
INSERT INTO workperiod values('woebegone-coal@sympatico.com', 'SyobG9rbGFl', 'Sun Feb 17 2019','Mon Jul 14 2059','Complete Web Experience Manager') ;
INSERT INTO workperiod values('modern-crow@gmail.co', 'HkMM9SWftg', 'Wed Jul 20 2044','Wed Aug 26 2076','Powerful Crack & Ecstasy Organizer') ;
INSERT INTO workperiod values('bad-stew@gmail.uk', 'SyobG9rbGFl', 'Wed Aug 15 2040','Sat Jun 15 2024','Manual Frameset Endorser') ;
INSERT INTO workperiod values('workable-story@hotmail.fr', 'HynfcrbGKx', 'Tue Sep 22 2048','Sat Oct 09 2032','Senior Mobile Phone Photographer') ;
INSERT INTO workperiod values('creepy-rice@yahoo.com', 'rkeMcS-MFx', 'Sun May 18 2059','Sat Oct 02 2049','Freaking Mastermind') ;
INSERT INTO workperiod values('outstanding-stocking@hotmail.fr', 'HyLWG9HWMte', 'Tue Apr 29 2025','Thu Jan 23 2059','Superhero of Fax Machine User') ;
INSERT INTO workperiod values('curved-foot@mac.fr', 'BJy-z9rbMYl', 'Fri Aug 02 2115','Sun Mar 12 2090','4 Stages Videographer') ;
INSERT INTO workperiod values('white-pollution@videotron.io', 'HJMlMcH-zKl', 'Fri Jun 16 2023','Tue Apr 24 2068','Direct Brand Champion') ;
INSERT INTO workperiod values('woebegone-coal@sympatico.com', 'SyobG9rbGFl', 'Mon Jan 01 2114','Mon Sep 30 2030','Amazing Phone Answerer') ;
INSERT INTO workperiod values('creepy-rice@yahoo.com', 'HynfcrbGKx', 'Sat May 12 2029','Tue Aug 29 2028','Master GUI User') ;
INSERT INTO workperiod values('fun-river@gmail.us', 'SkAbM5SWMFx', 'Sun Jan 17 2038','Sat Jan 13 2114','Viral Minimum Viable Product Developer') ;
INSERT INTO workperiod values('lazy-nut@icloud.fr', 'Sk6ZfcHbfFl', 'Mon Feb 06 2045','Mon May 03 2027','Professional Executive Ravioli Code Chef') ;
INSERT INTO workperiod values('bad-stew@gmail.uk', 'S1Vbf9SZGKe', 'Sun Apr 11 2106','Mon Nov 14 2022','Professional Dreamweaver RockStar') ;
INSERT INTO workperiod values('naive-toothbrush@mac.ca', 'ByNlfcBWMKx', 'Wed Nov 25 2037','Mon Jul 25 2033','Quantum GUI User') ;
INSERT INTO workperiod values('rapid-space@hotmail.fr', 'Sk6ZfcHbfFl', 'Mon Oct 13 2087','Wed Jul 28 2055','Manual Keyboard Presser') ;
INSERT INTO workperiod values('golden-crayon@me.ca', 'ry--fqr-ztl', 'Mon Apr 05 2066','Fri Jul 30 2083','King of SASS SLUT') ;
INSERT INTO workperiod values('workable-story@hotmail.fr', 'By2ZGcr-fFe', 'Mon Dec 09 2080','Fri Nov 20 2093','Freaking GUI User') ;
INSERT INTO workperiod values('woebegone-bulb@hotmail.fr', 'HJvGqSWzFl', 'Fri Nov 07 2059','Fri Jul 26 2047','Ninja Wizard Java Junky') ;
INSERT INTO workperiod values('cheerful-sheet@me.ca', 'B1IzcrWfFx', 'Sat Jan 10 2071','Mon Jan 10 2061','National Prophet') ;
INSERT INTO workperiod values('quickest-insect@gmail.net', 'ByNlfcBWMKx', 'Fri Apr 13 2091','Fri Aug 08 2081','Volunteer Hashtag Manager') ;
INSERT INTO workperiod values('money-kiss@gmail.co', 'BJy-z9rbMYl', 'Sat Jun 25 2033','Tue Sep 06 2089','Freaking Coffee Analist') ;
INSERT INTO workperiod values('muddled-star@me.us', 'B1dG9HZGte', 'Sun Nov 20 2072','Sat Jan 08 2078','Virtuous Coffee Maker') ;
INSERT INTO workperiod values('nebulous-start@mac.uk', 'Sk6ZfcHbfFl', 'Wed Mar 30 2039','Sat Aug 07 2055','Creative HTML Slut') ;
INSERT INTO workperiod values('nebulous-start@mac.uk', 'BJy-z9rbMYl', 'Mon Oct 12 2082','Thu Jun 22 2034','Direct Rapid Prototype Developer') ;
INSERT INTO workperiod values('helpful-porter@sympatico.ca', 'B1dG9HZGte', 'Sun Jun 02 2047','Wed Jul 08 2043','Qualitative Drag & Drop Hero') ;
INSERT INTO workperiod values('money-kiss@gmail.co', 'rJZxMqBWfFg', 'Wed Nov 11 2105','Wed Jan 16 2030','Chief Joomla Celebrity') ;
INSERT INTO workperiod values('deranged-nest@hotmail.com', 'SyjgfcBbGKg', 'Sun Jan 04 2111','Sat Nov 12 2072','Maginficent Make it Fucking Run Officer') ;
INSERT INTO workperiod values('outstanding-stocking@hotmail.fr', 'ByNlfcBWMKx', 'Sat Apr 22 2017','Fri Sep 18 2071','Uber King Slayer') ;
INSERT INTO workperiod values('blessed-blade@hotmail.us', 'HJtf5SZftl', 'Fri Mar 14 2059','Mon May 14 2091','Evolutionary Coffee Maker') ;
INSERT INTO workperiod values('golden-crayon@me.ca', 'BJy-z9rbMYl', 'Sat Dec 17 2089','Thu Apr 13 2017','Senior Facebook Quality Controller') ;
INSERT INTO workperiod values('naive-toothbrush@mac.ca', 'SkAbM5SWMFx', 'Mon Mar 05 2068','Tue Apr 05 2112','Qualitative Researcher Hacker') ;
INSERT INTO workperiod values('paltry-invention@me.com', 'Skugf9S-MFx', 'Fri Jun 09 2045','Mon Jul 23 2063','Master Frameset Endorser') ;
INSERT INTO workperiod values('foolish-voyage@sympatico.uk', 'S1Vbf9SZGKe', 'Wed Feb 17 2072','Thu Dec 16 2066','Independent Joomla Celebrity') ;
INSERT INTO workperiod values('fun-river@gmail.us', 'SJteM9SbzKx', 'Thu Apr 12 2096','Tue Dec 20 2039','Viral Security Startup Test') ;
INSERT INTO workperiod values('futuristic-humor@videotron.fr', 'By2ZGcr-fFe', 'Sat Jan 24 2082','Sun Mar 15 2054','Beautiful Multiple Files Deleter') ;
INSERT INTO workperiod values('wooden-shelf@sympatico.io', 'ry--fqr-ztl', 'Fri Jul 17 2043','Sun Sep 28 2070','Independent Coffee Analist') ;
INSERT INTO workperiod values('paltry-grain@icloud.us', 'HJMlMcH-zKl', 'Sun May 16 2077','Mon Dec 04 2073','Independent Joomla Celebrity') ;
INSERT INTO workperiod values('exotic-business@videotron.co', 'rkeMcS-MFx', 'Sat Jun 11 2095','Sat Dec 29 2096','First Class Homepage Designer') ;
INSERT INTO workperiod values('nutty-queen@icloud.net', 'Sk6ZfcHbfFl', 'Sat Jul 08 2073','Tue Oct 21 2053','Amazing Functionality Consultant') ;
INSERT INTO workperiod values('thinkable-basin@hotmail.co', 'HkMM9SWftg', 'Mon Jul 01 2086','Tue Jun 21 2033','Qualitative Redditor') ;
INSERT INTO workperiod values('curved-foot@mac.fr', 'HkMM9SWftg', 'Sun May 26 2052','Sun Feb 07 2077','Complete Early Morning Late Adopter') ;
INSERT INTO workperiod values('wooden-shelf@sympatico.io', 'BJy-z9rbMYl', 'Mon Sep 18 2051','Mon Oct 11 2100','Maginficent HyperSpace Tamer') ;
INSERT INTO workperiod values('cloudy-coast@sympatico.uk', 'SJf-M9HZzFx', 'Sun Mar 13 2039','Sat Jun 11 2044','Manual Newsletter Unsubscriber') ;
INSERT INTO workperiod values('faulty-wren@sympatico.co', 'SyjgfcBbGKg', 'Sat Oct 18 2110','Sat Apr 28 2018','Creative StackExchange Research Assistant') ;
INSERT INTO workperiod values('naive-toothbrush@mac.ca', 'Skugf9S-MFx', 'Tue Feb 22 2078','Sat Jul 14 2108','Junior GUI User') ;
INSERT INTO workperiod values('opposite-fish@mac.us', 'Sk6ZfcHbfFl', 'Tue Feb 14 2051','Fri Jun 20 2031','King of Crack & Ecstasy Organizer') ;
INSERT INTO workperiod values('lazy-nut@icloud.fr', 'Sk6ZfcHbfFl', 'Thu Mar 19 2037','Mon Sep 04 2062','Senior Google Analytics Expert') ;
INSERT INTO workperiod values('curved-foot@mac.fr', 'HynfcrbGKx', 'Tue Aug 14 2057','Sun Sep 19 2088','Legend Variables Lord Master') ;
INSERT INTO workperiod values('keen-office@mac.uk', 'HJvGqSWzFl', 'Tue Jun 15 2088','Sat Jan 17 2043','Master Crack & Ecstasy Organizer') ;
INSERT INTO workperiod values('lazy-nut@icloud.fr', 'rkeMcS-MFx', 'Mon Feb 03 2053','Thu Feb 06 2059','Independent Future Millionaire') ;
INSERT INTO workperiod values('money-kiss@gmail.co', 'HJtf5SZftl', 'Sun Apr 24 2112','Sat Oct 31 2111','In-House Community Data Guerrilla') ;
INSERT INTO workperiod values('nutty-queen@icloud.net', 'SyobG9rbGFl', 'Sat Dec 30 2113','Sun Jan 27 2086','Lead SASS Tweeter') ;
INSERT INTO workperiod values('wooden-shelf@sympatico.io', 'ry--fqr-ztl', 'Sun Jul 21 2115','Mon Apr 24 2073','Volunteer Executive Ravioli Code Chef') ;
INSERT INTO workperiod values('paltry-invention@me.com', 'BJy-z9rbMYl', 'Thu May 21 2054','Sun Jul 11 2060','Professional Twittererer') ;
INSERT INTO workperiod values('nebulous-start@mac.uk', 'ByNlfcBWMKx', 'Mon Jun 01 2020','Tue Jan 06 2099','Independent Hashtag Manager') ;
INSERT INTO workperiod values('naive-toothbrush@mac.ca', 'B1IzcrWfFx', 'Fri Feb 10 2051','Sun Mar 03 2115','Ninja Wizard PHP CEO') ;
INSERT INTO workperiod values('modern-crow@gmail.co', 'rJZxMqBWfFg', 'Wed Nov 11 2076','Sun Nov 26 2062','Maginficent Sexual Social Media Professor') ;
INSERT INTO workperiod values('outstanding-stocking@hotmail.fr', 'SyjgfcBbGKg', 'Sat Jan 27 2018','Sat Oct 18 2081','Powerful Coffee Analist') ;
INSERT INTO workperiod values('thinkable-basin@hotmail.co', 'SyjgfcBbGKg', 'Fri Dec 04 2099','Sun Dec 15 2058','Uber Flash Guru') ;
INSERT INTO workperiod values('outstanding-stocking@hotmail.fr', 'HyLWG9HWMte', 'Sat Jul 12 2081','Fri Sep 04 2048','Quantum Philosopher') ;
INSERT INTO workperiod values('lopsided-view@hotmail.ca', 'rJZxMqBWfFg', 'Sat Apr 17 2094','Tue Sep 20 2044','Senior Photoshop Designer') ;
INSERT INTO workperiod values('slippery-development@me.io', 'Skugf9S-MFx', 'Tue Feb 20 2080','Thu May 17 2046','Expert TweetDeck Monitorerer') ;
INSERT INTO workperiod values('naive-toothbrush@mac.ca', 'HJvGqSWzFl', 'Mon Jan 27 2110','Sun Dec 30 2103','Visionary JavaScript Injectioneer') ;
INSERT INTO workperiod values('needed-purpose@yahoo.uk', 'S1Vbf9SZGKe', 'Tue Oct 02 2108','Sun Apr 09 2113','Independent Videographer') ;
INSERT INTO workperiod values('abandoned-children@sympatico.com', 'By2ZGcr-fFe', 'Fri Jul 28 2034','Tue Jun 20 2079','In-House Virtuous Visualiser') ;
INSERT INTO workperiod values('quickest-insect@gmail.net', 'SkAbM5SWMFx', 'Tue Jul 18 2028','Thu Jun 01 2073','Chief CSS Warrior') ;
INSERT INTO workperiod values('faulty-wren@sympatico.co', 'HJvGqSWzFl', 'Fri Mar 25 2095','Mon Jun 30 2098','Future King Slayer') ;
INSERT INTO workperiod values('bad-stew@gmail.uk', 'HJtf5SZftl', 'Sun Jan 31 2112','Sat Sep 12 2071','Independent Pizza Reheater') ;
INSERT INTO workperiod values('nebulous-start@mac.uk', 'By2ZGcr-fFe', 'Wed Dec 18 2041','Fri Dec 17 2106','Amazing WiFi Wires Shop Owner') ;
INSERT INTO workperiod values('needed-purpose@yahoo.uk', 'HJtf5SZftl', 'Mon Sep 10 2108','Fri May 22 2054','Superhero of Joomla Hacker') ;
INSERT INTO workperiod values('bad-stew@gmail.uk', 'HyLWG9HWMte', 'Mon Jul 31 2034','Sun Apr 04 2083','Uber TweetDeck Monitorerer') ;
INSERT INTO workperiod values('needed-purpose@yahoo.uk', 'rJZxMqBWfFg', 'Sun Feb 12 2062','Fri Aug 25 2023','Maginficent CSS Warrior') ;
INSERT INTO workperiod values('abandoned-expansion@hotmail.co', 'HynfcrbGKx', 'Wed Jun 27 2085','Mon Jun 09 2070','Junior Wikipedia Content Quality Supervisor') ;
INSERT INTO workperiod values('nutty-queen@icloud.net', 'Skugf9S-MFx', 'Sat Aug 22 2071','Thu Jul 13 2023','Future Product Owner') ;
INSERT INTO workperiod values('wooden-shelf@sympatico.io', 'B1IzcrWfFx', 'Wed Jul 18 2035','Fri Mar 06 2071','Quantum Dreamweaver RockStar') ;
INSERT INTO workperiod values('slippery-development@me.io', 'rJZxMqBWfFg', 'Wed Jun 10 2105','Sun Aug 18 2086','Coolest Pizza Reheater') ;
INSERT INTO workperiod values('deranged-nest@hotmail.com', 'HJvGqSWzFl', 'Mon Jan 19 2026','Fri Aug 23 2080','Senior .BMP Optimizer') ;
INSERT INTO workperiod values('exotic-business@videotron.co', 'Sk6ZfcHbfFl', 'Sun Feb 18 2074','Fri Aug 19 2067','Future Source Code Explorer') ;
INSERT INTO workperiod values('rapid-space@hotmail.fr', 'ByNlfcBWMKx', 'Tue Dec 08 2076','Tue Dec 29 2048','Beautiful .BMP Optimizer') ;
INSERT INTO workperiod values('woebegone-bulb@hotmail.fr', 'HJMlMcH-zKl', 'Sun Aug 30 2093','Mon Feb 13 2096','Professional Flash Guru') ;
INSERT INTO workperiod values('untidy-join@me.co', 'SkAbM5SWMFx', 'Mon May 20 2030','Sun Oct 16 2044','Viral Security Startup Test') ;
INSERT INTO workperiod values('modern-crow@gmail.co', 'B1dG9HZGte', 'Mon Oct 20 2031','Sat May 20 2017','4 Stages Homepage Designer') ;
INSERT INTO workperiod values('faulty-wren@sympatico.co', 'SyobG9rbGFl', 'Tue Nov 20 2046','Thu Jan 31 2115','Superhero of Java Junky') ;
INSERT INTO workperiod values('trashy-squirrel@me.net', 'SJf-M9HZzFx', 'Mon Aug 30 2077','Tue May 27 2087','Direct Meme Meister') ;
INSERT INTO workperiod values('unknown-pizzas@icloud.us', 'HyLWG9HWMte', 'Sun Feb 10 2030','Sat Jul 11 2065','Junior SASS SLUT') ;
INSERT INTO workperiod values('cloudy-coast@sympatico.uk', 'SJteM9SbzKx', 'Sun Oct 31 2083','Sat Oct 19 2058','Junior E-Mail Composer') ;
INSERT INTO workperiod values('white-pollution@videotron.io', 'HJtf5SZftl', 'Sat Dec 24 2061','Thu Nov 27 2025','Informal Pizza Reheater') ;
INSERT INTO workperiod values('deranged-nest@hotmail.com', 'Sycef5BWfKl', 'Sat Sep 20 2092','Fri Oct 31 2059','Senior King Slayer') ;
INSERT INTO workperiod values('workable-story@hotmail.fr', 'Sk6ZfcHbfFl', 'Tue Mar 27 2046','Sat Oct 10 2054','Virtuous Java Junky') ;
INSERT INTO workperiod values('keen-office@mac.uk', 'B1IzcrWfFx', 'Sun Oct 08 2045','Sat Feb 12 2078','In-House Phone Answerer') ;
INSERT INTO workperiod values('curved-foot@mac.fr', 'HyLWG9HWMte', 'Mon Feb 09 2082','Sat Mar 03 2068','Expert Phone Answerer') ;
INSERT INTO workperiod values('workable-story@hotmail.fr', 'BJy-z9rbMYl', 'Mon Feb 20 2113','Tue Dec 07 2055','Junior Sexual Social Media Professor') ;
INSERT INTO workperiod values('curved-foot@mac.fr', 'SJf-M9HZzFx', 'Sat Nov 23 2024','Thu Jul 24 2053','Freaking WiFi Wires Shop Owner') ;
INSERT INTO workperiod values('helpful-porter@sympatico.ca', 'HynfcrbGKx', 'Sun Aug 23 2116','Wed Jan 05 2078','King of Internet Expert') ;
INSERT INTO workperiod values('exotic-business@videotron.co', 'Skugf9S-MFx', 'Tue Aug 05 2087','Fri Apr 20 2018','Evolutionary Prophet') ;
INSERT INTO workperiod values('money-kiss@gmail.co', 'Sk6ZfcHbfFl', 'Wed Aug 04 2094','Wed Jan 28 2026','Legend .BMP Optimizer') ;
INSERT INTO workperiod values('macabre-tree@hotmail.com', 'SyjgfcBbGKg', 'Mon Aug 20 2035','Fri Jun 04 2027','Expert Joomla Hacker') ;
INSERT INTO workperiod values('heroic-office@me.com', 'HJvGqSWzFl', 'Thu Dec 25 2031','Wed Dec 04 2075','Powerful Rapid Prototype Developer') ;
INSERT INTO workperiod values('curved-foot@mac.fr', 'SkAbM5SWMFx', 'Sat Jan 08 2039','Sun Jan 29 2034','Maginficent Bug Hunting as a Service') ;
INSERT INTO workperiod values('nebulous-start@mac.uk', 'SkAbM5SWMFx', 'Sat Nov 22 2081','Wed Jan 29 2025','Qualitative Wordpress Expert') ;
INSERT INTO workperiod values('heroic-office@me.com', 'SJf-M9HZzFx', 'Tue Sep 28 2100','Sun Jul 01 2103','Independent Spam Reader') ;
INSERT INTO workperiod values('successful-fruit@mac.fr', 'Sycef5BWfKl', 'Tue Dec 18 2018','Mon May 02 2061','Virtuous Innovation Sherpa') ;
INSERT INTO workperiod values('needed-purpose@yahoo.uk', 'ByNlfcBWMKx', 'Mon Feb 09 2026','Tue May 08 2040','Chief Phone Operator') ;
INSERT INTO workperiod values('keen-office@mac.uk', 'SyobG9rbGFl', 'Wed Oct 06 2021','Fri Nov 17 2062','First Class WYSIWYG Maker') ;
INSERT INTO workperiod values('golden-crayon@me.ca', 'By2ZGcr-fFe', 'Tue Jun 18 2019','Sat Oct 29 2072','Professional Mindmap Designer') ;
INSERT INTO workperiod values('abandoned-expansion@hotmail.co', 'HJtf5SZftl', 'Mon Mar 08 2038','Tue May 07 2086','Volunteer Wikipedia Content Quality Supervisor') ;
INSERT INTO workperiod values('bad-stew@gmail.uk', 'ry--fqr-ztl', 'Fri Aug 26 2107','Tue Apr 23 2069','Beautiful Shizzlifier') ;
INSERT INTO workperiod values('blessed-blade@hotmail.us', 'SyjgfcBbGKg', 'Thu Aug 02 2103','Sat Feb 12 2089','Pro Source Code Explorer') ;
INSERT INTO workperiod values('successful-fruit@mac.fr', 'rkeMcS-MFx', 'Thu Jun 29 2102','Thu May 31 2096','Informal Social Media Assistant') ;
INSERT INTO workperiod values('lazy-nut@icloud.fr', 'SJteM9SbzKx', 'Sun Aug 03 2110','Mon Aug 22 2095','Qualitative Copy & Paste Guru') ;
INSERT INTO workperiod values('lopsided-view@hotmail.ca', 'SyjgfcBbGKg', 'Tue Apr 17 2091','Thu Apr 24 2070','Freaking Developer') ;
INSERT INTO workperiod values('deranged-nest@hotmail.com', 'HJtf5SZftl', 'Tue Oct 05 2038','Sun Sep 25 2078','Superhero of CSS-layout Spec Designer') ;
INSERT INTO workperiod values('untidy-join@me.co', 'Skugf9S-MFx', 'Thu Sep 10 2026','Sun Jul 07 2097','Viral Wordpress Expert') ;
INSERT INTO workperiod values('slippery-development@me.io', 'rkeMcS-MFx', 'Thu Dec 16 2027','Sat Sep 12 2043','In-House WYSIWYG Maker') ;
INSERT INTO workperiod values('untidy-join@me.co', 'SyobG9rbGFl', 'Mon Aug 06 2029','Mon Jul 23 2018','Beautiful Rapid Prototype Developer') ;
INSERT INTO workperiod values('deranged-nest@hotmail.com', 'HJtf5SZftl', 'Mon Jul 06 2076','Tue Nov 06 2085','In-House Philosopher') ;
INSERT INTO workperiod values('cheerful-sheet@me.ca', 'HkMM9SWftg', 'Sun May 11 2098','Tue Feb 03 2093','Beautiful Usability Director') ;
INSERT INTO workperiod values('try-cemetery@videotron.uk', 'SyjgfcBbGKg', 'Sun Jan 10 2066','Tue Oct 10 2017','King of Security Resarcher') ;
INSERT INTO workperiod values('try-cemetery@videotron.uk', 'Skugf9S-MFx', 'Sat May 15 2060','Fri Dec 28 2057','Junior Job Title Generator') ;
INSERT INTO workperiod values('nebulous-start@mac.uk', 'HJtf5SZftl', 'Fri Jul 02 2077','Thu Jan 28 2094','Future Philosopher') ;
INSERT INTO workperiod values('cloudy-coast@sympatico.uk', 'Sk6ZfcHbfFl', 'Thu Jan 24 2097','Mon Jun 29 2048','Freaking HTML5 Gangster') ;
INSERT INTO workperiod values('quickest-insect@gmail.net', 'Skugf9S-MFx', 'Mon Oct 03 2044','Thu Jun 13 2097','Volunteer Variables Lord Master') ;
INSERT INTO workperiod values('workable-story@hotmail.fr', 'ByNlfcBWMKx', 'Fri Mar 14 2025','Fri Jun 10 2078','Future Source Code Explorer') ;
INSERT INTO workperiod values('cloudy-coast@sympatico.uk', 'HynfcrbGKx', 'Sat Apr 20 2086','Wed Aug 16 2102','National Executive Ravioli Code Chef') ;
INSERT INTO workperiod values('fun-river@gmail.us', 'ry--fqr-ztl', 'Fri Jul 16 2021','Sun Nov 25 2029','Direct Multiple Files Deleter') ;
INSERT INTO workperiod values('thinkable-basin@hotmail.co', 'SyjgfcBbGKg', 'Mon Apr 17 2051','Tue Feb 28 2045','Senior Code Artisan') ;
INSERT INTO workperiod values('heroic-office@me.com', 'B1dG9HZGte', 'Fri Aug 28 2054','Sat May 11 2115','Coolest Adobe Acrobat Updater') ;
INSERT INTO workperiod values('helpful-porter@sympatico.ca', 'SJf-M9HZzFx', 'Fri Jun 22 2040','Fri Sep 12 2104','Master King Slayer') ;
INSERT INTO workperiod values('cloudy-coast@sympatico.uk', 'SJf-M9HZzFx', 'Sun Jan 31 2049','Sat Jun 23 2018','Visionary Pizza Reheater') ;
INSERT INTO workperiod values('successful-fruit@mac.fr', 'SJf-M9HZzFx', 'Tue Nov 25 2031','Sat Jul 04 2082','First Class SASS SLUT') ;
INSERT INTO workperiod values('abandoned-children@sympatico.com', 'SyjgfcBbGKg', 'Wed Apr 02 2064','Sun Sep 29 2086','4 Stages Meme Meister') ;
INSERT INTO workperiod values('hanging-root@hotmail.io', 'SyobG9rbGFl', 'Mon Dec 04 2028','Mon Jul 28 2098','Informal Google Analytics Expert') ;
INSERT INTO workperiod values('hanging-root@hotmail.io', 'SkAbM5SWMFx', 'Tue Jan 08 2064','Thu Jan 24 2030','Virtuous Variables Lord Master') ;
INSERT INTO workperiod values('nebulous-start@mac.uk', 'B1IzcrWfFx', 'Tue Sep 08 2071','Sun Feb 28 2094','Complete CSS-managing-system Developer') ;
INSERT INTO workperiod values('curved-foot@mac.fr', 'Skugf9S-MFx', 'Fri May 02 2053','Sat Aug 06 2033','Legend Phone Operator') ;
INSERT INTO workperiod values('foolish-voyage@sympatico.uk', 'B1IzcrWfFx', 'Tue Jul 14 2099','Mon Jun 01 2099','Manual Variables Lord Master') ;
INSERT INTO workperiod values('muddled-star@me.us', 'ry--fqr-ztl', 'Mon Dec 23 2019','Sun Nov 30 2064','In-House Adobe Acrobat Updater') ;
INSERT INTO workperiod values('keen-office@mac.uk', 'BJy-z9rbMYl', 'Thu Nov 19 2026','Mon Apr 01 2097','Chief Job Title Generator') ;
INSERT INTO workperiod values('modern-crow@gmail.co', 'SJf-M9HZzFx', 'Wed May 10 2062','Wed Sep 24 2087','Freaking Prophet') ;
INSERT INTO workperiod values('woebegone-coal@sympatico.com', 'SJteM9SbzKx', 'Fri Mar 19 2077','Wed Dec 21 2078','In-House Response Administrator') ;
INSERT INTO workperiod values('rapid-space@hotmail.fr', 'By2ZGcr-fFe', 'Sat Nov 07 2105','Tue Aug 04 2082','Professional Minimum Viable Product Developer') ;
INSERT INTO workperiod values('abandoned-expansion@hotmail.co', 'HynfcrbGKx', 'Sat May 26 2074','Tue May 20 2081','Evolutionary Product Owner') ;
INSERT INTO workperiod values('animated-title@hotmail.io', 'SyjgfcBbGKg', 'Sun Feb 05 2023','Thu Jun 29 2028','Maginficent Visual Jockey') ;
INSERT INTO workperiod values('quickest-insect@gmail.net', 'rJZxMqBWfFg', 'Sun Jun 04 2090','Sun May 24 2105','Master .BMP Optimizer') ;
INSERT INTO workperiod values('muddled-star@me.us', 'S1Vbf9SZGKe', 'Thu Mar 03 2067','Mon Jun 19 2056','National Pizza Reheater') ;
INSERT INTO workperiod values('golden-crayon@me.ca', 'HkMM9SWftg', 'Fri May 24 2080','Thu Oct 13 2061','Amazing Social Media Assistant') ;
INSERT INTO workperiod values('workable-story@hotmail.fr', 'SJf-M9HZzFx', 'Mon May 04 2111','Sat Sep 02 2090','Independent WiFi Wires Shop Owner') ;
INSERT INTO workperiod values('blessed-blade@hotmail.us', 'HJMlMcH-zKl', 'Thu Feb 07 2058','Thu Jul 26 2029','Volunteer Videographer') ;
INSERT INTO workperiod values('flowery-low@sympatico.fr', 'Sycef5BWfKl', 'Tue Aug 10 2094','Sat Nov 12 2107','Pro Table Layout King') ;
INSERT INTO workperiod values('deranged-nest@hotmail.com', 'SJteM9SbzKx', 'Sat Jan 17 2032','Sat Nov 07 2116','Beautiful TYPO3 Installer') ;
/* Script generated Wed Feb 15 2017 11:44:59 GMT-0500 (Eastern Standard Time)*/

INSERT INTO studyperiod values('blessed-blade@hotmail.us', 'S1xlM9r-MKe', 'Sun Jun 02 2115','Mon Nov 16 2099','Bachelor degree') ;
INSERT INTO studyperiod values('trashy-squirrel@me.net', 'Syjf9rWzYx', 'Wed Feb 25 2037','Wed Feb 14 2024','Cegep Diploma') ;
INSERT INTO studyperiod values('unknown-pizzas@icloud.us', 'SJfcrbMFl', 'Thu Dec 25 2031','Sun Jul 04 2027','Some postsecondary education') ;
INSERT INTO studyperiod values('nutty-queen@icloud.net', 'SJfcrbMFl', 'Tue Sep 29 2020','Tue Dec 14 2055','Doctorate') ;
INSERT INTO studyperiod values('money-kiss@gmail.co', 'BkRMcH-Mtl', 'Thu Jan 06 2089','Tue Dec 13 2072','Master degree') ;
INSERT INTO studyperiod values('curved-foot@mac.fr', 'BkRMcH-Mtl', 'Sun Nov 24 2097','Thu Feb 03 2056','Secondary school diploma') ;
INSERT INTO studyperiod values('animated-title@hotmail.io', 'SJfcrbMFl', 'Tue May 07 2086','Sun Feb 17 2030','Secondary school diploma') ;
INSERT INTO studyperiod values('faulty-wren@sympatico.co', 'rJxWGqSbGYx', 'Thu Apr 15 2106','Wed Sep 25 2041','Bachelor degree') ;
INSERT INTO studyperiod values('cheerful-sheet@me.ca', 'HJcZz5HWzFe', 'Sat Aug 14 2027','Sat Jun 28 2070','Cegep Diploma') ;
INSERT INTO studyperiod values('woebegone-bulb@hotmail.fr', 'BkRMcH-Mtl', 'Thu Jun 13 2030','Thu Feb 15 2024','Master degree') ;
INSERT INTO studyperiod values('woebegone-coal@sympatico.com', 'SJvefqH-GYg', 'Sat Dec 01 2108','Thu Mar 07 2019','Less than secondary school graduation') ;
INSERT INTO studyperiod values('woebegone-bulb@hotmail.fr', 'SySZMqBZfFe', 'Wed Jul 10 2115','Tue Oct 20 2037','Bachelor degree') ;
INSERT INTO studyperiod values('paltry-invention@me.com', 'B1aG5HZfKl', 'Sat Sep 06 2053','Sun Apr 13 2087','Some postsecondary education') ;
INSERT INTO studyperiod values('dirty-border@hotmail.ca', 'BkvbzqHbGte', 'Fri Mar 11 2044','Sat May 16 2054','Some postsecondary education') ;
INSERT INTO studyperiod values('lazy-nut@icloud.fr', 'HkNzqB-MFe', 'Sun Dec 24 2045','Thu Jul 31 2104','Doctorate') ;
INSERT INTO studyperiod values('slippery-development@me.io', 'rJXzcSZztg', 'Wed May 01 2030','Mon Nov 11 2030','Master degree') ;
INSERT INTO studyperiod values('creepy-rice@yahoo.com', 'BJ8xfqHZMKl', 'Wed Jan 12 2067','Sun Oct 29 2102','Less than secondary school graduation') ;
INSERT INTO studyperiod values('keen-office@mac.uk', 'ry1eM5rbGKx', 'Sun Sep 10 2056','Mon Mar 04 2041','Master degree') ;
INSERT INTO studyperiod values('try-cemetery@videotron.uk', 'HyCezqrWfKg', 'Sun Jun 10 2096','Wed Feb 27 2036','Bachelor degree') ;
INSERT INTO studyperiod values('blessed-blade@hotmail.us', 'BkvbzqHbGte', 'Tue Aug 02 2078','Mon Apr 18 2067','Some postsecondary education') ;
INSERT INTO studyperiod values('exotic-business@videotron.co', 'Syjf9rWzYx', 'Sat Oct 10 2026','Mon Feb 19 2080','Master degree') ;
INSERT INTO studyperiod values('macabre-tree@hotmail.com', 'BkRMcH-Mtl', 'Sat Sep 08 2046','Mon Sep 10 2103','Secondary school diploma') ;
INSERT INTO studyperiod values('exotic-business@videotron.co', 'rJXWMcBZfFl', 'Sat Sep 01 2091','Thu Oct 05 2084','Master degree') ;
INSERT INTO studyperiod values('lopsided-view@hotmail.ca', 'BkvbzqHbGte', 'Tue Oct 22 2024','Mon Sep 10 2108','Less than secondary school graduation') ;
INSERT INTO studyperiod values('try-cemetery@videotron.uk', 'Hy1fzqHZMKx', 'Thu Oct 16 2059','Sat Aug 26 2090','Cegep Diploma') ;
INSERT INTO studyperiod values('nutty-queen@icloud.net', 'Bkd-GcBbGYl', 'Sat May 12 2046','Tue Aug 22 2062','Less than secondary school graduation') ;
INSERT INTO studyperiod values('thinkable-basin@hotmail.co', 'HkZzcBZGYl', 'Thu Jul 10 2064','Thu Dec 17 2099','Some postsecondary education') ;
INSERT INTO studyperiod values('white-pollution@videotron.io', 'ry1eM5rbGKx', 'Fri Nov 09 2018','Thu Apr 14 2033','Master degree') ;
INSERT INTO studyperiod values('curved-foot@mac.fr', 'S1lGf9S-ztx', 'Sun Apr 09 2034','Sun Apr 17 2050','Less than secondary school graduation') ;
INSERT INTO studyperiod values('muddled-star@me.us', 'Syjf9rWzYx', 'Fri Aug 21 2020','Tue Jan 08 2019','Master degree') ;
INSERT INTO studyperiod values('cloudy-coast@sympatico.uk', 'B1aG5HZfKl', 'Sun Sep 24 2034','Fri May 04 2074','Bachelor degree') ;
INSERT INTO studyperiod values('curved-foot@mac.fr', 'Syjf9rWzYx', 'Wed Oct 23 2030','Wed Nov 07 2040','Bachelor degree') ;
INSERT INTO studyperiod values('money-kiss@gmail.co', 'Bkd-GcBbGYl', 'Sat Jan 16 2055','Fri Dec 14 2114','Secondary school diploma') ;
INSERT INTO studyperiod values('rapid-space@hotmail.fr', 'Bkd-GcBbGYl', 'Mon May 20 2115','Sat Jun 26 2027','Less than secondary school graduation') ;
INSERT INTO studyperiod values('outstanding-stocking@hotmail.fr', 'B1BM9Sbftl', 'Wed Sep 07 2089','Wed Nov 15 2079','Secondary school diploma') ;
INSERT INTO studyperiod values('needed-purpose@yahoo.uk', 'S1xlM9r-MKe', 'Thu Mar 11 2083','Mon Apr 21 2098','Cegep Diploma') ;
INSERT INTO studyperiod values('paltry-invention@me.com', 'BkTlM9S-ztx', 'Sun Apr 23 2090','Sat Jul 21 2063','Master degree') ;
INSERT INTO studyperiod values('curved-foot@mac.fr', 'SySZMqBZfFe', 'Wed Jul 26 2028','Wed May 01 2109','Doctorate') ;
INSERT INTO studyperiod values('abandoned-expansion@hotmail.co', 'B1aG5HZfKl', 'Wed May 29 2052','Sat Dec 08 2057','Cegep Diploma') ;
INSERT INTO studyperiod values('trashy-squirrel@me.net', 'S1lGf9S-ztx', 'Wed Feb 27 2030','Wed Jul 25 2068','Master degree') ;
INSERT INTO studyperiod values('paltry-grain@icloud.us', 'HJcZz5HWzFe', 'Tue Dec 03 2080','Mon Jun 16 2087','Master degree') ;
INSERT INTO studyperiod values('opposite-fish@mac.us', 'HJXlf9H-MKg', 'Fri Jun 30 2017','Sun Jan 16 2039','Secondary school diploma') ;
INSERT INTO studyperiod values('white-pollution@videotron.io', 'B1aG5HZfKl', 'Fri May 09 2036','Mon Jul 19 2117','Bachelor degree') ;
INSERT INTO studyperiod values('white-pollution@videotron.io', 'S1xlM9r-MKe', 'Tue Apr 18 2023','Mon Oct 02 2034','Secondary school diploma') ;
INSERT INTO studyperiod values('naive-toothbrush@mac.ca', 'S1xlM9r-MKe', 'Fri Jul 19 2109','Wed Nov 05 2042','Some postsecondary education') ;
INSERT INTO studyperiod values('futuristic-humor@videotron.fr', 'SJvefqH-GYg', 'Tue Jun 27 2113','Sat Sep 02 2090','Secondary school diploma') ;
INSERT INTO studyperiod values('faulty-wren@sympatico.co', 'SJvefqH-GYg', 'Sat May 21 2107','Sun Mar 20 2089','Master degree') ;
INSERT INTO studyperiod values('needed-purpose@yahoo.uk', 'S1xlM9r-MKe', 'Sun May 22 2050','Sun Oct 08 2023','Less than secondary school graduation') ;
INSERT INTO studyperiod values('workable-story@hotmail.fr', 'ry1eM5rbGKx', 'Tue May 12 2093','Sun Apr 27 2042','Master degree') ;
INSERT INTO studyperiod values('heroic-office@me.com', 'BkvbzqHbGte', 'Thu Sep 21 2073','Sat Sep 12 2099','Bachelor degree') ;
INSERT INTO studyperiod values('helpful-porter@sympatico.ca', 'BkTlM9S-ztx', 'Sun Jul 26 2082','Wed Oct 15 2087','Some postsecondary education') ;
INSERT INTO studyperiod values('quickest-insect@gmail.net', 'S1xlM9r-MKe', 'Tue Mar 01 2072','Thu Nov 17 2039','Secondary school diploma') ;
INSERT INTO studyperiod values('flowery-low@sympatico.fr', 'HJcZz5HWzFe', 'Sun Nov 03 2052','Mon Oct 01 2057','Master degree') ;
INSERT INTO studyperiod values('money-kiss@gmail.co', 'SJvefqH-GYg', 'Thu Feb 03 2067','Tue Aug 06 2097','Some postsecondary education') ;
INSERT INTO studyperiod values('needed-purpose@yahoo.uk', 'Bkd-GcBbGYl', 'Sat Apr 24 2100','Thu Apr 24 2104','Bachelor degree') ;
INSERT INTO studyperiod values('cloudy-coast@sympatico.uk', 'HkZzcBZGYl', 'Sun Jan 09 2067','Thu Sep 19 2030','Some postsecondary education') ;
INSERT INTO studyperiod values('lazy-nut@icloud.fr', 'BkvbzqHbGte', 'Fri Sep 04 2082','Mon Dec 15 2042','Master degree') ;
INSERT INTO studyperiod values('keen-office@mac.uk', 'HJcZz5HWzFe', 'Thu Jan 26 2051','Fri May 25 2096','Doctorate') ;
INSERT INTO studyperiod values('white-pollution@videotron.io', 'BkRMcH-Mtl', 'Sun Aug 24 2104','Fri Jan 20 2051','Bachelor degree') ;
INSERT INTO studyperiod values('untidy-join@me.co', 'S1xlM9r-MKe', 'Fri Apr 21 2084','Wed Sep 10 2104','Cegep Diploma') ;
INSERT INTO studyperiod values('try-cemetery@videotron.uk', 'BJSgzcBZGtl', 'Sat Aug 13 2039','Tue Aug 13 2030','Master degree') ;
INSERT INTO studyperiod values('opposite-fish@mac.us', 'B1BM9Sbftl', 'Tue Nov 24 2026','Fri Jul 17 2111','Master degree') ;
INSERT INTO studyperiod values('modern-crow@gmail.co', 'S1lGf9S-ztx', 'Mon Apr 08 2115','Tue Jun 27 2023','Less than secondary school graduation') ;
INSERT INTO studyperiod values('lopsided-view@hotmail.ca', 'Bkd-GcBbGYl', 'Sun Apr 13 2104','Tue Oct 11 2089','Secondary school diploma') ;
INSERT INTO studyperiod values('thinkable-basin@hotmail.co', 'BkRMcH-Mtl', 'Sun Nov 28 2038','Mon Jan 23 2045','Cegep Diploma') ;
INSERT INTO studyperiod values('trashy-squirrel@me.net', 'S1xlM9r-MKe', 'Tue Dec 07 2100','Sat Aug 01 2116','Secondary school diploma') ;
INSERT INTO studyperiod values('animated-title@hotmail.io', 'Syjf9rWzYx', 'Fri Sep 16 2050','Tue Jan 14 2110','Cegep Diploma') ;
INSERT INTO studyperiod values('golden-crayon@me.ca', 'SJfcrbMFl', 'Tue Apr 11 2079','Thu Jun 04 2048','Some postsecondary education') ;
INSERT INTO studyperiod values('deranged-nest@hotmail.com', 'BkTlM9S-ztx', 'Sat May 25 2058','Wed Feb 10 2117','Less than secondary school graduation') ;
INSERT INTO studyperiod values('hanging-root@hotmail.io', 'HkNzqB-MFe', 'Fri Oct 17 2064','Sat Jun 06 2020','Doctorate') ;
INSERT INTO studyperiod values('trashy-squirrel@me.net', 'S1xlM9r-MKe', 'Thu Oct 21 2083','Sat Mar 10 2103','Some postsecondary education') ;
INSERT INTO studyperiod values('lopsided-view@hotmail.ca', 'HyCezqrWfKg', 'Fri Jun 30 2028','Sun Feb 14 2027','Cegep Diploma') ;
INSERT INTO studyperiod values('keen-office@mac.uk', 'Hy1fzqHZMKx', 'Fri Apr 21 2062','Thu Oct 03 2058','Cegep Diploma') ;
INSERT INTO studyperiod values('modern-crow@gmail.co', 'Syjf9rWzYx', 'Wed Dec 12 2046','Sun Oct 18 2093','Secondary school diploma') ;
INSERT INTO studyperiod values('flowery-low@sympatico.fr', 'HyCezqrWfKg', 'Tue Nov 22 2107','Mon Sep 15 2092','Doctorate') ;
INSERT INTO studyperiod values('workable-story@hotmail.fr', 'HJXlf9H-MKg', 'Mon Nov 21 2039','Sun Apr 02 2028','Master degree') ;
INSERT INTO studyperiod values('thinkable-basin@hotmail.co', 'HkNzqB-MFe', 'Thu Jul 07 2072','Sat Jun 28 2092','Cegep Diploma') ;
INSERT INTO studyperiod values('fun-river@gmail.us', 'HkZzcBZGYl', 'Fri Oct 11 2030','Wed Jan 05 2101','Less than secondary school graduation') ;
INSERT INTO studyperiod values('deranged-nest@hotmail.com', 'HkNzqB-MFe', 'Wed Sep 03 2042','Wed Jun 05 2058','Less than secondary school graduation') ;
INSERT INTO studyperiod values('curved-foot@mac.fr', 'Syjf9rWzYx', 'Fri Jul 15 2050','Thu Apr 05 2074','Bachelor degree') ;
INSERT INTO studyperiod values('heroic-office@me.com', 'BJ8xfqHZMKl', 'Mon Nov 28 2022','Tue Jul 08 2081','Doctorate') ;
INSERT INTO studyperiod values('creepy-rice@yahoo.com', 'SJ2ef5B-GKl', 'Sun Jan 07 2114','Thu Apr 14 2022','Bachelor degree') ;
INSERT INTO studyperiod values('untidy-join@me.co', 'SJ2ef5B-GKl', 'Wed Mar 27 2069','Sat Mar 04 2090','Bachelor degree') ;
INSERT INTO studyperiod values('naive-toothbrush@mac.ca', 'S1xlM9r-MKe', 'Wed Oct 31 2085','Mon Oct 29 2096','Master degree') ;
INSERT INTO studyperiod values('trashy-squirrel@me.net', 'Hy1fzqHZMKx', 'Thu Jul 28 2022','Tue Mar 03 2099','Less than secondary school graduation') ;
INSERT INTO studyperiod values('bad-stew@gmail.uk', 'rJtWfqBWfYx', 'Sat Feb 22 2053','Thu May 07 2071','Secondary school diploma') ;
INSERT INTO studyperiod values('needed-purpose@yahoo.uk', 'HJXlf9H-MKg', 'Wed Apr 19 2023','Sun Dec 05 2021','Some postsecondary education') ;
INSERT INTO studyperiod values('slippery-development@me.io', 'HJXlf9H-MKg', 'Sat Mar 23 2080','Thu Nov 21 2075','Secondary school diploma') ;
INSERT INTO studyperiod values('quickest-insect@gmail.net', 'HkZzcBZGYl', 'Tue Aug 28 2046','Thu Nov 29 2068','Some postsecondary education') ;
INSERT INTO studyperiod values('dirty-border@hotmail.ca', 'S1xlM9r-MKe', 'Tue May 16 2051','Tue Mar 01 2067','Less than secondary school graduation') ;
INSERT INTO studyperiod values('slippery-development@me.io', 'BJ8xfqHZMKl', 'Wed May 30 2040','Thu Nov 13 2092','Bachelor degree') ;
INSERT INTO studyperiod values('untidy-join@me.co', 'BkRMcH-Mtl', 'Sun Oct 23 2039','Tue Jan 28 2070','Doctorate') ;
INSERT INTO studyperiod values('woebegone-bulb@hotmail.fr', 'rJxWGqSbGYx', 'Wed Aug 19 2116','Mon Jul 16 2018','Bachelor degree') ;
INSERT INTO studyperiod values('slippery-development@me.io', 'BkRMcH-Mtl', 'Sat Nov 15 2110','Sun Mar 15 2082','Less than secondary school graduation') ;
INSERT INTO studyperiod values('muddled-star@me.us', 'SJvefqH-GYg', 'Sun May 23 2077','Fri Jul 31 2037','Bachelor degree') ;
INSERT INTO studyperiod values('cheerful-sheet@me.ca', 'B1BM9Sbftl', 'Fri Oct 21 2033','Wed Jul 10 2097','Bachelor degree') ;
INSERT INTO studyperiod values('workable-story@hotmail.fr', 'SJvefqH-GYg', 'Mon Aug 11 2092','Fri Jul 16 2049','Some postsecondary education') ;
INSERT INTO studyperiod values('white-pollution@videotron.io', 'HkNzqB-MFe', 'Wed May 11 2095','Tue Jul 06 2117','Bachelor degree') ;
INSERT INTO studyperiod values('muddled-star@me.us', 'ry1eM5rbGKx', 'Tue May 31 2050','Thu Jun 18 2065','Cegep Diploma') ;
INSERT INTO studyperiod values('blessed-blade@hotmail.us', 'rJXWMcBZfFl', 'Sat Aug 23 2110','Wed May 08 2080','Bachelor degree') ;
INSERT INTO studyperiod values('modern-crow@gmail.co', 'SySZMqBZfFe', 'Sun May 04 2081','Wed Dec 29 2049','Cegep Diploma') ;
INSERT INTO studyperiod values('naive-toothbrush@mac.ca', 'SySZMqBZfFe', 'Wed Dec 04 2024','Sun Feb 08 2054','Doctorate') ;
INSERT INTO studyperiod values('modern-crow@gmail.co', 'SJ2ef5B-GKl', 'Mon Jul 27 2099','Fri Jun 28 2075','Less than secondary school graduation') ;
INSERT INTO studyperiod values('golden-crayon@me.ca', 'B1aG5HZfKl', 'Sat Feb 01 2081','Fri Apr 29 2033','Cegep Diploma') ;
INSERT INTO studyperiod values('hanging-root@hotmail.io', 'rJtWfqBWfYx', 'Fri Jun 16 2113','Sun May 03 2020','Secondary school diploma') ;
INSERT INTO studyperiod values('keen-office@mac.uk', 'Hy1fzqHZMKx', 'Wed Dec 13 2079','Fri Mar 14 2031','Less than secondary school graduation') ;
INSERT INTO studyperiod values('golden-crayon@me.ca', 'B1aG5HZfKl', 'Mon Jun 12 2084','Mon Jun 25 2074','Secondary school diploma') ;
INSERT INTO studyperiod values('opposite-fish@mac.us', 'rJXWMcBZfFl', 'Fri Jul 08 2033','Tue May 03 2050','Some postsecondary education') ;
INSERT INTO studyperiod values('unknown-pizzas@icloud.us', 'SJvefqH-GYg', 'Sat Aug 07 2100','Tue Jun 29 2117','Some postsecondary education') ;
INSERT INTO studyperiod values('golden-crayon@me.ca', 'rJxWGqSbGYx', 'Wed Nov 08 2062','Fri Jul 11 2092','Secondary school diploma') ;
INSERT INTO studyperiod values('money-kiss@gmail.co', 'HkNzqB-MFe', 'Wed Dec 25 2097','Tue Mar 10 2099','Secondary school diploma') ;
INSERT INTO studyperiod values('untidy-join@me.co', 'Syjf9rWzYx', 'Fri Jun 07 2041','Mon Oct 24 2022','Secondary school diploma') ;
INSERT INTO studyperiod values('thinkable-basin@hotmail.co', 'B1aG5HZfKl', 'Tue Apr 30 2097','Wed Aug 20 2104','Cegep Diploma') ;
INSERT INTO studyperiod values('flowery-low@sympatico.fr', 'ry1eM5rbGKx', 'Thu Mar 09 2056','Mon Oct 01 2091','Master degree') ;
INSERT INTO studyperiod values('slippery-development@me.io', 'rJXzcSZztg', 'Sat Apr 13 2047','Sat Jun 22 2024','Cegep Diploma') ;
INSERT INTO studyperiod values('flowery-low@sympatico.fr', 'HkZzcBZGYl', 'Tue Aug 24 2038','Sun Jul 05 2093','Secondary school diploma') ;
INSERT INTO studyperiod values('muddled-star@me.us', 'rJtWfqBWfYx', 'Fri Jun 27 2053','Mon Dec 29 2098','Secondary school diploma') ;
INSERT INTO studyperiod values('creepy-rice@yahoo.com', 'SJfcrbMFl', 'Wed Aug 30 2062','Sun Dec 20 2026','Secondary school diploma') ;
INSERT INTO studyperiod values('animated-title@hotmail.io', 'SJ2ef5B-GKl', 'Sat Apr 16 2067','Sun Jan 30 2033','Doctorate') ;
INSERT INTO studyperiod values('rapid-space@hotmail.fr', 'S1lGf9S-ztx', 'Tue Oct 26 2049','Thu May 08 2070','Cegep Diploma') ;
INSERT INTO studyperiod values('untidy-join@me.co', 'ry1eM5rbGKx', 'Fri Jul 27 2114','Fri Mar 16 2035','Some postsecondary education') ;
INSERT INTO studyperiod values('naive-toothbrush@mac.ca', 'BkvbzqHbGte', 'Tue Oct 23 2074','Wed Jul 16 2092','Some postsecondary education') ;
INSERT INTO studyperiod values('faulty-wren@sympatico.co', 'SJ2ef5B-GKl', 'Sun Apr 30 2045','Fri Jul 16 2066','Master degree') ;
INSERT INTO studyperiod values('money-kiss@gmail.co', 'ry1eM5rbGKx', 'Thu Jan 18 2063','Fri Feb 17 2090','Secondary school diploma') ;
INSERT INTO studyperiod values('lazy-nut@icloud.fr', 'rJXWMcBZfFl', 'Wed Aug 25 2088','Thu May 29 2087','Master degree') ;
INSERT INTO studyperiod values('workable-story@hotmail.fr', 'B1BM9Sbftl', 'Fri Dec 21 2091','Sat Jan 19 2115','Some postsecondary education') ;
INSERT INTO studyperiod values('abandoned-expansion@hotmail.co', 'rJtWfqBWfYx', 'Mon May 06 2109','Fri May 20 2022','Secondary school diploma') ;
INSERT INTO studyperiod values('futuristic-humor@videotron.fr', 'HJcZz5HWzFe', 'Sun Apr 27 2036','Sat Oct 20 2057','Some postsecondary education') ;
INSERT INTO studyperiod values('helpful-porter@sympatico.ca', 'rJXWMcBZfFl', 'Mon Jun 18 2074','Fri Feb 21 2087','Master degree') ;
INSERT INTO studyperiod values('unknown-pizzas@icloud.us', 'Syjf9rWzYx', 'Sun Nov 01 2093','Mon Feb 14 2033','Secondary school diploma') ;
INSERT INTO studyperiod values('needed-purpose@yahoo.uk', 'ry1eM5rbGKx', 'Thu Aug 22 2069','Wed Sep 20 2056','Bachelor degree') ;
INSERT INTO studyperiod values('keen-office@mac.uk', 'HkNzqB-MFe', 'Wed Jun 19 2086','Sat Dec 08 2035','Less than secondary school graduation') ;
INSERT INTO studyperiod values('successful-fruit@mac.fr', 'HJXlf9H-MKg', 'Fri Dec 04 2076','Thu Jun 11 2037','Some postsecondary education') ;
INSERT INTO studyperiod values('blessed-blade@hotmail.us', 'Syjf9rWzYx', 'Mon Aug 24 2116','Sun Jan 05 2031','Less than secondary school graduation') ;
INSERT INTO studyperiod values('bad-stew@gmail.uk', 'Syjf9rWzYx', 'Sat Jun 19 2060','Tue Jan 29 2047','Master degree') ;
INSERT INTO studyperiod values('wooden-shelf@sympatico.io', 'BJ8xfqHZMKl', 'Fri Oct 13 2084','Tue Nov 22 2050','Less than secondary school graduation') ;
INSERT INTO studyperiod values('exotic-business@videotron.co', 'HyCezqrWfKg', 'Thu Jan 01 2071','Wed Nov 22 2084','Bachelor degree') ;
INSERT INTO studyperiod values('keen-office@mac.uk', 'HJXlf9H-MKg', 'Wed Jun 13 2108','Sat Sep 05 2111','Some postsecondary education') ;
INSERT INTO studyperiod values('modern-crow@gmail.co', 'rJtWfqBWfYx', 'Fri Oct 01 2117','Thu Jun 17 2038','Secondary school diploma') ;
INSERT INTO studyperiod values('flowery-low@sympatico.fr', 'HJcZz5HWzFe', 'Wed May 11 2061','Sun Dec 17 2051','Secondary school diploma') ;
INSERT INTO studyperiod values('lopsided-view@hotmail.ca', 'HyCezqrWfKg', 'Fri Nov 30 2103','Tue Apr 23 2097','Less than secondary school graduation') ;
INSERT INTO studyperiod values('foolish-voyage@sympatico.uk', 'B1BM9Sbftl', 'Tue Jun 14 2095','Mon Dec 27 2088','Cegep Diploma') ;
INSERT INTO studyperiod values('needed-purpose@yahoo.uk', 'SySZMqBZfFe', 'Mon Jan 28 2019','Sat Jan 04 2098','Doctorate') ;
INSERT INTO studyperiod values('paltry-grain@icloud.us', 'rJXWMcBZfFl', 'Sun Jan 26 2042','Sat Mar 28 2037','Doctorate') ;
INSERT INTO studyperiod values('nebulous-start@mac.uk', 'BJ8xfqHZMKl', 'Sun Jun 23 2019','Sun Dec 14 2036','Secondary school diploma') ;
INSERT INTO studyperiod values('woebegone-bulb@hotmail.fr', 'BkRMcH-Mtl', 'Wed Sep 15 2088','Sun Apr 21 2058','Less than secondary school graduation') ;
INSERT INTO studyperiod values('outstanding-stocking@hotmail.fr', 'Syjf9rWzYx', 'Sat Jul 15 2090','Fri Jul 10 2071','Less than secondary school graduation') ;
INSERT INTO studyperiod values('successful-fruit@mac.fr', 'S1lGf9S-ztx', 'Sat Dec 26 2020','Sun May 27 2018','Doctorate') ;
INSERT INTO studyperiod values('flowery-low@sympatico.fr', 'SJvefqH-GYg', 'Fri Jan 15 2044','Sat Jul 29 2045','Secondary school diploma') ;
INSERT INTO studyperiod values('unknown-pizzas@icloud.us', 'BJSgzcBZGtl', 'Thu Nov 05 2116','Fri Feb 11 2107','Bachelor degree') ;
INSERT INTO studyperiod values('thinkable-basin@hotmail.co', 'SJvefqH-GYg', 'Thu Oct 08 2071','Tue Dec 15 2043','Master degree') ;
INSERT INTO studyperiod values('muddled-star@me.us', 'SJvefqH-GYg', 'Wed Jan 10 2074','Sun Feb 09 2070','Cegep Diploma') ;
INSERT INTO studyperiod values('lopsided-view@hotmail.ca', 'Bkd-GcBbGYl', 'Sun Jun 08 2110','Fri Jan 28 2078','Doctorate') ;
INSERT INTO studyperiod values('heroic-office@me.com', 'BJ8xfqHZMKl', 'Fri Mar 28 2059','Wed May 03 2073','Cegep Diploma') ;
INSERT INTO studyperiod values('creepy-rice@yahoo.com', 'Hy1fzqHZMKx', 'Sun Mar 02 2104','Mon Dec 11 2051','Secondary school diploma') ;
INSERT INTO studyperiod values('dirty-border@hotmail.ca', 'rJXzcSZztg', 'Tue Jul 29 2042','Sun Dec 27 2105','Bachelor degree') ;
INSERT INTO studyperiod values('blessed-blade@hotmail.us', 'rJtWfqBWfYx', 'Wed Oct 26 2089','Sun Jun 29 2087','Some postsecondary education') ;
INSERT INTO studyperiod values('try-cemetery@videotron.uk', 'B1aG5HZfKl', 'Sun Nov 21 2094','Sat Apr 19 2070','Less than secondary school graduation') ;
INSERT INTO studyperiod values('woebegone-bulb@hotmail.fr', 'B1aG5HZfKl', 'Sat Sep 11 2060','Fri Aug 29 2081','Bachelor degree') ;
INSERT INTO studyperiod values('helpful-porter@sympatico.ca', 'S1lGf9S-ztx', 'Wed Feb 06 2092','Thu Sep 16 2060','Less than secondary school graduation') ;
INSERT INTO studyperiod values('woebegone-coal@sympatico.com', 'S1xlM9r-MKe', 'Tue Nov 14 2028','Sun Jul 02 2034','Master degree') ;
INSERT INTO studyperiod values('golden-crayon@me.ca', 'BkvbzqHbGte', 'Mon Oct 15 2108','Tue May 08 2103','Cegep Diploma') ;
INSERT INTO studyperiod values('rapid-space@hotmail.fr', 'BkTlM9S-ztx', 'Sat Aug 12 2090','Wed Aug 24 2078','Master degree') ;
INSERT INTO studyperiod values('untidy-join@me.co', 'SJvefqH-GYg', 'Wed May 23 2040','Thu Jun 10 2117','Bachelor degree') ;
INSERT INTO studyperiod values('unknown-pizzas@icloud.us', 'rJtWfqBWfYx', 'Sat May 28 2039','Sat Dec 20 2081','Master degree') ;
INSERT INTO studyperiod values('wooden-shelf@sympatico.io', 'rJXzcSZztg', 'Wed Sep 28 2107','Mon Jun 25 2074','Doctorate') ;
INSERT INTO studyperiod values('foolish-voyage@sympatico.uk', 'S1xlM9r-MKe', 'Sun Sep 21 2042','Sun May 30 2027','Bachelor degree') ;
INSERT INTO studyperiod values('opposite-fish@mac.us', 'BJSgzcBZGtl', 'Mon May 13 2109','Wed Aug 18 2083','Less than secondary school graduation') ;
INSERT INTO studyperiod values('lazy-nut@icloud.fr', 'SJ2ef5B-GKl', 'Mon Oct 08 2091','Fri Sep 22 2017','Bachelor degree') ;
INSERT INTO studyperiod values('cloudy-coast@sympatico.uk', 'SJ2ef5B-GKl', 'Thu Aug 13 2048','Tue Jul 25 2056','Doctorate') ;
INSERT INTO studyperiod values('heroic-office@me.com', 'BkTlM9S-ztx', 'Sun Oct 19 2081','Wed Nov 22 2051','Less than secondary school graduation') ;
INSERT INTO studyperiod values('naive-toothbrush@mac.ca', 'BJ8xfqHZMKl', 'Wed Jul 17 2030','Wed Apr 20 2089','Doctorate') ;
INSERT INTO studyperiod values('nebulous-start@mac.uk', 'rJXzcSZztg', 'Thu Dec 06 2096','Fri Oct 13 2017','Doctorate') ;
INSERT INTO studyperiod values('deranged-nest@hotmail.com', 'SySZMqBZfFe', 'Sat Aug 01 2054','Thu Jul 05 2074','Doctorate') ;
INSERT INTO studyperiod values('bad-stew@gmail.uk', 'HyCezqrWfKg', 'Fri Jul 30 2106','Tue Mar 05 2052','Master degree') ;
INSERT INTO studyperiod values('trashy-squirrel@me.net', 'Hy1fzqHZMKx', 'Tue Apr 30 2041','Sat Aug 17 2047','Cegep Diploma') ;
INSERT INTO studyperiod values('paltry-grain@icloud.us', 'rJXWMcBZfFl', 'Wed Nov 01 2090','Thu Mar 07 2058','Master degree') ;
INSERT INTO studyperiod values('helpful-porter@sympatico.ca', 'BkRMcH-Mtl', 'Sat Jul 13 2080','Tue Feb 04 2048','Secondary school diploma') ;
INSERT INTO studyperiod values('modern-crow@gmail.co', 'BJSgzcBZGtl', 'Sun Dec 12 2049','Thu Jun 20 2075','Doctorate') ;
INSERT INTO studyperiod values('deranged-nest@hotmail.com', 'rJtWfqBWfYx', 'Wed Jul 20 2101','Sat Sep 24 2033','Less than secondary school graduation') ;
INSERT INTO studyperiod values('woebegone-bulb@hotmail.fr', 'BkvbzqHbGte', 'Thu Sep 29 2101','Tue Feb 14 2079','Doctorate') ;
INSERT INTO studyperiod values('nebulous-start@mac.uk', 'B1aG5HZfKl', 'Sun Dec 10 2056','Sun Nov 20 2078','Cegep Diploma') ;
INSERT INTO studyperiod values('outstanding-stocking@hotmail.fr', 'rJXzcSZztg', 'Wed Apr 17 2041','Sat Jul 10 2060','Secondary school diploma') ;
INSERT INTO studyperiod values('creepy-rice@yahoo.com', 'SJ2ef5B-GKl', 'Thu Nov 25 2083','Tue Jul 09 2041','Some postsecondary education') ;
INSERT INTO studyperiod values('woebegone-bulb@hotmail.fr', 'S1lGf9S-ztx', 'Wed Jan 17 2080','Wed Jan 18 2023','Bachelor degree') ;
INSERT INTO studyperiod values('thinkable-basin@hotmail.co', 'BJSgzcBZGtl', 'Sat Mar 12 2101','Sun Jul 02 2113','Doctorate') ;
INSERT INTO studyperiod values('quickest-insect@gmail.net', 'ry1eM5rbGKx', 'Sun Sep 12 2077','Sun Apr 03 2039','Master degree') ;
INSERT INTO studyperiod values('animated-title@hotmail.io', 'rJxWGqSbGYx', 'Sat Aug 01 2026','Mon Nov 22 2049','Secondary school diploma') ;
INSERT INTO studyperiod values('futuristic-humor@videotron.fr', 'B1BM9Sbftl', 'Fri Sep 07 2035','Fri Dec 11 2071','Doctorate') ;
INSERT INTO studyperiod values('opposite-fish@mac.us', 'BkRMcH-Mtl', 'Mon Mar 14 2107','Mon Mar 22 2066','Secondary school diploma') ;
INSERT INTO studyperiod values('outstanding-stocking@hotmail.fr', 'rJXWMcBZfFl', 'Thu Jun 11 2099','Mon Oct 18 2117','Doctorate') ;
INSERT INTO studyperiod values('try-cemetery@videotron.uk', 'ry1eM5rbGKx', 'Tue May 01 2096','Wed Jan 23 2036','Some postsecondary education') ;
INSERT INTO studyperiod values('muddled-star@me.us', 'SJfcrbMFl', 'Fri Dec 16 2101','Sat Jan 04 2042','Master degree') ;
INSERT INTO studyperiod values('paltry-invention@me.com', 'HkZzcBZGYl', 'Sun May 26 2086','Tue Jan 17 2073','Bachelor degree') ;
INSERT INTO studyperiod values('helpful-porter@sympatico.ca', 'HJXlf9H-MKg', 'Sat Aug 17 2030','Sat May 29 2106','Less than secondary school graduation') ;
INSERT INTO studyperiod values('quickest-insect@gmail.net', 'B1BM9Sbftl', 'Wed Sep 02 2082','Wed May 05 2106','Less than secondary school graduation') ;
INSERT INTO studyperiod values('bad-stew@gmail.uk', 'HJcZz5HWzFe', 'Tue May 19 2116','Mon Apr 06 2071','Some postsecondary education') ;
INSERT INTO studyperiod values('deranged-nest@hotmail.com', 'HJcZz5HWzFe', 'Sat Jun 27 2054','Sun Feb 22 2093','Cegep Diploma') ;
INSERT INTO studyperiod values('cheerful-sheet@me.ca', 'S1xlM9r-MKe', 'Fri Aug 15 2087','Thu Jul 27 2051','Secondary school diploma') ;
INSERT INTO studyperiod values('trashy-squirrel@me.net', 'HJXlf9H-MKg', 'Fri Sep 27 2024','Wed Feb 03 2066','Master degree') ;
INSERT INTO studyperiod values('golden-crayon@me.ca', 'ry1eM5rbGKx', 'Mon Mar 14 2089','Thu Oct 05 2051','Secondary school diploma') ;
INSERT INTO studyperiod values('successful-fruit@mac.fr', 'HkNzqB-MFe', 'Mon Jul 30 2091','Sun Jul 27 2053','Cegep Diploma') ;
INSERT INTO studyperiod values('rapid-space@hotmail.fr', 'B1BM9Sbftl', 'Tue Jun 09 2099','Sun Sep 12 2060','Cegep Diploma') ;
INSERT INTO studyperiod values('creepy-rice@yahoo.com', 'HJcZz5HWzFe', 'Fri Jun 23 2102','Fri Jul 12 2024','Less than secondary school graduation') ;
INSERT INTO studyperiod values('cloudy-coast@sympatico.uk', 'rJXzcSZztg', 'Sun Sep 12 2083','Tue Dec 25 2096','Cegep Diploma') ;
INSERT INTO studyperiod values('abandoned-children@sympatico.com', 'Syjf9rWzYx', 'Sat May 24 2036','Fri Feb 21 2076','Doctorate') ;
INSERT INTO studyperiod values('futuristic-humor@videotron.fr', 'HyCezqrWfKg', 'Fri Feb 05 2066','Sun Jan 12 2116','Less than secondary school graduation') ;
INSERT INTO studyperiod values('lopsided-view@hotmail.ca', 'B1BM9Sbftl', 'Wed Jul 13 2107','Tue Nov 23 2077','Cegep Diploma') ;
INSERT INTO studyperiod values('abandoned-children@sympatico.com', 'rJtWfqBWfYx', 'Sat Jan 02 2100','Fri Feb 04 2107','Doctorate') ;
INSERT INTO studyperiod values('woebegone-coal@sympatico.com', 'Bkd-GcBbGYl', 'Thu May 29 2064','Thu Jun 17 2049','Doctorate') ;
INSERT INTO studyperiod values('faulty-wren@sympatico.co', 'BJ8xfqHZMKl', 'Thu Nov 04 2066','Wed Jul 19 2102','Cegep Diploma') ;
INSERT INTO studyperiod values('golden-crayon@me.ca', 'SJ2ef5B-GKl', 'Tue Oct 30 2063','Fri Feb 21 2110','Secondary school diploma') ;
INSERT INTO studyperiod values('naive-toothbrush@mac.ca', 'BkvbzqHbGte', 'Tue Aug 06 2058','Sat Jun 27 2111','Some postsecondary education') ;
INSERT INTO studyperiod values('paltry-grain@icloud.us', 'rJXzcSZztg', 'Sat Jun 07 2059','Wed Jan 19 2022','Bachelor degree') ;
INSERT INTO studyperiod values('white-pollution@videotron.io', 'S1lGf9S-ztx', 'Thu Sep 14 2023','Sat Jan 12 2086','Less than secondary school graduation') ;
INSERT INTO studyperiod values('bad-stew@gmail.uk', 'B1BM9Sbftl', 'Thu Mar 30 2045','Thu Oct 15 2020','Bachelor degree') ;
INSERT INTO studyperiod values('woebegone-coal@sympatico.com', 'BJ8xfqHZMKl', 'Fri Sep 30 2039','Sun Mar 11 2063','Some postsecondary education') ;
INSERT INTO studyperiod values('abandoned-expansion@hotmail.co', 'BkTlM9S-ztx', 'Wed Sep 29 2038','Wed Jun 14 2051','Some postsecondary education') ;
INSERT INTO studyperiod values('blessed-blade@hotmail.us', 'rJtWfqBWfYx', 'Wed May 17 2023','Mon Mar 30 2065','Less than secondary school graduation') ;
INSERT INTO studyperiod values('thinkable-basin@hotmail.co', 'BkTlM9S-ztx', 'Mon Jun 18 2103','Sun Sep 02 2085','Some postsecondary education') ;
INSERT INTO studyperiod values('needed-purpose@yahoo.uk', 'rJXWMcBZfFl', 'Fri Oct 27 2023','Sat May 16 2043','Less than secondary school graduation') ;
INSERT INTO studyperiod values('blessed-blade@hotmail.us', 'Bkd-GcBbGYl', 'Wed Dec 23 2105','Sat Jul 06 2047','Some postsecondary education') ;
INSERT INTO studyperiod values('abandoned-children@sympatico.com', 'BkRMcH-Mtl', 'Thu Feb 16 2051','Mon Sep 05 2044','Doctorate') ;
INSERT INTO studyperiod values('modern-crow@gmail.co', 'HkZzcBZGYl', 'Wed Apr 13 2039','Mon Mar 15 2100','Secondary school diploma') ;
INSERT INTO studyperiod values('keen-office@mac.uk', 'Bk9z9BZfYx', 'Sun May 09 2066','Sun Oct 12 2064','Some postsecondary education') ;
INSERT INTO studyperiod values('workable-story@hotmail.fr', 'B1aG5HZfKl', 'Tue Feb 13 2057','Tue May 17 2061','Less than secondary school graduation') ;
INSERT INTO studyperiod values('exotic-business@videotron.co', 'rJXzcSZztg', 'Mon Mar 18 2115','Mon Jan 05 2111','Bachelor degree') ;
INSERT INTO studyperiod values('animated-title@hotmail.io', 'rJxWGqSbGYx', 'Tue Aug 10 2083','Wed Aug 19 2076','Master degree') ;
INSERT INTO studyperiod values('macabre-tree@hotmail.com', 'BkTlM9S-ztx', 'Thu Jun 28 2108','Fri Oct 04 2115','Secondary school diploma') ;
INSERT INTO studyperiod values('nutty-queen@icloud.net', 'HJXlf9H-MKg', 'Tue Jan 24 2102','Tue Jul 19 2050','Less than secondary school graduation') ;
INSERT INTO studyperiod values('unknown-pizzas@icloud.us', 'S1xlM9r-MKe', 'Tue Oct 01 2080','Sat Dec 06 2098','Doctorate') ;
INSERT INTO studyperiod values('animated-title@hotmail.io', 'S1lGf9S-ztx', 'Mon Jul 31 2034','Wed Oct 16 2019','Some postsecondary education') ;
INSERT INTO studyperiod values('slippery-development@me.io', 'BkTlM9S-ztx', 'Sat Nov 22 2064','Sat Sep 10 2101','Doctorate') ;
INSERT INTO studyperiod values('lopsided-view@hotmail.ca', 'BkRMcH-Mtl', 'Wed Dec 17 2098','Fri Jun 21 2030','Master degree') ;
INSERT INTO studyperiod values('exotic-business@videotron.co', 'SySZMqBZfFe', 'Thu Apr 11 2080','Fri Jun 19 2065','Less than secondary school graduation') ;
INSERT INTO studyperiod values('successful-fruit@mac.fr', 'SJvefqH-GYg', 'Sun Oct 18 2043','Fri Mar 12 2083','Less than secondary school graduation') ;
INSERT INTO studyperiod values('animated-title@hotmail.io', 'BkRMcH-Mtl', 'Mon May 28 2068','Tue Feb 26 2047','Master degree') ;
INSERT INTO studyperiod values('heroic-office@me.com', 'ry1eM5rbGKx', 'Tue Dec 08 2048','Thu Apr 03 2059','Secondary school diploma') ;
INSERT INTO studyperiod values('bad-stew@gmail.uk', 'HkNzqB-MFe', 'Wed Sep 26 2040','Fri Sep 13 2086','Bachelor degree') ;
INSERT INTO studyperiod values('golden-crayon@me.ca', 'rJXzcSZztg', 'Sun Jun 15 2036','Sat Sep 17 2107','Cegep Diploma') ;
INSERT INTO studyperiod values('deranged-nest@hotmail.com', 'SJfcrbMFl', 'Fri Oct 06 2073','Sun Jul 27 2087','Master degree') ;
INSERT INTO studyperiod values('modern-crow@gmail.co', 'SJ2ef5B-GKl', 'Mon May 25 2037','Thu Jun 19 2042','Master degree') ;
INSERT INTO studyperiod values('curved-foot@mac.fr', 'HkZzcBZGYl', 'Wed Aug 26 2111','Sat Feb 08 2025','Some postsecondary education') ;
INSERT INTO studyperiod values('trashy-squirrel@me.net', 'Hy1fzqHZMKx', 'Mon Oct 14 2086','Thu Aug 13 2105','Doctorate') ;
INSERT INTO studyperiod values('trashy-squirrel@me.net', 'HkZzcBZGYl', 'Thu Oct 17 2047','Tue May 24 2039','Cegep Diploma') ;
INSERT INTO studyperiod values('untidy-join@me.co', 'BkvbzqHbGte', 'Thu Sep 27 2029','Wed Oct 12 2067','Cegep Diploma') ;
INSERT INTO studyperiod values('woebegone-coal@sympatico.com', 'SJfcrbMFl', 'Thu Mar 10 2078','Sun Sep 24 2073','Secondary school diploma') ;
INSERT INTO studyperiod values('lazy-nut@icloud.fr', 'Bkd-GcBbGYl', 'Mon Aug 28 2073','Sun Jul 09 2023','Bachelor degree') ;
INSERT INTO studyperiod values('abandoned-expansion@hotmail.co', 'BkTlM9S-ztx', 'Wed Nov 04 2076','Tue May 16 2113','Less than secondary school graduation') ;
INSERT INTO studyperiod values('lopsided-view@hotmail.ca', 'SySZMqBZfFe', 'Fri Dec 25 2082','Sat Apr 06 2041','Less than secondary school graduation') ;
INSERT INTO studyperiod values('slippery-development@me.io', 'Syjf9rWzYx', 'Sun Feb 26 2079','Thu Mar 12 2020','Some postsecondary education') ;
INSERT INTO studyperiod values('animated-title@hotmail.io', 'SJ2ef5B-GKl', 'Fri Apr 18 2098','Wed Oct 19 2095','Some postsecondary education') ;
INSERT INTO studyperiod values('needed-purpose@yahoo.uk', 'rJxWGqSbGYx', 'Mon Feb 13 2073','Mon Mar 06 2017','Cegep Diploma') ;
INSERT INTO studyperiod values('muddled-star@me.us', 'SJ2ef5B-GKl', 'Fri Apr 26 2041','Tue Dec 18 2029','Less than secondary school graduation') ;
INSERT INTO studyperiod values('muddled-star@me.us', 'B1aG5HZfKl', 'Wed Feb 12 2081','Thu Jun 01 2073','Less than secondary school graduation') ;
INSERT INTO studyperiod values('abandoned-children@sympatico.com', 'BkRMcH-Mtl', 'Tue Nov 23 2083','Wed Nov 01 2023','Bachelor degree') ;
INSERT INTO studyperiod values('helpful-porter@sympatico.ca', 'SySZMqBZfFe', 'Mon Nov 19 2035','Sat Mar 05 2078','Cegep Diploma') ;
INSERT INTO studyperiod values('nebulous-start@mac.uk', 'rJxWGqSbGYx', 'Thu Jul 25 2080','Thu Nov 17 2072','Cegep Diploma') ;
INSERT INTO studyperiod values('nebulous-start@mac.uk', 'BkRMcH-Mtl', 'Fri Jul 21 2056','Tue Apr 27 2055','Some postsecondary education') ;
INSERT INTO studyperiod values('fun-river@gmail.us', 'HkNzqB-MFe', 'Wed Nov 28 2068','Sat Oct 25 2036','Some postsecondary education') ;
INSERT INTO studyperiod values('woebegone-coal@sympatico.com', 'rJtWfqBWfYx', 'Thu May 18 2079','Tue May 15 2046','Master degree') ;
INSERT INTO studyperiod values('muddled-star@me.us', 'HJXlf9H-MKg', 'Sat May 23 2037','Fri Nov 02 2040','Doctorate') ;
INSERT INTO studyperiod values('thinkable-basin@hotmail.co', 'HkZzcBZGYl', 'Wed Oct 10 2108','Wed Jul 24 2115','Secondary school diploma') ;
INSERT INTO studyperiod values('successful-fruit@mac.fr', 'BkvbzqHbGte', 'Wed Apr 14 2038','Fri Dec 05 2087','Bachelor degree') ;
INSERT INTO studyperiod values('try-cemetery@videotron.uk', 'S1lGf9S-ztx', 'Sun Mar 29 2020','Mon Apr 20 2048','Secondary school diploma') ;
INSERT INTO studyperiod values('paltry-grain@icloud.us', 'S1xlM9r-MKe', 'Sat Dec 22 2018','Tue Oct 18 2039','Master degree') ;
INSERT INTO studyperiod values('curved-foot@mac.fr', 'HJcZz5HWzFe', 'Tue Aug 30 2112','Fri Nov 21 2070','Secondary school diploma') ;
INSERT INTO studyperiod values('heroic-office@me.com', 'SJ2ef5B-GKl', 'Mon Jul 04 2072','Mon Apr 26 2049','Doctorate') ;
INSERT INTO studyperiod values('nutty-queen@icloud.net', 'rJxWGqSbGYx', 'Tue Apr 21 2111','Mon Jun 29 2065','Bachelor degree') ;
INSERT INTO studyperiod values('foolish-voyage@sympatico.uk', 'SJfcrbMFl', 'Mon Aug 28 2102','Thu Nov 16 2113','Doctorate') ;
INSERT INTO studyperiod values('abandoned-children@sympatico.com', 'Syjf9rWzYx', 'Thu Jun 07 2046','Mon Jan 25 2112','Bachelor degree') ;
INSERT INTO studyperiod values('rapid-space@hotmail.fr', 'S1lGf9S-ztx', 'Thu Aug 23 2063','Thu Feb 03 2061','Master degree') ;
INSERT INTO studyperiod values('paltry-grain@icloud.us', 'B1BM9Sbftl', 'Wed Nov 27 2115','Thu Dec 13 2108','Doctorate') ;
INSERT INTO studyperiod values('creepy-rice@yahoo.com', 'S1lGf9S-ztx', 'Fri Sep 04 2054','Sun Jul 12 2082','Master degree') ;
INSERT INTO studyperiod values('untidy-join@me.co', 'Bkd-GcBbGYl', 'Thu Feb 23 2113','Tue Oct 16 2096','Bachelor degree') ;
INSERT INTO studyperiod values('golden-crayon@me.ca', 'ry1eM5rbGKx', 'Wed Jun 11 2087','Sat Jan 16 2072','Doctorate') ;
INSERT INTO studyperiod values('untidy-join@me.co', 'B1aG5HZfKl', 'Sat Nov 29 2092','Sun Aug 25 2086','Bachelor degree') ;
INSERT INTO studyperiod values('nebulous-start@mac.uk', 'B1BM9Sbftl', 'Wed Feb 22 2062','Sat Jul 07 2108','Secondary school diploma') ;
INSERT INTO studyperiod values('faulty-wren@sympatico.co', 'rJXzcSZztg', 'Fri Apr 01 2078','Tue Nov 28 2073','Doctorate') ;
INSERT INTO studyperiod values('white-pollution@videotron.io', 'Syjf9rWzYx', 'Thu Jan 15 2026','Thu Jul 03 2070','Secondary school diploma') ;
INSERT INTO studyperiod values('outstanding-stocking@hotmail.fr', 'BkTlM9S-ztx', 'Sat Nov 06 2049','Sat Sep 21 2109','Secondary school diploma') ;
INSERT INTO studyperiod values('needed-purpose@yahoo.uk', 'rJtWfqBWfYx', 'Sun Feb 04 2074','Mon Mar 21 2089','Doctorate') ;
INSERT INTO studyperiod values('keen-office@mac.uk', 'BJSgzcBZGtl', 'Fri Apr 11 2059','Wed Aug 14 2080','Secondary school diploma') ;
INSERT INTO studyperiod values('faulty-wren@sympatico.co', 'rJXWMcBZfFl', 'Fri Oct 18 2086','Thu Jul 18 2097','Secondary school diploma') ;
INSERT INTO studyperiod values('keen-office@mac.uk', 'Bk9z9BZfYx', 'Mon Jul 20 2071','Wed Dec 09 2037','Bachelor degree') ;
INSERT INTO studyperiod values('money-kiss@gmail.co', 'ry1eM5rbGKx', 'Sun May 26 2109','Sun Nov 22 2071','Cegep Diploma') ;
INSERT INTO studyperiod values('try-cemetery@videotron.uk', 'HkNzqB-MFe', 'Wed Apr 16 2031','Thu Nov 29 2096','Secondary school diploma') ;
INSERT INTO studyperiod values('macabre-tree@hotmail.com', 'rJxWGqSbGYx', 'Mon Mar 04 2041','Tue Jan 10 2023','Secondary school diploma') ;
INSERT INTO studyperiod values('fun-river@gmail.us', 'B1aG5HZfKl', 'Mon Dec 14 2093','Sun Dec 13 2099','Less than secondary school graduation') ;
INSERT INTO studyperiod values('lazy-nut@icloud.fr', 'HJcZz5HWzFe', 'Mon Oct 08 2018','Thu Jul 03 2092','Some postsecondary education') ;
INSERT INTO studyperiod values('nebulous-start@mac.uk', 'SySZMqBZfFe', 'Sat Nov 01 2110','Sat Jun 23 2046','Master degree') ;
INSERT INTO studyperiod values('workable-story@hotmail.fr', 'SJ2ef5B-GKl', 'Thu Jan 28 2027','Fri Jun 27 2110','Secondary school diploma') ;
INSERT INTO studyperiod values('helpful-porter@sympatico.ca', 'B1BM9Sbftl', 'Sun Dec 02 2035','Sat Nov 08 2059','Cegep Diploma') ;
INSERT INTO studyperiod values('cheerful-sheet@me.ca', 'B1BM9Sbftl', 'Tue Feb 22 2101','Fri Nov 27 2043','Master degree') ;
INSERT INTO studyperiod values('curved-foot@mac.fr', 'ry1eM5rbGKx', 'Thu Aug 27 2099','Thu Jun 29 2102','Doctorate') ;
INSERT INTO studyperiod values('lazy-nut@icloud.fr', 'B1BM9Sbftl', 'Sun Mar 25 2040','Tue Apr 17 2057','Secondary school diploma') ;
INSERT INTO studyperiod values('outstanding-stocking@hotmail.fr', 'Hy1fzqHZMKx', 'Sun Dec 05 2117','Mon Sep 24 2018','Less than secondary school graduation') ;
INSERT INTO studyperiod values('unknown-pizzas@icloud.us', 'S1xlM9r-MKe', 'Fri Mar 24 2090','Wed Nov 09 2112','Doctorate') ;
INSERT INTO studyperiod values('woebegone-coal@sympatico.com', 'SJ2ef5B-GKl', 'Sun Feb 03 2109','Sat Mar 23 2041','Doctorate') ;
INSERT INTO studyperiod values('rapid-space@hotmail.fr', 'rJXWMcBZfFl', 'Tue Dec 13 2033','Wed Feb 26 2048','Cegep Diploma') ;
