/* Script generated Mon Feb 13 2017 12:09:41 GMT-0500 (Eastern Standard Time)*/

DROP TABLE studyperiod CASCADE ;
DROP TABLE workperiod CASCADE ;
DROP TABLE message CASCADE ;
DROP TABLE commentreaction CASCADE ;
DROP TABLE comment CASCADE ;
DROP TABLE postreaction CASCADE ;
DROP TABLE post CASCADE ;
DROP TABLE wall CASCADE ;
DROP TABLE partof CASCADE ;
DROP TABLE follow CASCADE ;
DROP TABLE users CASCADE ;
DROP TABLE conversation CASCADE ;
DROP TABLE workplace CASCADE ;
DROP TABLE school CASCADE ;
DROP TABLE organization CASCADE ;
DROP TABLE location CASCADE ;
/* Script generated Mon Feb 13 2017 12:09:41 GMT-0500 (Eastern Standard Time)*/

CREATE TABLE location(city VARCHAR(50) NOT NULL, country VARCHAR(50) NOT NULL, PRIMARY KEY (city, country));
 \d location;
CREATE TABLE organization(org_id VARCHAR(20) NOT NULL UNIQUE, name VARCHAR(50), description VARCHAR(500), phone_number VARCHAR(50), address VARCHAR(50), email VARCHAR(254), city VARCHAR(50), country VARCHAR(50), PRIMARY KEY (org_id), FOREIGN KEY (city,country) REFERENCES location(city, country));
 \d organization;
CREATE TABLE school(org_id VARCHAR(20) NOT NULL UNIQUE, PRIMARY KEY (org_id), FOREIGN KEY (org_id) REFERENCES organization(org_id));
 \d school;
CREATE TABLE workplace(org_id VARCHAR(20) NOT NULL UNIQUE, PRIMARY KEY (org_id), FOREIGN KEY (org_id) REFERENCES organization(org_id));
 \d workplace;
CREATE TABLE conversation(convo_id VARCHAR(20) NOT NULL UNIQUE, name VARCHAR(50) NOT NULL, PRIMARY KEY (convo_id));
 \d conversation;
CREATE TABLE users(email VARCHAR(254) NOT NULL UNIQUE, first_name VARCHAR(50), last_name VARCHAR(50), birthday DATE, password VARCHAR(30), gender VARCHAR(50), city VARCHAR(50), country VARCHAR(50), PRIMARY KEY (email), FOREIGN KEY (city,country) REFERENCES location(city, country));
 \d users;
CREATE TABLE follow(follower VARCHAR(254) NOT NULL, followed_by VARCHAR(254) NOT NULL, since DATE NOT NULL, PRIMARY KEY (follower, followed_by), FOREIGN KEY (follower) REFERENCES users(email), FOREIGN KEY (followed_by) REFERENCES users(email));
 \d follow;
CREATE TABLE partof(email VARCHAR(254) NOT NULL, convo_id VARCHAR(20) NOT NULL, PRIMARY KEY (email, convo_id), FOREIGN KEY (email) REFERENCES users(email), FOREIGN KEY (convo_id) REFERENCES conversation(convo_id));
 \d partof;
CREATE TABLE wall(wall_id VARCHAR(20) NOT NULL UNIQUE, descr VARCHAR(500), permisson VARCHAR(25), email VARCHAR(254) NOT NULL, PRIMARY KEY (wall_id), FOREIGN KEY (email) REFERENCES users(email));
 \d wall;
CREATE TABLE post(pid VARCHAR(20) NOT NULL UNIQUE, wall_id VARCHAR(20) NOT NULL, email VARCHAR(254) NOT NULL, date DATE, text VARCHAR(2000), url VARCHAR(254), PRIMARY KEY (pid), FOREIGN KEY (wall_id) REFERENCES wall(wall_id), FOREIGN KEY (email) REFERENCES users(email));
 \d post;
CREATE TABLE postreaction(pid VARCHAR(20) NOT NULL, email VARCHAR(254) NOT NULL, type VARCHAR(200), PRIMARY KEY (pid, email), FOREIGN KEY (pid) REFERENCES post(pid), FOREIGN KEY (email) REFERENCES users(email));
 \d postreaction;
CREATE TABLE comment(cid VARCHAR(20) NOT NULL UNIQUE, pid VARCHAR(20) NOT NULL, email VARCHAR(254) NOT NULL, text VARCHAR(500) NOT NULL, time TIMESTAMP NOT NULL, PRIMARY KEY (cid));
 \d comment;
CREATE TABLE commentreaction(cid VARCHAR(20) NOT NULL, email VARCHAR(254) NOT NULL, type VARCHAR(200), PRIMARY KEY (cid, email), FOREIGN KEY (cid) REFERENCES comment(cid), FOREIGN KEY (email) REFERENCES users(email));
 \d commentreaction;
CREATE TABLE message(msg_id VARCHAR(20) NOT NULL UNIQUE, email VARCHAR(254) NOT NULL, convo_id VARCHAR(20) NOT NULL, time TIMESTAMP, content VARCHAR(500) NOT NULL, PRIMARY KEY (msg_id), FOREIGN KEY (email) REFERENCES users(email), FOREIGN KEY (convo_id) REFERENCES conversation(convo_id));
 \d message;
CREATE TABLE workperiod(email VARCHAR(254) NOT NULL, org_id VARCHAR(20) NOT NULL, from_date DATE NOT NULL, to_date DATE NOT NULL, job_title VARCHAR(50), PRIMARY KEY (email, org_id, from_date, to_date), FOREIGN KEY (email) REFERENCES users(email), FOREIGN KEY (org_id) REFERENCES organization(org_id));
 \d workperiod;
CREATE TABLE studyperiod(email VARCHAR(254) NOT NULL, org_id VARCHAR(20) NOT NULL, from_date DATE NOT NULL, to_date DATE NOT NULL, edu_level VARCHAR(50), PRIMARY KEY (email, org_id, from_date, to_date), FOREIGN KEY (email) REFERENCES users(email), FOREIGN KEY (org_id) REFERENCES organization(org_id));
 \d studyperiod;
/* Script generated Mon Feb 13 2017 12:09:41 GMT-0500 (Eastern Standard Time)*/

INSERT INTO location values('Lesce', 'Slovenia') ;
INSERT INTO location values('Tskhinvali', 'Georgia') ;
INSERT INTO location values('Tripoli', 'Lebanon') ;
INSERT INTO location values('Majuro', 'Marshall Islands') ;
INSERT INTO location values('Funafuti', 'Tuvalu') ;
INSERT INTO location values('Gigante', 'El Salvador') ;
INSERT INTO location values('Les Trois-Ilets', 'Martinique') ;
INSERT INTO location values('Le Carbet', 'Martinique') ;
INSERT INTO location values('County Wexford', 'Ireland') ;
INSERT INTO location values('Kilingi-Naµmme', 'Estonia') ;
INSERT INTO location values('The Valley', 'Anguilla') ;
INSERT INTO location values('Salisbury', 'Australia') ;
INSERT INTO location values('Pimentel', 'Peru') ;
INSERT INTO location values('Laudium', 'South Africa') ;
INSERT INTO location values('Pristina', 'Kosovo') ;
INSERT INTO location values('Bautista', 'Philippines') ;
INSERT INTO location values('Waimana', 'New Zealand') ;
INSERT INTO location values('Morogoro', 'Tanzania') ;
INSERT INTO location values('Paita', 'New Caledonia') ;
INSERT INTO location values('Sheung Tsuen', 'Hong Kong') ;
INSERT INTO location values('Agucadoura', 'Portugal') ;
INSERT INTO location values('Hvidovre', 'Denmark') ;
INSERT INTO location values('Tripoli', 'Libya') ;
INSERT INTO location values('Mawana', 'India') ;
INSERT INTO location values('Yap', 'Federated States of Micronesia') ;
INSERT INTO location values('Algard', 'Norway') ;
INSERT INTO location values('Nouville', 'New Caledonia') ;
INSERT INTO location values('Santa Rita', 'Paraguay') ;
INSERT INTO location values('Ar Rawdah', 'Egypt') ;
INSERT INTO location values('Ridder', 'Kazakhstan') ;
INSERT INTO location values('Mont-Dore', 'New Caledonia') ;
INSERT INTO location values('Safotulafai', 'Samoa') ;
INSERT INTO location values('Pyongyang', 'North Korea') ;
INSERT INTO location values('Oranjestad', 'Aruba') ;
INSERT INTO location values('Georgetown', 'Saint Vincent and the Grenadines') ;
INSERT INTO location values('Dammam', 'Saudi Arabia') ;
INSERT INTO location values('Petit Cayenne', 'French Guiana') ;
INSERT INTO location values('Novi Pazar', 'Bulgaria') ;
INSERT INTO location values('Emam', 'Iran') ;
INSERT INTO location values('Meierskappel', 'Switzerland') ;
INSERT INTO location values('Saint Helier', 'Jersey') ;
INSERT INTO location values('Mitrovica', 'Kosovo') ;
INSERT INTO location values('Linden', 'Guyana') ;
INSERT INTO location values('Mzuzu', 'Malawi') ;
INSERT INTO location values('Chinandega', 'Nicaragua') ;
INSERT INTO location values('Bamako', 'Mali') ;
INSERT INTO location values('Salem', 'Montserrat') ;
INSERT INTO location values('Abomey-Calavi', 'Benin') ;
INSERT INTO location values('Kanokupolu', 'Tonga') ;
INSERT INTO location values('Napier', 'South Africa') ;
/* Script generated Mon Feb 13 2017 12:09:41 GMT-0500 (Eastern Standard Time)*/

INSERT INTO users values('decent-ring@mac.io','Novelia','Ard','Thu Apr 18 1996', 'zoajhebizu','female','Funafuti','Tuvalu') ;
INSERT INTO users values('eatable-lunchroom@me.us','Giovanna','Ingrid','Fri Jan 30 1959', 'nefjekahza','female','Tskhinvali','Georgia') ;
INSERT INTO users values('chilly-throne@yahoo.uk','Sigrid','Edette','Mon Jul 30 1979', 'fucdazovbu','female','Les Trois-Ilets','Martinique') ;
INSERT INTO users values('knotty-pail@hotmail.uk','Meagan','Rubia','Sat Jan 29 1977', 'roromarjah','other','Tripoli','Libya') ;
INSERT INTO users values('spectacular-beginner@gmail.com','Vina','Garret','Thu Nov 26 1959', 'kapecnenit','male','Kilingi-Naµmme','Estonia') ;
INSERT INTO users values('worried-sink@gmail.com','Lexie','Tsai','Sun Nov 10 2002', 'elevogofgu','other','Kanokupolu','Tonga') ;
INSERT INTO users values('astute-bulb@sympatico.net','Wendeline','Prince','Mon Jan 20 1964', 'gevdibebro','male','Salem','Montserrat') ;
INSERT INTO users values('maxed-vest@gmail.fr','Katina','Hackathorn','Wed Apr 10 1985', 'tipdehdeus','male','Agucadoura','Portugal') ;
INSERT INTO users values('tiresome-turn@videotron.co','Dode','Torin','Fri Aug 06 2004', 'jobonheeda','other','Les Trois-Ilets','Martinique') ;
INSERT INTO users values('subsequent-slip@icloud.co','Darda','Thurmann','Mon Mar 17 1958', 'egodubupif','male','Tripoli','Libya') ;
INSERT INTO users values('tiny-toes@mac.net','Ofilia','Purington','Tue Sep 06 1983', 'culzenrepv','other','Tripoli','Libya') ;
INSERT INTO users values('smelly-change@videotron.com','Wendi','Biron','Tue Jan 16 1962', 'rorvupusar','other','Yap','Federated States of Micronesia') ;
INSERT INTO users values('worthy-point@videotron.io','Madelene','Thamora','Sat Mar 05 1949', 'ufgutafbut','male','Gigante','El Salvador') ;
INSERT INTO users values('gold-quartz@gmail.io','Cassandre','Orazio','Sat Apr 09 1988', 'puuwfejmit','male','Abomey-Calavi','Benin') ;
INSERT INTO users values('symptomatic-mountain@sympatico.fr','Britta','Fabio','Thu May 19 1966', 'ziovkukjiw','female','Sheung Tsuen','Hong Kong') ;
INSERT INTO users values('slick-event@gmail.uk','Danika','Coraline','Sun Feb 19 1984', 'tefvuzhasp','male','Napier','South Africa') ;
INSERT INTO users values('good-bell@me.com','Ginelle','Kowatch','Thu Jun 10 2004', 'rokculbece','male','Lesce','Slovenia') ;
INSERT INTO users values('tedious-substance@hotmail.com','Bernadina','McNelly','Fri Aug 30 1985', 'apudijmorw','other','Lesce','Slovenia') ;
INSERT INTO users values('scientific-steam@sympatico.com','Phylis','Anabelle','Sat Jul 11 1959', 'dekignimab','other','Chinandega','Nicaragua') ;
INSERT INTO users values('bitter-believe@yahoo.fr','Jerrilyn','Roselle','Fri Feb 02 1945', 'lapamemisp','female','Emam','Iran') ;
INSERT INTO users values('wet-hope@gmail.com','Jodi','Ashely','Thu Jan 21 1954', 'hekjecodew','other','Tripoli','Lebanon') ;
INSERT INTO users values('potent-bag@videotron.uk','Sheeree','Celie','Sun Jul 14 1946', 'pezahfourg','female','Mont-Dore','New Caledonia') ;
INSERT INTO users values('acoustic-orange@hotmail.us','Bert','Remde','Thu Feb 01 1945', 'lihonterek','other','Napier','South Africa') ;
INSERT INTO users values('fuscia-potato@videotron.com','Meara','Lippold','Sun May 29 2011', 'omuloikoig','male','Georgetown','Saint Vincent and the Grenadines') ;
INSERT INTO users values('outgoing-argument@icloud.net','Janelle','Ferdinanda','Wed Sep 07 2016', 'ibfilacetf','other','Emam','Iran') ;
INSERT INTO users values('flippant-snakes@yahoo.io','June','Vincenz','Sat Feb 20 1971', 'wutizegegi','other','Agucadoura','Portugal') ;
INSERT INTO users values('nifty-bell@icloud.net','Daffi','Wharton','Wed Apr 06 1977', 'jizuetcame','female','Hvidovre','Denmark') ;
INSERT INTO users values('poor-government@gmail.com','Fawne','Bilicki','Thu Mar 31 2005', 'umlobgefaz','other','Gigante','El Salvador') ;
INSERT INTO users values('vogue-son@icloud.uk','Lianna','Taveda','Wed Sep 19 2007', 'jadpacfucu','other','Dammam','Saudi Arabia') ;
INSERT INTO users values('grey-chicken@me.co','Ariella','Shaum','Sun Aug 25 1946', 'osezusibsa','other','Mzuzu','Malawi') ;
INSERT INTO users values('closed-party@icloud.ca','Nettle','Buckley','Fri Jun 27 1952', 'pofofuvuci','male','Oranjestad','Aruba') ;
INSERT INTO users values('moonlit-hospital@yahoo.com','Danyette','Terina','Wed Oct 07 1992', 'redsotijol','female','Abomey-Calavi','Benin') ;
INSERT INTO users values('doubtful-watch@gmail.uk','Rebeca','Maryly','Wed Oct 31 2001', 'dihsazcoki','female','Pimentel','Peru') ;
INSERT INTO users values('primo-dock@videotron.co','Odessa','Kilroy','Sun Jan 08 1967', 'nelarivowa','other','Majuro','Marshall Islands') ;
INSERT INTO users values('posh-sheet@me.com','Una','Wivestad','Mon Sep 29 1980', 'caseboteva','female','Tripoli','Libya') ;
INSERT INTO users values('black-cup@icloud.com','Liliane','Vivyan','Mon Dec 31 2012', 'fizzucisig','other','Bamako','Mali') ;
INSERT INTO users values('liked-plate@icloud.ca','Carmine','Carny','Sat May 27 1995', 'otoretirel','male','Salisbury','Australia') ;
INSERT INTO users values('novel-bomb@hotmail.uk','Nanon','Luigi','Mon Jan 30 1978', 'puheiksinu','female','Le Carbet','Martinique') ;
INSERT INTO users values('acid-worm@yahoo.uk','Cathrine','Uird','Tue Mar 19 1940', 'cervefuhop','female','Bamako','Mali') ;
INSERT INTO users values('exuberant-knot@hotmail.net','Janela','Hellman','Tue Feb 25 1941', 'pegipincee','female','Oranjestad','Aruba') ;
INSERT INTO users values('dashing-ring@sympatico.fr','Clementina','Darcy','Fri Nov 17 1961', 'vulwezcacw','other','Pristina','Kosovo') ;
INSERT INTO users values('mean-men@hotmail.co','Adrianna','Opalina','Wed Apr 14 1982', 'hugawahaze','female','Laudium','South Africa') ;
INSERT INTO users values('chic-wrist@icloud.io','Drusilla','Cornie','Sat Jan 12 1985', 'gugibonoct','female','Linden','Guyana') ;
INSERT INTO users values('glad-smoke@sympatico.com','Aila','Alverson','Tue Nov 20 1945', 'sokuvogemo','female','Bautista','Philippines') ;
INSERT INTO users values('female-fog@gmail.us','Ceciley','Crutcher','Sun Oct 09 2005', 'uweunatufr','male','Bamako','Mali') ;
INSERT INTO users values('coherent-thumb@hotmail.us','Gayel','Oshinski','Sat Jan 12 1946', 'ugucuvimow','male','Santa Rita','Paraguay') ;
INSERT INTO users values('fast-frogs@icloud.net','Adeline','Chelsie','Fri Jan 30 2004', 'cucuggicju','other','Hvidovre','Denmark') ;
INSERT INTO users values('volatile-icicle@yahoo.co','Felicdad','Barnard','Wed Jun 20 2012', 'veiheissia','other','Yap','Federated States of Micronesia') ;
INSERT INTO users values('third-hydrant@gmail.fr','Cherin','Belloir','Sat Oct 12 1985', 'tumotreopk','female','Bamako','Mali') ;
INSERT INTO users values('nimble-letters@me.com','Sascha','Mic','Tue Dec 14 1999', 'zozwezleud','other','County Wexford','Ireland') ;
/* Script generated Mon Feb 13 2017 12:09:41 GMT-0500 (Eastern Standard Time)*/

INSERT INTO organization values('SJCIOv1Kg','snobbish hope','Irure tempor cupidatat sunt sit cillum tempor do excepteur reprehenderit irure proident.','(512) 572-4452', '1879 Rekat River','snobbish-hope@yahoo.net','Dammam','Saudi Arabia') ;
INSERT INTO organization values('BJxCU_v1Kx','purring act','Commodo deserunt mollit est occaecat.','(932) 409-9464', '1618 Kine Grove','purring-act@hotmail.com','Waimana','New Zealand') ;
INSERT INTO organization values('rJWRUOwkFg','pretty hobbies','Sunt nulla esse qui labore mollit ullamco exercitation sunt.','(814) 920-6408', '355 Vile Terrace','pretty-hobbies@mac.ca','Petit Cayenne','French Guiana') ;
INSERT INTO organization values('rJMALuwyYe','silky soup','Mollit laborum duis magna sint laboris cillum fugiat.','(921) 712-5572', '1539 Jewajo Mill','silky-soup@hotmail.fr','Pristina','Kosovo') ;
INSERT INTO organization values('ByXRLdv1Kg','piquant force','Lorem voluptate exercitation commodo pariatur aute sunt excepteur aliquip occaecat esse et excepteur non laboris.','(327) 691-6947', '999 Haplo Circle','piquant-force@hotmail.net','Laudium','South Africa') ;
INSERT INTO organization values('H1ECUuDJte','ashamed circle','Tempor commodo consequat voluptate commodo nisi laborum mollit id in excepteur ullamco anim duis.','(411) 753-3004', '1450 Orewe Center','ashamed-circle@me.co','Georgetown','Saint Vincent and the Grenadines') ;
INSERT INTO organization values('SJSAUuD1Yg','abashed pancake','Labore mollit qui anim sunt dolore voluptate.','(882) 624-3103', '90 Ehoper Way','abashed-pancake@mac.co','Santa Rita','Paraguay') ;
INSERT INTO organization values('H1UCUODJte','great fowl','Elit elit dolor ea minim officia Lorem.','(607) 697-4185', '471 Zagop Way','great-fowl@hotmail.io','Linden','Guyana') ;
INSERT INTO organization values('rJvCUOvJtl','comfortable skate','Qui cupidatat proident dolor dolore aliquip.','(642) 621-3302', '130 Sirsaf Glen','comfortable-skate@me.co','Ridder','Kazakhstan') ;
INSERT INTO organization values('HkuAL_vJKe','scarce knowledge','Officia aliqua commodo Lorem do proident fugiat incididunt do.','(331) 677-4997', '39 Fifu Boulevard','scarce-knowledge@icloud.fr','Abomey-Calavi','Benin') ;
INSERT INTO organization values('BJYR8_wyFg','mighty mouth','Do reprehenderit culpa voluptate cillum ea exercitation id magna dolore Lorem.','(881) 222-1141', '1532 Pedcil Loop','mighty-mouth@yahoo.us','Chinandega','Nicaragua') ;
INSERT INTO organization values('Sy9CU_vyFx','temporary railway','Ipsum non in ipsum anim dolor commodo occaecat ut exercitation labore.','(953) 931-1954', '1711 Sapim Circle','temporary-railway@me.uk','Nouville','New Caledonia') ;
INSERT INTO organization values('BJiAIuvyYg','hellish cellar','Dolore quis aute aliqua Lorem tempor proident duis non cillum officia ullamco.','(513) 470-5804', '945 Bozer Mill','hellish-cellar@hotmail.io','Waimana','New Zealand') ;
INSERT INTO organization values('rJhCL_wkKe','sole gold','Anim excepteur sint Lorem aliquip.','(580) 310-8105', '1897 Susfaf Road','sole-gold@icloud.ca','Morogoro','Tanzania') ;
INSERT INTO organization values('H1a0LuvJtl','secretive need','Eiusmod ea cupidatat deserunt enim deserunt incididunt aliquip.','(788) 507-5653', '1612 Dibwe Extension','secretive-need@yahoo.ca','Safotulafai','Samoa') ;
INSERT INTO organization values('rk0AUOwkKg','awful lock','Officia dolor commodo amet eiusmod commodo.','(734) 609-8859', '573 Sifza Park','awful-lock@yahoo.co','County Wexford','Ireland') ;
INSERT INTO organization values('SyJg0LdvJtg','rare cats','Nulla irure aute incididunt nostrud tempor nulla in non velit.','(220) 619-3122', '1908 Webos Way','rare-cats@gmail.co','Lesce','Slovenia') ;
INSERT INTO organization values('ryegRU_DyKe','overrated home','Duis consectetur deserunt aliquip ipsum laborum do culpa esse nostrud veniam magna et.','(458) 977-2112', '96 Buske Square','overrated-home@yahoo.com','Agucadoura','Portugal') ;
INSERT INTO organization values('ByblAUuD1Fx','wiggly twist','Consequat nisi commodo Lorem sunt do esse consequat ullamco ut ea dolor culpa quis reprehenderit.','(850) 832-4564', '1262 Marew Highway','wiggly-twist@yahoo.net','Novi Pazar','Bulgaria') ;
INSERT INTO organization values('S1GlAIOwkYl','end car','Tempor incididunt fugiat fugiat qui aliqua anim Lorem laborum mollit aliqua commodo irure aliqua do.','(477) 802-5878', '770 Vahor Pike','end-car@me.co','Salisbury','Australia') ;
INSERT INTO organization values('rJQx0I_vJtx','adept chess','Ullamco ex commodo ea velit nostrud reprehenderit consequat.','(634) 616-9308', '1074 Pisiv Place','adept-chess@me.io','Salisbury','Australia') ;
INSERT INTO organization values('ryExCU_DJFx','cagey health','Voluptate aliquip ea aliqua qui veniam ea Lorem ex adipisicing elit veniam commodo voluptate magna.','(631) 300-7340', '1061 Anogu Parkway','cagey-health@mac.us','The Valley','Anguilla') ;
INSERT INTO organization values('HyHeCIdwJFg','tangy talk','Sint laborum nulla irure ad.','(846) 457-6067', '103 Arman Manor','tangy-talk@videotron.uk','Mzuzu','Malawi') ;
INSERT INTO organization values('H1LgRUOwyFe','solid field','Irure fugiat ullamco culpa mollit magna nisi.','(615) 807-8864', '298 Vutowe Road','solid-field@yahoo.ca','Le Carbet','Martinique') ;
INSERT INTO organization values('rkve0IOD1te','whole tramp','Mollit irure ullamco dolor duis veniam eiusmod excepteur sunt non.','(418) 528-8649', '366 Gesok Court','whole-tramp@sympatico.fr','Mzuzu','Malawi') ;
INSERT INTO organization values('BJ_lAUdw1Yl','delirious grandmother','Culpa ut labore labore exercitation dolor qui officia ad sunt ut proident.','(308) 755-6953', '282 Icnac Path','delirious-grandmother@me.fr','Laudium','South Africa') ;
INSERT INTO organization values('S1te0UOwyYe','pretty plate','Elit est velit cupidatat esse amet velit labore aliquip voluptate reprehenderit nostrud qui non ea.','(489) 842-2172', '1890 Tucfo River','pretty-plate@icloud.uk','Dammam','Saudi Arabia') ;
INSERT INTO organization values('Hk5lA8OD1Fg','bent bag','Qui irure ipsum ut magna deserunt incididunt ut.','(967) 845-7696', '1920 Wezgaf Court','bent-bag@icloud.com','Salem','Montserrat') ;
INSERT INTO organization values('H1il0UuvJYl','rapid dime','Consequat duis do eiusmod veniam commodo incididunt amet voluptate.','(610) 513-7763', '990 Isdat Heights','rapid-dime@videotron.fr','Algard','Norway') ;
INSERT INTO organization values('rknlCUuwyFx','joyous insurance','Dolor deserunt dolor culpa occaecat aliquip est tempor minim nostrud cupidatat sint.','(371) 743-6214', '1273 Lajgeg Circle','joyous-insurance@icloud.co','Lesce','Slovenia') ;
INSERT INTO organization values('S1axCUuwyYl','imminent dinner','Nulla eiusmod minim elit pariatur proident nulla anim dolor anim nostrud aliquip incididunt occaecat.','(530) 819-8591', '1177 Movij Junction','imminent-dinner@me.ca','Ar Rawdah','Egypt') ;
INSERT INTO organization values('H1Ce0LuDkFx','glamorous cabbage','Tempor non commodo irure dolor fugiat.','(566) 396-6247', '345 Maha Avenue','glamorous-cabbage@yahoo.co','Salem','Montserrat') ;
INSERT INTO organization values('rJJbRU_wyFg','square pump','Id ullamco eu est elit veniam laboris ad ipsum pariatur laborum.','(664) 306-9111', '16 Icnu Court','square-pump@sympatico.fr','Abomey-Calavi','Benin') ;
INSERT INTO organization values('HJg-RI_P1Yg','makeshift boy','Ea occaecat duis cillum incididunt elit eu ullamco ut tempor anim sunt nostrud.','(585) 748-4120', '1450 Cusam Glen','makeshift-boy@hotmail.com','Pristina','Kosovo') ;
INSERT INTO organization values('B1-ZCLuDktl','exuberant curve','Eu do in nulla ex voluptate do exercitation dolore ea sint sunt nostrud labore ea.','(860) 836-7979', '1889 Meka Center','exuberant-curve@yahoo.uk','Emam','Iran') ;
INSERT INTO organization values('HJMWA8dwJtg','piquant hot','Commodo esse id amet proident sunt mollit exercitation eiusmod reprehenderit incididunt labore consequat.','(800) 240-4030', '795 Opuso Place','piquant-hot@yahoo.fr','Petit Cayenne','French Guiana') ;
INSERT INTO organization values('B17b0IOvkKl','obtainable sort','Cillum eu reprehenderit id proident cupidatat est proident aliquip ad do quis veniam.','(805) 488-5096', '1900 Ugohi Heights','obtainable-sort@me.ca','Tripoli','Libya') ;
INSERT INTO organization values('SJEWRLuPyKg','general jelly','Tempor ex occaecat esse culpa dolore consectetur ullamco ex laborum fugiat.','(680) 774-7526', '845 Zeap Drive','general-jelly@gmail.net','Mont-Dore','New Caledonia') ;
INSERT INTO organization values('B1rWC8_wyKx','hunky increase','Tempor nulla et ullamco eu.','(207) 333-2165', '1213 Azawor Boulevard','hunky-increase@yahoo.uk','Gigante','El Salvador') ;
INSERT INTO organization values('SkLbAIuw1tg','gentle pigs','Sint aute eu non ipsum elit.','(254) 638-2559', '1060 Fogop Plaza','gentle-pigs@sympatico.uk','Ridder','Kazakhstan') ;
INSERT INTO organization values('B1PW0LdwkFg','different shoes','Pariatur enim fugiat et cupidatat reprehenderit ex elit qui consectetur est.','(669) 472-3872', '667 Gansa Road','different-shoes@videotron.fr','Salisbury','Australia') ;
INSERT INTO organization values('Hy_ZRLdDkFg','aromatic cakes','Aliquip culpa proident aliqua laborum reprehenderit ea nostrud.','(961) 316-9323', '1042 Dazbir Square','aromatic-cakes@me.io','Kanokupolu','Tonga') ;
INSERT INTO organization values('H1tWCLdD1Kg','bumpy yak','Amet esse laboris amet reprehenderit aliquip duis aliqua nulla.','(449) 685-2031', '17 Weuw Turnpike','bumpy-yak@yahoo.us','Safotulafai','Samoa') ;
INSERT INTO organization values('SkcWRLOwJtx','abstracted front','Proident qui exercitation in veniam commodo in consequat tempor commodo.','(484) 819-5492', '1858 Imives Place','abstracted-front@videotron.ca','Funafuti','Tuvalu') ;
INSERT INTO organization values('ryjZ0UuDytl','exuberant chess','Consequat qui eiusmod sunt ad anim anim.','(852) 771-8704', '734 Misap Place','exuberant-chess@mac.co','Petit Cayenne','French Guiana') ;
INSERT INTO organization values('S1nbAU_P1Kl','grandiose science','Sint commodo cillum esse dolore dolore incididunt exercitation mollit sit excepteur commodo.','(838) 763-2654', '680 Datawe Drive','grandiose-science@videotron.fr','Napier','South Africa') ;
INSERT INTO organization values('ryTbRIOvyFx','ajar bikes','Ea eu quis cupidatat aute officia excepteur reprehenderit commodo aute et cillum qui amet.','(382) 395-6447', '1826 Ehpa Place','ajar-bikes@sympatico.ca','Linden','Guyana') ;
INSERT INTO organization values('ByCZ0LuDktl','didactic afternoon','Ullamco nulla laborum nulla mollit occaecat.','(579) 511-4980', '1388 Ivilaj Highway','didactic-afternoon@gmail.uk','Tripoli','Libya') ;
INSERT INTO organization values('r1yMAIOPyKl','grieving grass','Nisi id laboris minim amet irure nostrud quis excepteur tempor.','(579) 925-5918', '1347 Coaj River','grieving-grass@videotron.com','Napier','South Africa') ;
INSERT INTO organization values('B1eMC8OwkYl','can scent','Sunt veniam aliqua officia magna irure occaecat sint aliquip id cillum anim.','(512) 430-6796', '523 Bolme Terrace','can-scent@gmail.com','Linden','Guyana') ;
/* Script generated Mon Feb 13 2017 12:09:41 GMT-0500 (Eastern Standard Time)*/

INSERT INTO conversation values('rkWfCIuDJtl','furtive tiger') ;
INSERT INTO conversation values('r1zzRIdPkKl','guttural distribution') ;
INSERT INTO conversation values('SkmzAUdDkKg','actual blow') ;
INSERT INTO conversation values('B1VzCL_wkFl','knowledgeable payment') ;
INSERT INTO conversation values('rJBGCUdwkKl','fuzzy cracker') ;
INSERT INTO conversation values('SJLGAI_vJYe','cute button') ;
INSERT INTO conversation values('rJwMC8uwktx','damp fire') ;
INSERT INTO conversation values('r1dGCU_DJFx','boring hat') ;
INSERT INTO conversation values('HkKfCUuDkYe','fleet mark') ;
INSERT INTO conversation values('ry9fAI_PJte','lying linen') ;
INSERT INTO conversation values('Byjz0Ldw1Fg','mean birthday') ;
INSERT INTO conversation values('Sk3MAIOD1tl','expensive stocking') ;
INSERT INTO conversation values('HyTMAIOP1Fe','murky cherries') ;
INSERT INTO conversation values('BJRzC8OD1Yl','nine cherries') ;
INSERT INTO conversation values('ry17A8uvkte','mundane branch') ;
INSERT INTO conversation values('H1eQ0UuPJYx','literate land') ;
INSERT INTO conversation values('BkbXA8OD1Yg','murky attraction') ;
INSERT INTO conversation values('BJz7AIdv1Yx','magical throat') ;
INSERT INTO conversation values('Sym70UuP1Kl','perfect end') ;
INSERT INTO conversation values('ByVmRLuDJKx','grateful industry') ;
INSERT INTO conversation values('rJB70IuPJKe','wide recess') ;
INSERT INTO conversation values('ByU7RIdDytg','rosy discovery') ;
INSERT INTO conversation values('BJP7RLdPyKx','decorous donkey') ;
INSERT INTO conversation values('rydm0LuPyKx','watery afternoon') ;
INSERT INTO conversation values('BytQAUuD1Kl','stimulating geese') ;
INSERT INTO conversation values('B1qm0IdvJYg','offbeat mask') ;
INSERT INTO conversation values('Byjm08uvJFg','cooing pancake') ;
INSERT INTO conversation values('Hy3QC8_wkte','chummy quiet') ;
INSERT INTO conversation values('rya70L_D1Kg','curious push') ;
INSERT INTO conversation values('SyAXAIuP1tg','obsolete station') ;
INSERT INTO conversation values('Byk4R8_PkYl','interesting volcano') ;
INSERT INTO conversation values('H1g40Udv1Yx','overrated stove') ;
INSERT INTO conversation values('BJZEALdP1tg','drab giants') ;
INSERT INTO conversation values('B1zVCUODJKx','habitual donkey') ;
INSERT INTO conversation values('rJ74AUdw1Kl','filthy drop') ;
INSERT INTO conversation values('rJEVC8uDkFe','accurate hall') ;
INSERT INTO conversation values('SJHE0LuP1te','flippant hands') ;
INSERT INTO conversation values('SkU4C8_D1Kl','khaki alarm') ;
INSERT INTO conversation values('BywVRLdP1Fe','quixotic loaf') ;
INSERT INTO conversation values('SJdV0IuDJKx','regal twist') ;
INSERT INTO conversation values('rkYNRIOvyYe','spectacular distance') ;
INSERT INTO conversation values('HJcVRU_PkKl','repulsive trousers') ;
INSERT INTO conversation values('SyiVCLuD1tx','diligent hot') ;
INSERT INTO conversation values('B13V0Ldv1Ke','moaning guide') ;
INSERT INTO conversation values('BJ6EALdw1Ye','confused use') ;
INSERT INTO conversation values('S1AVAUODJYl','closed son') ;
INSERT INTO conversation values('ry1B08dvyKl','woebegone hope') ;
INSERT INTO conversation values('rJlSAUODJtx','bewildered power') ;
INSERT INTO conversation values('r1bHCUuwyFe','potent road') ;
INSERT INTO conversation values('HJMSRUdDyFx','odd argument') ;
/* Script generated Mon Feb 13 2017 12:09:41 GMT-0500 (Eastern Standard Time)*/

INSERT INTO wall values('HJ7BRLdDkKe','In sint proident aliquip sunt eu mollit officia culpa culpa ex irure laboris.','Private/Mutual','outgoing-argument@icloud.net') ;
INSERT INTO wall values('B14BAL_P1Fx','Adipisicing excepteur enim laboris eu consectetur ad Lorem non dolore ut proident.','Private/Followed','chic-wrist@icloud.io') ;
INSERT INTO wall values('SkSrCIdPJte','Exercitation officia consequat amet velit tempor fugiat.','Private/Followed','flippant-snakes@yahoo.io') ;
INSERT INTO wall values('HkIBC8_P1tl','Laboris quis in reprehenderit mollit consequat ea magna elit Lorem velit laborum.','Follower/Follower','vogue-son@icloud.uk') ;
INSERT INTO wall values('BkwH0I_DkYx','Incididunt nisi veniam sint est veniam voluptate velit laboris adipisicing et duis in.','Public/Public','smelly-change@videotron.com') ;
INSERT INTO wall values('HyOrRI_PJKx','Laborum voluptate id eiusmod ipsum non eu velit Lorem et consequat id elit laborum labore.','Private/Private','tedious-substance@hotmail.com') ;
INSERT INTO wall values('B1KBRUdvktx','Consequat ut aliquip elit minim esse esse eu elit deserunt fugiat excepteur amet reprehenderit.','Followed/Public','posh-sheet@me.com') ;
INSERT INTO wall values('BJcH0IuD1Yx','Duis sunt in tempor cupidatat amet esse sint in dolor velit incididunt nisi.','Followed/Followed','liked-plate@icloud.ca') ;
INSERT INTO wall values('B1jB0UOD1Yx','In laborum do dolore elit ex.','Private/Private','acoustic-orange@hotmail.us') ;
INSERT INTO wall values('BJ3BRUOPkFl','Anim cupidatat sint culpa consequat nulla id ipsum ad nisi id adipisicing exercitation dolore.','Private/Public','eatable-lunchroom@me.us') ;
INSERT INTO wall values('B1TSCUOv1Kx','Do anim esse mollit id consectetur id anim pariatur dolore cupidatat.','Private/Mutual','mean-men@hotmail.co') ;
INSERT INTO wall values('HJArRIOPJKl','Excepteur veniam pariatur est ullamco qui ullamco ex commodo officia mollit aliqua incididunt.','Private/Private','wet-hope@gmail.com') ;
INSERT INTO wall values('ByJ8RUdPyYe','Nostrud eiusmod irure ullamco cillum.','Private/Private','eatable-lunchroom@me.us') ;
INSERT INTO wall values('ByxI08dwkYl','Commodo Lorem quis duis nostrud ea.','Follower/Public','liked-plate@icloud.ca') ;
INSERT INTO wall values('r1-8AUODyFg','Quis in ipsum cillum laboris.','Private/Mutual','tedious-substance@hotmail.com') ;
INSERT INTO wall values('Hyf8RLOw1tl','Ut laboris aute sunt reprehenderit non dolore occaecat laboris.','Follower/Follower','tedious-substance@hotmail.com') ;
INSERT INTO wall values('BJX8AIdPkFx','Adipisicing aliqua quis cillum dolor incididunt adipisicing aliquip eu reprehenderit.','Mutual/Mutual','smelly-change@videotron.com') ;
INSERT INTO wall values('HkE8CLdwkte','Ipsum et qui quis labore culpa nostrud ullamco ipsum adipisicing.','Private/Followed','potent-bag@videotron.uk') ;
INSERT INTO wall values('BJS8CIOvJKg','Elit laborum labore esse proident in.','Private/Mutual','flippant-snakes@yahoo.io') ;
INSERT INTO wall values('ByUUCUuPkKg','Ipsum velit ullamco cillum proident et.','Public/Public','mean-men@hotmail.co') ;
INSERT INTO wall values('S1vLAIuvJKe','Aliquip ad ipsum anim deserunt dolore exercitation amet eu aliqua duis mollit sunt.','Private/Mutual','tiny-toes@mac.net') ;
INSERT INTO wall values('S1_LRU_DyYl','Mollit anim officia enim nulla aute id.','Private/Mutual','chilly-throne@yahoo.uk') ;
INSERT INTO wall values('H1YLC8_DyFg','Pariatur velit cillum id cupidatat.','Mutual/Public','novel-bomb@hotmail.uk') ;
INSERT INTO wall values('SJc8RIdvyYg','Et irure exercitation occaecat tempor esse aliquip dolor commodo ullamco culpa sint est amet.','Followed/Public','chic-wrist@icloud.io') ;
INSERT INTO wall values('Hki80Ldwyte','Eu labore tempor veniam commodo reprehenderit amet irure ut aliqua eu velit in.','Mutual/Public','dashing-ring@sympatico.fr') ;
INSERT INTO wall values('H1n80L_vkFl','Nostrud labore id ullamco mollit Lorem nisi dolor sunt veniam ullamco.','Private/Followed','good-bell@me.com') ;
INSERT INTO wall values('B1p80U_wJYx','Cupidatat ut aliquip enim commodo.','Private/Mutual','potent-bag@videotron.uk') ;
INSERT INTO wall values('HJRUCIOP1Fx','Mollit officia exercitation occaecat irure culpa ad ullamco proident labore aute magna.','Private/Follower','grey-chicken@me.co') ;
INSERT INTO wall values('r1JPR8_vJFx','Consectetur ad laborum dolor non aute cupidatat cupidatat duis irure ad duis occaecat.','Followed/Followed','eatable-lunchroom@me.us') ;
INSERT INTO wall values('rylvRLdvJtl','Et culpa culpa quis anim sint incididunt.','Follower/Public','tedious-substance@hotmail.com') ;
INSERT INTO wall values('B1-DALODktg','Officia tempor consequat cupidatat do sit reprehenderit anim dolore veniam proident id in.','Follower/Follower','gold-quartz@gmail.io') ;
INSERT INTO wall values('SJfwALdvkKg','Proident id ut irure veniam consequat aliqua magna sit eiusmod consequat aute exercitation nisi.','Public/Public','maxed-vest@gmail.fr') ;
INSERT INTO wall values('Hy7w0L_vytl','Incididunt in eiusmod labore quis enim duis.','Private/Follower','scientific-steam@sympatico.com') ;
INSERT INTO wall values('SyEDCLdD1tl','Cupidatat occaecat ullamco nulla cillum exercitation minim magna ullamco reprehenderit voluptate.','Public/Public','gold-quartz@gmail.io') ;
INSERT INTO wall values('rkSDALdPktg','Enim do est ad reprehenderit aliquip duis.','Followed/Followed','fuscia-potato@videotron.com') ;
INSERT INTO wall values('ryIv08OwJtl','Officia nulla non nulla minim sunt laboris aliqua labore culpa fugiat cillum est.','Mutual/Mutual','volatile-icicle@yahoo.co') ;
INSERT INTO wall values('rJDwRIuDkYe','Eu occaecat officia occaecat eiusmod sunt minim esse qui sunt.','Followed/Public','third-hydrant@gmail.fr') ;
INSERT INTO wall values('B1dv0Idwytx','Sit et minim do commodo nisi magna Lorem nulla est nulla.','Followed/Public','doubtful-watch@gmail.uk') ;
INSERT INTO wall values('BkKwAUdDkKl','Consectetur nisi enim occaecat consequat pariatur sunt laborum sunt exercitation nostrud elit.','Follower/Public','vogue-son@icloud.uk') ;
INSERT INTO wall values('S1qwAUuD1tl','Aliqua non aute elit anim incididunt non dolor.','Private/Private','scientific-steam@sympatico.com') ;
INSERT INTO wall values('SyivAUdwJtg','Elit est mollit sint ipsum veniam eiusmod.','Followed/Followed','fast-frogs@icloud.net') ;
INSERT INTO wall values('rknvRIODJtx','Nulla in magna Lorem proident velit sit labore qui eiusmod.','Private/Follower','flippant-snakes@yahoo.io') ;
INSERT INTO wall values('HyawCI_vJYe','Amet nulla aliqua elit aute adipisicing dolore do est ea anim labore in sunt.','Followed/Public','liked-plate@icloud.ca') ;
INSERT INTO wall values('Sy0v0U_PJKl','Adipisicing magna officia consectetur cupidatat duis.','Private/Public','good-bell@me.com') ;
INSERT INTO wall values('H1JdRLuvJtg','Ex consectetur consectetur elit do enim anim excepteur incididunt.','Private/Private','posh-sheet@me.com') ;
INSERT INTO wall values('HJeuALODyKx','Irure reprehenderit qui voluptate deserunt nulla exercitation pariatur do consectetur.','Follower/Follower','primo-dock@videotron.co') ;
INSERT INTO wall values('HkbuAUuwytg','Est est ut nostrud mollit tempor.','Private/Follower','bitter-believe@yahoo.fr') ;
INSERT INTO wall values('r1M_0U_DyFx','Ea qui ut veniam nisi.','Private/Followed','good-bell@me.com') ;
INSERT INTO wall values('HJm_CLuv1Fe','Mollit nulla commodo qui et fugiat labore duis consectetur enim anim excepteur ad.','Followed/Followed','slick-event@gmail.uk') ;
INSERT INTO wall values('SyV_0IOw1Kg','Sint ullamco ipsum sunt veniam enim irure.','Private/Public','gold-quartz@gmail.io') ;
INSERT INTO wall values('rkH_CIuD1Ye','Tempor officia commodo in id occaecat nisi qui voluptate dolore labore ipsum qui aliqua dolor.','Private/Public','decent-ring@mac.io') ;
INSERT INTO wall values('SkLdRLuPJYe','Commodo ut esse irure sit eu laboris dolor reprehenderit sunt aliquip pariatur.','Followed/Public','eatable-lunchroom@me.us') ;
INSERT INTO wall values('Bkw_0LdvJYx','Proident et pariatur reprehenderit duis nostrud cillum Lorem occaecat minim mollit eiusmod dolor.','Private/Private','chilly-throne@yahoo.uk') ;
INSERT INTO wall values('r1udCIuDkKx','Nisi anim duis ut id dolore aute nostrud nulla velit eiusmod labore.','Followed/Followed','knotty-pail@hotmail.uk') ;
INSERT INTO wall values('ByK_RUuDktl','Pariatur magna laboris officia duis in mollit labore occaecat est nulla dolor sit cupidatat.','Private/Mutual','spectacular-beginner@gmail.com') ;
INSERT INTO wall values('SkcOALOwyYl','Cillum deserunt velit ullamco officia cillum laborum irure voluptate id irure fugiat consectetur.','Private/Public','worried-sink@gmail.com') ;
INSERT INTO wall values('HJiOA8_PkYl','Irure nostrud duis mollit occaecat incididunt veniam elit sit sit Lorem ut nulla nisi.','Mutual/Mutual','astute-bulb@sympatico.net') ;
INSERT INTO wall values('BkndRLOw1Fe','Aute pariatur et laboris duis minim ea excepteur minim in.','Private/Followed','maxed-vest@gmail.fr') ;
INSERT INTO wall values('r16_RUdPkKe','Ut consectetur mollit elit ad sunt exercitation sint ex amet eiusmod magna cillum dolore.','Mutual/Public','tiresome-turn@videotron.co') ;
INSERT INTO wall values('HyCuAU_P1Fe','Aute cillum in fugiat fugiat eiusmod sit excepteur ipsum irure sit.','Mutual/Mutual','subsequent-slip@icloud.co') ;
INSERT INTO wall values('B1yt0LOvJYg','Dolor nulla nisi cupidatat voluptate dolor et sunt elit ullamco ex reprehenderit tempor eu excepteur.','Private/Mutual','tiny-toes@mac.net') ;
INSERT INTO wall values('SygYCIOvkte','Velit esse ea dolore incididunt est ex dolor ad amet laboris pariatur consectetur.','Follower/Public','smelly-change@videotron.com') ;
INSERT INTO wall values('Hk-K0U_wkte','Cillum incididunt eiusmod voluptate ipsum quis consectetur quis eiusmod veniam.','Public/Public','worthy-point@videotron.io') ;
INSERT INTO wall values('SkMKA8_vktl','Incididunt amet laborum elit voluptate ea qui.','Private/Mutual','gold-quartz@gmail.io') ;
INSERT INTO wall values('SymF0LuwyYe','Ut excepteur anim duis ad do consectetur ipsum.','Followed/Followed','symptomatic-mountain@sympatico.fr') ;
INSERT INTO wall values('ryVtR8uvkKl','Incididunt eiusmod esse duis do id.','Follower/Follower','slick-event@gmail.uk') ;
INSERT INTO wall values('SkBY0IdvJKx','Incididunt id labore qui in adipisicing deserunt laboris sunt.','Private/Mutual','good-bell@me.com') ;
INSERT INTO wall values('HyUF0LuPytx','Nulla irure et non aliquip commodo fugiat nostrud tempor esse mollit nulla nostrud.','Mutual/Public','tedious-substance@hotmail.com') ;
INSERT INTO wall values('SJDFA8_DJYx','Ea reprehenderit in cupidatat laboris et elit incididunt sint enim cillum in quis exercitation.','Private/Mutual','scientific-steam@sympatico.com') ;
INSERT INTO wall values('SyOF0UdDJtg','Exercitation excepteur pariatur ut pariatur laboris anim reprehenderit ex ullamco.','Follower/Follower','bitter-believe@yahoo.fr') ;
INSERT INTO wall values('H1YY0UuPJKe','In velit ipsum officia reprehenderit cupidatat nostrud et.','Mutual/Mutual','wet-hope@gmail.com') ;
INSERT INTO wall values('rJqYRL_vyYl','Commodo proident esse commodo ex laborum magna occaecat culpa eu aliquip esse sit veniam veniam.','Public/Public','potent-bag@videotron.uk') ;
INSERT INTO wall values('rysYRIOw1tl','Do laboris ipsum commodo cupidatat.','Private/Public','acoustic-orange@hotmail.us') ;
INSERT INTO wall values('B13tAL_wkKl','Eu mollit proident Lorem qui consequat laboris quis ex.','Mutual/Public','fuscia-potato@videotron.com') ;
INSERT INTO wall values('B1aKAUOvyYg','Ad irure veniam ea nostrud qui in duis occaecat laborum fugiat proident do officia.','Private/Followed','outgoing-argument@icloud.net') ;
INSERT INTO wall values('Hk0YRLdD1Fl','Elit occaecat nostrud do et.','Private/Follower','flippant-snakes@yahoo.io') ;
INSERT INTO wall values('rJyqCIdPJKg','Excepteur irure labore dolor consectetur eiusmod ut sit.','Private/Private','nifty-bell@icloud.net') ;
INSERT INTO wall values('SJg90U_wkYl','Aliqua excepteur non do cillum occaecat qui sint proident est in nulla id.','Private/Mutual','poor-government@gmail.com') ;
INSERT INTO wall values('HkW5AIuPJFl','Velit cillum non quis non qui enim tempor.','Private/Followed','vogue-son@icloud.uk') ;
INSERT INTO wall values('S1G5R8_wJtg','Proident nulla sint irure in sit aliqua cupidatat incididunt cillum mollit eiusmod et nostrud.','Followed/Public','grey-chicken@me.co') ;
INSERT INTO wall values('ryX50Idv1tl','Adipisicing magna anim magna exercitation enim eiusmod laboris ullamco.','Follower/Public','closed-party@icloud.ca') ;
INSERT INTO wall values('B1V5ALOwktg','Esse in Lorem dolore et laborum et nulla tempor cillum.','Private/Public','moonlit-hospital@yahoo.com') ;
INSERT INTO wall values('HkB9C8dDkKg','Ipsum cillum esse labore mollit proident minim dolore esse do.','Followed/Public','doubtful-watch@gmail.uk') ;
INSERT INTO wall values('HyL508_PkKx','Aute officia ex Lorem ad labore irure deserunt proident.','Follower/Public','primo-dock@videotron.co') ;
INSERT INTO wall values('B1w5A8dPJtl','Duis magna sunt pariatur pariatur voluptate pariatur exercitation quis nulla laboris ea.','Private/Private','posh-sheet@me.com') ;
INSERT INTO wall values('r1_q0UuDytg','Voluptate minim labore eu incididunt nostrud minim consectetur amet proident ipsum pariatur enim reprehenderit.','Private/Private','black-cup@icloud.com') ;
INSERT INTO wall values('SyKq0UuPkYl','Qui consectetur labore aute ex ut officia ea ipsum incididunt veniam.','Public/Public','liked-plate@icloud.ca') ;
INSERT INTO wall values('BJ5qAUOv1tg','Pariatur do deserunt proident commodo laboris nulla ea cillum labore quis deserunt voluptate.','Private/Public','novel-bomb@hotmail.uk') ;
INSERT INTO wall values('HyjcRIOvyKx','Mollit ullamco dolor minim aliqua nisi fugiat sit sit aute enim laboris incididunt.','Mutual/Public','acid-worm@yahoo.uk') ;
INSERT INTO wall values('B135CUdwyFg','Voluptate nisi minim commodo exercitation amet amet in in adipisicing eu deserunt dolor Lorem.','Followed/Followed','exuberant-knot@hotmail.net') ;
INSERT INTO wall values('BJ6cAIuD1te','Exercitation reprehenderit sit dolore commodo dolore officia ex commodo sunt.','Mutual/Mutual','dashing-ring@sympatico.fr') ;
INSERT INTO wall values('SyA9AUdPkYl','Ullamco duis tempor eu nisi sunt.','Followed/Followed','mean-men@hotmail.co') ;
INSERT INTO wall values('ByysAUdPyFg','In commodo est reprehenderit eu nisi laboris Lorem.','Private/Follower','chic-wrist@icloud.io') ;
INSERT INTO wall values('SkxsC8dPyYx','Enim adipisicing consectetur Lorem incididunt est sit ullamco voluptate.','Followed/Followed','glad-smoke@sympatico.com') ;
INSERT INTO wall values('SJbsAIOwyFl','Reprehenderit exercitation velit labore exercitation.','Follower/Follower','female-fog@gmail.us') ;
INSERT INTO wall values('ByMjCUOvJte','Quis voluptate esse incididunt aliquip veniam dolore dolore aliqua.','Public/Public','coherent-thumb@hotmail.us') ;
INSERT INTO wall values('BJmsRI_wkKl','Minim ipsum exercitation esse qui est ullamco ex sit duis esse exercitation commodo.','Mutual/Mutual','fast-frogs@icloud.net') ;
INSERT INTO wall values('rkNj0LdPJKl','Dolore deserunt nulla tempor cupidatat est.','Follower/Follower','volatile-icicle@yahoo.co') ;
INSERT INTO wall values('ByriALdwyYx','Non officia id proident ad nisi.','Follower/Public','third-hydrant@gmail.fr') ;
INSERT INTO wall values('H1LsRLdwJFl','Culpa adipisicing in enim qui ipsum adipisicing commodo.','Followed/Public','nimble-letters@me.com') ;
/* Script generated Mon Feb 13 2017 12:09:41 GMT-0500 (Eastern Standard Time)*/

INSERT INTO partof values('smelly-change@videotron.com', 'HJcVRU_PkKl') ;
INSERT INTO partof values('eatable-lunchroom@me.us', 'ry9fAI_PJte') ;
INSERT INTO partof values('fast-frogs@icloud.net', 'B13V0Ldv1Ke') ;
INSERT INTO partof values('dashing-ring@sympatico.fr', 'SJLGAI_vJYe') ;
INSERT INTO partof values('third-hydrant@gmail.fr', 'rydm0LuPyKx') ;
INSERT INTO partof values('acid-worm@yahoo.uk', 'BJP7RLdPyKx') ;
INSERT INTO partof values('scientific-steam@sympatico.com', 'ByVmRLuDJKx') ;
INSERT INTO partof values('wet-hope@gmail.com', 'BJRzC8OD1Yl') ;
INSERT INTO partof values('glad-smoke@sympatico.com', 'ry17A8uvkte') ;
INSERT INTO partof values('astute-bulb@sympatico.net', 'r1bHCUuwyFe') ;
INSERT INTO partof values('symptomatic-mountain@sympatico.fr', 'SJHE0LuP1te') ;
INSERT INTO partof values('mean-men@hotmail.co', 'HyTMAIOP1Fe') ;
INSERT INTO partof values('nimble-letters@me.com', 'S1AVAUODJYl') ;
INSERT INTO partof values('knotty-pail@hotmail.uk', 'BkbXA8OD1Yg') ;
INSERT INTO partof values('primo-dock@videotron.co', 'BJRzC8OD1Yl') ;
INSERT INTO partof values('liked-plate@icloud.ca', 'Byk4R8_PkYl') ;
INSERT INTO partof values('moonlit-hospital@yahoo.com', 'rya70L_D1Kg') ;
INSERT INTO partof values('slick-event@gmail.uk', 'HkKfCUuDkYe') ;
INSERT INTO partof values('knotty-pail@hotmail.uk', 'ByVmRLuDJKx') ;
INSERT INTO partof values('subsequent-slip@icloud.co', 'r1zzRIdPkKl') ;
INSERT INTO partof values('eatable-lunchroom@me.us', 'BytQAUuD1Kl') ;
INSERT INTO partof values('spectacular-beginner@gmail.com', 'ByVmRLuDJKx') ;
INSERT INTO partof values('chic-wrist@icloud.io', 'Hy3QC8_wkte') ;
INSERT INTO partof values('moonlit-hospital@yahoo.com', 'BJz7AIdv1Yx') ;
INSERT INTO partof values('novel-bomb@hotmail.uk', 'BywVRLdP1Fe') ;
INSERT INTO partof values('worthy-point@videotron.io', 'rJEVC8uDkFe') ;
INSERT INTO partof values('mean-men@hotmail.co', 'H1g40Udv1Yx') ;
INSERT INTO partof values('vogue-son@icloud.uk', 'HyTMAIOP1Fe') ;
INSERT INTO partof values('knotty-pail@hotmail.uk', 'SkmzAUdDkKg') ;
INSERT INTO partof values('slick-event@gmail.uk', 'Byjz0Ldw1Fg') ;
INSERT INTO partof values('moonlit-hospital@yahoo.com', 'B1zVCUODJKx') ;
INSERT INTO partof values('dashing-ring@sympatico.fr', 'rJ74AUdw1Kl') ;
INSERT INTO partof values('closed-party@icloud.ca', 'Byk4R8_PkYl') ;
INSERT INTO partof values('chic-wrist@icloud.io', 'BkbXA8OD1Yg') ;
INSERT INTO partof values('tiny-toes@mac.net', 'H1g40Udv1Yx') ;
INSERT INTO partof values('smelly-change@videotron.com', 'r1dGCU_DJFx') ;
INSERT INTO partof values('worried-sink@gmail.com', 'HJcVRU_PkKl') ;
INSERT INTO partof values('novel-bomb@hotmail.uk', 'SkmzAUdDkKg') ;
INSERT INTO partof values('tiresome-turn@videotron.co', 'Hy3QC8_wkte') ;
INSERT INTO partof values('poor-government@gmail.com', 'BJZEALdP1tg') ;
INSERT INTO partof values('exuberant-knot@hotmail.net', 'BJ6EALdw1Ye') ;
INSERT INTO partof values('tiresome-turn@videotron.co', 'rya70L_D1Kg') ;
INSERT INTO partof values('exuberant-knot@hotmail.net', 'S1AVAUODJYl') ;
INSERT INTO partof values('decent-ring@mac.io', 'HyTMAIOP1Fe') ;
INSERT INTO partof values('gold-quartz@gmail.io', 'B1qm0IdvJYg') ;
INSERT INTO partof values('smelly-change@videotron.com', 'SJLGAI_vJYe') ;
INSERT INTO partof values('chic-wrist@icloud.io', 'ByU7RIdDytg') ;
INSERT INTO partof values('moonlit-hospital@yahoo.com', 'ry9fAI_PJte') ;
INSERT INTO partof values('spectacular-beginner@gmail.com', 'ry1B08dvyKl') ;
INSERT INTO partof values('slick-event@gmail.uk', 'ry9fAI_PJte') ;
/* Script generated Mon Feb 13 2017 12:09:41 GMT-0500 (Eastern Standard Time)*/

INSERT INTO post values('Skws0U_PJFl', 'H1YY0UuPJKe', 'tiresome-turn@videotron.co','Tue Aug 09 1966','Fup taruc upi siralvu gamsup lur ka budleted rolhihahi navta lejunge kucwez ru icugodo talohapi esitoj felor enaaj.','') ;
INSERT INTO post values('S1_sAUODJYl', 'Hk0YRLdD1Fl', 'mean-men@hotmail.co','Fri Jul 29 1994','Ze sirla apure vaclagwif civi uc vol kod hunafhu wezwawi vaugibut tuumajo ukujope aja.','http://ros.kz/nokagle') ;
INSERT INTO post values('rktj0LdvkYl', 'H1YY0UuPJKe', 'poor-government@gmail.com','Thu Dec 06 1945','Jitebhit ehe ragesub mi cahciccow hu copobe wopmoc ow cadir ugjudub lefacare jafac dauk fife wituwus palaru.','') ;
INSERT INTO post values('By5jC8dw1Kl', 'HkbuAUuwytg', 'primo-dock@videotron.co','Sun Feb 18 1968','Owali alza zid woluhef pi pubi pomrarcug tecihpiv so danpigdo uttac re.','') ;
INSERT INTO post values('HyssR8uDJYe', 'B1V5ALOwktg', 'fuscia-potato@videotron.com','Mon Feb 07 1972','Ham in fo cake bad musaum uke dal puh goklo pehikpec ruc maonesen ejiwakhac jiahbiv or. Wewo to tob peloho vup rep hizozpi dapfiv degretu gitureh net helitez ne atehiw mi.','') ;
INSERT INTO post values('S13jRL_PJtl', 'SyOF0UdDJtg', 'tiny-toes@mac.net','Wed Oct 09 1957','Ro ecizepvu kehozca jorub ev ge bifsu sa licucogu gi duduc cefubzej va mup jefimze rejuj.','') ;
INSERT INTO post values('HkaoCU_w1Fl', 'ByxI08dwkYl', 'good-bell@me.com','Sat Sep 08 1956','Vajolwo guwo weti zipe adsi ami esve zaeg icu amiwedwok wauke wecgu egoduzuv pawil sawelfe focabev hikkac taj. Sowus fil oweclup akule opuwo izehumvos ginoflec ho tosubati sudwagna zowi hucotfo vacwozzik zopfona. Kacjawan uva kop waure uw zisu lip mig ubzenmu imolomas idlon varbiamo wa wacis bonum wembev. Loslu cezi uzeres orewotev lapmika nahetef honucro cofnubnaf muneglu vutva minpok rij zomidboj. Pajogum zodaip utki duspouf zazohoz benohopi nozi pilmuweb gezunu dohezje emgofga wita.','') ;
INSERT INTO post values('BkAi0U_DyFg', 'rkNj0LdPJKl', 'mean-men@hotmail.co','Fri Oct 09 1964','Ok funuuc sudovem vik efivofse ow hokhusvi gos rari mu lewiju zumdoboj doz fiud rarfuc hev ot lop. Cevho ogomovu ije naz jiv ohocouvu aco imo cu ebusi abezil ezaab herefgap kis. Bod bobuwwe reuwowat gu giap zuvur wendobu hijegwar ro lowisi dipeke tunipe kihih. Vefib ukamizuk ochu tornuf ulotitkaz pohgumec cosodu wu mef denjegut tood fahhaeso eba suren maseg. Ja uhekedki ele cabwolwu ipjidi madaggi zoppuctil hohnit vud red nol vuw mado wemifwe. Ki la pa sitri ipeajima ti naf wepoen tinic lelik ponu ne sew fu wi gehgad hunja avisero.','') ;
INSERT INTO post values('ryJ208uvkKl', 'SJc8RIdvyYg', 'poor-government@gmail.com','Wed Oct 10 1951','Focivol kewowwuj suroliw dori carwealu rukga ubu bo cij ce sujnez tazki fosatlog di benu. Fa wes dujogac ha va zo waco lejivto riksac zaj debu gaw esinoof. Fokca panom sa pirute dokvecam fov lum uwuigadan ehitol ja acoti esuwosu rigiboh hafzomzo sam. Co humuv liduganek rojani ope un ugazedkaf macozos me cuc bezwopol fod abegro fuj malouc dagumi oklaiv suhivigu. Nivguk rabum es abovisfu dis uzi poori iw tijvul dobor umze numik epozod de ojoisu. Lisa tudca af gajubin siinwu huufiruc kasusuho elacinaf ozepadzer sole begeb buzwuvrar wa fefav itemuif juwibnuj cif leihuowu.','') ;
INSERT INTO post values('rJlh0I_DkYe', 'H1LsRLdwJFl', 'eatable-lunchroom@me.us','Tue Jun 01 1982','Bidi amezef movo awohop kin je dofezo jimon paj ugu jivlokil hap. Titvijcoj kama cuf te fidbudka igihog mukripos cudoh ra tu ronnunba woaka ow biol.','') ;
INSERT INTO post values('Sy-nRIdDkKe', 'rkNj0LdPJKl', 'acid-worm@yahoo.uk','Tue Nov 02 1971','Waalapim wif uj atfot wefufiz bopo akhim lelzid lawewoc noca gapagka bufgu ukino hirelcu kuwkuwbes bol coztodo. Ocepezter noej losediz dulpehi bego riz nap am pus gafopoti pumub dib liflu wum rijufu nacorjo.','http://nosudbeg.sb/wicho') ;
INSERT INTO post values('SyznRLdDJKx', 'SJg90U_wkYl', 'eatable-lunchroom@me.us','Mon Jul 18 1949','Laapdo esacaip oseuha usuvi huzfawdoc cojizze fa toz luibuaza ijiate oje gizhi findegha ju oc zovirob nastag. Rozan ik apfi cibuni arowo kagfisguf tipfa zogunso un weman jujega varababe tata.','') ;
INSERT INTO post values('Hkm3RIdv1Ye', 'rJyqCIdPJKg', 'moonlit-hospital@yahoo.com','Mon Sep 23 1968','Efekibuk te nivlavo fog gilcidir zatneigi ver izekuz af atu bepliz votolte piime leg raluci jenap.','') ;
INSERT INTO post values('HJ43RIdPkFe', 'SJbsAIOwyFl', 'gold-quartz@gmail.io','Wed May 05 1954','Icefecbik oso poc bof pehfebar gefju goohafo ap zan ogubouhi wu nubadic civ as. Po ocgogiw at petrawep zotzi voagiwup mawdet cik utu gaiti won casobel gajzew azi petlepkuk hacice keseka. Apzuvre awozawtiz nobolvo vo hihevoko av vosom egimalpol vipmet utpo ed jugomu. Wemeram uto fo efi hanmo wu koh iwahukcol kosugvup sipfu usu few jurihlat kool ike ifaigobic oguab. Gufebi dojojican did kuefahoh keh fa segha padlaku hituvow le gec eda gejur. Pazepsup povaka nocreh venmoma hopokog wueciabe rekisen ozre folideb vi nemod uranu necuocu luwew logonu vupo veneso.','') ;
INSERT INTO post values('r1B3R8_P1Kx', 'HkE8CLdwkte', 'third-hydrant@gmail.fr','Tue Jun 10 1952','Bib za ezne cepinrev sehewedos gi ro eji wa pajewe ucetol nozofihes bojow apgo hukivpa tab ruz in. Gogubuvun wezmuefa kaere inafembe dicte umruvpe rowkag mutucado ijef vici ifi filse eh.','') ;
INSERT INTO post values('S1830UuD1Ye', 'r1_q0UuDytg', 'black-cup@icloud.com','Sat Dec 01 1962','Tejhujhe tuamdal bugtaj gadvunno muf ugasopoja jug ihavu wuguba kudzef debut mudhonal deage. Vad ko cite dirjukofa cim niabaza fudojuze huzpe bammec dokpotez gekrusla ujuvi.','') ;
INSERT INTO post values('B1D3CIdP1Kx', 'SyV_0IOw1Kg', 'spectacular-beginner@gmail.com','Sun Sep 25 1977','Lif asrof fefrufcud huvotiek ostegu goj apku teso busnuibo ni am uzzor. Pugeluf mu nicelo ahanoduz vaj jol wikoz hu wokej guvtifur egufelor lumef.','http://reuf.mc/mu') ;
INSERT INTO post values('rk_hRI_vytg', 'H1YLC8_DyFg', 'knotty-pail@hotmail.uk','Tue Oct 30 2001','Hugsofzac jijbig daot el ga etpuvpa jed mudiga pidij nacane benen nodeusu bak ciev odca uccaduc otibika.','') ;
INSERT INTO post values('BkY2CUODJKg', 'BJX8AIdPkFx', 'eatable-lunchroom@me.us','Mon Nov 17 2014','Diljof no eletu fiorefut maj ow ma usu uduwamduj ne avuajzu sucak opoto hafimide pipiw gire zad. Pabko kadtisit ci niorimab tor catolus teh sozeloti moh apu sa cu tiv it obevefe mesmetud. Tubuhuwer gipoz leore tuwocib vaw ruv okumotu doel ebokorsu uzagefiw wihi egeki cev huzud azo. Cak ca saceiwa cog loszagal nufur mitfucda icdet tuwodla sefuj iv rukpaf dumo wocon gudazkol memuize jan paovo. Irohuif ciwel guwota sef fibto il vo wuonko ku rozi zoj hovwirit. Tiddibpom gafaavo evimonpol ne epifadbi mazoso jilmevmu degi litijba bap livlopip tedereb hicluhki evoba husipigo vac. Gotzelag atoza vez kof hoaj radfedi unji jiisro hi cob rahwuge gavjag arvafic ve.','http://rif.mo/papmev') ;
INSERT INTO post values('rJ5nAUOwkYl', 'S1vLAIuvJKe', 'scientific-steam@sympatico.com','Tue Jun 25 1940','Git ejo kaje onuhahef ehpinlu savzazic ganbogbo kenpi saz furebul dur wogoj nivek ulozojo pib epieg to ufavi. Pac jeb sod kaih luapbe ket komewkat fe acidil ne pi cacu vimoc nul.','') ;
INSERT INTO post values('ryi2CLuPJYg', 'SkxsC8dPyYx', 'tiny-toes@mac.net','Mon Oct 19 1970','Hubiuli ufocas metseju mugmera uztotzut lujufval madsuk ihiudo dac gebe tejjon vusnomab vi. Jafmicoz obozecat zi firagduw nipov dakar ibaguike nir fupomja pa valne volze itirbi socevaga suzma welhurto.','') ;
INSERT INTO post values('Skhh08_vyKe', 'ByUUCUuPkKg', 'dashing-ring@sympatico.fr','Mon May 23 2005','Bebfaf nivni tennufa mefrul gufab kemri ihahow cemupa getwo hezub fa nizleh ezuesij. Vufded japecoc vu vaw ate kejmeah sol paozgif lopdafes zohegi ado hucod.','') ;
INSERT INTO post values('rJah08OP1tl', 'BJmsRI_wkKl', 'black-cup@icloud.com','Thu Mar 26 1959','Jizsog loduse ma da fe jenu elauha ho voafzis bewbes tojemag ipwo.','') ;
INSERT INTO post values('HJ0nA8_vJYx', 'B1dv0Idwytx', 'glad-smoke@sympatico.com','Sat Mar 29 1952','Co jedhodkoh dupef tifudmi wuduhmi oktegfig gujkabwaz zen peuwuru do woj wo ela ocu kama ufgod bus. Mot zaf kiz jigvisaw bioropi zuawa woito vodo jonwotom oto lefi fi zeb acocor zep.','http://gezepvo.an/sij') ;
INSERT INTO post values('Bky6CLuPytl', 'Bkw_0LdvJYx', 'knotty-pail@hotmail.uk','Sun Apr 08 2001','Modius kuse ubu etugi dosnodpip dertemu kib bafsured ko ra ogade gos emenaenu sazeeju.','') ;
INSERT INTO post values('SkgTRL_DyKl', 'B1aKAUOvyYg', 'poor-government@gmail.com','Wed Nov 18 1981','Nok ummi igrig todo weneju seva nef peseh voor tuhause mo lazbuure wasluufe dog fuaw caal. Wunuzvo tuug vizsi ferlabun woz fi pa ka raizse ciba gek duju ko rabemu javubma ve iznom. Nu tokdocef ososulrof utjulsij omugaruf ziz hednes pud ug ne abipocgut fi sadagla ni jaefma wit zu. Reat uvriihe seadiliz padic rucgu ina ziepodat tibmiw nivenapib hanagoda nepu giwzegsot ra. Kavub dad ja sufi kuadge josop di zoskan ga nel tugna ja rotcun rusik awpejo akhot neam. Zazenko zot didu pom wejvanan dokveagu uj niheig cojeh avobe favij evha.','') ;
INSERT INTO post values('HkWpCUuP1Fl', 'SJbsAIOwyFl', 'good-bell@me.com','Sat Nov 26 2005','Be ginte jusecle imguked ara id zizto cuubit cusen obesifvo pi hi lojom bomikros upbaha on no houjir. Gehiv pornaz vutvajak vafte ircezwov kefkiplo ibeome mavewce dalo mag juvgiasa arla coiwa mep ze lof.','') ;
INSERT INTO post values('SkGTRUOwyYx', 'HyOrRI_PJKx', 'maxed-vest@gmail.fr','Tue Sep 16 1986','Rubguisa uweje ku suwuvun pofok kol omo seimiruh afaus me omi wuv cupab hupum ratobpo ze. Wu kabiw duuboav kejur hijadit du rahhiur nujaok ta sascef na lavdal jujuca tet aleguk zowakuevi.','http://comojho.ps/saeku') ;
INSERT INTO post values('SJQ6CIuv1tl', 'ryVtR8uvkKl', 'subsequent-slip@icloud.co','Fri Oct 16 1953','Puc nekubze war jugesba kokfesom ul hulomzof supva gidaku tiigoci fuwgohi fo ponhap. Howpe od ahaabi nutzihji nerdipzod atfa wukko medeho vafob bifverdob og waez.','') ;
INSERT INTO post values('BJEp0IdDJFg', 'SyA9AUdPkYl', 'closed-party@icloud.ca','Mon Mar 03 1997','Va edsi jikka adiita daftuldig ar og bi ditkazev luzep vi fuebavu fula de kofuvwim.','') ;
INSERT INTO post values('rJBTRLOwyYe', 'HkIBC8_P1tl', 'moonlit-hospital@yahoo.com','Thu Dec 11 1980','Ugbuwip tuj coz cibroc cieniiwa zocew vogupsur fesiljik iju bopmecsiz ma acda az cozu zuug. Abuwak ciz sabow guc siju sijapo ipzaeb co buka jal cozituca me ub tifium. Teceuvo cawapbos niv mez cu buvenam zocibo pahiv nocilale guvfu epsa argut. Vicif guwnidu kib unji wetlof ez juzloh judnu ankufcid cubuvpir ipdatu duzidi. Zuc wa balamug fob rah nec le jififu dezdite kufuz uku dumtub guphi dobjoci kihjapog roj ome. Ijujes teon kalkigo ehum pudis kogul hujivo wo ezosoc vetro cef bifguke.','') ;
INSERT INTO post values('SJIaRIdvJKg', 'BkndRLOw1Fe', 'bitter-believe@yahoo.fr','Tue Mar 20 1951','Lamiljo giz zab on egadugwe rani lug tuej wanaigi wulap imsuoru go enwitwof ku zinese nerazgo ebiozu.','') ;
INSERT INTO post values('r1w6C8uP1tl', 'BkndRLOw1Fe', 'acid-worm@yahoo.uk','Tue May 04 1982','Cufemo sumov fabhensav divuzufa jede durguh jihhim hijazas lolafi mu rutwujog pus.','') ;
INSERT INTO post values('ByuaRIuvkYl', 'BJX8AIdPkFx', 'decent-ring@mac.io','Tue Apr 14 1981','Tale fawevig edzara tihnikfid cid suhle ethuc mifog ubuz hecimloh curu wadmenab ap usmolud wokun ek sel. Huftecel sa zos jev kitun wu opfu koipe kol joneca litlew te re egi gek ucuzujdu. Ikoilu turaule lob nozmad suivige wezcewus wictisu den cagzefup haes vocu uhcolu gejes. Dulezan ur fivtincu zelev ko lehedos fuze fuzvapi powfofa wofnifuh awjijtoj nu wusfi akuneska was icesek oberesjed nov. Izeti li mippi dosuffop tawta sajgo romibjak sic seimiac po mujasi ma porif com asiaszaj degdu paahusa. Zewof boij so hehutos ofjed buicefu dois bobiru wif esugumu sehkehju vuw. Tibbu uwbu meli tugsam sarsenin dewucu mahuc tikegu buf cu velbi pawrufod.','') ;
INSERT INTO post values('r1FpR8dDyYg', 'HyjcRIOvyKx', 'worthy-point@videotron.io','Thu Oct 04 1979','Duritub gegla esimeghaz waptilib sinip ne putbi sim taza acojazrec fiw kus goji rur hugnogpaf wurrefepu neduzjeb. Hozze uduirme pawgi daakdiv wigebid eloan tu zosovbu obi mod ku if lunufe hid inaazebu. Wo zi souraosi ri ubozur geas gihsavi fiwub jatsoib tosasji hulpuklov sucerob lati niasusak ca zibkac jirrin owuhud. Li fokimu bat fagpirtil wolid vib jer me ror ulwadgar mazluj kujinat ruwawfa pupsavdir sus sohe denalir. Sag vam mesfen kumnohwo faevesun vuameji lij uforup sabzis vuratocu aw ru dadojo ulwogki zerojkin gat. Gigtoswi ubluzes pidaf sohhi omo laztu zuthiile lule awa fesirmod uw kowudrit ef liw bocotu danak hafnuhe.','http://itpode.kg/lahod') ;
INSERT INTO post values('Hkc608uP1tx', 'Hk0YRLdD1Fl', 'female-fog@gmail.us','Fri Jan 14 1938','Hanule mahowo ime kigof unve epgiwpa aceduuc uhra ifu ceg bohciw sijar.','http://umozaj.sh/hudidimon') ;
INSERT INTO post values('BysTRUODJFl', 'BkndRLOw1Fe', 'bitter-believe@yahoo.fr','Tue Dec 21 1954','Gemzi pi puragbit uziic wo cop ubbu wazuluh woz ipamicop voohu zinapez otji faniwuj. Wur tevibhoz mofko hicaci ticfat ju gu kibabo ugjog buref ohaepziw uliboj kor.','') ;
INSERT INTO post values('B12aA8uwyYg', 'Hyf8RLOw1tl', 'worried-sink@gmail.com','Thu Oct 26 1944','Umufednan fo wuuzofi kelnepje adiecoaw likifo nik na palipoze gakuj gu dekhul rubuhehe foub lofimi de buzokoh.','') ;
INSERT INTO post values('Ska6A8_vJte', 'HJiOA8_PkYl', 'acid-worm@yahoo.uk','Tue Jun 30 1970','Wadijofas hoz radamu kubbul togitieka ovvizmap feacofim durimot oweno jela seni wijalpu.','') ;
INSERT INTO post values('B1RTCIOw1Yl', 'BJS8CIOvJKg', 'mean-men@hotmail.co','Wed Aug 11 1971','Dozuvoj mu pohwogli orilisgi tusum sado gap do endarat gaokadiz dac tudoga zuz sewraj.','') ;
INSERT INTO post values('SkyCAL_wkFl', 'HyL508_PkKx', 'chic-wrist@icloud.io','Wed Oct 18 1939','Matbe zi caegula rivu abu lagwu ovece kehap gojogi hopji ubekarob tikahu vew rekkaot bovrusda hekuwuf ciw. Pekukcez vivcat izu sikutre tu net kuura civenauci azakoki ebgob taw havurzuv gigep ecbobow hewas zikzut nicwi. Daf vuhelif mursoocu aj za benaro ekje kahofwi ukuwumuc if eb mifsun zota.','') ;
INSERT INTO post values('SkgARUdvkFl', 'Hk-K0U_wkte', 'dashing-ring@sympatico.fr','Thu Mar 09 1950','Nu idzadu gocmezcam pepik buvife murkeku gairu zohazo tu bogir cur meorafak tegomjoc hawu pujdezdi buda kammifeg tehocoodi. Ur erju gokema zu pi luma wujoni asufti eneci kecijo hisom li dopgaru kozep fukitzeh il.','') ;
INSERT INTO post values('H1-RRI_DkKg', 'Sy0v0U_PJKl', 'third-hydrant@gmail.fr','Thu May 19 1988','Hopjugun gecsi cejub nomoeh kup lu fuabdam izfo sek ki citki lohewuj. Mukik acaedhi evu al pes wapowe in zajupoaho gowsutoc teat irvaho limi wa diizole lufvu. Laj hat wijsa kalbuwko mozpedlur me iffu pe ses uvolujla boup sizbibrip nagiki hovgut tomzah nazbaclag ho.','') ;
INSERT INTO post values('SyzCA8uvyYx', 'rysYRIOw1tl', 'bitter-believe@yahoo.fr','Fri Apr 13 1945','Ber at jemluv somupa cahubemu fuwuz utceg raponi isa ig linka girta idesi. Baf udripu miv gisse berjud tuzha kod gajsi hedzep dazeh esifak halre aflovow pucwub ohureb.','') ;
INSERT INTO post values('ryX0RU_vyYl', 'SyOF0UdDJtg', 'poor-government@gmail.com','Mon Nov 16 1953','Wofa hukpumco ledowbe guphuen ka caecdu doan gap ko jubfiv lehfet mivuf pujic vivhiv jotop pap pin.','') ;
INSERT INTO post values('r1VAALuPkKx', 'rylvRLdvJtl', 'dashing-ring@sympatico.fr','Sat Dec 08 1962','Je zoju uhozogag jiwacofi opauke advizes us hah hijivi fa zeusnu ri vutnob uja waaka webnuaba.','') ;
INSERT INTO post values('HJrCRUuPytg', 'Hy7w0L_vytl', 'novel-bomb@hotmail.uk','Sat Dec 03 1938','Juswu fufoizu riiveli guku cufapwom sowufaw ze halaze ojiko mildam omacoapu luse matna oce. Bopubit atafitek ipnoj hepadog ifoaw ogicene bop le ho dira ni lispi gi. Ip oca jijhi noreopa maz nerzi zogaz cevovos pe az jabo ufeit agiho. Faeti dumgon wugriodu bi wafgowok evito dekfu nuja lav lul we kifhitbo tedu kuj rucjih. Etikoob me rejwur fa rutotwoz licnut pochu ke wet lohiltuc guupwo ra filusce. Nakfi fu damani newec wuceb evu cisepec sulu kealo tabrih maweeso peoweuz nabaho jiwagetu. Tapedwi wokoco lo so fufiv ka wa mu tuvdengij wigedidoh deleb foba ica tihifno miwahre ebgekku mejipo tisaifo.','') ;
INSERT INTO post values('SJ8AAI_v1Yl', 'HkB9C8dDkKg', 'nimble-letters@me.com','Thu Feb 12 1987','Ejhogo daj corliaji ujageh igu kittithes be uhodu renah hawcur wib runu. Gunbulo er racbeoh ig lebdi zij zuf rezgirwa om paz puwfolnic at vi wali epedizru wa pis. Hot zazwuv jamgov bogej dejedi ginzib luwze biv nilruhzo wi zucjena muene baceiwu ukral dat peel cobioc. Sa kovgid apopzih wopo bozaweke nuzapif urebit name ki ve ka leodele citlefoso ze lo tuk.','') ;
INSERT INTO post values('r1wCRIdPyKl', 'SyV_0IOw1Kg', 'gold-quartz@gmail.io','Tue Oct 19 1937','Usapivwaw dakaeni igiza evokni en awomit re apuigpi icte wos gu waz pufetacoh ihonap fulo. Epru rot nel be lugiuvu so walag dudoslaw re ma evivu pufutof gepgoeg sukti ehze. Cetoj sobafowu po pavwun da nat hihuve vahfi kuk ziheac fegu rojupu kepip vuzkozpub. Radkodud be jevizce pekpausu fid adu witnait loj ihtoj laaju nowjikan fide fugefumij gepuwgu. Upecowwi ogo ko ozowadoc kitat pam lof nibrenoz fubger muafibi nav mi so babbapmal towcodjip haci. Wigada fuk jevrawus zomjobu du imobot nu neg isopco piogu enufe haug bug kis.','') ;
INSERT INTO post values('ByuC08uDyKl', 'SymF0LuwyYe', 'fast-frogs@icloud.net','Sat Sep 08 1973','Jo bosduh fugilkoz cawbo udumamon gibweske mokati duidano mebnulbi epu be zim di oj tehu.','') ;
INSERT INTO post values('BJtCCUOwkKl', 'HkbuAUuwytg', 'chic-wrist@icloud.io','Fri Oct 10 1969','Wig womob muaci fov fuso hikujhe keh abfa sus cuubju rok sa demwaiga cod jihmuom.','http://ibwasir.ae/jobizpe') ;
INSERT INTO post values('By5ACLdD1Yx', 'B1jB0UOD1Yx', 'maxed-vest@gmail.fr','Wed Dec 14 2016','Wa pocma usabat etpofof kabod did deod aza hilibfiv huw fumvum he pirotbe ub uweg fidpefdu.','http://be.mv/gip') ;
INSERT INTO post values('S1iC08uP1Ke', 'SJfwALdvkKg', 'symptomatic-mountain@sympatico.fr','Thu Feb 01 1940','Zum lawadaz wado cicamu disoneso du temsut efiuropi vi giwpuh foz jajkam.','') ;
INSERT INTO post values('rk2RRUuwyKe', 'BJ5qAUOv1tg', 'outgoing-argument@icloud.net','Mon Sep 09 2013','Ciwuf nitnot kefsur ip pudjic agomod sovfu ku nudvaj nol giom vac uselo viglikli atcad coj nueneme. Jaggo ze vut eb rum unobauhu paskosas omi me ebiler ru sef cijzoci.','http://ufifat.ci/met') ;
INSERT INTO post values('Hk60CUOPkKx', 'ByUUCUuPkKg', 'third-hydrant@gmail.fr','Mon Aug 04 1952','Iwa edhe zanfal lo ugoki vu rapaflaf lajetov gicahir mugap funefe jovumov hid. Be sejbom mulse futvez usu pijfowuvo kep nobogecu soluz norir wehrec rabakov.','') ;
INSERT INTO post values('SkACCUdD1Fl', 'SyOF0UdDJtg', 'nimble-letters@me.com','Fri Jan 21 1944','Runto jecju joor iv zuih mokunaha ta sulfeok zafaf vavasi hiwsade goehave te okedaz omkifuse pid denpujgu. Vij nughoga cermewba nehnilgin pej tebakih nova ehhetoc ko horsulho pujdawmu pepru la vapden foputiho az zig emtiwbas.','') ;
INSERT INTO post values('rJ1yg08OvyYg', 'ByMjCUOvJte', 'female-fog@gmail.us','Mon Oct 01 1962','Jowaciri ped rosok osimokac wih wisgugih hufmaru tasjupu mogow reg epabi duvtafo ujubi roj ke umo. Bimimu ocogawik ju ki nahu lo lunas pizohu ku kaf sufoc lokebceg vumnalva kusmole zo. Cabu coehokiz genfola lumdon peguvse tik ba uco helfancop makak wa dehliv zisdap vobson fifirve peid hutabir. Aw par ed suep jemziz tuj jo ki araadu ucuwoz kejnot li ipopitu jiofu cajet colur jo. Owrinew kozpehvac te neroca cak apa nevwe awo lidmojah nuhazzis pavranwi comwigot mo niv.','') ;
INSERT INTO post values('ByxJgC8_vyFx', 'B1yt0LOvJYg', 'knotty-pail@hotmail.uk','Sun Jan 10 1971','Zufdonap ku roveb sawte ma wozuce vez fazufa hale zo hivkujida eme moho ca mu obe ohojapoc uw. Zehhecad id uvesap sum damuw gib bi mufa ciep afi takcim wocobro ono. Sofojicu sewfodpaz fico upetud digpa uhwo jovja vibkozdo rek daot ha boj lonezsa jebikkov zodamak coapza. Mi mizvizok jupcijvo zubpi tahenun baj ne do pu in fu kuetutup heswuwgit modaiv suci div cak.','http://vompo.dz/keviz') ;
INSERT INTO post values('BkWyeCUuwyFe', 'SJg90U_wkYl', 'gold-quartz@gmail.io','Tue Sep 13 1960','Eweom edfa to mi uso gahev unwer ogahu bebiwa uku dadot umta lo reasli ajufu joco. Kowen ip hafjivbu piwpov mebuna na koluro gofkob apsukvo tocojmav wevotog afi godo. Su veka kazgupeti os suwa zi le mojekon fuf wunu sohane rakufzif kicare hemciggo umedufap su zokcir. Aki jasisse lais bopehi kav favture cofu lipo calpudpi uhla savwikri utco heeluhe edo mevzo.','') ;
INSERT INTO post values('H1zyxCUuPkKl', 'SJg90U_wkYl', 'glad-smoke@sympatico.com','Sat Jul 31 2010','Wut wumde ziz lonnol nor ukotafi jupuk hince wume enieloj bogoh dahopudip. Zoj veg ret hisgafco ja ceckuv lo otemirvi do ozatu ma gud.','http://tek.in/nijes') ;
INSERT INTO post values('S1QJl0LuDJKl', 'SyOF0UdDJtg', 'tiresome-turn@videotron.co','Tue Aug 15 1950','Womesja ta lohew kohip kocutke rilbuw ipjec dahte gosu laew catlu jianacoc cehvijob wa ranocfuv.','') ;
INSERT INTO post values('BJVkeR8_DkKx', 'Hy7w0L_vytl', 'outgoing-argument@icloud.net','Wed Jun 08 1955','Jos ma unuceh dovozal mop wifezjep kudzapweg ohukogbu do ludhiv ilnekadu vud hohhunuf dilpep. Nangebel rireg uszulse mikurcik se fir to latit ihubadan sano con di ujo.','') ;
INSERT INTO post values('rJHJe08Ow1Yl', 'Hy7w0L_vytl', 'primo-dock@videotron.co','Mon Sep 19 1960','Savvezom oduani vaevso liv secgesug nomkag fiewmiw banavo welobel dic tih ula se. Pupto cez utuoz wejadped pa bevwulwi ze le vicakoer ewafeawu va ribsutca wiijegaw riat itbain. Futaw zanib hoc ajo lensup vagiadu lavivoci lu isi tumekos akikovan pinor anlokwu. Ve wuwe misigaju pehrez ravgip gatukok li hi ruzo hocu wupdinru favbibu riktim cefu la navozbe la.','') ;
INSERT INTO post values('H18kl08_vktg', 'rylvRLdvJtl', 'gold-quartz@gmail.io','Wed Jan 03 2007','Joherma hafpi hoobuzur aztaval uzi jecupfel uhiwbow goh kozpez pe pigeuvo jipozos abbomado mulip asufbuz. Ka fes tu woopu gejacif fe giwi rorwec sagneaze en gu sosu gesbipas cagnoku.','') ;
INSERT INTO post values('H1v1lR8uDJKg', 'Hk0YRLdD1Fl', 'scientific-steam@sympatico.com','Sat Feb 02 1957','Orgaora gamemu jarovgi fif libpazoji ipaiksud ge ka atotokis zow keasri lipakto. Owo ozemoj kaje iv deuv ha bi lo ud jo fidpudzet enova bugarew dokmeju laet sacfuw.','') ;
INSERT INTO post values('Hy_JlRLOPkKx', 'B1aKAUOvyYg', 'female-fog@gmail.us','Tue Aug 30 1949','Ihicaoki oc mofajoek fomufulo haj comfe no hukipu ven zi mofgelel ubziut fadat zim lovgub nan ruvachew pupfemke. Oteva dac rerlan mudus rakbu zoibu utilumcad rosurlub womfanci nekog jeweg hifno jaihewi wozdopo niekfi dih fikhudu. Wuljal owdafupo jempug popmaklas garcu ofu foh ficbipa gifkero tow uw cizorwu mojuldow. Rujpu arkil bougvaf reacluh mivtap im rokalud imdazi ad fitsice arfudfiv riid. Nizgupam joce fikbuwa rud bolepbul duvmignak gabhapa mer ba uk piz civ bur win coreta te juzoh. Foh vad hogum gu copke fateheec ge pealno evmij oni dihan sisip zoj jumjur vo mu. Weti opicoz jo cen hiis bu co momeb anbap zesru redzipom waegulaf losogvig ijsop pouru uh himat.','') ;
INSERT INTO post values('r1tkx0UdPJKx', 'rJDwRIuDkYe', 'acid-worm@yahoo.uk','Mon Nov 21 1988','Pecmesid icko ojjadcik weruaha pavos zanew iv kat deocire vu harfo hebmazleg gifefko lug. Forgedol pu uv ruje durusa ovijew vaug gadugva hi nasij wu sijeneida fodac kontorpu.','') ;
INSERT INTO post values('B1qkgCU_Dytl', 'B1TSCUOv1Kx', 'primo-dock@videotron.co','Fri Feb 15 1980','Bijilzi rocnanawe sitnec inece sibil guh gowacruz su raj fifsobfuj faavuce acwej gi aviel suwupvi. Pobod ruhi otcin gaj okueri vucep uwa ah novbeptev powosit jirjubjo tar tave jumno sol gurudwu bav.','') ;
INSERT INTO post values('r1ske0IdvJKl', 'B14BAL_P1Fx', 'knotty-pail@hotmail.uk','Sun Mar 09 1941','Meb vir wechenaw kuzkov ano dijiha kaejjad hitzob reoj ruhrew hacauro ecairsim kotel paokhiw.','') ;
INSERT INTO post values('S1n1gCI_v1Yg', 'r1M_0U_DyFx', 'primo-dock@videotron.co','Wed Nov 07 1973','Fenilebe igawejof jekjag fuduah soizuzus ov led madces cuckih sa pet gopi uve ba calza hudab.','') ;
INSERT INTO post values('HJpyxCLOwytx', 'SJc8RIdvyYg', 'gold-quartz@gmail.io','Tue Sep 14 1954','Ebvok celovso hu jem gedaagi momko wiurato wonol pokfid ezu vicep no nukef zoosean gitmefmo.','') ;
INSERT INTO post values('rkCJlRIuv1Yl', 'ByMjCUOvJte', 'glad-smoke@sympatico.com','Fri Mar 07 1958','Nolka bobeto jovpuaj komaguku ubopuwnof mewot un pufzejaz lu funnar ne funuzzon esem do sacuku foejepo.','') ;
INSERT INTO post values('HJJleRUdP1Kl', 'SkBY0IdvJKx', 'astute-bulb@sympatico.net','Fri Feb 18 2011','Ozeve mewa cefge govi hu pepigi omowud tamoji la rikevkug bitosag recovati men tuwda. Gowwohda obo odiw wajlul zin miib ezfa ekodu la venuka pehcer iw sijwo puzugah nu menoki abane izewug. Aksava roujo puj hocu ba pilcicdu gedo gurwuda ikzuf ca adje igoej ehoihuh sahsafve deret tumofu fizmu.','http://ap.mp/pimi') ;
INSERT INTO post values('SyxleCLuPkKg', 'rJqYRL_vyYl', 'astute-bulb@sympatico.net','Fri Mar 21 2003','Gek hov zolgo afe waknukbal paha bafud kaewvo ziljamuk pasufdo omrurib co.','') ;
INSERT INTO post values('S1ZlgAUdDyKe', 'B1KBRUdvktx', 'dashing-ring@sympatico.fr','Wed Jul 09 1969','Tufcuzer fekneb ne alrehoz ban gospev logror puriwi lasevek as re pe caplad fi buemdon hulit fecovu ego. Ub gorokco lak acbolab alavit helbedku ihisahec biimzeg jobuhtu rij nudomado lul sut uni nil le ekutupe. Ukevi zigodte to tid ewhojba zelfa felaeb zovo ukegabu fefop miliwa hiwas catbe. Mi piaze riz za da jukwad le zono joapute aju narzivven we metalcoj ovabeon cugho.','') ;
INSERT INTO post values('SkflgRUOwyKe', 'SJDFA8_DJYx', 'bitter-believe@yahoo.fr','Thu Oct 02 1980','Ecvori he fuf imewaka pan nu uwi ogeicu kul pegulu waane acepa tacil. Wovu lecevu du enmuidu dep vupha lifuvi fa ikuvatgo hub is ne.','') ;
INSERT INTO post values('rkXxe08uvJFe', 'B1-DALODktg', 'third-hydrant@gmail.fr','Sun Aug 04 1974','Gomniot eja paecgom ha dibso lab budji naebogu natojo zacdidizu fanon gowa uwzulde tusrocki. Sud ki uh fifevi fo zo pavdi ho redisad vegokbu pufam jinzec wa vugzal ipofa.','http://gutavu.ro/van') ;
INSERT INTO post values('ry4ge0U_PJte', 'HyawCI_vJYe', 'moonlit-hospital@yahoo.com','Fri Dec 10 1999','Haczic botujop godooco hano ofenaj dasho unko hap si zem fetnowko ofisa ve do. Zufbuore afdihbaf su jav mot ofuve licger ju besure jepjod uzaewagaz kem.','') ;
INSERT INTO post values('SyBlx0UuDJte', 'ByUUCUuPkKg', 'slick-event@gmail.uk','Tue Mar 06 1945','Tutomhuz egizo kotkaf ba rollebo forta gosu zutelu lup mikoj lorjiwwi wos do. Isdo im wecic ed ome so wezabwe fihikof enluto domiga tiwev mah zakisak akopiuca. Hadug aba uji puuszin nealusam ve negibgub uvwieh ma sugiko ku id mazholzap. Wakzi vazimi zakko za ja ha luwciduh ves nelluaba me jaic lec riwo ti nizawlo puvilhap wokad. Zodeosa ovfawfo nol avabo pohahhol merabvuh lehmugco dik maur tuz zajut cuomedur fuaka umu poja vihzipham ofo nijem. De nolupuj pid se di koisdik of saave hun zun keozu pale.','') ;
INSERT INTO post values('rJLel0LdPkFe', 'rkSDALdPktg', 'grey-chicken@me.co','Mon May 22 1961','Kit otudiur sulevim suk ecinek ef fe hi ci sultezru fanro lu tok hewtah dul.','') ;
INSERT INTO post values('B1PxeR8Ov1Fg', 'BJS8CIOvJKg', 'gold-quartz@gmail.io','Fri Sep 30 1966','Lifi hede jufkamfek uwdocwa ipelo re ze keniblo huh mezazaz caldo ob adama vopsuh mif ohhozij bop. Ema waaruafo nofbeege je alurukuf nil olu guehed hidabizuc tethivop ico peofite odnozu wa zoiba gal deniwpe. Ibaso kuwotu ni asamiwaf uzkossuc tujdas tobuabe tepeza jo cihij fu fo vafi jadumu enihocud mavdil coru. Uto cakojvaf koj wuhaj fi upafom witiul ume ki agido iwgarteh kag. Lumi bocov zeluwuwa houka ug letubhad vepecfut pejebe wuub fubcuvaz vo nuzu jo fuam ciknan badug.','') ;
INSERT INTO post values('HyOlxC8Ovkte', 'HyOrRI_PJKx', 'vogue-son@icloud.uk','Fri Jul 23 1999','Jodegi su ac nagge zo dossik zilac dosuw oz pusushik fovu mo. Egaraf huferre ahe wussebfe nufsor masbuf wel nirol gigam ciwano viegaro pat mapuawu ha do utkib mupros.','') ;
INSERT INTO post values('rytlg08dDkYl', 'ByJ8RUdPyYe', 'outgoing-argument@icloud.net','Sun Mar 23 1969','Zojkitace pohogzof dew ji fuc ac omuza givo om tow ju vi zisemo leh.','http://zuro.sr/hakanki') ;
INSERT INTO post values('HJ5glAL_v1Kl', 'r1_q0UuDytg', 'primo-dock@videotron.co','Mon Jan 04 1982','Ije vohku woidu nokfemmec sumug jo bepawi piztopwoz sesembur pinu gip ruzolpe sucafhok suju. Jaw ca lusvohda atiilgad iszicar asojahu iwaici ifbaco co fa fehuhjuv jaga wek ceaz ri kurvezul muhomumu pecitved.','') ;
INSERT INTO post values('BJjelR8uv1Ye', 'Hk0YRLdD1Fl', 'tiresome-turn@videotron.co','Sun Jan 27 1991','Ewpogul ih metuk duje toajpi bodoc ec piepta bufgihrov im nepjorvuj vokokota lukbewolo piglef.','http://jindo.tv/murfise') ;
INSERT INTO post values('SJ3gx0LODyFg', 'rJqYRL_vyYl', 'closed-party@icloud.ca','Fri Aug 13 1993','Doz ja duv zi tow orpi dibta fug pa lal ni vesducab uciz ihhupdod beezo ehe divikama. Kinmuhlen mig ta we mibnosga uj nankabro sum jud pez evned vefbevaro zo je.','') ;
INSERT INTO post values('HyageCUdwkYg', 'rkH_CIuD1Ye', 'exuberant-knot@hotmail.net','Mon Aug 30 1976','Cok jiwgefeg zup ije forme wa fanzap afidiva gavhumuso oca ka semlibwin jidehu. Feazicad razfevke hepep oneji paonafit ebofuru suuju jejtub hulcuw fonamam tu etbabico dur wemaiwo to javewi.','') ;
INSERT INTO post values('ByAeg08uDJFl', 'S1vLAIuvJKe', 'decent-ring@mac.io','Tue Oct 01 1985','Faf letehosi tofkomru fisemo fah rublo ewabed asifus jolzak nibja laiv biclav.','') ;
INSERT INTO post values('ryJZe08uwyFg', 'ByUUCUuPkKg', 'worthy-point@videotron.io','Sat Apr 22 2000','Lecej cuso giolu bo docew wabpoteb mov jopul kifke jebnom zab bewhopufa.','') ;
INSERT INTO post values('SklZl0LODkte', 'HyawCI_vJYe', 'nifty-bell@icloud.net','Sat Jan 14 1995','Pirwal es dessim kosewmu wefruwzev kasob uko awifuv teg puugegik gano ocapa. Fawed idvo pominovu guh alwe zes osi kinsib zul segligjat upla oh co zosruk ra came. Nuip juj oku ojuad riz kefpen kevitabu nosum giosaere mad wutcowa gomar liknaew fufok sikuc. Busuhoni okuzakap wijvikfef cobseh ba face luunpar lofo dowvi zamrajlu ve suvaw pobtivzo oni relawga.','') ;
INSERT INTO post values('ryWWgAUuv1Fe', 'r1-8AUODyFg', 'outgoing-argument@icloud.net','Thu Aug 16 2012','Jumzek tur fer conwe pub ba tablal la se tuwlejez tole lif valiw ma zehli gipowmeg jeirubo.','') ;
INSERT INTO post values('SJz-xRLOv1tg', 'B1w5A8dPJtl', 'black-cup@icloud.com','Sat Oct 28 1995','Nufopuum el afsafhe zaig ja su nagura wo tutumik sebnod gis evdo. Omti binup menafno mickif vam padus nir fe ronur oklevol toewera okob vojaj osugugu wadumcu nu pusofij delgak.','http://meogse.mk/cibri') ;
INSERT INTO post values('HJXbx0Luw1tl', 'HyCuAU_P1Fe', 'good-bell@me.com','Fri Sep 18 1981','Gu damehaz dafaz unupu lezmab es uba zumir bag pa eji ren.','') ;
INSERT INTO post values('SkE-xAUOvJtx', 'ryIv08OwJtl', 'chilly-throne@yahoo.uk','Sat Sep 18 1999','Waggij uruna gij lefpoli wurif azi enuhaw ibauvaoco wazezek vepihib tim cuvtu wok ogoza ridmuz vag najif. Engul lonalowi zinwaniz mef jijmub maskosdoz jur ka obozeji otazez silewi tufov juavuivi zicudu gujeh iwuzu wariil.','http://ge.th/cafoji') ;
INSERT INTO post values('S1Bbx08uP1Kx', 'Sy0v0U_PJKl', 'volatile-icicle@yahoo.co','Fri Jul 07 2000','Kihime ispavnep dowero waosune guk ka dawa sefaju ute aclogge ze vopwuojo.','') ;
INSERT INTO post values('SJLbgRI_wyte', 'S1vLAIuvJKe', 'scientific-steam@sympatico.com','Mon Apr 08 1946','Fitwar figiweka imafo ubepoime vu kahuz lo limagije pama wonpi juroja afe ludukisif majsecruf. Ije donlu su anuvosap gidwufag bu ma idoobi pa koj guf ofeguoz uz ew joz hoz.','') ;
INSERT INTO post values('SyPWlAIuD1Yx', 'SJg90U_wkYl', 'chilly-throne@yahoo.uk','Sat Apr 24 1993','Iw valezoc emunihso fihfu tibemu da relawa dudaw koj sopcigema ovva belugjud. Mikni bubnigtos tiresu rip lokitaz kapjus rol wuegi bavwudbat ru cul tosenpap te pomge. Ape ca powigso zal kaiku jewdohfic majvol jaunru jaf vo jece retduh. Putatfur mob joguuna segfofo rismug how li sive fijje di as ke tit. Di an gilen edpa fasu fas jurnegmoh bi uvacke zas pumav wob pagezba hur azuru. Kihpiwcaf usape bor emakuip kol wace amebop ki fomtihgor dugo gow kizfez veco jeznis piru. Zud zenlur gejwut ki fivir juc tojfo mele repkefjo giwful vo tefwag ihirog na cugsecur agtuslic logu mun.','') ;
INSERT INTO post values('SJ_WxR8uPyKx', 'rJyqCIdPJKg', 'knotty-pail@hotmail.uk','Mon Aug 04 1952','Mupoz jeak wefotnu dedsitu jih heji hotokun eroba zon urfef vot voreli kujud gerrubu tutujetu atoen ba hudavnub. Juro zubi lof ehgurit gadtawit ih duweri tanovuk tedbusso gekha luwte igalinon eja ni ito calirap kecbelka.','') ;
INSERT INTO post values('SyKWlR8OPkte', 'r1udCIuDkKx', 'slick-event@gmail.uk','Fri Feb 18 2000','Ukoda dad cal mu ripsebsi ive guhuk ova doejo zaki tikubku luso. Mecjawit nuba bin gov pop aj zihcesa silram nec uc wudje du jase. Heg azmi feguc cugwa ubacaros bisi on fe kiapafi koralo delzosi dak gifa kiimcoz meomcap.','') ;
INSERT INTO post values('BJ5beRI_PyYx', 'B1TSCUOv1Kx', 'glad-smoke@sympatico.com','Wed Dec 13 1944','Medosi ve uwasizvah coef ep gahenum beghi ojovabzal himracuh tucfac noworu caaciiv ze cuhfu udigeez. Waali tidlur juhvar posgundef zodnutep dobecgu disefagil rahdeiva fucu jem sot kasnude kembuim anugap.','') ;
INSERT INTO post values('H1jZxR8uwJYg', 'HJeuALODyKx', 'grey-chicken@me.co','Sat Mar 12 1977','Ocokulheg comehtoz jiwlok zudguv bivuwet toswo girfuc amlazjo ese bujawepu te agu elhejzef bu lun botru. Ucaici tupase bi mofrusfu jihacup bon de cak vota ka sabak idbuv oni nizfol rama vi gepoc.','') ;
INSERT INTO post values('B1nbeR8ODkFe', 'Bkw_0LdvJYx', 'chic-wrist@icloud.io','Sun Mar 20 1955','Bioco usefeb tuhje bu wos kovobgu damod ejokotjej pun owihezi urizaceka un. Anwigeg ansomi ilogut ewgooju pijmef tedutfi om zuhonepo zok digeze koidusat gikej cuz misegvu ihidon isa be. Weszew avkinohe cahzuv riuwaze damcu lelirovaz ri epeomife ofjeg rotgabe hana pinat mawij.','http://jameb.iq/azofseg') ;
INSERT INTO post values('Bya-l08OvyKe', 'HJ7BRLdDkKe', 'liked-plate@icloud.ca','Thu Dec 30 2004','Nahriwjic zipoh hoghi ganwu mu sit fonedit arbud zi ik amiuveze nistoasu. Nefik ga ku maja bablape po ow nuoho wif kidrak zer govzeza tebmif tolojiit go husi.','') ;
INSERT INTO post values('ryCWlRLuPyYg', 'ByysAUdPyFg', 'acoustic-orange@hotmail.us','Thu Aug 09 1951','Ilve ugewacuk vuerukeh sawhu cehtacne tirbud ze ala sako fiftih zag kacmudwu parouki ifisubvup cevporud apofne. Citjo met ju cahivre gikem vidone uniptu ci kevmut kogtitpoz ubcu ajeh tej bin rir.','http://gifin.cw/ekefonja') ;
INSERT INTO post values('SkkMx0I_vytl', 'H1YLC8_DyFg', 'scientific-steam@sympatico.com','Sun Jul 06 1958','Odiw wi pen sican pot vij konzu cow pe oghu foz seapi dupup ruztuc. Fo ke sonepu huh ukcafa cavrav tinaziare pib da ok biwgolaw tu vumakes cimocuz caob nigko tojinras.','') ;
INSERT INTO post values('Bylfl0IuP1tg', 'Hk-K0U_wkte', 'nifty-bell@icloud.net','Sun Jul 19 1953','Pondi zupewor jeb vet nunozin karufpa deb mop babo revhiera gozwid je. Zidhur zez goj lukzij fad rucroza saluh gigunap hud rubceg mik bedatod zo. Ze weni dajali omki ukiewu cuh kogecol hen amauseji ennid guninin wicdal na ub cub zat.','') ;
INSERT INTO post values('ry-Gl08dwkKx', 'B1p80U_wJYx', 'good-bell@me.com','Thu Jun 12 1980','Ig muz se kamowudu ilo mumpig owidi uneebu de kububve zadkub upi ohzo atueji fefawvof.','') ;
INSERT INTO post values('HkzfeRUuwkFx', 'ByMjCUOvJte', 'outgoing-argument@icloud.net','Sat Sep 12 1970','Vahu vo kodehoj zac jekto torhola agafef ibaej cejozag anoijhu ediesaha bad saluk gamochi. Uj sovdejnun vug pabu ho lec ab jafu cohurfo gowedab loge kihhepmoj goz fup mejag nera tut ro. Macvanu sujmitub kewsedo bivpokha kanlo owadin icoseolu pivuzot cid fo ipi biduvsig ko fiwkeik vus dakfirozi. Itu cufo bi wem fuv togtemasi tuz de navipes up hufvorbud heto haetvi to pih za likep kapalsew. Palmu ek vegohaja dilabfin mupfa ubivahvuf baazicih kesnu isuba puag lurgef daus bi. Zak mul edotuuko viftowun gih rico zu dolpidaf te sal wa ahpednac nococnu melhar tol mugwow vispizzu. Hiopa fuace iro opcu zuwedfit panbah jipap sekpu tihirvol gilheuna aze vobme piukwo likesos erinofpu zunoufu piktolco.','') ;
INSERT INTO post values('ByXMxRL_wJKe', 'SyEDCLdD1tl', 'scientific-steam@sympatico.com','Sat Apr 01 1961','Kokidopo ci vaupirem naczu rohka jus jozforzit hufpi suhozdav eg rijhelal so udgah. Edji fuvov azi tagof ka zakefus ub kuvja te sejfopbo dipkom ikipuvaz hu zuhar wacwet. Moav difom if pebommuw gup fi gab da adru nahacu fur nutbu epa uhu ne unoen wode ojesazal.','http://mehfim.mw/az') ;
INSERT INTO post values('By4zgAL_PyKl', 'HkW5AIuPJFl', 'fast-frogs@icloud.net','Mon Jan 10 2011','Re jap dovdes luate mi tujajref edtimdap hozgov cus vacvoziz uwuza curarmi ufiudfuj reswe.','http://do.eg/epsik') ;
INSERT INTO post values('ryrfx0Uuw1tx', 'ByJ8RUdPyYe', 'spectacular-beginner@gmail.com','Sat Mar 30 1985','Nirnug ed ne mi baf jugvu vucita ju ozugud letzot fumsi ducin akiutubav ewe saviako fispogbe cauwgib.','') ;
INSERT INTO post values('B18MeRUOPyYe', 'HJeuALODyKx', 'wet-hope@gmail.com','Fri Jun 22 1984','Cudubeh em wasema veawi na gidaz tap konmo fegom fe vallem teogalo helauw mahpedave rocatelon.','') ;
INSERT INTO post values('HJvzeRL_DJKe', 'SyEDCLdD1tl', 'flippant-snakes@yahoo.io','Mon Jun 20 1983','Du hebjanhon imozus kis ovo ib iv aw zu muknor deplamco zilla sib acavalif zepemirad.','http://tisinwez.qa/tij') ;
INSERT INTO post values('BkOMxA8uvJYx', 'Sy0v0U_PJKl', 'maxed-vest@gmail.fr','Thu Apr 15 1948','Gabfo pib cehuso mipowtop fetizu tef opaek firrotev vul ta sijhes bipleil cud zaiti.','') ;
INSERT INTO post values('HkKzgRU_DJYx', 'BJ6cAIuD1te', 'glad-smoke@sympatico.com','Sat Sep 21 1957','Cellol kin pidin sa enimu moh covdowoz jug moriw sufweckab guduz ce upi wepocmo jogumgo. Udusi naneso wuwjefdo gos sabho saj obo luh ospok muwowho rodediaz heofa cep otihaob. Ladvijisu buaredap wewnub puni seut won tur uvibosinu kigson pavedrid foh acu tefu kusu tevo zewvawupa permuera. Kicgivas coza gisul maupi ceokuaca ci bamzazug woove jarmoz naoludiz sewvut ehnep onafavu tewore monen sikmi. Femicuvo hod pin ame wozaj vic ehuema fuhmepdaj sow veepobo muic zurketol ju gub sub molone.','') ;
INSERT INTO post values('SyqGlAL_DkYl', 'ryX50Idv1tl', 'closed-party@icloud.ca','Mon Dec 17 2001','Hiwkurah vemurzok le lowivek na arip leta bo ofzunna pobsidape rigidfu razofa vioke. Vaiwi gu he lelfima husu mu meece bezulpa mijaso tutrigo jo rifsi kapami vovoudi cu.','') ;
INSERT INTO post values('ByjfxRLdwJYl', 'Hyf8RLOw1tl', 'knotty-pail@hotmail.uk','Sun Sep 09 2012','Pi gizikuju daf lufomi ance rocuve nusrac homkicbo sov itse cu zumegeh unotokor rizdugir kelim vorep cevmure.','http://ov.jp/geni') ;
INSERT INTO post values('H1nGlC8uD1tg', 'HyOrRI_PJKx', 'decent-ring@mac.io','Thu May 07 1981','Wog inpekkek hi haf se div modnooz vackupki veraz unfazuz vu ju wa udasak koca. Ata erwatjih ez wuz kol geug ib den coh semomta apu hu. Lafcug totugho mutob edib kimitmu cofkuk fajcabel vare veza ni ojopacbur savedut iwakis. Vahuturu saj honovazim keruji mag zaretre vewiknef vacnonho wubwabeh kitpoji mosoedu jiwlo gaf cuicaeja cimma. Sanvo sahar ginono pigcaha odojibbi homhej gizsakvid izuheh soripnaj zig acgal fi rogidufak jetvo luzfadbi hofim du lefi. Fejkarmot awidawej jeku if wegpunip hodat umucoke jifge uzuha uhi ojodu gavlirjul ap nalawamo. Ruec mucdeb divav jog naom lujigicuj sor pavet jegubifo zumjinoj uzo jiwub pikib sorpe.','http://afhozor.tj/omogijav') ;
INSERT INTO post values('BypzeR8_DyYe', 'r1-8AUODyFg', 'acoustic-orange@hotmail.us','Tue Mar 24 1998','Gilwa miabibo goepeudi divbobtaz tacvur ub mescujmak at dumuki jo noker dotruruc fashasaro ubzimraj hujdektav ru hinmazlof geno. Omi jomcuvheh pizavuf dalfev kupugoga boha pijzopde ciw ebumin guhu virrevo dadumbir tojje jafgo dive vek. Miwgaaba lir elagaja aco utnurwij sadza sip jubuhkuw dob docvo kes jez zosugif. Inowuiz wil cuwvil ciw le zusuvas kakek pi fiwmodlar tihzozu ga pemgepa pe aro gigi ezigivoh linij ecgok.','') ;
INSERT INTO post values('SkAGxALOwkFl', 'SkSrCIdPJte', 'doubtful-watch@gmail.uk','Sat Jun 03 1972','Ufso genuj odric suaz nispehfuc asa ni og jo tazeuhi wemguwvu noto ipmimaw huwet ciz la. Abino su cuvbipalo eba dicli namazewul ka gi wu warete rafikoj zeseudo va ve tinfezi jubel mohlafov vum. Mehici enoada nuufor fadge bewtiib fodzewuv dewav tioj fagcof eswi rudneg kubomo. Gu eveinbab sisavju tolaj ijfoho fu kaw ma oreriil nouvte bava senas law esijonum isnice. Lu pena liac fifzozuw toogihag ul kijup dakis nan tohcur bafaz epvagfoj cuvdajodo. Reesno vokeoh nijob iz kuw gi rif coilizic bocideuku vo odeip millav. Emu rohdo napritzu cowji mihelru javdiuga okega sa ziwfav zimeer iju pagten.','') ;
INSERT INTO post values('rJkXlCIuv1tx', 'ByysAUdPyFg', 'liked-plate@icloud.ca','Mon Oct 02 1967','Sam towdoz gem nohwekum emgukcoh vinesna ro lok sa dubampif eb fu loragesi hip ato odegoba murzoj elki. Efe bez kepkafom kahahuh zufmacob buanoin okozu rilene ja rurcejimi no se torcev ho ti.','') ;
INSERT INTO post values('r1g7xAL_w1Fl', 'r1_q0UuDytg', 'posh-sheet@me.com','Fri Feb 12 1965','Id avavumugu ni fotocpir em seudo cil kap nasimi re fo ki. Oco lo kufusbuz ler sipibse jihovzo lihum ruhtogma purasu jo sonoc tohfujjec.','') ;
INSERT INTO post values('HkZXxCLuwJYg', 'HyUF0LuPytx', 'dashing-ring@sympatico.fr','Mon May 19 1958','Weipazu tupojih lok teful furuf mafezwo kekda racupzek jajunta hisuv pufesdol dapoltoh. Bipke det hupvazsum nahcar hoitjuk mij ju zercif lavumbo nowi ujemig zi wobore walfa. Vafus gu magko vuaco horod li kulicomu dino razubug ligbubek tus og vaclebes zuwol riuvaugo. Lo osaallu pep ugaot esu tu cuperutet vilis webikaf zowo wafaj nus zi duzodof. Zupecaw ni zo pelgacet fowme lairo datbo abodaego raw mac butperav no roge vukodgi celgobla geftid ji ofota.','') ;
INSERT INTO post values('HyGXxAIuvkYx', 'rknvRIODJtx', 'chilly-throne@yahoo.uk','Mon Apr 01 1957','Wijcubi nisdarsem joku tosjuwa pog uza ovafoncez gud cofpa alwol wup coje. Veborti nuc ujicewe hu gakuw siep la redeti rusosoho nezcak luggaco ravrovez. Gejegu oktafze luf odze fo er ozuwumop iblomi we napame li isiipve tigero ba ujaw. Liner lij hikpub juri ofojo izubidimi ze emteruzi wecusjo molirfen juhiubi labu resset. Dundovdeh hibecdi fe memezil cawvur ew loj sewebi on januleg casuluk ruduw depes. Lotdov fapa seim wejcebih narravug bic si rucmuwu pihozap opamutle zojej gu cihore wir tepozu wek kuvaf tonotle.','') ;
INSERT INTO post values('r1XmgRI_v1Fx', 'BJmsRI_wkKl', 'nimble-letters@me.com','Sun May 27 1984','Akajuv olevadi cu revi ancoj joc mim udolu jib fa son otoucud pab urizokwem igaumu nupu roga.','') ;
INSERT INTO post values('B14QxRIuDkYl', 'BkndRLOw1Fe', 'posh-sheet@me.com','Tue Aug 25 1992','Heba jelinvuz mil tuderitum lasew sita ibac ukujozzo kiwe muczineh oceur sawkineg izeec pemudus zanib fempap citim sag.','http://bepburo.in/keh') ;
INSERT INTO post values('HkS7xA8dDytl', 'Hy7w0L_vytl', 'primo-dock@videotron.co','Thu May 06 1982','Kid jusidu suom wehjuhezo topputli ekuz ceclan sekgam ac godih voc bid nujalomig alifuh behwin.','http://kokbi.sh/bimor') ;
INSERT INTO post values('H187gRUdP1tg', 'B1TSCUOv1Kx', 'decent-ring@mac.io','Mon Oct 31 1955','Wibfotsez biorne puonoja nu zanfeohe we eva nenrede cel faisope ubusuz set elrituf re ikifi.','http://uwuisace.mz/gogeziv') ;
INSERT INTO post values('HyPmg0I_wyFl', 'r1M_0U_DyFx', 'mean-men@hotmail.co','Thu Oct 30 1997','Ruf zib zec ataput ju kul ukpuuvo diuhe pimeccis zejticsa coosugu ulu uwem guluzac mesveg. Jadpu sezcipzi use fivu vifujak peil hezuvrav ala tohrol ratofi norijvoc apu mopunnof upepekas geiziru ral wisen ataf. Didili kavipip in ula ja zuwwoh um vozbuw alle din on dir apo cidivran nuczuc. Bioni ucne kimeb ujuapel wehe aji hafof olur avva mav majwup vohjapbe cic penkofig. Sehza lonperol az jetvosa vahos legaivi ku vak pamsew wilindub eze ma. Puhfur eluihusig vafifiati piuceked edajiw kuhofefu web rawazwof az rohe lessotuni covbubbez.','http://zeked.gd/uso') ;
INSERT INTO post values('BJ_XeRLdD1Ye', 'HyUF0LuPytx', 'nifty-bell@icloud.net','Thu Mar 11 1982','Mu fuhezuge log zugbebove kip po jafwag semivo iduvoluz ebub muda te caino pife ecziufe ho. Mecderso ukcara dad ruibfem devosa gojuile guncul mezjuuna livgigla duj fa kipjehi sazafev akpouni sekvu.','http://pezvuc.sk/miuv') ;
INSERT INTO post values('HJYQeAUOPkKl', 'HJRUCIOP1Fx', 'gold-quartz@gmail.io','Tue Jan 08 1952','Nocigsoh rejrajgo jehzuka vuoli iloecgo vo bohgeri bi oramotoh toavnu caw mi bapfe pugohu ababa je. Sanit abaroson bolapi durwa kacjehum por ikvo mujfu ufailizo hetec likhu suno zeji weez johogu amu.','') ;
INSERT INTO post values('Syq7eCLuv1Kg', 'HJiOA8_PkYl', 'third-hydrant@gmail.fr','Sat Jun 02 2012','Laljovhod ap cigi kodakvuz goj tupiv utu nozdo aba eva wal faslejip ka duhiz gafere oduuce. Fub nakjufal egepu rebmes usiwoadi voakiisa nube wuligiva zusiwo fus ledhoik hewid susziwi.','') ;
INSERT INTO post values('SysQe0Udwyte', 'H1JdRLuvJtg', 'fast-frogs@icloud.net','Thu Jun 15 1989','Puhlifo punpu ib refluf nel hu besjeb bulowiki laj puvwa nocihke zij penetaz dog eraga elo ciw. Saksosa fawjo sub zer gas mikcud puhub si vusebmag rojopo leansub daaca.','') ;
INSERT INTO post values('r1nQxC8dvJtg', 'B1yt0LOvJYg', 'volatile-icicle@yahoo.co','Sun Jun 01 1969','Do goc favaw ubta cebcid fog so vow hodgeb doke ofsiwi kuap. Muk gowopgef geocubiv ocug ajivapeb vukcejhe wokafegem hejiv idemazru sazcuw an tuw mosi vuk za.','') ;
INSERT INTO post values('SyTmgRIOwktx', 'S1qwAUuD1tl', 'smelly-change@videotron.com','Tue Oct 17 1995','Detse totlibnuz ju va bene cikefo zunva sog ih asdedi nuhde nagid. Cuv hu pum iboweso dawpuc dihcihbe luudeihi vesmikis to rogekuf poci bov ro ibhiimo.','') ;
INSERT INTO post values('SJ0meRUuPkKl', 'SymF0LuwyYe', 'nifty-bell@icloud.net','Tue Jun 22 2010','Tudke muwom rogopan fo nekudsa cav erihek oguror zem helnosena bimatij elcokfek.','') ;
INSERT INTO post values('Syy4xC8uPJFe', 'r1_q0UuDytg', 'wet-hope@gmail.com','Thu Sep 26 1991','Madmogi licdodti hofjofe ojmi upa jejnivka wozwi pu uz oj hud ijsupik moawe vaj loduh law upiju pazuwak. Keja ufdodaw heolki tugief moehe hecnetfic sebsis sev wes lawfeudi hemwibnik filiri.','') ;
INSERT INTO post values('B1eExALuvJtx', 'Hy7w0L_vytl', 'acoustic-orange@hotmail.us','Sun Aug 24 1975','Mereliz siwuf geju mi kovwa ve di cazofkil tiswu wuzi jajuf saisin hir haw unuzot du po. Epiz tale ola otise hiffe mof osge odowiceb kupizva di cifwi five uw. Ikbem vagersen osowucja ebutedlef pogigu wiz ipiz usolavwa daop nema giw vafga gunzohzib wazug nuriwi esnoso ifi. Nutoalu huput lof dejo tunmar apafoza pezen capa magguso baicco celvijduk moekidi koco avoot. Lowsoto baf opono vaw pamsoczah hofrub neclo erve setopara otorim wuj neh gorsuimi wahdob. Nanre jotuki bala hib fefih ar jo gaj cab zagecone wovvek mildic labahag casvesji veksizi zawebwe vubmanfe ajaiku. Si tofobhi luzawojud mowop mulinvu ahiatu am vivtipid pu rimulriz hib cavhegkev ed fosadfe powasme we ce jegitzos.','') ;
INSERT INTO post values('HJ-Ex0UdPyYx', 'SyivAUdwJtg', 'acoustic-orange@hotmail.us','Mon Jun 09 1980','Gizfac zig sitase zu baltok keku kujze vek ze tur cihincuk uctu et papogi. Numoro hotpinwu kuholbe vowfeg iki koda ihu kohu alunorim bo mi rov ijfi nud.','') ;
INSERT INTO post values('S1f4xALuPJKl', 'H1JdRLuvJtg', 'liked-plate@icloud.ca','Fri Apr 14 2006','Abtunpub kaliezo ro loj onuteg gaz jol upu ki masefve jih wu.','') ;
INSERT INTO post values('ry74lAIOv1Yg', 'B1w5A8dPJtl', 'bitter-believe@yahoo.fr','Mon Jan 04 1999','Zovlosziz suhcek zemudi juk fumij gor lolid av olkeh cewmuecu cihas ir ak.','') ;
INSERT INTO post values('HyN4eCIuwkYg', 'HyawCI_vJYe', 'knotty-pail@hotmail.uk','Thu Mar 04 1948','Igsa menoc cukbutlov meczufton vuw ba pib fevkeliw agzaano ic taf cab suh dairo hi vug epuvis fohzekva. Po gacwu pueb wenele rep kirahi ir rop uw rurhisit bilpu kuanoza nah owevuf dujko ziro.','') ;
INSERT INTO post values('SyHNxRI_v1Yg', 'HJ7BRLdDkKe', 'dashing-ring@sympatico.fr','Tue Mar 13 2012','Uvako hevogop vuga zu pekkek utbolo cufba ih kuglig pibpa omi vo vah tivude. Regjadcom cagbu cic cifa rudro vi vokouvi migipop bub otaalke fulwe wi le muop gero fos hedvajat ej.','') ;
INSERT INTO post values('BJU4g0LuDyYl', 'BJ6cAIuD1te', 'volatile-icicle@yahoo.co','Fri Jun 16 1972','Anamo wu enjevba nanbi ucfecjoj tupce mid sujeltar afo oniefevo ezefice ecocu piupo.','') ;
INSERT INTO post values('B1PEg08dPJYx', 'SyOF0UdDJtg', 'fast-frogs@icloud.net','Mon Apr 20 2015','Bemafki vukaud vuos kuwid hod ivopabe javbu riiki bec usre tif sapmu tu uj kam ketuva. Gib loktobjak fa zaz osnaf zosacoh os rulmezev zu jidiz ogomubviz hadla.','') ;
INSERT INTO post values('rJOVxCIdDkYg', 'ByysAUdPyFg', 'primo-dock@videotron.co','Mon Jan 12 2004','Josu rol joju cocladda tul rer haz gop ru geculi uska vicgufat jihal cab. Husrowow tadzirfuz igadow fisle bec wu wigsut tahotiwe tes nicjasa zule nuuz bacapit haffos.','') ;
INSERT INTO post values('H1FVe0LuvJYx', 'r1_q0UuDytg', 'exuberant-knot@hotmail.net','Thu Dec 28 1939','Guetaila gu azicahniv finfoaz bovgemza huzo hasel limgav bal uforaziw zodukjel wivtiv cepulata uha ud hiri uvzub uw.','') ;
INSERT INTO post values('SJqNlCLdD1te', 'BkndRLOw1Fe', 'tiresome-turn@videotron.co','Wed Nov 01 1967','Rotdadtat callet mukagri di dit kuwmizoj zelasokun bazkif rujjalpal vafvocme mefiva ham zac roffe. Edabaz gijku olamumzo tof idu vi hoh edsi irajaigu utioba wob jajoc hap.','') ;
INSERT INTO post values('BJo4eAU_wkKe', 'BkwH0I_DkYx', 'symptomatic-mountain@sympatico.fr','Thu Dec 23 2004','Zevbiw rowji emutoclu devbap nuhsu ruzo kefu wo epfolguc zavemij juun re. Egu epi rumdosih piwehaget riwuzli gahaso rinic okda wazok cumvo rervas didbivda lorfa mic ro na ajewulsiz. Nih mocrug komuus ma lazovi suddu imemari nitruz wibog kacanu azotol jevef mu tusehuc jo. Wa cucso ka wani ad he hudalu nuvvo tukufi gojme taghufu avi hidah kusfolic bajit rec. Bidzuoh iv gabu bevir fi taaha socuszo riroduef wonbi kisfi jisedav osooso we vaocu zikbewo car hile. Felis itiohiko awbe aje jepbojsec fopzo alamed na pe zaba val oki da vargovpot gaza bej sece.','') ;
INSERT INTO post values('Sk24e08dD1Kx', 'HJRUCIOP1Fx', 'posh-sheet@me.com','Thu Mar 22 1951','Gemapco ce kuzopibe ba dobnod ecu vid inoweiv cu kel wo gamtitol za haageker mo va huvpu juhjec. Kubnojmem nontu goat pourva gagehwa oku bueczel gep sosnenul vis ozi fej or ga. Kurcacjos fo awoube wuine ractub covgav pude su okeli imecawo ijado idenubca sim hag ri ce ra. Retdo ungis azaom jigci tukikepe gu operola ezdiw ale rabov punza apa. Zaszushuf jourko meruhge vupuw fumev sahpu nenebu sukulaz be zetor vibuho pekir fu. Uji dipasizo pula puat ge wadwobvo uf pimzipe lo diksuwip dez ruonfom ujownam dafictoj hargofa zituzo. Zevwajop iczac pejoljem no za wep pi midok julemnal kolulem pesaf camrivju ruk vuwacla hete fojcoro imde camomme.','') ;
/* Script generated Mon Feb 13 2017 12:09:42 GMT-0500 (Eastern Standard Time)*/

INSERT INTO comment values('rkTVxR8_PyYe', 'Syy4xC8uPJFe', 'moonlit-hospital@yahoo.com','Pijbouki ohuobe ozfu orji tafa nijongen wepeva cinhucuh depzo keso ju ira sew sodafakom.','Fri May 26 1978') ;
INSERT INTO comment values('ry0Ve08OvJYl', 'HyN4eCIuwkYg', 'knotty-pail@hotmail.uk','Vid fuw icsisun faoviwu ponwuz nat ha ez tijjauh uhenu ludidok gaireni zufov zeizzus bot detbeku diujaku.','Tue Aug 07 2001') ;
INSERT INTO comment values('SJ1BeA8dDJFl', 'HJ-Ex0UdPyYx', 'doubtful-watch@gmail.uk','Acogu awanawed ceb epgoz rilajci saf nolwigdu ni tok wad te na wuzotgu ucu bebsu wep.','Fri Mar 14 1969') ;
INSERT INTO comment values('H1lSgCI_DJFx', 'B1nbeR8ODkFe', 'chilly-throne@yahoo.uk','Goppuasu le wudip vop zibra voebet hadipada mafpaf lukva itus rogeki bivpon.','Tue Jun 24 1969') ;
INSERT INTO comment values('B1bSlALdvkKx', 'ry4ge0U_PJte', 'decent-ring@mac.io','Ubiet ja lub cezaw gin toc ta giv mumul ki lap kagita nocoiz workabi rez jum za det.','Mon Jun 22 1992') ;
INSERT INTO comment values('r1zSgAIdw1Fl', 'ryi2CLuPJYg', 'acoustic-orange@hotmail.us','Siawu koz nazut vawiut vuni muiziupu favrowe jizoh nukju se nokair vidhepub wavum dalor fidiwvu pob bir.','Fri Sep 27 2002') ;
INSERT INTO comment values('r1XSlR8_w1Kg', 'Hy_JlRLOPkKx', 'primo-dock@videotron.co','Cido fumunap udhi jili duj kavifrek coscube fojosof laba ta febtaar sutimsak tojzekem.','Mon Apr 26 1971') ;
INSERT INTO comment values('BJ4rxA8_D1tg', 'ryrfx0Uuw1tx', 'novel-bomb@hotmail.uk','Bovos gisepal baulsed pujofo oduhe bubha ro kiifot tojeki nizihhis kohwodes sij zecru vumeju zavsurrus rujna hedhukpu.','Mon Nov 25 1991') ;
INSERT INTO comment values('HkrBlCIuDJte', 'BkOMxA8uvJYx', 'gold-quartz@gmail.io','Iv pavufe ka hi ke lejepol cuzi ju akule sekus dikav ji rugjarup zammikdof kip ekgas ku bo.','Fri Jul 23 1993') ;
INSERT INTO comment values('r1IHxCI_vktg', 'rkXxe08uvJFe', 'tedious-substance@hotmail.com','Udica noje noweben tilbiv pe luwatut dom wonakro mun ha ujdoh vu vos ururi dawe.','Thu Jan 26 1939') ;
INSERT INTO comment values('S1wrlRI_v1Ye', 'SkGTRUOwyYx', 'volatile-icicle@yahoo.co','Ap seiso ozeomuler fel sire giabfew hisride gi maficci ceetoli busvercuc zuh lifonec.','Wed Nov 10 1943') ;
INSERT INTO comment values('BJ_SeR8ODyYe', 'SkE-xAUOvJtx', 'bitter-believe@yahoo.fr','Ez so kohuus ne tupvut du ge ma rufaza votjomsan el benebi le pardovnif meal ra alho dokibob.','Thu Apr 18 1946') ;
INSERT INTO comment values('r1tHxCUOvyYx', 'r1wCRIdPyKl', 'worthy-point@videotron.io','Lelizpev hacripa takbupil izebonku jesah lahiado hecepsa bumo en mim ad cita acviken raj ogoja ci delwub.','Sat Mar 23 1968') ;
INSERT INTO comment values('Sk9HeRL_wyKl', 'r1VAALuPkKx', 'fuscia-potato@videotron.com','Tuwat damupvag idmo onahuwu tonkik cov jociri ve nurhed kinikuw lanevsu tamacid.','Wed Feb 17 1943') ;
INSERT INTO comment values('BJsBxCIOw1Kg', 'B12aA8uwyYg', 'scientific-steam@sympatico.com','Na nianufe desanek niw acve ho vuzehi ohremap terap nu ulsapceh rogmer rew pe.','Fri Oct 23 2015') ;
INSERT INTO comment values('B1nrl0LuvJtg', 'S1Bbx08uP1Kx', 'vogue-son@icloud.uk','Ojgopjed rod ok cemsil fiwjob so tu me eda vo fidcoki vofese futhoz uk jeumo kuel.','Sat Oct 19 2013') ;
INSERT INTO comment values('BJpHxRLuDJKe', 'SJ3gx0LODyFg', 'novel-bomb@hotmail.uk','Iwa dibagec beod titul ojahocpo dedzod danbo puwoj talozuep eh ha majfuhuv bu elnutta jecojob vadtog pem to.','Thu Nov 06 2003') ;
INSERT INTO comment values('rJRBg0Udw1Ye', 'SklZl0LODkte', 'nimble-letters@me.com','Ijevawip lavaz be asfuror rok avit ca ruh neh mofilmuz afulu iri.','Fri Mar 08 1946') ;
INSERT INTO comment values('Byk8lRUdwJYg', 'r1ske0IdvJKl', 'acoustic-orange@hotmail.us','Ceid fev seudda fasepuega de geta gekosve etu hosopot japjen reniv vezjeho mewmog.','Thu Dec 09 1937') ;
INSERT INTO comment values('rJeIeCUdw1Yx', 'HkWpCUuP1Fl', 'posh-sheet@me.com','Nimwuib guvazin pinzocheb ufge gutuza tobgun kebuf okeguzti relkuc zu atpok sija.','Wed Jun 27 2012') ;
INSERT INTO comment values('HJWIxAUdDkYg', 'H187gRUdP1tg', 'third-hydrant@gmail.fr','Uheobagiz ushilafu te nierobop guf ido picojuh zegugi sun mesbodov ohuiviuwu ko bo kewa zu icnaw noz.','Sat Jan 15 2000') ;
INSERT INTO comment values('ryM8g0UOvyKe', 'SJ3gx0LODyFg', 'tedious-substance@hotmail.com','Lu favliwwil zagutap ji ewu upnike malohu osi peajtez sa baifaejo muuko wa joto fenuzuvu dizuru tir fijusi.','Wed Nov 22 1950') ;
INSERT INTO comment values('BJ7UlCL_DkFx', 'BJU4g0LuDyYl', 'female-fog@gmail.us','Ozasudol igivicwap kosmop id hu legsibop kolwioj winaf rejala ruv alfip gu okidup vapazcib laca wilji.','Thu Nov 28 2002') ;
INSERT INTO comment values('SJEUlAI_Pktl', 'Sy-nRIdDkKe', 'knotty-pail@hotmail.uk','Didace cofsenlo patbeun piv se fithaf kow dene zih robfinzo puroho ojodene vihiropif zecemvo zu luzgus feniw.','Sun Oct 22 1961') ;
INSERT INTO comment values('SyrUe0UOvJFg', 'ryCWlRLuPyYg', 'moonlit-hospital@yahoo.com','Vacbu bodbulor ipkizis muhemli zegmuj rajbabuj nig cofapad ka afaf wocac eketovwep wasiji.','Sat Dec 03 1949') ;
INSERT INTO comment values('Sk88gR8_PJKx', 'ryJZe08uwyFg', 'fuscia-potato@videotron.com','Ja henu vaitpih covcedo rejij mosuz pewi upil bakgujci hizuuti ebenan moomi ta ru otitom ita.','Wed Feb 28 1990') ;
INSERT INTO comment values('r1vUgAIOvytg', 'SyPWlAIuD1Yx', 'wet-hope@gmail.com','Gogorera ompu vuhi kangi dentev jitog aca mup etidap nepnu nan waigno.','Mon Sep 04 1961') ;
INSERT INTO comment values('S1_Ix0LuvyKl', 'SkE-xAUOvJtx', 'mean-men@hotmail.co','Ow ad feslu gelvoso ilcew dawogimo wawta ikocoje tapacgo wi rik vid ta suhow mele.','Sat Jul 12 2003') ;
INSERT INTO comment values('HytUg08ODkFe', 'B1RTCIOw1Yl', 'eatable-lunchroom@me.us','Ru eniseruv bonawum wivaj di umusit uvo vahpecan vu uha gac ata lidbi huctavuw.','Thu Dec 14 1944') ;
INSERT INTO comment values('S1cLxAI_DJKg', 'H1v1lR8uDJKg', 'subsequent-slip@icloud.co','Culof letcuzak fo gog nais kerpaog kakin ica azju uh lafarsuw eje genfukez rikarco.','Mon Jan 05 1998') ;
INSERT INTO comment values('B1i8lRLdDkYl', 'BJ5beRI_PyYx', 'scientific-steam@sympatico.com','Efigu ba togidi osa lemisdun de ik waga ovnu lafuvier za jo redaon mu wihihwa.','Thu Jun 19 1997') ;
INSERT INTO comment values('BJn8l08_vkFg', 'r1ske0IdvJKl', 'chilly-throne@yahoo.uk','Po eretaf zuhpu joma ame heclufen juwda zoih bukge ebciw resdi pefaro tem vicnahuk rufwuzmer zocov.','Sun Feb 14 1954') ;
INSERT INTO comment values('BkaUe0UdD1tx', 'r1XmgRI_v1Fx', 'glad-smoke@sympatico.com','Ul hif gos imiwac ute kere anfakeh boez sekoc win nez luszez apazafda zewal ezju.','Sun Oct 21 1984') ;
INSERT INTO comment values('ByCUlAIuDJKe', 'SkACCUdD1Fl', 'moonlit-hospital@yahoo.com','Ifaozewo azmurrus sitmeg ivwecuc cis de co jibavce pincezke suehras bilepto wacecvu de coipbes suklic.','Tue Jul 14 1970') ;
INSERT INTO comment values('ByyveA8_vkFg', 'SkACCUdD1Fl', 'knotty-pail@hotmail.uk','Razpion lekaw zac tidlizsu nupum hil bos bebkufcat gak setudha pinam avsas viitubi fimrollu.','Mon Aug 17 1964') ;
INSERT INTO comment values('HJgvg08OvkFg', 'SJIaRIdvJKg', 'potent-bag@videotron.uk','Tuba ejo mo wuguam fij otuodib doku wa unjebvec jankepimi sez semanil febgahhod vusvigmum rahokiwi ja.','Fri Oct 24 2008') ;
INSERT INTO comment values('SkbDlC8_Pktx', 'B1nbeR8ODkFe', 'posh-sheet@me.com','Ic uhse lij wo giwzejeh in zico he wiv pueca sicfe bul ifduz dalvokoj li.','Thu Nov 21 2002') ;
INSERT INTO comment values('ryfvlRLuv1Yl', 'HJXbx0Luw1tl', 'good-bell@me.com','Amuruos pucocas vo niwoc san ogwu upete idvak wubevsu ju nali saitwoh wohfil davso rawehzar.','Thu Jan 02 1992') ;
INSERT INTO comment values('SkQvlAIOvytg', 'HyssR8uDJYe', 'good-bell@me.com','Cukpip zumucak esahiveja pu nimlug reroztu od rivo hodbislam adokwi sizaso cugzewja.','Wed Feb 22 1984') ;
INSERT INTO comment values('BJ4Px0LdPJte', 'r1XmgRI_v1Fx', 'acoustic-orange@hotmail.us','Wukah ipeco eha zaf wavij witmon as up golic te nafvi zezem dacoti zomure lahhoga pihtafhib.','Mon Jul 15 1957') ;
INSERT INTO comment values('SyrDgC8_P1Fe', 'Hy_JlRLOPkKx', 'outgoing-argument@icloud.net','Limdojiz ofo lekgeti nu kilrehban gih nok doscogkub genuw god wije ruurewa acco afa beharuje rugi.','Wed Mar 08 2006') ;
INSERT INTO comment values('B18PeCIuP1Yx', 'r1B3R8_P1Kx', 'nimble-letters@me.com','Aseus ubuezunov pefi jelafkir cosujgoh vorucuri zeuvegi hees baghoje ime mucef fo sib.','Fri Jan 16 2009') ;
INSERT INTO comment values('SyPwgCLdv1tg', 'r1XmgRI_v1Fx', 'closed-party@icloud.ca','Zo ku roava si inbes lajwimum he gowa wut mepuzcek housmev wafumhip ciimde zeksi wal.','Sun Sep 15 2002') ;
INSERT INTO comment values('rkOPgAI_D1Fg', 'r1wCRIdPyKl', 'nifty-bell@icloud.net','Podini cidakuifa lokvevof kikpizwu kukadijar kovbun lubuofe dikugugo jep bipo tiw piofu leezewif em se sodilgi.','Thu Sep 26 1985') ;
INSERT INTO comment values('SkYvlCIuwyFl', 'B1eExALuvJtx', 'slick-event@gmail.uk','Asa ho vocazi wef uh taho hazeh ofaurra ti juhez hev lemom he ago mecami ruf is sa.','Sat Mar 28 1981') ;
INSERT INTO comment values('Bk5DxC8OPyYg', 'ByjfxRLdwJYl', 'mean-men@hotmail.co','Biv sopuzo fuutasam co mugrel reac lezuza fauz fave vetrudum ejo te wofvum gafzair tagatsu vu tufog su.','Sat Sep 26 2015') ;
INSERT INTO comment values('SJivxRUdwyFl', 'SkkMx0I_vytl', 'poor-government@gmail.com','Hougo rikija gupten siki pah na irazne ke edfaw juhbut sulzopvon acwa wo lo fij pehsa.','Sun Feb 15 2015') ;
INSERT INTO comment values('rknDgAU_wJFx', 'rJlh0I_DkYe', 'tedious-substance@hotmail.com','Fuzfiv iviromnoh ureka jo ni ez ne zunmufo morda hizucri vajwozduz kednow somip ti duzgonu.','Fri Oct 05 1979') ;
INSERT INTO comment values('rJTwxC8OPkKx', 'SkE-xAUOvJtx', 'female-fog@gmail.us','Rozig od zavarku gagfi zokkajvo nenaz oce tofep waikijo tuses ombunza hifovo daspabmid lo ociecokob camwu davir wohgivki.','Mon May 02 2011') ;
INSERT INTO comment values('SJ0vgRIuDytl', 'SkACCUdD1Fl', 'chilly-throne@yahoo.uk','Sefu rac nohjasdoc bid nubhiwfum fenbo vuvfirab oniwuem suhse nerifepe femrirkob po copiric mitodok osu uk ci fooje.','Tue Nov 13 1945') ;
INSERT INTO comment values('HyJOgRLOPytg', 'ByuaRIuvkYl', 'nimble-letters@me.com','Hopgulo avuefi niwhoma cu fun mekuk hughopjoc tu jor za jicus iwdap tod pej bouk feblidu.','Mon Apr 29 1957') ;
INSERT INTO comment values('HkgOgAI_w1Kl', 'BJo4eAU_wkKe', 'tiny-toes@mac.net','Esginwa ofivuhi useop cosac pe ocaofa dek sifbag nopo mil gervudosa wew zuszop zeemeipa sizpunza emihaflon om ardonveh.','Fri Nov 12 1993') ;
INSERT INTO comment values('S1-dlCLuPyFx', 'rytlg08dDkYl', 'novel-bomb@hotmail.uk','Mose robin sicanitob jol bitup kov legfo nitat wisa nijmi ane hog ranlug gejar mi mibci hesnu lebalnu.','Mon Feb 16 2015') ;
INSERT INTO comment values('H1zugAL_v1tg', 'r1w6C8uP1tl', 'eatable-lunchroom@me.us','Zinawe filsimhu lahuvac aza nesake nojo fidabtu nulken wohnir nipac gesdig dufudehi ibpupro.','Fri Dec 16 1938') ;
INSERT INTO comment values('BJmul08uwJKe', 'H1nGlC8uD1tg', 'bitter-believe@yahoo.fr','Veg huro ap ibijode jinrem nusga gu kaaspuc catovat hicibi beac wot hehuti up ziragu.','Mon Aug 10 1959') ;
INSERT INTO comment values('ry4_lCIuDkte', 'HJpyxCLOwytx', 'nimble-letters@me.com','Dujehevu miho niubokuv gaw piluuz zasriuke romsilfep gup rusendu cal pi putod.','Tue Aug 27 1985') ;
INSERT INTO comment values('SyBugC8uw1tl', 'BJtCCUOwkKl', 'subsequent-slip@icloud.co','Lir me rolozu coatha fuhtile oro nuwetjab lake won ti za ita fop mo atiati ov.','Fri Feb 03 2006') ;
INSERT INTO comment values('ryIdxAIuPktg', 'SJ_WxR8uPyKx', 'chic-wrist@icloud.io','Ma muli fousi wasi zugovro fu lib ziwo mu rodo pono kesur.','Mon May 24 1943') ;
INSERT INTO comment values('BkP_gAUdDkFe', 'ByjfxRLdwJYl', 'decent-ring@mac.io','Hofikam fe tozubga hi hoddican buorore bajo wowno va labove topopop dilpiv uco ba.','Thu Jul 12 2007') ;
INSERT INTO comment values('Bk__lAL_PkFg', 'ryJZe08uwyFg', 'closed-party@icloud.ca','Ud pedi ci ha monvuw facuruk iwaefru utucog etobra rebobfe nosopzu ro luvpuful sijodsez or po zimuz.','Sat Jun 29 1985') ;
INSERT INTO comment values('S1FOxAIOPkFe', 'SkGTRUOwyYx', 'maxed-vest@gmail.fr','Aza zejucal dek ajoplug temu we egeehu hubir ri usefe arve mefdub geldiv iznitna dilahmoz vopzu.','Tue Mar 30 2010') ;
INSERT INTO comment values('Hk9dl0Ldvkte', 'HkKzgRU_DJYx', 'maxed-vest@gmail.fr','Roz widik tob ze fate mid ka sut joanmo mazoec muc deujtoh mo fofcuf jeisaud.','Sun Feb 07 2010') ;
INSERT INTO comment values('HksulCLOD1tg', 'BkY2CUODJKg', 'slick-event@gmail.uk','Omtag zezumuke fil ohe ricene ziv tiw kib behlovmag ce gewid uk.','Wed Jul 20 1966') ;
INSERT INTO comment values('Sy3_lRUuDyFg', 'ByAeg08uDJFl', 'mean-men@hotmail.co','Defuhlec jajibmod oduwidle sotus gicuk kowme kejsudso nekildu wotcuj vapuwiti marles zin sula.','Sun Dec 07 1941') ;
INSERT INTO comment values('ry6_eC8dwJKl', 'SyzCA8uvyYx', 'tedious-substance@hotmail.com','Miwobbe hu fasjowkok loetawe vevanwil bewrip loih ivma ojalis linezelu winoz bazide.','Wed Feb 02 1938') ;
INSERT INTO comment values('BkRugCUuPkFx', 'B1RTCIOw1Yl', 'tiny-toes@mac.net','Ut apodo kureb pawdusol so hol tot roevotu wowel eze mesmuv wizazlom nimupa walikoc pumlub vam.','Sat Aug 28 1982') ;
INSERT INTO comment values('HykKeC8uDktl', 'HJ0nA8_vJYx', 'acid-worm@yahoo.uk','Noufhi zu abtowal do ki ducjiw uco gubit ra ba kazadi kukuv jurna sidheumi.','Mon Jan 28 1946') ;
INSERT INTO comment values('r1gFeCI_DyKg', 'S1n1gCI_v1Yg', 'tiresome-turn@videotron.co','Timtuj gupevvi nogvar vakju ag bo vobgoro narof tezovsu onsifu ar umhasic vojig.','Tue Apr 21 1998') ;
INSERT INTO comment values('ByWKeAI_DJtx', 'ByAeg08uDJFl', 'flippant-snakes@yahoo.io','Vuce cavve afunolle miwvoul fum ho vitliak ben higefvuk vic taz owdiza japa waoha zobukop vog fujake na.','Tue May 23 1972') ;
INSERT INTO comment values('HkMYlCLuP1Fl', 'rJlh0I_DkYe', 'scientific-steam@sympatico.com','Bok camebpa tehor porfuvnov toje lustaj uvkumek tebuov tiposanes uga widrak racuged na ig mig mapokodi.','Mon Aug 15 2011') ;
INSERT INTO comment values('SkmYlAIdPkYe', 'HJ0nA8_vJYx', 'nimble-letters@me.com','Zal zunval pit so wajpunef to rana palas itcod hoholgip nuldu cobzopnu tiforod onekik woklu.','Sun Mar 15 1959') ;
INSERT INTO comment values('ByEKeAIOPJKl', 'ryX0RU_vyYl', 'liked-plate@icloud.ca','Ov betud bihab vew tersep aj depedvu icobefic bid somlar oh wonvef vinwo.','Thu Oct 18 1951') ;
INSERT INTO comment values('SkrtgRU_D1Yx', 'SkACCUdD1Fl', 'female-fog@gmail.us','Vezfi ufjouk tidu ni febu pinto dout at gurorji mefwiwfo nuv netra mesda ipemekgek fucovabi jeusi mujivov nowket.','Sun Jan 11 1987') ;
INSERT INTO comment values('BJUKl0LdwyKx', 'Hk60CUOPkKx', 'closed-party@icloud.ca','Hin totu juwka bi atini ze ce hibves cuvam ajki lehci fahtacmu zeffac.','Wed Dec 19 2012') ;
INSERT INTO comment values('HywFgCL_DyKe', 'B1nbeR8ODkFe', 'glad-smoke@sympatico.com','Subeedo pifew vuebva jekub col cafualu hipte wuh ovofig mifel dirkuc awebra enuka ombe zerwutin wav kibja.','Wed Sep 26 1956') ;
INSERT INTO comment values('Hkdtg0LdPktx', 'Hkm3RIdv1Ye', 'novel-bomb@hotmail.uk','Nergusgor hu rucig ges we jokuja gotodi colsegde nujmo tobti dahkezlu no de jovci udu we.','Sun Apr 18 1999') ;
INSERT INTO comment values('BJYtg08dwJtx', 'rJHJe08Ow1Yl', 'moonlit-hospital@yahoo.com','Geufa fodic se fakehel ega vohilalo rishe pu rupoj tamah fudul vepivej paj jaiwgew ge.','Tue Aug 31 1943') ;
INSERT INTO comment values('BycKxC8_vkKg', 'Sy-nRIdDkKe', 'knotty-pail@hotmail.uk','Ziwovav sap majpi wiv feowuta bo pis vap og luhep covoro zi.','Sat Dec 08 1962') ;
INSERT INTO comment values('rJsYgCLdvkYg', 'SkgTRL_DyKl', 'eatable-lunchroom@me.us','Tomsi lom acepuwis ogme lan ferec obgukbe mohlikan dinake jak lowbu siksug savtu.','Tue Jul 03 1962') ;
INSERT INTO comment values('rJhteRIuwkte', 'S1ZlgAUdDyKe', 'coherent-thumb@hotmail.us','Vizohi zaro coicaru gezso dotob kesu ziecu se lamorni ohmor se uducu ufo.','Sat Aug 16 2014') ;
INSERT INTO comment values('HJaYx0LdwJYx', 'SyPWlAIuD1Yx', 'fuscia-potato@videotron.com','Fedef ladikevel rehzofe sal kupit urdobus gajlibub tilfo loter ja ci hi.','Thu Dec 30 2004') ;
INSERT INTO comment values('HyAFgR8_PkKe', 'B1nbeR8ODkFe', 'third-hydrant@gmail.fr','Sommo risasopu recdu dona husavarow vulewno nihisca mu ibmis vod gotgaca kenaphi.','Thu Oct 29 1998') ;
INSERT INTO comment values('HkJ5gRIuwJYx', 'HyGXxAIuvkYx', 'wet-hope@gmail.com','Dacfikno lic buwu huzof zalfaha laptek doboc zajfes wez rogbefuj ha do muw ije nizlurav uhez rip.','Fri Dec 02 1977') ;
INSERT INTO comment values('BJecxAU_PyFg', 'HkaoCU_w1Fl', 'tiny-toes@mac.net','Luj car dak da giw jik tolohza saf izosvo kuis fudakeh kog joh rija.','Sun Dec 30 1990') ;
INSERT INTO comment values('Skb5x0LODJYe', 'By5jC8dw1Kl', 'black-cup@icloud.com','Rej apo ci puirabe ve bohaf zaw ti olgi al fo guc hiwpa nar nel.','Thu Aug 28 1952') ;
INSERT INTO comment values('SkMqeRI_PkFe', 'SklZl0LODkte', 'acoustic-orange@hotmail.us','Gorgomul taz ladluddaj nomtu car bup dimlicfop ufgicep ba tigwep oromgoh teusmir sizjupgap.','Fri Aug 18 1939') ;
INSERT INTO comment values('BJ79e0I_D1Fg', 'HJJleRUdP1Kl', 'scientific-steam@sympatico.com','Pom sa kip tahzus sufwaja noum re degtenoc regwur pecsoosu todegpis ehike lawazza pehgoji okiji.','Fri Aug 18 1939') ;
INSERT INTO comment values('H149gRIOP1Fx', 'SJQ6CIuv1tl', 'spectacular-beginner@gmail.com','Eji mojdikeru valhe hircidad kanudfep nowukne jimesidil wimisfew noid lukva satze peotomoc ebowur fehuluus.','Thu Aug 21 2008') ;
INSERT INTO comment values('r1rqe0UOPJFx', 'BysTRUODJFl', 'closed-party@icloud.ca','Osuur pa nadhuw ovudi awelifur por uszu edu segoc tej casinniw ciclo.','Sun May 27 2012') ;
INSERT INTO comment values('S1U5lRU_PkKg', 'SJ3gx0LODyFg', 'female-fog@gmail.us','Wapa vi johteer towencig zam su kugopoke pan sasowop zefpa ka ecewanzer.','Wed Oct 27 2010') ;
INSERT INTO comment values('Hyv5eR8dD1Ye', 'SkACCUdD1Fl', 'symptomatic-mountain@sympatico.fr','Humhos wosza wenvawok pamok kase uha ocki ri nueh zasamabus cobbid if.','Thu Oct 13 1983') ;
INSERT INTO comment values('rJd9l08uvJYx', 'B14QxRIuDkYl', 'bitter-believe@yahoo.fr','Wefo etorap zaf cid efebere ehajepa hafu kotni ideid saru mimfo ba hife ono vekfadar fegdiro va uki.','Wed Sep 03 2008') ;
INSERT INTO comment values('HJt5g0UuPyYe', 'ByAeg08uDJFl', 'nifty-bell@icloud.net','Wo cisoge ci devsu mut te hif katur pedki evujhip sonofsid pucuum zenujli.','Thu May 23 1963') ;
INSERT INTO comment values('Skq5lCIOvkYe', 'SyPWlAIuD1Yx', 'gold-quartz@gmail.io','Upibi avo osozorhod ne daspawu zimoda fo pij ozli damosa nap zumkimama edpedo cer rab haperrif intus la.','Sat Mar 24 2007') ;
INSERT INTO comment values('Byscg0U_v1Kg', 'B1RTCIOw1Yl', 'fuscia-potato@videotron.com','Vooreve cugig itba nis vihetuvo na ge nukijag tumekonu ocopfec ja repog jorgiviv.','Thu Nov 02 1967') ;
INSERT INTO comment values('Skn9x0L_wJte', 'Syq7eCLuv1Kg', 'tiresome-turn@videotron.co','Ajipem rozkife gihupa kiwa ag wistil uzbucen mait ame sapiose hac jagsi gamaktuw nozive ritjej kujebpev ek.','Tue Sep 28 2004') ;
INSERT INTO comment values('rkp5lRIuvkKg', 'r1B3R8_P1Kx', 'mean-men@hotmail.co','Jihuf owunoafo sensovpe fo ruwivuri hop numof guujawu zuwod hiliba zuplisij sac me jimzu kul af fekzikro nera.','Wed Mar 05 1941') ;
INSERT INTO comment values('SkRqlCUdw1Ye', 'Bky6CLuPytl', 'liked-plate@icloud.ca','Lu sojpibu gu te min efo tugig ninifurub dur ugal bet arlem kewedbor dehvi ko ipgeh pebu.','Sat Nov 02 1985') ;
INSERT INTO comment values('S1kigRU_wyYx', 'rJLel0LdPkFe', 'slick-event@gmail.uk','Tedaon ce ev sozhog upavva jebla pukzabon nudicu tobsefzo sofci zus ziicaoje jiz zukpeva.','Sun May 25 1986') ;
INSERT INTO comment values('SJgjeCLdvyKg', 'rJHJe08Ow1Yl', 'fuscia-potato@videotron.com','Biklubcij jo domu zon siseshi askesof ap fet vokmive zi jafedaf oviejoel ziuwa kibkibo.','Sun Jun 20 2004') ;
INSERT INTO comment values('Hk-ig0IOwkKg', 'SkgARUdvkFl', 'good-bell@me.com','Dar de ju jezgupdus madep mew fo akisum jidin meelpal kuhfamig tel cakrij kucadar unkusom siko gikta.','Fri Aug 14 1981') ;
INSERT INTO comment values('SyMogR8dD1Yg', 'SyTmgRIOwktx', 'poor-government@gmail.com','Pih jek fugi jo ceec fega lokegun zarudhu cevuw zinhe nopubgon dozjofbu bavjeib sedob zotefag toohba aguseri tacaz.','Tue Apr 04 1961') ;
INSERT INTO comment values('S1QsxRLdP1Yx', 'rktj0LdvkYl', 'posh-sheet@me.com','Lasos jesal vamfehwek kidsoj vihvegna vatuusu jeduv unipacu malic abereja bimoge ku mu tisez barakad re ba sisza.','Thu Jan 15 1998') ;
INSERT INTO comment values('HkEslR8uDJFg', 'HyageCUdwkYg', 'black-cup@icloud.com','Ra ama fibvet fem barvijut wepew racaf savun cuegetad on iba nal pacpomef.','Wed Oct 18 1972') ;
INSERT INTO comment values('SJSogAUuPyFl', 'ryrfx0Uuw1tx', 'doubtful-watch@gmail.uk','Sezlodo fewabifo ipraze sono zarip tad ta befufor vovuc ke rattihu cab si wizuvaj.','Sat Jun 01 1946') ;
INSERT INTO comment values('S1LslCIdDyKx', 'B1eExALuvJtx', 'decent-ring@mac.io','Muvugam mivlo fa ip akov tohvo on gen usiimezu hec va suswawpu to uba usuonu havartu tododediv upzuw.','Thu Jun 24 1993') ;
INSERT INTO comment values('HywslC8_DyFx', 'HJ5glAL_v1Kl', 'bitter-believe@yahoo.fr','Cozo hisvo vaehize hel povzi dababub enzek suvutoco zirzopmi es jivis ta.','Fri Jul 08 1966') ;
INSERT INTO comment values('BkOol0UdDyYx', 'SJ0meRUuPkKl', 'doubtful-watch@gmail.uk','Kivifit loik nawris kelrepe wizievi vopnapruh cihtakuca bit kadevaso sot zojtifu wi.','Wed Dec 07 1949') ;
INSERT INTO comment values('ByFjeCIuP1Fx', 'ry4ge0U_PJte', 'exuberant-knot@hotmail.net','Id difomsi nevhamfi zohiplil denutha mig ukereg dor zogosek wervo adkas guguiri kic sas.','Tue Feb 02 2010') ;
INSERT INTO comment values('Sy5igRI_wkKe', 'SkgARUdvkFl', 'chilly-throne@yahoo.uk','Mestemot gijod wail olaba vor me vagos jo iwoosete gaoteiji ru masicpu colewelez tu si.','Wed Apr 16 1969') ;
INSERT INTO comment values('ByisgA8dwJtl', 'Skhh08_vyKe', 'nifty-bell@icloud.net','Jujdabgi datow regapli vas vinab ja dip foon duafule kipacov cubfesi wihagal itjiljes ru.','Wed Jul 16 1997') ;
INSERT INTO comment values('BknolALdwJFg', 'H1-RRI_DkKg', 'smelly-change@videotron.com','Vupezkav po erpalef fa zejhecru dis dep ke ovu wegedhe wobluc bajgoz kalel.','Sat Aug 08 1998') ;
INSERT INTO comment values('S1pjxALuDyYx', 'SkgARUdvkFl', 'glad-smoke@sympatico.com','Tumdo adu mureme amka niha se mu ostudvaj ci fo rurizug hiak tisgujag mupur fejluh to.','Wed Jul 25 2001') ;
INSERT INTO comment values('ByCoeCUOwyYx', 'r1nQxC8dvJtg', 'tiresome-turn@videotron.co','Kirevgol nuj ohewa vil faz gamvaz vodesu obo kanu kocwowhij resfude nu pivcom de betkapone nimzofdib sanpaomo ihipi.','Wed Jun 15 1977') ;
INSERT INTO comment values('Bk13xAU_w1tg', 'H18kl08_vktg', 'moonlit-hospital@yahoo.com','Nufob mipobge watejan puc hupfawbo jul poogu wuzsic ezi av zawu kebrobla turcut dirirba.','Mon Jul 13 1981') ;
INSERT INTO comment values('H1enxAL_w1Fg', 'SkgTRL_DyKl', 'nifty-bell@icloud.net','Ligkaji modefev etmuk sajupli fobedor ri kavwopa danizruh pogocwum zo avinriv kowlazhod emfifu benemno tezijla lid herci umlubo.','Wed Jul 04 1945') ;
INSERT INTO comment values('BkZ3xRL_DyKe', 'SJQ6CIuv1tl', 'decent-ring@mac.io','Igu iz vunaski ziezber nuzruh jacu cebfag ajcun nodiwi ciido sasoruv fipi pap ju.','Tue Mar 07 2000') ;
INSERT INTO comment values('S1zng08uv1Kg', 'HyN4eCIuwkYg', 'vogue-son@icloud.uk','Itauv cumke na nu ilcu sodnulfit cajduvu nu kammaczed vovceke vopi mih za.','Sun Aug 07 2005') ;
INSERT INTO comment values('ByQ3eALOPyte', 'rJlh0I_DkYe', 'poor-government@gmail.com','Vidmarhoc jaksivi so lecufo ko so silufo mo upu nucikevog zofubon fohciw si eli pa vasgagku pef.','Mon Oct 27 2014') ;
INSERT INTO comment values('ryN2x0LuD1te', 'HJ5glAL_v1Kl', 'subsequent-slip@icloud.co','Uzjowe wen lo hazpupo sor ebeweun vedogo zitaku wuuwiru lukofol aj pubuci.','Thu Nov 14 1963') ;
INSERT INTO comment values('Syr3eC8OvkFx', 'H1zyxCUuPkKl', 'decent-ring@mac.io','Dara mebdaf oz gacsowza susu te far ufhahesa ela hul cesud ihamukeka becebiv fod aj do.','Wed Sep 16 1987') ;
INSERT INTO comment values('HJIheA8uwyFx', 'r1g7xAL_w1Fl', 'acoustic-orange@hotmail.us','Kuducsu om mis jig memro zod if vophu woacu zisucenen ur gimuv datrucub kueno huk.','Sun Oct 29 1995') ;
INSERT INTO comment values('ryP3gAIdvJYg', 'B1qkgCU_Dytl', 'third-hydrant@gmail.fr','Ni estimu pi momweg vilbocal hi riser woc ewelobhaj go usi vofaegu adigo isekenvi ejzec wo.','Thu Jan 14 1999') ;
INSERT INTO comment values('SJunxCIdwyKx', 'SkkMx0I_vytl', 'astute-bulb@sympatico.net','Ipmardu gus givad lemohad pordifu atevajgog ugoculko najuv distegbe cikfofka hufidgol hion mu ces.','Sun Jul 12 1959') ;
INSERT INTO comment values('H1Y2lRLdvktx', 'BypzeR8_DyYe', 'worried-sink@gmail.com','Uwa norzir lufogken azko huhwudog ebaal hoaduce wutitrid tijituf zi jegiguno nopafuc mu.','Mon Dec 22 1969') ;
INSERT INTO comment values('ry93lRUdwJtx', 'S1ZlgAUdDyKe', 'astute-bulb@sympatico.net','Rorzin zi gastedug fajjecni nu lijigcu amosod duddosub liviba hiklat zabaz ci cijidu ziz igjup doife.','Wed Feb 16 1983') ;
INSERT INTO comment values('BkjnlA8dP1Ye', 'ryWWgAUuv1Fe', 'female-fog@gmail.us','Lihfik fik zocsibo gil di bicemfa ne uze nan wiwigen vu rizov hop ve ashadov.','Mon Apr 12 1976') ;
INSERT INTO comment values('rJ3heCU_D1Kl', 'ryCWlRLuPyYg', 'poor-government@gmail.com','Wuratpu fitzojo ru jik giv kikinuw taj uvlazpe nipgebo maf as sohwanof.','Sun Feb 24 1980') ;
INSERT INTO comment values('Hk62gRIOwyYg', 'Bky6CLuPytl', 'slick-event@gmail.uk','Iku hugluk jujvu ak kakjo egtoc marejguz dacik ke gu havipfi oko gan obiwesuha polaci humom povhupza.','Sat Dec 12 1987') ;
INSERT INTO comment values('SkAhe0UOwJYg', 'B1PxeR8Ov1Fg', 'potent-bag@videotron.uk','Hihpe rojih to jepa mij de golse dufimur woske wutu ra hip.','Mon Apr 08 1963') ;
INSERT INTO comment values('SJy6gAIdDkKe', 'r1XmgRI_v1Fx', 'poor-government@gmail.com','Jiruw kugnud gok gozket duon kirhodrad iri olevog ene mijwiuz uni tuksaci.','Thu Jul 12 1984') ;
INSERT INTO comment values('SJlTlRLdPyte', 'r1XmgRI_v1Fx', 'chic-wrist@icloud.io','So pe vik vu juhernu ju diilipo naramad zikjibwof fud keihumu suctuta howwe ruwe obacupcep idosefnuf wezahuk.','Fri Feb 27 1976') ;
INSERT INTO comment values('SyZTlCIuv1Kl', 'HJXbx0Luw1tl', 'mean-men@hotmail.co','Pu weve esozomsi ogi kabim zocuwcu luv caob pu enugolod zoznev ukhem povehbe fakni.','Fri Feb 24 1978') ;
INSERT INTO comment values('r1MaxRLuPkKx', 'H1v1lR8uDJKg', 'novel-bomb@hotmail.uk','Aguijima zop vacsehwil me ozugunok acsi zi ejez ujeazu mucritusu gewnu evonos mej buipi hahjacpu voje.','Thu Jul 28 1938') ;
INSERT INTO comment values('Hk7pg0LODkFg', 'SJ8AAI_v1Yl', 'fuscia-potato@videotron.com','Gucom konji narfoh jukolopab pe ki jacetsi cuh noka to jop famaare tupu ganim ufceg.','Fri Jun 30 1978') ;
INSERT INTO comment values('S1Nag0LuPkte', 'SJLbgRI_wyte', 'maxed-vest@gmail.fr','Vitpo fakag fihadoz pod obiukeit mosuk rid sa bafor jalih agsi obi la motow.','Tue Jul 29 1958') ;
INSERT INTO comment values('SyBagALdwytx', 'S1f4xALuPJKl', 'mean-men@hotmail.co','Ozice fa jug kuwkan muka lemosvo efsokob dauji ade boz fujnos gobo rijec vojah limos fob.','Tue Jul 06 1982') ;
INSERT INTO comment values('HJLpl08OPyFx', 'Skhh08_vyKe', 'nifty-bell@icloud.net','Cezuh jukmujoro cucen po re ujopozi rav no nuvoj regva zuowejit tuhoceudo.','Sun Jul 17 1983') ;
INSERT INTO comment values('rywpeRIuwJKg', 'SJqNlCLdD1te', 'chic-wrist@icloud.io','Rulguksok so vazodab waho jegaf zug su voaji tujpag ruvusej nusumif picu townitca fajzoic nojuna gucju gac tafucgo.','Tue Aug 24 1976') ;
INSERT INTO comment values('SkuTgCUdDkYe', 'SyxleCLuPkKg', 'good-bell@me.com','Lihpiclu ihaafuez oc jowbine zi peb ejdi igodege ja be avbumi calo hacovtap.','Thu Sep 12 1940') ;
INSERT INTO comment values('SJtpgCLOP1Fe', 'r1ske0IdvJKl', 'coherent-thumb@hotmail.us','Jevo af pailij pu ri waspemo lupivewa dumkot evot ado buz make muwobamok has kucigbun temadnow.','Mon May 21 2007') ;
INSERT INTO comment values('rJ9pgCL_PJtl', 'rJBTRLOwyYe', 'tiny-toes@mac.net','Fulzakubi ihazido paw po zonri juotu zognumoh kip afugujan fe buzume lari bemwumwem kikmeub.','Sat Jun 27 1987') ;
INSERT INTO comment values('Syi6gR8_DJKg', 'rJlh0I_DkYe', 'maxed-vest@gmail.fr','Ahpahpug eghot butuwu suugumag ejesuw bareig virsun tenvago inapavoc un kejipo wahube waf nazibu.','Sun Mar 30 1958') ;
INSERT INTO comment values('Hynpe0IdDJYg', 'SkACCUdD1Fl', 'wet-hope@gmail.com','Eg otsem ibanawe ija vikbif wep pe ibbu we favizen af picke misfe lizo fasrafde nenluga cukapiba.','Wed Dec 05 1951') ;
INSERT INTO comment values('Hyp6xRLuPkYe', 'Sk24e08dD1Kx', 'nifty-bell@icloud.net','Hibtufzon omohu tovidcis kavleawo jijutge duasovu nasbeg wa dis finurum gi wilco gat febre.','Mon Dec 21 2009') ;
INSERT INTO comment values('H1CplALOv1tx', 'SkAGxALOwkFl', 'volatile-icicle@yahoo.co','Temurmed nel rijohde liip ho sos ic depnuk kizzufab tegosi zazsehu muka com biezve zum hob.','Sat Nov 28 1992') ;
INSERT INTO comment values('Hy10gA8uvkFe', 'HJXbx0Luw1tl', 'chic-wrist@icloud.io','Vatot vo junco ronu cunwu ilmirjip zuocva raw wuzokru ope tahembi ri odo zades fekari jocpu.','Sat Sep 05 1987') ;
INSERT INTO comment values('HJl0eCUdwyYg', 'ry-Gl08dwkKx', 'chilly-throne@yahoo.uk','Pisigos lasu toar pa jefizmuz vimpuhdab uciti lipo lon ko hak metujsos vusorsa.','Mon Feb 06 1950') ;
INSERT INTO comment values('BkbClRU_DJtg', 'SJ8AAI_v1Yl', 'third-hydrant@gmail.fr','Ribow meom digoh zuw pid jep agtoik censo vejkoc rukul foburab huke ahusamco.','Wed Sep 21 2005') ;
INSERT INTO comment values('ByfCeCLOPktx', 'Hkc608uP1tx', 'tiresome-turn@videotron.co','Civ cibed tepfuesi rifebfen sa tiagapok nunuvuku ogbefe ti tahon futzar ewfussi faw izinur wejfifera.','Tue Oct 05 1971') ;
INSERT INTO comment values('HJ7Ax0U_PkYx', 'S1n1gCI_v1Yg', 'posh-sheet@me.com','Tovu idmuisu upemugu zu ligzet nubkarpak viat fosohma iswiz vinam vabe le akcumbip fa.','Sun Aug 23 1942') ;
INSERT INTO comment values('BkNAx0LuwyFl', 'r1g7xAL_w1Fl', 'acid-worm@yahoo.uk','Pigo neulu wufhatoci fibpugno saj ticof risjin tuspi catufon pa cufew jave otuvaf epiposu nok leteef.','Tue Nov 24 1970') ;
INSERT INTO comment values('HyrCxR8_D1tx', 'H1jZxR8uwJYg', 'nifty-bell@icloud.net','Ak fob cuw seenafo ijeve du gi gi kow buzisuz vet ner tovujodih fihus difaac obhimiz umonargut uhmuw.','Sat Jun 04 1994') ;
INSERT INTO comment values('rJ80xR8uDkKl', 'Hk60CUOPkKx', 'acoustic-orange@hotmail.us','Zugooc isoofak digudafu ecoovapi vefuite dogag gakmu ma fazugite oc hi fofkehvu ku pu.','Sat Aug 12 1950') ;
INSERT INTO comment values('rkDAg0LdDyYx', 'SJqNlCLdD1te', 'subsequent-slip@icloud.co','Ekdih uhe dabunuz vele ke pu orizor ebiun ureca wunose ahcif ruon ci efuuwu becli.','Wed Jun 04 1980') ;
INSERT INTO comment values('S1d0e0L_DyKg', 'BypzeR8_DyYe', 'good-bell@me.com','Fikakta ulomi lemuzi muajo cabkiveh oskat lon itvi ivo livtidu usimub ma sahrew.','Mon Jul 19 1993') ;
INSERT INTO comment values('r1tRgAUdvJtg', 'BkAi0U_DyFg', 'chilly-throne@yahoo.uk','Aj wular ojtanos be kic bab zaol sebpere josi kuscage dotwohi jatkabhev reuko zudo kep gejohdom kicbe.','Fri Jul 28 1944') ;
INSERT INTO comment values('rJ90lAI_vytl', 'SklZl0LODkte', 'wet-hope@gmail.com','Nicuzu vigdi funassi beez li ta hu beku oje umloif jakja tat timpa.','Fri Apr 01 2011') ;
INSERT INTO comment values('SkoClAIOPJYg', 'rJLel0LdPkFe', 'primo-dock@videotron.co','Um ukuwob kokupul funco du lilihnoj abobogo ha ba buwboum ona bofwoho mav.','Wed Jun 19 2002') ;
INSERT INTO comment values('HknClCUdvyFg', 'Skhh08_vyKe', 'nimble-letters@me.com','Dam vawejum vob tabivled ji pehulfuz lo kah nok apoiko rafepki rik.','Thu Jun 13 1946') ;
INSERT INTO comment values('ryaClCLuPJYx', 'H1v1lR8uDJKg', 'smelly-change@videotron.com','Egebej vif ju deb ufibiv jar ojpupoz mom veibauk jekuzuj ag ab hine dopic an tetmu uw.','Wed Aug 30 1972') ;
INSERT INTO comment values('ByRAlCIdvyYx', 'SJz-xRLOv1tg', 'glad-smoke@sympatico.com','Fet iro ti legucges pu nup weh diemi erazawza vazi sejzaen isa beajza zadkalviw cuk ri.','Thu Oct 06 1966') ;
INSERT INTO comment values('H11kWAI_Dktx', 'SJz-xRLOv1tg', 'nimble-letters@me.com','Mip ariwu obe pihmud jarefu mun munhavi gudupot dikkuj bejab pup sa zinpe pesaf nokumtus punfe anaobjo.','Thu Feb 09 1995') ;
INSERT INTO comment values('rklJZR8_v1Yg', 'r1XmgRI_v1Fx', 'mean-men@hotmail.co','Ip gip noecik wihle lehbula weado tubam lofezok lijol re oru be.','Sat Jun 25 1955') ;
INSERT INTO comment values('rkbkbR8ODyFl', 'H1FVe0LuvJYx', 'spectacular-beginner@gmail.com','Be fiswoik rak ac ki muwzarja golib nufid zotpiw gajucpa ramca be vo sahew webpolov nupufur.','Sat Oct 22 1983') ;
INSERT INTO comment values('S1zJWAL_PJYl', 'BJjelR8uv1Ye', 'fuscia-potato@videotron.com','Uhaudpah cekfez sem teal bev ciszaz oruuwohar rirnejlog paf fi he umha wufephi.','Tue Mar 26 1991') ;
INSERT INTO comment values('rJmkZ0UuPJtx', 'BJEp0IdDJFg', 'nifty-bell@icloud.net','Zi huvetof cihanin tahsif mevafeziv lovzihaf ge cipuda bezru kirum tebsarpak lilu zocojku.','Fri Apr 29 2016') ;
INSERT INTO comment values('ByVkZ0IOPkYx', 'HkaoCU_w1Fl', 'worried-sink@gmail.com','Ovlabnez buvu ive egenow ar etu ec zudisvi ridazwi bum tiebuwim riz mecka kothosjan bofsev me.','Sat Jul 14 1973') ;
INSERT INTO comment values('BkHkWALuPJFe', 'S1n1gCI_v1Yg', 'nimble-letters@me.com','Jubez ma cok felnegeb namni vatzecgiz ga epdogak bubi vojbiz adu soz gupog tako atu.','Sat Oct 09 1982') ;
INSERT INTO comment values('r1Ikb0UOwyFe', 'rkXxe08uvJFe', 'outgoing-argument@icloud.net','Ti bazsid atdel ihcim kukvaruf katfijliz cinfuf nij aclarlen hejastit cufuapi ifepefez ontul.','Sat Sep 06 1947') ;
INSERT INTO comment values('H1P1bAIuvJYl', 'r1nQxC8dvJtg', 'astute-bulb@sympatico.net','Muwe fefon ude cagiv waglir niv gegvad huknaj eb ejegorres kar wombacki gipude tijed vuw ezhaas.','Thu Jul 02 1987') ;
INSERT INTO comment values('HyukWALuDJKl', 'S1iC08uP1Ke', 'closed-party@icloud.ca','Pugun emagullof vokini jocovbi em ipo kiole tapta nopega og ku rikgo.','Sun Jan 17 1960') ;
INSERT INTO comment values('SyFkW08dwkFg', 'HkS7xA8dDytl', 'chic-wrist@icloud.io','Azvuh poj ov kigfe zufen jojil locrudko enlibu tizlod teniaju piwal ozudagwec isokup jibah ged.','Wed Jun 29 2016') ;
INSERT INTO comment values('HycJW08dPJKl', 'rytlg08dDkYl', 'astute-bulb@sympatico.net','Kuhlicub muv ru ikaro fouragev somgal bipuog arpajes jijeg nurkazjeh disit ac nupadic hadli ronivhoz fowvergu.','Sun Sep 11 1949') ;
INSERT INTO comment values('SJi1b0UdP1Ke', 'By4zgAL_PyKl', 'spectacular-beginner@gmail.com','Emugob leftawi da wimcar of tabepkos heube ba doglan laviv halo dewufa micibmo.','Fri Oct 25 2002') ;
INSERT INTO comment values('r13JWRI_wkYe', 'H1jZxR8uwJYg', 'smelly-change@videotron.com','Ap udoora ewegis ikude tepa upa fo sigkub garmam mufit nut diabhom teekire matladteb dejaze.','Sat Jun 27 1987') ;
INSERT INTO comment values('HyayW0LuD1Fe', 'Sy-nRIdDkKe', 'moonlit-hospital@yahoo.com','Sigogfo kewit nuznez fuz higmases mo vahmif rer li ce ri tanute ifaz ope.','Sat Sep 22 1973') ;
INSERT INTO comment values('SyAkbAI_vkFx', 'Sy-nRIdDkKe', 'fast-frogs@icloud.net','Ovicos kilhac hel wotco ku kuj pizo je ahes kah lahzi oju bejveg reziage ec zumaj fi er.','Wed Dec 31 1980') ;
INSERT INTO comment values('H1kxZAU_Dytl', 'ryX0RU_vyYl', 'glad-smoke@sympatico.com','Conaf kimokif po detolno ibalupzif amesimuf ma ufpipes ari ganewo mokot johev nifsac vavvaavi gut liubace.','Sat Sep 10 2011') ;
INSERT INTO comment values('ByxlZRIdwkFl', 'SyBlx0UuDJte', 'tiny-toes@mac.net','Iciisdig togudha ji jeg zupnaeza civbij cuz tabouk zetgite ibedad miti jubhat epo mozhil rum.','Wed Oct 08 2003') ;
INSERT INTO comment values('BJWe-CIdv1Fg', 'SyzCA8uvyYx', 'female-fog@gmail.us','Ive sovier olvo ufuagibop ihobi roaj ragnemtez wagfot sucisi lo ilnukof sa simguzum.','Sun Oct 06 2013') ;
INSERT INTO comment values('SJzlZCUODJFx', 'B1nbeR8ODkFe', 'flippant-snakes@yahoo.io','Agdec juhhod usvirec du kad ullebi wos ziworot di nos cu mubih.','Sat Sep 21 1963') ;
INSERT INTO comment values('ByQg-C8_Dktg', 'B1eExALuvJtx', 'vogue-son@icloud.uk','Amuapgaf famuv ojdu toumben zoj asvo vumti nikizac ficjiuv sutihe kiznel uweogbag.','Thu Dec 07 1950') ;
INSERT INTO comment values('BJ4eWA8OP1Yx', 'r1B3R8_P1Kx', 'worthy-point@videotron.io','Puloz jaz luh miwwih ge leh jihpij mauvila zarmap rif mi tivkeb.','Fri Jul 03 1987') ;
INSERT INTO comment values('HySgbRL_PJFx', 'S1f4xALuPJKl', 'symptomatic-mountain@sympatico.fr','Firtuvo vokrenu aj macgek woh wah nucjonfu runmab koclada car gefa wi nagaag.','Mon May 18 1959') ;
INSERT INTO comment values('S1LxWAIdvyFl', 'HkzfeRUuwkFx', 'moonlit-hospital@yahoo.com','Etuolite sucep dumu gu nuweki kabtuheg zamula vu jat pepitpon refow zakowtef du ula uf.','Wed Mar 20 1963') ;
INSERT INTO comment values('HyPgbRUdDkKg', 'BkAi0U_DyFg', 'nimble-letters@me.com','Moeriug ilifbiv onefohjew nu ficsupe zacum av icubezunu niko odno saz bedbal atwifab mawporsi cicleb ruticej.','Mon Oct 19 1970') ;
INSERT INTO comment values('rydlWR8uwJYx', 'B1qkgCU_Dytl', 'subsequent-slip@icloud.co','Peseav kusdid latajov binefnah vawapoz os tewilamu napusel wi impo suiho bip ulhoz nicir luk siheh.','Wed Jun 11 1941') ;
INSERT INTO comment values('ByFx-CIdD1Ke', 'B1PEg08dPJYx', 'novel-bomb@hotmail.uk','Kawogdi etefil le odosul curejuv ji kolob fetozud apo nuvdo din fos vodvahu wuppit ce sehidde ufawej.','Mon Jun 11 1962') ;
INSERT INTO comment values('SJqx-AIdwyKe', 'SJIaRIdvJKg', 'chilly-throne@yahoo.uk','Je ibozi bormunu sepsuba uj zo sibtucvom gerakehe ol unpil uv cofumonis leogtu begnac sofo jijtigpe.','Sat Jun 02 2001') ;
INSERT INTO comment values('SkigW08ODJKl', 'BJEp0IdDJFg', 'fuscia-potato@videotron.com','Vu ekmokmo wez muj sehti waslofow gojninen wahazej ca wiugipe ketzeg kuc nuhan jushobsu zeg lu.','Fri Mar 27 1987') ;
INSERT INTO comment values('rk2eWAIdwktx', 'HJpyxCLOwytx', 'wet-hope@gmail.com','Mab kaaca bac vooze iki ichu fa tugbetro nurjun ajaes fijegzup bec deudiwo ol kodru meg.','Wed Feb 26 1992') ;
INSERT INTO comment values('HkTxb0LOwkKe', 'r1nQxC8dvJtg', 'slick-event@gmail.uk','Up re kelgefma cezeecu ritesdap omu geftedife lefil va fin feupawe ufuido ufilolak gipbidom dod.','Tue Jun 20 2006') ;
INSERT INTO comment values('BJAgbCU_P1tx', 'Syq7eCLuv1Kg', 'chic-wrist@icloud.io','Ciwpahude icewecceb iwu kih eme malralap sal vuruf vonwofki wafijav dekvisidu epwehok muv wikre herav uj lenepat.','Wed Jul 28 2004') ;
INSERT INTO comment values('Hkk-b08_wJFg', 'SJ8AAI_v1Yl', 'acid-worm@yahoo.uk','Vurdel avoketlif te daku ufe idi ic jamnuffe vohuba el wa zur zut bo.','Wed Jul 29 1970') ;
INSERT INTO comment values('SJgWbCL_wJtl', 'HkaoCU_w1Fl', 'decent-ring@mac.io','Ga cukgo war nokahej wonatrif vosubhob amkuvor ve uzpa duloko jiguduw tacikovuj ifoj soh fiopja ugarevaf gavu.','Fri Jun 16 1967') ;
INSERT INTO comment values('HJ-bZCIuDJKx', 'rk2RRUuwyKe', 'tiny-toes@mac.net','Zumtohli hu ohe bikazfi vugagnel esejadit zup ocu cib povger ginu higmevak tifsi reben.','Sun Aug 13 2006') ;
INSERT INTO comment values('HJMZZCU_v1Yg', 'BJVkeR8_DkKx', 'moonlit-hospital@yahoo.com','Caziwba noj duvvavga mavoc ve osofet ludcis zit feperwa boped ged baf pevu com tan.','Thu Apr 29 1937') ;
INSERT INTO comment values('B1mWZRUuPJFg', 'BkWyeCUuwyFe', 'bitter-believe@yahoo.fr','Jonlodog pokkiku mur ocfu jokkeb rumon zaurebiw dukgov ahnutah zushuwgez vurom vak akabiw zecpimin.','Sun Jun 17 1979') ;
INSERT INTO comment values('rkNbZAUdD1tl', 'Bya-l08OvyKe', 'moonlit-hospital@yahoo.com','Va kagagwop nilvaag oconiaba woka fan he nuljana anlecej zow sudavaloh tef nezi ralar zo fujin.','Mon May 07 1945') ;
INSERT INTO comment values('HJH-b0IODkFl', 'SJ0meRUuPkKl', 'chic-wrist@icloud.io','Su uc guvuzu wap dom owo ser doselki vek nahugo tuncapob beg betira la.','Tue Apr 19 1994') ;
INSERT INTO comment values('ByUbWC8uDJte', 'B1D3CIdP1Kx', 'black-cup@icloud.com','Nasos je zigip wetrede zebgucda dusziv mef ijbu fecfew domkogo sunoc bapubufu hub ro vuhfazel kewagce haupo cemo.','Sun Jul 14 1996') ;
INSERT INTO comment values('S1Pb-C8_DyFe', 'B1eExALuvJtx', 'astute-bulb@sympatico.net','Gicaefe opi ebe jik de opaf owuju senotof wuv wowtoko dazpon li.','Fri Jun 26 1959') ;
INSERT INTO comment values('rJdZ-0Uuv1Ke', 'SysQe0Udwyte', 'outgoing-argument@icloud.net','Sege fac kuvjohu ki ac kah fotsat do gigehcij pasne gic zivgi werjomih ra inha tebzewar mona nozu.','Sat Jan 19 1991') ;
INSERT INTO comment values('ByF--AUODJYe', 'SJIaRIdvJKg', 'fuscia-potato@videotron.com','Pi odaabe edef voroce bibziw nowok ra apne bod vow lu oji jew gu nejninif won jivudufe escu.','Sun Feb 06 1994') ;
INSERT INTO comment values('Bk9bWC8dwkFe', 'BJo4eAU_wkKe', 'acoustic-orange@hotmail.us','Zez igu vup tutem hibun gilkum tizfelnon ziftu poku fesanuf ih pizukakab bisronmo kiw mufeju riarive vominbet.','Mon Apr 26 1943') ;
INSERT INTO comment values('H1oZbRIdPkFe', 'BJtCCUOwkKl', 'maxed-vest@gmail.fr','Cugzafuv jumuje lok sewop vad midur gig pag beafo gu caj ucicic.','Wed Feb 25 2015') ;
INSERT INTO comment values('Sy2ZZCIdPkFl', 'HJ5glAL_v1Kl', 'decent-ring@mac.io','Per pibejo vuuhu rafas jelsu zetuf cejnevir vu heb idjape pim taco.','Wed Nov 17 1943') ;
INSERT INTO comment values('r1T--CUdDJFg', 'SyxleCLuPkKg', 'scientific-steam@sympatico.com','Vimciv cuci ico ikejala um ow wiabo hebicdif uzgeb ku tuudevoh eho ja nidge.','Tue Jul 28 1992') ;
INSERT INTO comment values('SkCZ-RLdPJte', 'SkAGxALOwkFl', 'posh-sheet@me.com','Wodcitkum wagfeuji akjol he viufde log wurocak lewvi hute dibo ak jowviej du mif enoozves zonfo cubsorga hidbisuh.','Tue Jan 20 1998') ;
INSERT INTO comment values('rkkz-0UuPyYx', 'rJah08OP1tl', 'coherent-thumb@hotmail.us','Ina osate gam vo ge fol mukserpe anhaf unnaftab rosmohi di vu orzeco ifewub guanu muipwa baggutohe.','Mon Jan 01 2001') ;
INSERT INTO comment values('BkeGZAUuw1tl', 'HJXbx0Luw1tl', 'acid-worm@yahoo.uk','Buvomu terbaveb edun fafto mum se ce oh gowlueha go luwde upe biw lowu.','Sun Mar 25 1990') ;
INSERT INTO comment values('HyWzbALdw1tl', 'S1QJl0LuDJKl', 'gold-quartz@gmail.io','Vupmeglol petiez tujvior jurit worawjus facco mudri zup kej cedefole mivvez ugeboj ihiteskir afrul fages iho ilauksu suhzeh.','Sat Aug 08 1970') ;
INSERT INTO comment values('H1zfZCU_D1te', 'BJU4g0LuDyYl', 'glad-smoke@sympatico.com','Zup ogutilihu loilok fohoc egofe sav mekzupwit do fatewef gufmipta lu rodpamba bicwo fasbag sori na zauzocu ekufuvam.','Wed Sep 06 1995') ;
INSERT INTO comment values('SyQGZRLOwJFe', 'r1XmgRI_v1Fx', 'nifty-bell@icloud.net','Weupi zik joc niuk go hek cetpan ki gano wi dudjarus fa fo cizizake cusiude tepowmit wogaw.','Fri May 28 1982') ;
INSERT INTO comment values('HkNzWAIdv1Yl', 'H187gRUdP1tg', 'closed-party@icloud.ca','Jaclam har uja ifiov be sem ozjihsum wiari icuku wonagofe latoku fol.','Thu Jul 15 1971') ;
INSERT INTO comment values('rJHMWR8ODJKe', 'rkXxe08uvJFe', 'volatile-icicle@yahoo.co','Zubamtor geuh vezmetce lorim ehe ze of ahaput ralkan puh sa od jo.','Tue Aug 18 1970') ;
INSERT INTO comment values('BkIzWCIdvkKx', 'BJEp0IdDJFg', 'fuscia-potato@videotron.com','Hoiri rek wosfimno nom ko facez pik lenje woc fe rekogla la uja juthuh desta sil odocah.','Tue Jun 10 1941') ;
INSERT INTO comment values('HJDGbRL_vJFe', 'HkKzgRU_DJYx', 'posh-sheet@me.com','Gog mer bikkocpe lobzival hu sigim piifa lemsuz ze caufum dih rav.','Mon Jun 07 1954') ;
INSERT INTO comment values('S1ufWRLuvkFe', 'SysQe0Udwyte', 'potent-bag@videotron.uk','Tefpar jufril pevponog ojtirwug esego naj tub teb of lapohu ul ul kuh ruce goj.','Sat Sep 05 1953') ;
INSERT INTO comment values('S1tfbC8dwkKx', 'SkAGxALOwkFl', 'worthy-point@videotron.io','Mousoleh evo hawebe molvo mov poja ducluwi pezaha jadkir pomvap cidateg zemo riv kispu objedob su orru.','Thu Aug 25 1966') ;
INSERT INTO comment values('HJqG-0UdwyYx', 'ryX0RU_vyYl', 'nifty-bell@icloud.net','Abpes bej si rifo duj luojujo kadtigim to sip veh bebkozwog vacdor ukoaro ilewagot pal ba.','Sat May 29 1999') ;
INSERT INTO comment values('HkjMbCL_Dytx', 'BJ5beRI_PyYx', 'nimble-letters@me.com','Kir zif ed ma ge fufranom cotnussa hekalga ijbo ruole geb foplifop emuohman rinippap fupadah rifde.','Mon Nov 01 1937') ;
INSERT INTO comment values('ry2fWC8dv1Ye', 'r1w6C8uP1tl', 'bitter-believe@yahoo.fr','Zunuti wu izoenuho muukoobu iwwe ojapik waz anido puli se celwaszo douti nawal om cuvkedo.','Mon Jun 20 1988') ;
INSERT INTO comment values('HkTfb0Idv1tl', 'ryJZe08uwyFg', 'posh-sheet@me.com','Sifadlen jepuci kamva jaapi fis luw bo zume fehaznu giheja jewme nomuw boakufu ezuje ubido enu zogmefva okoanokiw.','Wed Sep 01 1999') ;
INSERT INTO comment values('HyRfWRLOvkFl', 'r1VAALuPkKx', 'nimble-letters@me.com','Depoto eddo aju fucjaame kiosupu olu purgi co ehorel woire keune zoicara.','Thu Jan 21 1993') ;
INSERT INTO comment values('S1ymbR8dvyKe', 'SkGTRUOwyYx', 'flippant-snakes@yahoo.io','Ijheldo fifhukod wewep kaz tidene sid tugad wit ekifi lowe uciorjut liznahlek uv ivvadil.','Wed Apr 16 2003') ;
INSERT INTO comment values('HklQb0U_v1Kx', 'rJkXlCIuv1tx', 'female-fog@gmail.us','Omwa ukoan fuajema dowi veto sos eraobe id sujogoape at gami jogin adobet ukaedam ligdej nab.','Mon Jan 09 2017') ;
INSERT INTO comment values('r1bX-RIuvyYg', 'H1nGlC8uD1tg', 'spectacular-beginner@gmail.com','Nabfezdaw pokasake fuaheade vi iroageuh umumaogi umnip ziawigur kadofu banhe curit jijovpez rap aka ogo.','Fri May 06 1983') ;
INSERT INTO comment values('ryzmbCLODytl', 'SyzCA8uvyYx', 'vogue-son@icloud.uk','Desnesefa no kuwev gebse so wuk jasnotdez ik enazensob dairoji hewased fuapi tuohla haj bu.','Fri Dec 17 1971') ;
INSERT INTO comment values('BJmQ-0UOPktg', 'ryCWlRLuPyYg', 'good-bell@me.com','Ro onere vusagva rumocpoh ro ko ru behnako kopwel zas fu ze jiseci hewroz ho ug izeunopoj.','Wed Feb 10 1954') ;
INSERT INTO comment values('SkE7-R8_P1Fx', 'HJ0nA8_vJYx', 'worthy-point@videotron.io','Kam wag pauhzit viibigi nefuwte lu zenoni ciz ric azu gilfav harde.','Mon Jan 31 1944') ;
INSERT INTO comment values('SyBX-R8dwJFg', 'ryJ208uvkKl', 'fast-frogs@icloud.net','Dubo tica ig manivzib gep zo zije za ufoka tocriovo kujikca forowuan mirawsu tirdebuj ajpahaja ega.','Tue Jun 18 1968') ;
INSERT INTO comment values('SkLX-A8OPkKl', 'HyPmg0I_wyFl', 'bitter-believe@yahoo.fr','Bog hajewih ra omo ega cos alicoco cu wegwazuh ucfofum lueni ena vivwe artu.','Sat Apr 09 1955') ;
INSERT INTO comment values('H1D7ZAU_PJKg', 'Ska6A8_vJte', 'bitter-believe@yahoo.fr','Suzufe ge vuorioz esezonkak lohen isicune avodib jo suzke domfein mana ipe va emvat.','Sat Aug 04 2001') ;
INSERT INTO comment values('S1u7bCUuPJFl', 'rk2RRUuwyKe', 'flippant-snakes@yahoo.io','Dabu bufhooh jo ekjisre gulavab woh wowisfo lositli pitosa gil sinonu damohet kujuhi zolomzat cefno cemnege.','Sun Jul 08 1962') ;
INSERT INTO comment values('B1K7ZRL_wJKx', 'rJ1yg08OvyYg', 'gold-quartz@gmail.io','Je pedeabi mere titageg harit vug nudnomek ecfegac iz emjenraz towe dimzum rehera suvanec mezalap.','Thu Mar 14 1946') ;
INSERT INTO comment values('Bkq7Z0LdDkKe', 'B14QxRIuDkYl', 'spectacular-beginner@gmail.com','Wol ufiwulip anzokaw wozawe mi duvpov otgin fekmi ke igabebu nuj zul cornir udemacu ku.','Mon Jan 27 1941') ;
INSERT INTO comment values('H1iXb0I_Pytx', 'BkY2CUODJKg', 'exuberant-knot@hotmail.net','Tepose lofutsam lugotwu dafut dacsa jued dad ez hiep mejvoro badiho zak solfiw bofuvfa nodegpaz orurir mikbilpab.','Sun Jun 13 1948') ;
INSERT INTO comment values('H1hQbAL_P1Fl', 'SyzCA8uvyYx', 'bitter-believe@yahoo.fr','Fabzel viwehon ufzo tonuved wusconsiw onu uj ula wedhi fo owvel afbisez mulifa noleb zojalsan.','Wed Sep 16 1992') ;
INSERT INTO comment values('By6QZ0LOPkYx', 'HJXbx0Luw1tl', 'acoustic-orange@hotmail.us','Oju duz fuif nu lori rafiga pesihjok had pefavwu woruki lili mog jawalgek okekagha rivwob tod zivifu.','Sun Feb 13 1955') ;
INSERT INTO comment values('H107WCLOwyFl', 'HJ0nA8_vJYx', 'good-bell@me.com','Nul to dohcedgu ijba kifag jalu zoan letisaij budhev wucrul duwebzo fic.','Fri Oct 17 1941') ;
INSERT INTO comment values('r11Eb0IdPyKe', 'Hkc608uP1tx', 'nimble-letters@me.com','Mi utopidad mohilim jewazza deik ahiwa muri wob elu epifozsim repmasgiv uligiaz irrabmi mo oz musetgi ijoag.','Wed Jul 28 1954') ;
INSERT INTO comment values('ryxNW0UuDyFg', 'H1nGlC8uD1tg', 'coherent-thumb@hotmail.us','Il wonais hemadon camke ude tion wekla ve opoce izo vizig ugeohzet fuoljel za.','Fri Jan 08 1954') ;
INSERT INTO comment values('ByZE-AIdDJKe', 'r1FpR8dDyYg', 'fuscia-potato@videotron.com','Fonec dun ciimedum wihwi ir nu cakivjid edijig tivabbog ju anipo ih healu.','Fri Nov 27 1970') ;
INSERT INTO comment values('SJz4b0U_DyKx', 'ry4ge0U_PJte', 'acoustic-orange@hotmail.us','Ojaujo solduku fire julhu we zobtokan vifuz mu nuva dovul tednecok goju fododem jejem kocefjen itpehsoh.','Fri Jan 31 2014') ;
INSERT INTO comment values('ryQV-RU_PyYl', 'Syy4xC8uPJFe', 'exuberant-knot@hotmail.net','Tetli gitbu aj huve oh row ogu sav revo caeval hosku pe ude cu dokziso gikolac teburrib.','Wed Aug 27 1975') ;
INSERT INTO comment values('SkE4WAIOvktx', 'H1FVe0LuvJYx', 'spectacular-beginner@gmail.com','Emimad roswa zuhi mi kudre pomufmi uz pebitro jodeeka ru ocaruvo vefkabga tosso zafible vubdezras.','Mon May 18 1981') ;
INSERT INTO comment values('r1BV-CLODJYe', 'rk2RRUuwyKe', 'vogue-son@icloud.uk','Wufkacu enuwaj mupak osa ebiijbo ba zohlob bilvubvi vugfi fe ave wecim teloh.','Mon Feb 22 1988') ;
INSERT INTO comment values('rk84-CL_w1tl', 'B1qkgCU_Dytl', 'coherent-thumb@hotmail.us','Pupi tuscumni vubfa nopkidig fev nisrar kiwrez ridwo ji moctiz orgi vakiit feligaip ar aczoced cisriwab ferber derifiwe.','Mon Nov 08 1976') ;
INSERT INTO comment values('S1v4bALdvJYx', 'rytlg08dDkYl', 'tedious-substance@hotmail.com','Odwa lu mo veg kuvi atiwo miwtovwug uwejab uwmin bamkef ane dodemod cagni.','Mon Jan 19 1953') ;
INSERT INTO comment values('H1OV-A8_v1te', 'Hk60CUOPkKx', 'exuberant-knot@hotmail.net','Uh itukatgo damkun afpuv pezasdew jacu vef wejisuj polkenma sa bureli puzgosag.','Mon May 03 1982') ;
INSERT INTO comment values('SJKEbC8_PJYe', 'rkXxe08uvJFe', 'chic-wrist@icloud.io','Ruvowno ta fecju naojiho bettov fap buwoz topoeno cutsoohe kujozom ved ifewaak cigafed mamaez cetwek wokhujcig titi eh.','Sat Sep 02 1944') ;
INSERT INTO comment values('rJ94ZR8OwkKl', 'rytlg08dDkYl', 'nifty-bell@icloud.net','Wez ha wepuehu mibid ulijkuk iwaacediw cuber gopatid rojarhad epazara nagtamri nipedta oj befiw voblar ijtubas umiptoj cuwez.','Tue Sep 10 1946') ;
INSERT INTO comment values('ryjNWAUdD1Ye', 'ryJ208uvkKl', 'acoustic-orange@hotmail.us','Ronci henezis ca sukwe najdup obaninzit bo gapophu ziwar kidgu zehha voj he kufo.','Thu Jul 02 1964') ;
INSERT INTO comment values('B1n4WC8ODJtx', 'rJOVxCIdDkYg', 'knotty-pail@hotmail.uk','Ta ce huezcof zulrom uzjaof kogpuh borusep gutukoj sikdembeh fenegiv giecfep ikji voz juhlero nodke osaju.','Wed Jan 15 1947') ;
INSERT INTO comment values('SyaVbCI_vkFl', 'SJz-xRLOv1tg', 'nimble-letters@me.com','Kufrefek hiji ilatmed cospupib lokbag ipcajiw ri ennegesi ejiula zu wuta omesaer luneka.','Mon Apr 30 1956') ;
INSERT INTO comment values('r1RVW0UuwJtx', 'ByuaRIuvkYl', 'good-bell@me.com','Fisdico lon cesbioz iku biho im barhor bedsu we nah doujvez pomackif ovi pac pikur jewkat.','Sun Aug 15 1971') ;
INSERT INTO comment values('HJJH-RIuDJYl', 'Skhh08_vyKe', 'black-cup@icloud.com','Sulke lom ahina se onajof wap av za jahluc zerso ipekjiz jemo et tog lo veuma jazsu mo.','Wed May 29 1996') ;
INSERT INTO comment values('HygHbAIdDJKx', 'r1VAALuPkKx', 'grey-chicken@me.co','Ce barra patfafuve wuolcof doofiwam oru uvipuz la so poza wusikin hahpu befse vapve kevguoju he lohirju.','Tue May 24 1949') ;
INSERT INTO comment values('HkWrbRL_wytx', 'HkWpCUuP1Fl', 'grey-chicken@me.co','Hohkueci fac ma weosu ezigi pijzira res golifaf wugobipu dop eki kusacjid opakoov iha wijwoh loh.','Sat Jul 27 1985') ;
INSERT INTO comment values('H1MB-CUdDktl', 'B1PEg08dPJYx', 'good-bell@me.com','Ga fowpo dialodif jas joni jutme fical posodol damoni ha cufkooz penaf jezosap ku ameranere.','Wed Mar 18 2015') ;
INSERT INTO comment values('SJQB-CUuDyKl', 'Ska6A8_vJte', 'acid-worm@yahoo.uk','Mecmodru ho to bu pecfasa nukajih so mi rajwum ere ag hof.','Fri Apr 18 1997') ;
INSERT INTO comment values('r14rbALuPkYl', 'ByuC08uDyKl', 'fuscia-potato@videotron.com','Fidsonco hu wapze lakihfa goliode siscuhwob guzi ni iwehoij cafler dapvagra titene riztawse nurwakuk igofek.','Wed Sep 07 1955') ;
INSERT INTO comment values('ByHrZCIuP1Yl', 'B1RTCIOw1Yl', 'third-hydrant@gmail.fr','Hefisbur uz apiuko jek docdecuco gew hatjodede rer vesrut havemi cova jiso hazes taveoh affec ewipug ni.','Sun Mar 19 1967') ;
INSERT INTO comment values('Sk8BbRUOPyFx', 'Syq7eCLuv1Kg', 'acoustic-orange@hotmail.us','Ajibeto pepuk nognu jicazza dehurno motta egde liopi nib nah efo fihfe.','Sat Sep 14 1968') ;
INSERT INTO comment values('BJwS-RU_D1Fe', 'BJEp0IdDJFg', 'good-bell@me.com','Pesve pew te ozuv ur tinbup uce oguh mab iku zagvadza kur dicpevbe vak hezrub.','Mon Jan 07 2002') ;
INSERT INTO comment values('S1dSWCL_w1tg', 'S1Bbx08uP1Kx', 'novel-bomb@hotmail.uk','Wahuovo ozuvijdus ozulaawu mugidral ahu ve ekho nudvuvce ufu tug gi juroteud pob palkuvari paojo ju kej hagazozo.','Sat Feb 19 1972') ;
INSERT INTO comment values('rkYrZAIdw1Yl', 'rk2RRUuwyKe', 'symptomatic-mountain@sympatico.fr','Jogubab nize makjeba neja bulzah wo merko mukur sa ufrip nano no opdono tauz vim ki.','Fri Sep 19 1969') ;
INSERT INTO comment values('r19SZC8dw1Yg', 'S1ZlgAUdDyKe', 'eatable-lunchroom@me.us','Pano hed podike biroifu kodzo suskeja jujef raliuje so vohtic hig wajmu webbev duruzaj eroli kispis gukih.','Thu Jul 04 1957') ;
INSERT INTO comment values('BysBZ0UdwJFe', 'SkgTRL_DyKl', 'wet-hope@gmail.com','Tunitu pugi muhu nej jawu zizeete cih vetebus sa hojdentij it cebic tu hopwakzos anlesge olaud mak.','Sat Aug 24 1968') ;
INSERT INTO comment values('Hk3rW0LOwyKg', 'Ska6A8_vJte', 'gold-quartz@gmail.io','New kub nufnuva izu cues kufi hiactot elazov kefsinaz reorejew zada ijarup fip coseib ju habojcu eciza.','Sun Mar 18 2012') ;
INSERT INTO comment values('ByaBZA8dDytx', 'H1-RRI_DkKg', 'scientific-steam@sympatico.com','Jo bapiwu couzemo tatumvek fabooge mah hu um joesnin gurves wab tawer zamgon somve vifmiskol if asjeposo.','Sun Sep 01 1963') ;
INSERT INTO comment values('rJAH-0Iuw1Yx', 'S1ZlgAUdDyKe', 'primo-dock@videotron.co','Hidloev zuibu levbi acaguzpez dup hadcicot runijine ufnele uzo rolco wareh helo potbepge zo.','Sat Dec 15 2007') ;
INSERT INTO comment values('rk1UZ0UdDkKl', 'rJlh0I_DkYe', 'novel-bomb@hotmail.uk','Ansabe dupnec zir fuprivdag dokvum tignaw zevkag reifobum zof tiifaek ril uha.','Tue Nov 30 1999') ;
INSERT INTO comment values('SJlLW0Luvytg', 'SyTmgRIOwktx', 'tiny-toes@mac.net','Ridvin kikgij beh iwake gahbefpo uk om ak emalo abilu hiwutmib sowa wubpucfir ceke bubjer beofuju me nujano.','Sun Mar 14 1954') ;
INSERT INTO comment values('ryWL-C8OPkYg', 'S1f4xALuPJKl', 'mean-men@hotmail.co','Idtanme ta vegipca ec selwubfo dennu zewvenda nofpa izivavoto igakujud rudtil lahij.','Tue Mar 13 2012') ;
INSERT INTO comment values('SJzLZAU_DJKx', 'Bya-l08OvyKe', 'dashing-ring@sympatico.fr','Pisamic luzmu jod ubohiw vinulso jidavaf olpezog hugka howuhut orezal ala la watutej.','Tue Dec 06 2005') ;
INSERT INTO comment values('rkQ8ZRLuwJKg', 'Hkc608uP1tx', 'tedious-substance@hotmail.com','Cusega egnop viwzesze ti parbuuz coj ma gehufni ocahug zejtag vuz usuomki te.','Fri Mar 20 2015') ;
INSERT INTO comment values('rkNIWALdPktl', 'SyPWlAIuD1Yx', 'volatile-icicle@yahoo.co','Lerumo kewonge uzofe jevziijo ec pob lu zonter ja vivzapat gavogbe geovsi be ilo fu curab.','Sat Oct 25 1986') ;
INSERT INTO comment values('B1r8WC8uvyYe', 'Bya-l08OvyKe', 'fast-frogs@icloud.net','Ci jaspedi ilbocik ev kegawfo giheblu hewvu aw piadapa envig tobpev gove widajbo udwu dazeer usocidi.','Sun Jan 08 1989') ;
INSERT INTO comment values('H18IWR8OvyYx', 'Hk60CUOPkKx', 'worried-sink@gmail.com','Wow tow hihicauru otadigas ipuziuw anilun caf bacwangod zelu ofufo kut di lo nag.','Mon Sep 18 1989') ;
INSERT INTO comment values('SJvU-A8OPyKg', 'S1QJl0LuDJKl', 'potent-bag@videotron.uk','Nukwi eku gugmar algevod horkek elo du fuimve famok jewwuzo ovjek besiwanef letuca mam ilasinva gaw.','Fri May 18 2012') ;
INSERT INTO comment values('SkdL-RIOPyYg', 'SyzCA8uvyYx', 'scientific-steam@sympatico.com','Sus me omi ul densora nodtuav ecurep igutajdod hidudwu rub olfub bitobgog zob.','Thu Apr 02 1964') ;
INSERT INTO comment values('BJtUZRLdwJFx', 'S1830UuD1Ye', 'decent-ring@mac.io','Iwpe ohaki vupa ukiwat di rogif rema zof sencesjev usulput wiv raj ubvov kuhe bap hunotdoh.','Sun Oct 26 2003') ;
INSERT INTO comment values('Bkc8WAI_DJKx', 'BypzeR8_DyYe', 'mean-men@hotmail.co','Mugmoski we foz riwono vapop sim vaz ulji oshib bowe vozubku zuzbuid wasibkat ubnitog bomobmo juazged.','Mon Sep 30 1957') ;
INSERT INTO comment values('Hko8-AI_Pktx', 'ryJZe08uwyFg', 'primo-dock@videotron.co','Daggofgob sonnivu sa ikonuf jum siedutur te rifre amwelvo dil seus ov na vokunici wom jo fohjegig ta.','Fri Sep 14 1990') ;
INSERT INTO comment values('S12IbAIOvkFx', 'rJ5nAUOwkYl', 'glad-smoke@sympatico.com','Ire hac mi zatovi cu gevfaw vok saben izletjac ce lo komlueba paknumaf bedbum kamis.','Mon Apr 21 1947') ;
INSERT INTO comment values('BkaI-AUODyFx', 'ry-Gl08dwkKx', 'gold-quartz@gmail.io','Poaj evi faojuso ridevu irken pu rodpaok jidubdap zo pid ewirow mujfal.','Sat Jul 04 1964') ;
INSERT INTO comment values('rJALZRLuvyFg', 'By5jC8dw1Kl', 'tiny-toes@mac.net','Helepago pavoreedo iggivhav cirivna hiz so eggero uzawi linsi eti fiharacuv lizuh no suzu zumo.','Wed Oct 17 1951') ;
INSERT INTO comment values('rkkwWAIuwkKe', 'B1nbeR8ODkFe', 'vogue-son@icloud.uk','Hufsioto ib zodo zuc iped kob iwdozco ugi dofapa vo be rubogwi ceged ur celew hir.','Sat Jul 31 1976') ;
INSERT INTO comment values('BylDZRLdvkKg', 'H1-RRI_DkKg', 'gold-quartz@gmail.io','Tuimibuw kew fa bus vo za bafuwfeg ze sible ciujvu fuvnuhpu linuflow juet vowgiiko.','Tue Dec 25 1979') ;
INSERT INTO comment values('Hy-vZAUdP1Kx', 'H1jZxR8uwJYg', 'acoustic-orange@hotmail.us','Buvtuc lanujfup age ar raese ve japtev wav bidughiz dujcazja op um egmab bi gaenfal dac gefin.','Wed Nov 07 1990') ;
INSERT INTO comment values('HJzv-0UOwkKx', 'S1Bbx08uP1Kx', 'primo-dock@videotron.co','Ejvur mohudve voojomi ja iwomoplic contoh huvji zegle ada ted kahefegoh homiwu fibfuccan.','Tue Aug 20 1940') ;
INSERT INTO comment values('rkXwb0I_DkKg', 'BysTRUODJFl', 'symptomatic-mountain@sympatico.fr','Fehwicat nafpis cina rikawev adzo cibmuji damkeav jigukga hedu im welicito udfacak go ruvem ji ga.','Fri Aug 12 2016') ;
INSERT INTO comment values('rk4Pb0UODJtx', 'rk2RRUuwyKe', 'poor-government@gmail.com','Vi is ki oferodi difso midbo ezoolo ku mak beb soclamdu debzug taadih.','Thu Jan 31 2013') ;
INSERT INTO comment values('ryrvZ08uwktg', 'HJXbx0Luw1tl', 'maxed-vest@gmail.fr','Ipmocic oveiwulek nakre va tule befrij itagate namjev odaimiap ve hecoru luv cotcosupe.','Wed Nov 12 1997') ;
INSERT INTO comment values('rkLvZA8_vyte', 'SJLbgRI_wyte', 'grey-chicken@me.co','Wahzifboc baihzef kaccicon jamumoluv re fasdo bo pozana ta ewa re utzaw sobupji noenoc nujno.','Sat Aug 15 1981') ;
INSERT INTO comment values('ryPvW0IOvyYx', 'ry4ge0U_PJte', 'subsequent-slip@icloud.co','Icgivob hi ji moloku zolde juj tilwajpe upi ere varlihoj gu ete ca.','Wed Jan 27 2010') ;
INSERT INTO comment values('Hy_wZ0LODJYg', 'r1g7xAL_w1Fl', 'acoustic-orange@hotmail.us','Tu ugejihkur ufuocu vi sopral guza itpo citikak papacnus kimi ezric caf.','Thu Aug 27 1964') ;
