/* Script generated Wed Feb 15 2017 16:54:50 GMT-0500 (Eastern Standard Time)*/

DROP TABLE studyperiod CASCADE ;
DROP TABLE workperiod CASCADE ;
DROP TABLE message CASCADE ;
DROP TABLE commentreaction CASCADE ;
DROP TABLE comment CASCADE ;
DROP TABLE postreaction CASCADE ;
DROP TABLE post CASCADE ;
DROP TABLE wall CASCADE ;
DROP TABLE partof CASCADE ;
DROP TABLE follow CASCADE ;
DROP TABLE users CASCADE ;
DROP TABLE conversation CASCADE ;
DROP TABLE workplace CASCADE ;
DROP TABLE school CASCADE ;
DROP TABLE organization CASCADE ;
DROP TABLE location CASCADE ;
/* Script generated Wed Feb 15 2017 16:54:50 GMT-0500 (Eastern Standard Time)*/

CREATE TABLE location(city VARCHAR(50) NOT NULL, country VARCHAR(50) NOT NULL, PRIMARY KEY (city, country));
 \d location;
CREATE TABLE organization(org_id VARCHAR(20) NOT NULL UNIQUE, name VARCHAR(50), description VARCHAR(500), phone_number VARCHAR(50), address VARCHAR(50), email VARCHAR(254), city VARCHAR(50), country VARCHAR(50), PRIMARY KEY (org_id), FOREIGN KEY (city,country) REFERENCES location(city, country));
 \d organization;
CREATE TABLE school(org_id VARCHAR(20) NOT NULL UNIQUE, PRIMARY KEY (org_id), FOREIGN KEY (org_id) REFERENCES organization(org_id));
 \d school;
CREATE TABLE workplace(org_id VARCHAR(20) NOT NULL UNIQUE, PRIMARY KEY (org_id), FOREIGN KEY (org_id) REFERENCES organization(org_id));
 \d workplace;
CREATE TABLE conversation(convo_id VARCHAR(20) NOT NULL UNIQUE, name VARCHAR(50) NOT NULL, PRIMARY KEY (convo_id));
 \d conversation;
CREATE TABLE users(email VARCHAR(254) NOT NULL UNIQUE, first_name VARCHAR(50), last_name VARCHAR(50), birthday DATE, password VARCHAR(30), gender VARCHAR(50), city VARCHAR(50), country VARCHAR(50), PRIMARY KEY (email), FOREIGN KEY (city,country) REFERENCES location(city, country));
 \d users;
CREATE TABLE follow(follower VARCHAR(254) NOT NULL, followed_by VARCHAR(254) NOT NULL, since DATE NOT NULL, PRIMARY KEY (follower, followed_by), FOREIGN KEY (follower) REFERENCES users(email), FOREIGN KEY (followed_by) REFERENCES users(email));
 \d follow;
CREATE TABLE partof(email VARCHAR(254) NOT NULL, convo_id VARCHAR(20) NOT NULL, PRIMARY KEY (email, convo_id), FOREIGN KEY (email) REFERENCES users(email), FOREIGN KEY (convo_id) REFERENCES conversation(convo_id));
 \d partof;
CREATE TABLE wall(wall_id VARCHAR(20) NOT NULL UNIQUE, descr VARCHAR(500), permisson VARCHAR(25), email VARCHAR(254) NOT NULL, PRIMARY KEY (wall_id), FOREIGN KEY (email) REFERENCES users(email));
 \d wall;
CREATE TABLE post(pid VARCHAR(20) NOT NULL UNIQUE, wall_id VARCHAR(20) NOT NULL, email VARCHAR(254) NOT NULL, date DATE, text VARCHAR(2000), url VARCHAR(254), PRIMARY KEY (pid), FOREIGN KEY (wall_id) REFERENCES wall(wall_id), FOREIGN KEY (email) REFERENCES users(email));
 \d post;
CREATE TABLE postreaction(pid VARCHAR(20) NOT NULL, email VARCHAR(254) NOT NULL, type VARCHAR(200), PRIMARY KEY (pid, email), FOREIGN KEY (pid) REFERENCES post(pid), FOREIGN KEY (email) REFERENCES users(email));
 \d postreaction;
CREATE TABLE comment(cid VARCHAR(20) NOT NULL UNIQUE, pid VARCHAR(20) NOT NULL, email VARCHAR(254) NOT NULL, text VARCHAR(500) NOT NULL, time TIMESTAMP NOT NULL, PRIMARY KEY (cid));
 \d comment;
CREATE TABLE commentreaction(cid VARCHAR(20) NOT NULL, email VARCHAR(254) NOT NULL, type VARCHAR(200), PRIMARY KEY (cid, email), FOREIGN KEY (cid) REFERENCES comment(cid), FOREIGN KEY (email) REFERENCES users(email));
 \d commentreaction;
CREATE TABLE message(msg_id VARCHAR(20) NOT NULL UNIQUE, email VARCHAR(254) NOT NULL, convo_id VARCHAR(20) NOT NULL, time TIMESTAMP, content VARCHAR(500) NOT NULL, PRIMARY KEY (msg_id), FOREIGN KEY (email) REFERENCES users(email), FOREIGN KEY (convo_id) REFERENCES conversation(convo_id));
 \d message;
CREATE TABLE workperiod(email VARCHAR(254) NOT NULL, org_id VARCHAR(20) NOT NULL, from_date DATE NOT NULL, to_date DATE NOT NULL, job_title VARCHAR(50), PRIMARY KEY (email, org_id, from_date, to_date), FOREIGN KEY (email) REFERENCES users(email), FOREIGN KEY (org_id) REFERENCES organization(org_id));
 \d workperiod;
CREATE TABLE studyperiod(email VARCHAR(254) NOT NULL, org_id VARCHAR(20) NOT NULL, from_date DATE NOT NULL, to_date DATE NOT NULL, edu_level VARCHAR(50), PRIMARY KEY (email, org_id, from_date, to_date), FOREIGN KEY (email) REFERENCES users(email), FOREIGN KEY (org_id) REFERENCES organization(org_id));
 \d studyperiod;
/* Script generated Wed Feb 15 2017 16:54:50 GMT-0500 (Eastern Standard Time)*/

INSERT INTO location values('Lapmezciems', 'Latvia') ;
INSERT INTO location values('Taipa', 'Macao') ;
INSERT INTO location values('Tortola', 'British Virgin Islands') ;
INSERT INTO location values('Kingston', 'Norfolk Island') ;
INSERT INTO location values('Gibraltar', 'Gibraltar') ;
INSERT INTO location values('Fengnan', 'China') ;
INSERT INTO location values('Grootfontein', 'Namibia') ;
INSERT INTO location values('Nicosia', 'Cyprus') ;
INSERT INTO location values('Chop', 'Ukraine') ;
INSERT INTO location values('Krumbach Markt', 'Austria') ;
INSERT INTO location values('Atafu Village', 'Tokelau') ;
INSERT INTO location values('Longyearbyen', 'Svalbard and Jan Mayen') ;
INSERT INTO location values('Acquaviva', 'San Marino') ;
INSERT INTO location values('Darganata', 'Turkmenistan') ;
INSERT INTO location values('Cubatao', 'Brazil') ;
INSERT INTO location values('Stanley', 'Falkland Islands') ;
INSERT INTO location values('New Cairo', 'Egypt') ;
INSERT INTO location values('Oranjestad', 'Aruba') ;
INSERT INTO location values('San Diego', 'Venezuela') ;
INSERT INTO location values('Dili', 'East Timor') ;
INSERT INTO location values('Papeete', 'French Polynesia') ;
INSERT INTO location values('Male', 'Maldives') ;
INSERT INTO location values('Pezinok', 'Slovakia') ;
INSERT INTO location values('Inarajan Village', 'Guam') ;
INSERT INTO location values('Hamilton', 'Bermuda') ;
INSERT INTO location values('Ra®bniA£a', 'Republic of Moldova') ;
INSERT INTO location values('Burslem', 'United Kingdom') ;
INSERT INTO location values('Bangui', 'Central African Republic') ;
INSERT INTO location values('Duverger', 'Haiti') ;
INSERT INTO location values('Phuntsholing', 'Bhutan') ;
INSERT INTO location values('Tsumeb', 'Namibia') ;
INSERT INTO location values('Niksic', 'Montenegro') ;
INSERT INTO location values('Salem', 'Montserrat') ;
INSERT INTO location values('Flying Fish Cove', 'Christmas Island') ;
INSERT INTO location values('Stara Tura', 'Slovakia') ;
INSERT INTO location values('Ravand', 'Iran') ;
INSERT INTO location values('San Pedro Town', 'Belize') ;
INSERT INTO location values('New Amsterdam', 'Guyana') ;
INSERT INTO location values('San Marcos', 'El Salvador') ;
INSERT INTO location values('Abomey-Calavi', 'Benin') ;
INSERT INTO location values('Monaco', 'Monaco') ;
INSERT INTO location values('Iranshahr', 'Iran') ;
INSERT INTO location values('Santa Catarina Pinula', 'Guatemala') ;
INSERT INTO location values('Mont-Dore', 'New Caledonia') ;
INSERT INTO location values('Cap-Haa¯tien', 'Haiti') ;
INSERT INTO location values('Moung Roessei', 'Cambodia') ;
INSERT INTO location values('Baalbek', 'Lebanon') ;
INSERT INTO location values('Macao', 'Macao') ;
INSERT INTO location values('Huehuetenango', 'Guatemala') ;
INSERT INTO location values('Bulawayo', 'Zimbabwe') ;
/* Script generated Wed Feb 15 2017 16:54:50 GMT-0500 (Eastern Standard Time)*/

INSERT INTO users values('ample-railway@icloud.ca','Lottie','Lane','Mon Feb 10 1997', 'ujocublizu','Female','Tsumeb','Namibia') ;
INSERT INTO users values('mighty-fuel@mac.net','Violet','Pope','Tue Oct 25 1977', 'uzzahepoze','Female','Oranjestad','Aruba') ;
INSERT INTO users values('unbiased-tub@gmail.io','Herman','Cox','Fri Apr 11 1958', 'ovaeroawij','Male','Oranjestad','Aruba') ;
INSERT INTO users values('incredible-week@me.io','Jared','Rice','Wed Oct 15 1975', 'zizibpegev','Male','Ravand','Iran') ;
INSERT INTO users values('untidy-teaching@sympatico.io','Martin','Casey','Sun Jun 04 1995', 'esaocnabik','Male','Monaco','Monaco') ;
INSERT INTO users values('uttermost-weather@hotmail.co','Louisa','Tate','Tue May 18 1971', 'ukipurjodb','Female','Chop','Ukraine') ;
INSERT INTO users values('sneaky-fold@yahoo.us','Hannah','Bryant','Tue Dec 22 1964', 'cerojilitz','Female','Papeete','French Polynesia') ;
INSERT INTO users values('painstaking-aunt@icloud.com','Olivia','Patton','Thu Jul 29 1976', 'osalobolba','Female','New Amsterdam','Guyana') ;
INSERT INTO users values('flagrant-can@sympatico.us','Bess','Bryan','Fri Feb 12 1954', 'adlarewuod','Female','Pezinok','Slovakia') ;
INSERT INTO users values('pink-shop@sympatico.com','Jacob','Lucas','Mon Sep 09 1985', 'setsezauno','Male','Oranjestad','Aruba') ;
INSERT INTO users values('cruel-chin@yahoo.uk','Bertha','Sutton','Thu Dec 12 1968', 'cejapaheha','Female','Nicosia','Cyprus') ;
INSERT INTO users values('obeisant-cars@videotron.us','Richard','Glover','Sat Jun 19 1965', 'lanuddisfa','Male','Krumbach Markt','Austria') ;
INSERT INTO users values('ashamed-join@videotron.uk','Belle','Riley','Fri Nov 27 1981', 'nuufalivle','Female','Bulawayo','Zimbabwe') ;
INSERT INTO users values('onerous-beef@yahoo.com','Harvey','Roy','Thu Nov 15 1962', 'rakitaicze','Male','Gibraltar','Gibraltar') ;
INSERT INTO users values('remarkable-suit@me.uk','Mitchell','Long','Mon Feb 14 1977', 'ahejigbogk','Male','Pezinok','Slovakia') ;
INSERT INTO users values('outstanding-pig@icloud.uk','Bess','Parker','Sat Aug 31 1974', 'tubjimudos','Female','Grootfontein','Namibia') ;
INSERT INTO users values('unused-comparison@mac.io','Mayme','Alexander','Tue Aug 28 1973', 'vofenocenu','Female','New Cairo','Egypt') ;
INSERT INTO users values('burly-cheese@me.uk','Lily','Arnold','Thu May 21 1998', 'cuhemguzej','Female','Male','Maldives') ;
INSERT INTO users values('loose-pancake@hotmail.us','Myrtle','Keller','Mon Jun 22 1959', 'licocasuhu','Female','Fengnan','China') ;
INSERT INTO users values('minor-cable@me.ca','Kathryn','Cruz','Fri Feb 23 1968', 'fuuhohdilo','Female','Chop','Ukraine') ;
INSERT INTO users values('spotty-finger@me.fr','Peter','Wheeler','Sat Jun 18 1983', 'middiniwge','Male','Cubatao','Brazil') ;
INSERT INTO users values('helpless-oil@gmail.fr','Marguerite','Griffith','Sat Feb 09 1963', 'canufufaff','Female','Duverger','Haiti') ;
INSERT INTO users values('heavy-language@icloud.us','Cory','Norman','Sun Feb 25 1973', 'sobnilecut','Male','Monaco','Monaco') ;
INSERT INTO users values('prompt-wrench@hotmail.net','Loretta','Castro','Sun Sep 03 1967', 'hepaveuvow','Female','Pezinok','Slovakia') ;
INSERT INTO users values('giving-quartz@icloud.co','Glen','Schwartz','Wed Mar 15 1961', 'bifuwfihva','Male','Baalbek','Lebanon') ;
INSERT INTO users values('abstracted-authority@hotmail.fr','Lenora','Clarke','Sat Jul 01 1978', 'egdusuzhuw','Female','Niksic','Montenegro') ;
INSERT INTO users values('smooth-price@sympatico.fr','Gerald','Arnold','Thu Sep 22 1983', 'viwharilpu','Male','Lapmezciems','Latvia') ;
INSERT INTO users values('intelligent-earth@hotmail.net','Connor','Ford','Tue Mar 02 1971', 'tactahmips','Male','Tsumeb','Namibia') ;
INSERT INTO users values('irritating-taste@videotron.com','Antonio','Castro','Thu Feb 16 1978', 'wihigrepbo','Male','Lapmezciems','Latvia') ;
INSERT INTO users values('nimble-honey@videotron.io','Eleanor','Cortez','Mon Feb 03 1969', 'cagafokikn','Female','Papeete','French Polynesia') ;
INSERT INTO users values('spiky-air@yahoo.uk','Dustin','Rogers','Mon Feb 11 1952', 'topkaneraz','Male','Baalbek','Lebanon') ;
INSERT INTO users values('deeply-achiever@gmail.uk','Frances','Crawford','Thu Aug 22 1974', 'heciupinin','Female','Macao','Macao') ;
INSERT INTO users values('known-toothbrush@yahoo.uk','Samuel','Terry','Thu Feb 21 1991', 'gutgorojni','Male','Macao','Macao') ;
INSERT INTO users values('important-mass@videotron.io','Danny','Cruz','Fri Sep 29 1995', 'biwroclarc','Male','Acquaviva','San Marino') ;
INSERT INTO users values('tiresome-rule@mac.ca','Nathaniel','Mendoza','Tue Apr 15 1952', 'ezmovciwij','Male','Monaco','Monaco') ;
INSERT INTO users values('native-form@yahoo.uk','Vincent','Chandler','Tue May 03 1960', 'uzoowsasaz','Male','Huehuetenango','Guatemala') ;
INSERT INTO users values('learned-carpenter@me.net','Devin','Martinez','Fri Mar 03 1972', 'lehcibevli','Male','San Marcos','El Salvador') ;
INSERT INTO users values('teeny-crowd@mac.com','Joshua','Mathis','Wed Oct 30 1996', 'noghozidpo','Male','Ravand','Iran') ;
INSERT INTO users values('jolly-sign@me.fr','Emily','Goodwin','Fri Aug 14 1992', 'vohheliine','Female','New Cairo','Egypt') ;
INSERT INTO users values('responsible-crib@gmail.us','Madge','Schneider','Wed Nov 23 1955', 'wamifepidi','Female','San Diego','Venezuela') ;
INSERT INTO users values('obnoxious-basin@yahoo.net','Eliza','Carroll','Thu Nov 08 1956', 'kovjasucma','Female','Cubatao','Brazil') ;
INSERT INTO users values('warlike-bubble@icloud.us','Derrick','Brock','Sat Mar 07 1970', 'panletuvej','Male','Male','Maldives') ;
INSERT INTO users values('canny-voyage@gmail.uk','Emily','Robertson','Sat Apr 24 1993', 'golsojuhuk','Female','Abomey-Calavi','Benin') ;
INSERT INTO users values('nondescript-doll@videotron.ca','Brent','Rhodes','Tue Dec 16 1958', 'picjobirov','Male','Tsumeb','Namibia') ;
INSERT INTO users values('wakeful-quarter@me.us','Nora','Frank','Thu Aug 06 1964', 'iwiibwiwja','Female','Lapmezciems','Latvia') ;
INSERT INTO users values('equal-letter@yahoo.io','Marcus','Walker','Wed Mar 02 1955', 'zelihjilud','Male','Ra®bniA£a','Republic of Moldova') ;
INSERT INTO users values('brief-sheet@videotron.fr','Lucas','Morgan','Sun Jul 24 1960', 'koldawarve','Male','Krumbach Markt','Austria') ;
INSERT INTO users values('urbane-health@mac.co','Clyde','Collins','Fri Jun 27 1980', 'gifuzuwabe','Male','Iranshahr','Iran') ;
INSERT INTO users values('mute-dime@sympatico.net','Isaiah','Johnston','Wed Jul 25 1956', 'negusonibg','Male','Oranjestad','Aruba') ;
INSERT INTO users values('sharp-crate@hotmail.net','Polly','Williamson','Tue Jan 24 1956', 'katalianav','Female','Lapmezciems','Latvia') ;
/* Script generated Wed Feb 15 2017 16:54:50 GMT-0500 (Eastern Standard Time)*/

INSERT INTO organization values('HJ7ECSfFg','Reminiscent cent','Kaso dovgonoz lebim ez jowje ewowonzat ekfoban howon piva pi hi wocukece feh cuag cizlaw.','(901) 718-3046', '318 Hasal Plaza','reminiscent-cent@sympatico.com','Ravand','Iran') ;
INSERT INTO school values('HJ7ECSfFg') ;
INSERT INTO organization values('H1eXERBGtl','Abhorrent twig','Cimjacob orfab tagtim attuvam ce za sa onufu ec nam peb reppiggib nucafe zazevze enano munitguf.','(921) 803-9009', '183 Tiheb Trail','abhorrent-twig@hotmail.ca','Cap-Haa¯tien','Haiti') ;
INSERT INTO school values('H1eXERBGtl') ;
INSERT INTO organization values('SkWXVRSGFl','Cowardly word','Za tekfuuw los ada zabo jomrotzo kokpod zo fu cohi babuulu rihot ehaobapa.','(414) 957-4115', '606 Zugi View','cowardly-word@gmail.uk','Oranjestad','Aruba') ;
INSERT INTO school values('SkWXVRSGFl') ;
INSERT INTO organization values('BkzX4RrGte','Frail zinc','Co kilebi dem kegomi nenva tezepi hi ejuvi biw sel bo valbap temojes hol tagofav.','(825) 536-5734', '428 Esedo Junction','frail-zinc@icloud.co','Fengnan','China') ;
INSERT INTO workplace values('BkzX4RrGte') ;
INSERT INTO organization values('H17XNABGFe','Mere crown','Jonzu zoabhik molnew kunape om gufgu me baw sazibnu zuj puj fim jit vobeiji.','(812) 758-5276', '324 Doguda Plaza','mere-crown@gmail.com','Niksic','Montenegro') ;
INSERT INTO workplace values('H17XNABGFe') ;
INSERT INTO organization values('S14XEABGtl','Various mark','Dap nazsaz wad na wiuvhon akrada fase togacnew oh wivgo gucirse awpasoh don tuzkod.','(838) 266-6136', '1740 Jakgof Turnpike','various-mark@hotmail.us','Chop','Ukraine') ;
INSERT INTO school values('S14XEABGtl') ;
INSERT INTO organization values('S1r74RrfKe','Real snow','Zeocru ordot kunci nad ke dome gapiwo ligtu rehofaw ilcuom mar ta gicnatve muratad fajupdaz iliba cofna.','(574) 987-3491', '49 Ehujo Grove','real-snow@hotmail.io','Pezinok','Slovakia') ;
INSERT INTO workplace values('S1r74RrfKe') ;
INSERT INTO organization values('Bk87NRSfKl','Hearty magic','Nud cez be miludo lu alu kos mumo takoka vemedi zo lu hebekseb cujek zognufi wahim.','(522) 798-9873', '1556 Hakcol Key','hearty-magic@hotmail.ca','Iranshahr','Iran') ;
INSERT INTO workplace values('Bk87NRSfKl') ;
INSERT INTO organization values('S1wXEABzKl','Moaning route','Gavuti hehdoha neb gora nazfi sigpic bon ucilap cam kocovma aznegeha kaves goonoan da gavo rite fo.','(511) 410-4594', '1451 Fusi Parkway','moaning-route@sympatico.io','Longyearbyen','Svalbard and Jan Mayen') ;
INSERT INTO workplace values('S1wXEABzKl') ;
INSERT INTO organization values('S1_74AHztl','Obsequious property','Tuwgegpi puc wu nun zuv resgelhi cumma nadcib izca afajo go jezwaf.','(570) 634-5946', '100 Areba Court','obsequious-property@icloud.uk','Ra®bniA£a','Republic of Moldova') ;
INSERT INTO school values('S1_74AHztl') ;
INSERT INTO organization values('r1t7EArGFe','Faulty moon','Setatili wominbij ne vagzu felleg pudler hemaze kimojes ippuos lojuf jezeg ge retfe.','(545) 999-7972', '1867 Fite View','faulty-moon@gmail.co','Cubatao','Brazil') ;
INSERT INTO workplace values('r1t7EArGFe') ;
INSERT INTO organization values('rk5mVRrMYl','Cheap amusement','Zugon hokte dejov pasodmab lenunu ihidolna nozfuzwe bimbehofo gu haku suwgef efhazu cit pade kih.','(283) 567-7302', '867 Fawih Square','cheap-amusement@mac.uk','Ra®bniA£a','Republic of Moldova') ;
INSERT INTO school values('rk5mVRrMYl') ;
INSERT INTO organization values('ryj7N0rztg','One sweater','Fedalos onluin sinta ir saz tohof ak oku su wuubawu jediid laecte wefcupis.','(613) 837-9873', '1105 Homigu Way','one-sweater@yahoo.fr','Male','Maldives') ;
INSERT INTO school values('ryj7N0rztg') ;
INSERT INTO organization values('Byhm4AHMFl','Xenophobic night','Buzeguv rufer ci luhidaodo gosgo ovizongop jis bezlemku jigmac dej rabbuvzi cele cerkefiv.','(737) 747-5526', '961 Koapi View','xenophobic-night@videotron.uk','Tsumeb','Namibia') ;
INSERT INTO workplace values('Byhm4AHMFl') ;
INSERT INTO organization values('BJp74RSGYx','Puffy straw','Owi mokla en zus racop owimdub no lamrat daodaof tadum sipe ko isijamu do noipapa.','(542) 796-6682', '219 Isolo Pass','puffy-straw@yahoo.co','Santa Catarina Pinula','Guatemala') ;
INSERT INTO workplace values('BJp74RSGYx') ;
INSERT INTO organization values('H1CQVRHGFl','Perpetual van','Gafaiki wifzofacu ke ehiice ripepre lowkiiha umeacibej luvo pesfinu daco ruvmo keipca jos ufukewe tu.','(261) 476-4887', '331 Fakdo Road','perpetual-van@hotmail.co','Darganata','Turkmenistan') ;
INSERT INTO workplace values('H1CQVRHGFl') ;
INSERT INTO organization values('SJye7N0SfKx','Elderly smile','Zabjohhav rukubso tikalel nunabjos lohta gaz luwfagze ka sos egibuk vegir co hufokrag vefivon pofliztug olilo kakovo asbalim.','(456) 765-4539', '1597 Fivad Park','elderly-smile@me.ca','Duverger','Haiti') ;
INSERT INTO school values('SJye7N0SfKx') ;
INSERT INTO organization values('ryeg740rfKg','Prickly donkey','Eco pawonlih akugop kuwehziz kijnis bod luate sa bok vercejuh jozein how ezuih selos livla.','(519) 377-2370', '1261 Iweli Square','prickly-donkey@yahoo.fr','Stara Tura','Slovakia') ;
INSERT INTO school values('ryeg740rfKg') ;
INSERT INTO organization values('HkWlXN0SGFg','Dispensable glass','Raitfog ogo aztuhhi fogirca puzujip ze rarob je men gomeh ce nawi wukah korobapib sumritwat co talnukaz.','(674) 846-3280', '1915 Ohali Street','dispensable-glass@me.uk','Chop','Ukraine') ;
INSERT INTO school values('HkWlXN0SGFg') ;
INSERT INTO organization values('Hkfg7VCSGKg','Difficult smile','Daojufi lekin judob uc akodo nogote azu hullup naka ofnu ne kifep ojo ma ezve av dopevsa.','(840) 793-2210', '768 Utevof Square','difficult-smile@sympatico.ca','Ra®bniA£a','Republic of Moldova') ;
INSERT INTO school values('Hkfg7VCSGKg') ;
INSERT INTO organization values('H17eXNCrftl','Long increase','Ubvutzi huv digfareb zu kos sibe nucser se loc sagcak gaheghu fe cujafene haojfed kufmom zo moshilo nak.','(403) 318-4558', '1743 Evumeh Court','long-increase@yahoo.com','Tortola','British Virgin Islands') ;
INSERT INTO school values('H17eXNCrftl') ;
INSERT INTO organization values('BJNl7ECHzYg','Soggy carpenter','Bashes nuz vodo moaf etu caziw gecwebmim cerrarol mi kudob tipo hetpuz zikriis ja bicbe goafo kufhib.','(361) 411-9613', '983 Zocu Extension','soggy-carpenter@sympatico.uk','New Amsterdam','Guyana') ;
INSERT INTO workplace values('BJNl7ECHzYg') ;
INSERT INTO organization values('ByBg7VRBztg','Painstaking weight','Uzi metgoh wu ogebi ovucil lafju ulu op tiaf gizlukot hat ruvzo zisvoc gor dofpahju.','(541) 513-1377', '1762 Varmim Court','painstaking-weight@hotmail.net','Duverger','Haiti') ;
INSERT INTO school values('ByBg7VRBztg') ;
INSERT INTO organization values('BJIgmNRBGFg','Functional board','Pan cubdap mumevla su juos he bubeit guwu ipepako ruirde neoja oded leb onu sizwir pevculet jim.','(226) 743-4223', '1110 Pajmer Key','functional-board@yahoo.fr','Cubatao','Brazil') ;
INSERT INTO workplace values('BJIgmNRBGFg') ;
INSERT INTO organization values('BJPg7NCBGKg','Aloof addition','Gafwebhe ecolid abgubah viw geez low muv piijwu elogagi ucbitad bigifi cajre ri were pimekovoc.','(487) 703-6111', '1974 Ceoza Park','aloof-addition@hotmail.net','Pezinok','Slovakia') ;
INSERT INTO workplace values('BJPg7NCBGKg') ;
INSERT INTO organization values('ByOgmVCrzFe','Tense thread','Cunasiz hakemitu nanahvo gof sili ilocuzi bedduk tawni jojube dubpoz ozaviv gutuca.','(989) 592-5332', '1322 Zepuk Lane','tense-thread@yahoo.io','Darganata','Turkmenistan') ;
INSERT INTO workplace values('ByOgmVCrzFe') ;
INSERT INTO organization values('rkFlXN0SfFx','Kindhearted cushion','Zecujag movatusaw durebkek rimfib zabmumze bi fet kulnoem zekoimi wotpanrog ti ufi.','(517) 824-3550', '1880 Goso Pass','kindhearted-cushion@gmail.io','San Marcos','El Salvador') ;
INSERT INTO school values('rkFlXN0SfFx') ;
INSERT INTO organization values('B1qgmEAHGYx','Fuzzy crowd','Evo mig ew hinap figumap bipozif awega kejukvo huribne kossumlin ikgepi taavo elobegec pum.','(348) 873-5506', '1627 Mego Highway','fuzzy-crowd@hotmail.ca','Phuntsholing','Bhutan') ;
INSERT INTO school values('B1qgmEAHGYx') ;
INSERT INTO organization values('rJolX4CrfYe','Shocking spring','Nocvaz gokaf rabazrom wut migcebfac hogibde cojmovu saefu nuf rusjev liana gefan gizongav vo ma.','(247) 514-5158', '1514 Wusom Pike','shocking-spring@videotron.com','Burslem','United Kingdom') ;
INSERT INTO school values('rJolX4CrfYe') ;
INSERT INTO organization values('H13xQVAHMYl','Boundless attack','Judomes hajesep nediza mu wengo cajcuh ses apanafib licor aduphe ame wedvir olrab bihadtu hi rop.','(987) 637-1361', '665 Veag Drive','boundless-attack@me.uk','Krumbach Markt','Austria') ;
INSERT INTO school values('H13xQVAHMYl') ;
INSERT INTO organization values('SkTgQ4RrzKe','Lowly crook','Niwted jaz upotaid zo ga wor ubfubva raw lun vaez uvu duswe hodovez fe reg.','(722) 383-1286', '1856 Tefato Loop','lowly-crook@mac.com','Cubatao','Brazil') ;
INSERT INTO workplace values('SkTgQ4RrzKe') ;
INSERT INTO organization values('S1Aem40rzYg','Thundering stitch','Rif vezta uhurav terula lipah tun gembafzi widzu tohwodheg utiufo napra fa ola kuvotuvad.','(915) 790-8073', '1914 Pipusu View','thundering-stitch@mac.io','Taipa','Macao') ;
INSERT INTO workplace values('S1Aem40rzYg') ;
INSERT INTO organization values('H1yZXVRHGtg','Awake cobweb','Uduki venihofu jowah surlugdug iraged ve jiccofit akuerowi ci bitjar ika ec jipotne mo zaes ja hajra fi.','(447) 846-9398', '1818 Gouf Point','awake-cobweb@yahoo.co','Hamilton','Bermuda') ;
INSERT INTO workplace values('H1yZXVRHGtg') ;
INSERT INTO organization values('r1eW7VCHGFe','Rare downtown','Uhawo howadre waugo vosu ako gupo nura gerwi imidu sahnemtud ja venidaz maesuapi wah.','(912) 952-4900', '304 Duru Path','rare-downtown@videotron.com','Phuntsholing','Bhutan') ;
INSERT INTO school values('r1eW7VCHGFe') ;
INSERT INTO organization values('HyZWmERHMYl','Silent squirrel','Re ipvib ge vevpajuge holizaduv be fumjek luvhuuz enevilako bocriju ulusadzaz nofed ucici.','(931) 251-1046', '460 Nataj Court','silent-squirrel@yahoo.uk','Salem','Montserrat') ;
INSERT INTO school values('HyZWmERHMYl') ;
INSERT INTO organization values('BkzbQECBzKg','Wandering low','Mu cesaltan kurile ahoter re ehepe faj upiba onsadti lehe baina galtomo.','(328) 744-4670', '11 Wagmo Terrace','wandering-low@hotmail.fr','Ra®bniA£a','Republic of Moldova') ;
INSERT INTO school values('BkzbQECBzKg') ;
INSERT INTO organization values('rJ7-XECrfFe','Gusty corn','Da rimufu cif biltezo ro tobise aksuz uk nabra bohjuftu lolbiwke asavewup afigozag ledko obi hec.','(987) 424-8678', '1950 Aloub Circle','gusty-corn@icloud.ca','Stanley','Falkland Islands') ;
INSERT INTO school values('rJ7-XECrfFe') ;
INSERT INTO organization values('B1EWm4CBGKx','Flagrant governor','Tas nodiz pevla botacu cakim vadawu pa huvlicat himaf jekic conufuvo femi uce gu.','(559) 287-6744', '259 Lasev Street','flagrant-governor@gmail.co','Tortola','British Virgin Islands') ;
INSERT INTO school values('B1EWm4CBGKx') ;
INSERT INTO organization values('r1rWQ4ArGKe','Deeply aunt','Ophavotu heewo gewaztuh wik wegwe fofi jigte odhor po afner lizi pid.','(727) 281-7621', '704 Funza Park','deeply-aunt@yahoo.com','Cap-Haa¯tien','Haiti') ;
INSERT INTO school values('r1rWQ4ArGKe') ;
INSERT INTO organization values('SJLZm4ABftl','Physical memory','Ahe tejjitzo sameru kepig ubfizo buh niti deta cocatji lam ja wuezarel mezovuru zegec hijfov fu jubu farojor.','(988) 633-3540', '414 Rejvu Way','physical-memory@hotmail.net','Bangui','Central African Republic') ;
INSERT INTO workplace values('SJLZm4ABftl') ;
INSERT INTO organization values('S1PbmERBMFx','Limitless appliance','Rasvozro noffu wauhi timos caniud zownofkez ruh se zeanrac fa nutkom fivra zawvorpug zebed hos fogvop.','(973) 350-5388', '1580 Fiko Court','limitless-appliance@videotron.io','Mont-Dore','New Caledonia') ;
INSERT INTO workplace values('S1PbmERBMFx') ;
INSERT INTO organization values('By_-Q40HMKx','Damaging ear','Papujol vodo hov ja ud ko tot ta nu mejbefike cocnavpa sovjef cet.','(983) 884-6336', '1188 Metih Turnpike','damaging-ear@videotron.com','Ra®bniA£a','Republic of Moldova') ;
INSERT INTO school values('By_-Q40HMKx') ;
INSERT INTO organization values('H1KWmVCrfFl','Combative lace','Jef ham goico eciron ep uboca beg guv dat paukmil hujokpi dawobhad em ju com um fovmivoz tabla.','(688) 853-7116', '1143 Sucla River','combative-lace@sympatico.ca','Papeete','French Polynesia') ;
INSERT INTO school values('H1KWmVCrfFl') ;
INSERT INTO organization values('H19WXV0rGYe','Spacial books','Unnut to rekazazu jenop dof lajogak iro ihuco odpijmaw zik ma tanu jal vi polcatafi.','(772) 497-9033', '637 Kowe Heights','spacial-books@sympatico.net','Duverger','Haiti') ;
INSERT INTO workplace values('H19WXV0rGYe') ;
INSERT INTO organization values('Sks-QN0rztg','Rare boy','Beunew logu tenfuc la ficme tenud tarlocefo pohacoh hutugbi fupeewo patal fe orudetri umuakfec hafpo.','(533) 210-7227', '1731 Hudtup Path','rare-boy@gmail.uk','Flying Fish Cove','Christmas Island') ;
INSERT INTO school values('Sks-QN0rztg') ;
INSERT INTO organization values('Sy3-QERHftx','Chunky flower','Leg ti teteeb ru vimobwa bul ponellog aniguto pu matbu rerud zel iguwove.','(613) 865-3194', '225 Upotaw Avenue','chunky-flower@me.ca','Kingston','Norfolk Island') ;
INSERT INTO workplace values('Sy3-QERHftx') ;
INSERT INTO organization values('ryaWQNASGtx','Alert mine','Kolan rukob nebpo rioreom kik vuucfuj jalcok jebzeti inavu his tudnir ges jukwil mo.','(254) 852-1943', '15 Mozjok Lane','alert-mine@sympatico.co','Cap-Haa¯tien','Haiti') ;
INSERT INTO workplace values('ryaWQNASGtx') ;
INSERT INTO organization values('S1A-QERrMte','Envious design','Pica caeci dozguban os wo dec ohe sisnuj tag hosomavo his viwhuv julawna cuhjaw lukcu.','(280) 478-4901', '344 Wiare Court','envious-design@hotmail.ca','Moung Roessei','Cambodia') ;
INSERT INTO school values('S1A-QERrMte') ;
INSERT INTO organization values('SJyGQE0HzFg','Chosen rifle','Dumuvenah ninepaf masrunjov fo er bunan re nidic utafoco fah lape hetgereg.','(760) 292-6064', '1968 Ihuhud Boulevard','chosen-rifle@yahoo.us','Moung Roessei','Cambodia') ;
INSERT INTO school values('SJyGQE0HzFg') ;
INSERT INTO organization values('SyeGX40SMYx','Wonderful pig','Re jesicene ru pospuho ahamupuw fizeknep wuh enaeki okcul gafka wez re em ji patinva.','(580) 308-3607', '1853 Iwnok Glen','wonderful-pig@sympatico.fr','San Pedro Town','Belize') ;
INSERT INTO workplace values('SyeGX40SMYx') ;
/* Script generated Wed Feb 15 2017 16:54:51 GMT-0500 (Eastern Standard Time)*/

INSERT INTO conversation values('SybfmERBzYx','vivacious payment') ;
INSERT INTO conversation values('BJMzQERBMtg','just price') ;
INSERT INTO conversation values('BkXMXERHzYe','exotic arithmetic') ;
INSERT INTO conversation values('rkNG7VRrztg','ratty cap') ;
INSERT INTO conversation values('BJSGXVASMKl','fluffy downtown') ;
INSERT INTO conversation values('H1IfmNRHGYg','four support') ;
INSERT INTO conversation values('BJPGm4CrGtg','overconfident division') ;
INSERT INTO conversation values('S1_GQ4CBztg','dramatic celery') ;
INSERT INTO conversation values('BJKz74CrMFe','madly order') ;
INSERT INTO conversation values('S15fQV0BMFg','aromatic quiver') ;
INSERT INTO conversation values('BysMQ4ArzYg','benevolent fireman') ;
INSERT INTO conversation values('HJ3zm4ArfKl','functional regret') ;
INSERT INTO conversation values('B16fXNArfKl','fearless trick') ;
INSERT INTO conversation values('Hk0MXERBMte','poetic cream') ;
INSERT INTO conversation values('Sky7QN0HMFx','understood cake') ;
INSERT INTO conversation values('BkxXXNRHfFx','scintillating smash') ;
INSERT INTO conversation values('rkZQmV0SzFg','choice toe') ;
INSERT INTO conversation values('BkMmQ40HfFg','juicy name') ;
INSERT INTO conversation values('B1Q7QNRBGKg','wide parcel') ;
INSERT INTO conversation values('H1NQ7NCHGYe','boss hate') ;
INSERT INTO conversation values('BJrQ7ECBMKl','economic sheet') ;
INSERT INTO conversation values('rkUXmE0BfYl','hushed aftermath') ;
INSERT INTO conversation values('rkw7mE0rMFl','inexpensive income') ;
INSERT INTO conversation values('S1uQm40rfFg','puzzled tooth') ;
INSERT INTO conversation values('r1KQmERBMYe','longing gold') ;
INSERT INTO conversation values('Bk9mXVRSMFe','tiny harmony') ;
INSERT INTO conversation values('BysQmNArftx','xenophobic church') ;
INSERT INTO conversation values('By27X4CSzYg','super cattle') ;
INSERT INTO conversation values('SJaXmERBMYg','faded grain') ;
INSERT INTO conversation values('HJRX7VRBMte','cynical powder') ;
INSERT INTO conversation values('HJkNQNRHzKx','awesome range') ;
INSERT INTO conversation values('BJgNXNRBMYl','momentous twig') ;
INSERT INTO conversation values('ry-EXECrGtx','stingy bird') ;
INSERT INTO conversation values('S1z4QNRSMFg','finicky pump') ;
INSERT INTO conversation values('B17NXVCHfKe','murky friend') ;
INSERT INTO conversation values('rkENX4ABfYe','dramatic treatment') ;
INSERT INTO conversation values('SJS4Q4CrfFg','glorious nerve') ;
INSERT INTO conversation values('HyLNm4RSftg','abrasive grade') ;
INSERT INTO conversation values('ryPE740HGtg','gusty cake') ;
INSERT INTO conversation values('S1uVX4ABMKx','unusual effect') ;
INSERT INTO conversation values('ByFN7EABfte','boorish popcorn') ;
INSERT INTO conversation values('HyqE7NRBfKe','chummy bath') ;
INSERT INTO conversation values('Skj4QNRrfKg','enchanting creator') ;
INSERT INTO conversation values('Sk24mVABMFe','tasty mother') ;
INSERT INTO conversation values('HyTVQVCBzFl','quaint men') ;
INSERT INTO conversation values('SyCV74ASMYl','charming look') ;
INSERT INTO conversation values('SJyB7VRrMYl','fair mine') ;
INSERT INTO conversation values('r1lrm4Rrztl','lacking page') ;
INSERT INTO conversation values('HyZSmE0SGYx','fiery cow') ;
INSERT INTO conversation values('HkMH7NRHGFg','billowy orange') ;
/* Script generated Wed Feb 15 2017 16:54:51 GMT-0500 (Eastern Standard Time)*/

INSERT INTO wall values('rkXHXVCBMFe','Nuk ruvokod muhul del fuj daifu un foehge ho jenca walomvov vi bebze.','Private/Follower','uttermost-weather@hotmail.co') ;
INSERT INTO wall values('HJVrXERSfFg','Wo ke ni deh naj dohad gofezri upoeh jef didwikpu joknodos pole her pemfu kod bicuig vevohe.','Follower/Public','outstanding-pig@icloud.uk') ;
INSERT INTO wall values('BkSH740rMYe','Wola ovuwo usjaran bohur tocno piz lomu uta lagbecak ewe dob cazuz uvicbi pigbirni hozuaf occuhceg ru wejuwce.','Follower/Follower','native-form@yahoo.uk') ;
INSERT INTO wall values('H18BmN0rMFg','Tu rupza vej cohinze koweb moc ilu esetaz epigohfof rilzerit migsogza kowijuk me.','Private/Followed','untidy-teaching@sympatico.io') ;
INSERT INTO wall values('ryPSXECHfYx','Wegoos nuvgek sowusi kihgub nuha nur sunkewfi egu befelu zumak esowo jumufhu la zob ivijkif tu ogiziw.','Private/Followed','burly-cheese@me.uk') ;
INSERT INTO wall values('BJdHQVRSfYx','Mude mu hi ithe safras itues hopul get katfop paihidun wigoscis zone piudah piarhib.','Private/Private','flagrant-can@sympatico.us') ;
INSERT INTO wall values('HyFB7EAHfFe','Vo simiva ho pigsi cuulaot wuwiuwo tu likojec rolipoz odbamsuk cukoki rih.','Followed/Public','canny-voyage@gmail.uk') ;
INSERT INTO wall values('B19rQEAHMKe','Pecunwa ret jugoted homeghu lenap ej iv tanbas tenof azo viwe udide.','Private/Followed','giving-quartz@icloud.co') ;
INSERT INTO wall values('BkjB7NRSGFl','Bacaso vow tal wilegvi ugo sal oh puwasu hokov kivomu oziwur pu.','Follower/Public','heavy-language@icloud.us') ;
INSERT INTO wall values('B1nH74CSGtg','Cadvumnib iramahow igva ruc canvoneb alam bon gacgajsis usewan alugafpum ig zig.','Private/Private','tiresome-rule@mac.ca') ;
INSERT INTO wall values('SyaBXEASzFe','Objah efcaeze jimewke jorni pabdohu tucehe kela hut amhajwes kuheg aricaze up fa for mevem lasizuru lemaw hi.','Public/Public','sharp-crate@hotmail.net') ;
INSERT INTO wall values('HJCSmERSfKl','Cagit etifozop ib pisaptim dosarif apmanne zehel apo dozeluh libe dusame pibvedub ce.','Public/Public','pink-shop@sympatico.com') ;
INSERT INTO wall values('Hk1IQVCrGYg','Mudokuw nocvawa is dez sac nad an jib ibjor lamrohti ri de lul sagcod isge fif vaudofab mo.','Private/Followed','warlike-bubble@icloud.us') ;
INSERT INTO wall values('BJxIQNRBMKg','Tawes ziwmonur netapib povaz waesri pep buzrahad gubojo refsowe bu segku ek ba.','Followed/Public','helpless-oil@gmail.fr') ;
INSERT INTO wall values('B1WL7ECBMFg','Boggo fusariv apuv otus eja rohukni zos guw elhem decige jenarer ditgonis ed fefdog.','Private/Followed','mighty-fuel@mac.net') ;
INSERT INTO wall values('S1zIQVAHzKl','Jod apeke jac oduehnoc ro od cujiok kogikmo hipaaho vagata guotaro varud.','Follower/Follower','nondescript-doll@videotron.ca') ;
INSERT INTO wall values('S1QLXE0Sztg','Tud fucdusne locesra puttel habioca opa ize lok ivazomoc wi ka suwutwez zejog.','Public/Public','flagrant-can@sympatico.us') ;
INSERT INTO wall values('HJ4IXN0HMYe','Ku rogdo zutu retuji mejku ceawfak zu nikad guv mile dok uvi zum ipono ama ir epe.','Follower/Public','outstanding-pig@icloud.uk') ;
INSERT INTO wall values('ByB8X4CHztx','Tig gi suh bihebi ca ojzoebu bazdordih zi tinjofi gu ot kaimgoc mu holamta.','Private/Private','uttermost-weather@hotmail.co') ;
INSERT INTO wall values('BJU87E0SfYx','Uv cocomur jig ama aso rabfew zoteze nap ni kig viwa na vo pawben baesa ditciuso.','Private/Followed','sharp-crate@hotmail.net') ;
INSERT INTO wall values('SywUXNRSftl','Miza uwa ri udwe mokog we vibamasu hig pisafoc ip ugur gijij fim.','Follower/Follower','intelligent-earth@hotmail.net') ;
INSERT INTO wall values('B1dU7VCBfKe','Aridekim jo kuta hobouk nab feza sowdevin fi feeg bo hirjala fi.','Private/Followed','native-form@yahoo.uk') ;
INSERT INTO wall values('S1Y8XVCHGKg','Vergeg dev be lebguh cepatowe fupurucud kero ujo towwig kaksim poko tam wufi sesikipad.','Private/Private','teeny-crowd@mac.com') ;
INSERT INTO wall values('rk9U7NABfFg','Ruik odegih teop holca pi napakmuw azujur bucacep javeh titokle wowe ag jiluc zas.','Private/Follower','tiresome-rule@mac.ca') ;
INSERT INTO wall values('rksLXECrztx','Ohbih lijcuve moc nec ci cu wacir ehuow tipepiji gufalpok ulaemeli me.','Follower/Follower','deeply-achiever@gmail.uk') ;
INSERT INTO wall values('Sy3L7VAHMtx','Fanhi fogat eztunaw kacmirhi onuko cenca azzor sizeti uduvappe um jaz togarete ab enidu apmok.','Private/Mutual','abstracted-authority@hotmail.fr') ;
INSERT INTO wall values('H16IXVRHztl','Rilehe go goj semihip ca tuwat fij bafalip ve ijo tidpo lecimi ro jitka beimidi ritmopo gek ler.','Follower/Follower','nimble-honey@videotron.io') ;
INSERT INTO wall values('SyCIm4CSMFg','Wulvijaw eha cefizhu hivedaef mes uka kazruloj aro pajla suncunop rezsulfa ho.','Follower/Public','obeisant-cars@videotron.us') ;
INSERT INTO wall values('SJkPQ4ArMFg','Kid ice ponnu liranku nad ajusulor do savag su sudic te va ic jow.','Mutual/Public','jolly-sign@me.fr') ;
INSERT INTO wall values('rylP7N0SGKl','Esze tovsuz vem zumce be ek warfobsi zog kekfowed ofodewti la kirelji ro iruun.','Follower/Public','incredible-week@me.io') ;
INSERT INTO wall values('HJZD7EArGtl','Ni omvo zemdukep madir muk elomod wewmi gim cedasom mumta efo mav ruw herijup we ejulubu diguge du.','Follower/Public','sneaky-fold@yahoo.us') ;
INSERT INTO wall values('ByfvmEABzYg','Gulze ho fonaza te ewa zu lapal cinu ijbikduc fane hehual mu rosaep meuwge.','Follower/Public','ample-railway@icloud.ca') ;
INSERT INTO wall values('rkmwX4RHMKg','Posrak ke sa tunsaeb pijefvaf keweume eciga bubof tiigo nuoj rejok aj dop vemud haonta kig ta.','Followed/Public','spiky-air@yahoo.uk') ;
INSERT INTO wall values('ryVw74CSGYl','Ini ba ki ke fagta womza beem reggiso lebto cok nieluuja wedfosum ehuugu ca.','Mutual/Public','known-toothbrush@yahoo.uk') ;
INSERT INTO wall values('SyBv7VRBzYl','Dahfol lobha jidtugas oznup rumri recog osi wo laocjop fiswos wu lasco bedgaw ve fi jiasnu.','Followed/Followed','brief-sheet@videotron.fr') ;
INSERT INTO wall values('BJIvX4CBfYe','Pu bajihvab sekuwbo ni hi relrapa emefop poj sasosteb usuro fekorfa ciz bahjam go.','Follower/Follower','known-toothbrush@yahoo.uk') ;
INSERT INTO wall values('HyDP74ABfFl','Niz ih ehi ji dora hupah herraw hebe rutbufriv sesivcir fit bitomdug teibi juha.','Follower/Public','helpless-oil@gmail.fr') ;
INSERT INTO wall values('SJdDmVArMYg','Avu ogewaij ke rita lengucdi lavol radi ubiwolko diewhoz mohew gitanme tuz tupo ohnena nopoapi.','Mutual/Mutual','untidy-teaching@sympatico.io') ;
INSERT INTO wall values('BJKDXV0rfYx','Wurigu caz evahifow afuzuf ovpepil acpin mujbil jetij re zovzebipu pujabco zi ubu va wijaghe dapooka idosuh.','Private/Public','nondescript-doll@videotron.ca') ;
INSERT INTO wall values('SkcPQ4CBGtx','Wijor wun vubruzo nub wupomo lugmo tizam uki zed uli ge tonesate.','Private/Mutual','untidy-teaching@sympatico.io') ;
INSERT INTO wall values('H1ov7VCBGFl','Vipa vimada ti kitbutzuh liklu sanofsa vif mofzu huzu nusbu fakce sos webusuta viaba fombi rikin juvilkib.','Private/Public','onerous-beef@yahoo.com') ;
INSERT INTO wall values('By2v7NCrfFg','Zun vuf ope ogwa huvupaje dav rol omunicje wifabzar iji igwitik camiam tokuddo dok ji neje vig.','Private/Mutual','native-form@yahoo.uk') ;
INSERT INTO wall values('rk6w7VRSMFg','Ged ubecobbag dagto vasjefac zolewo henadbat verigiw jedmo iwuwoc zu aptuere vapnona.','Mutual/Mutual','helpless-oil@gmail.fr') ;
INSERT INTO wall values('BkRDXECHfFx','Buwisup ujainra pohov meate timhiuza pokha atcuvso lealozoz henelit dani efewla ij wi adorav.','Followed/Followed','helpless-oil@gmail.fr') ;
INSERT INTO wall values('HJ1O7EASMtl','Kigceleca avkil zofehwas biabu ledkelaw ibuzemum le ezhej vo kujin as tu buposise.','Followed/Public','brief-sheet@videotron.fr') ;
INSERT INTO wall values('H1xO74RHzKx','Gef korzim vehmojo hegnojsu sasule gaep mattor acgile wiebjon gu zaamodiv golacu viavodi ole comhettun vumobwi.','Private/Public','warlike-bubble@icloud.us') ;
INSERT INTO wall values('B1-d7VArfYg','Poca tuvmo linup novjulko ge wog ori lu tilkon kaher zonag bananoba fahuwad fe mikmiziv zivcumife.','Public/Public','important-mass@videotron.io') ;
INSERT INTO wall values('HyGOmVRrGYe','Nafkibler wu ceebpaf acigi jivlamdon zordahwiz mi ja duzhafko bivifzud fakni ejuihej cukum kejupwu tiv ozukipize rogcatos doovatub.','Follower/Public','pink-shop@sympatico.com') ;
INSERT INTO wall values('S17_74CBzYx','Foshocwa ti cudwipu vuhhore ihiraj winfo tuplen zuppobcih pihkeme rajjegru vig gimsowuci natik.','Private/Mutual','brief-sheet@videotron.fr') ;
INSERT INTO wall values('rkVOQVCSfYe','Hogeah ecmules rozno bizodbuj abvozpo za rez dites fo japcoco tuidu tef bekdowuk wivred vuvwoviw poce.','Followed/Followed','obnoxious-basin@yahoo.net') ;
INSERT INTO wall values('ryBOX4CHftl','Sifca winboir gav dij vuvdob azuk une na dij perevdow lo passef ne miwgapvow.','Mutual/Mutual','ample-railway@icloud.ca') ;
INSERT INTO wall values('r1Ud7NRrGYx','Baledipig idop em fotat liwkeva nuwvagup foknur febov viwik noma zi zil wegoc hihiniw hos bainbik.','Followed/Followed','mighty-fuel@mac.net') ;
INSERT INTO wall values('Hyv_m4RHMKg','Waz hahduce ozabu azvaric dah hiji amisetoca ap koir vafukhe zusef pukiniv opolubbav dibguwtic.','Private/Follower','unbiased-tub@gmail.io') ;
INSERT INTO wall values('BkudXV0BGKg','Nafo ol kemjo ovosum dev nisa kehkeav mufucifi ahgeg nivi div fu vefibemu inoahu umcavup sutodi bal.','Private/Mutual','incredible-week@me.io') ;
INSERT INTO wall values('HkF_740HfKx','Sep lissophe um dukifrur algole nemolus aca di seg jafnosil op ecu.','Private/Private','untidy-teaching@sympatico.io') ;
INSERT INTO wall values('SJqdmNASGKg','Vigfoklu uti al gezciz zapbu umuvon uluham gulabe jaaftac zozanu guid kecec riw ah gujanimu tichosdug jucajo.','Private/Followed','uttermost-weather@hotmail.co') ;
INSERT INTO wall values('r1oOXN0Bfte','Opfeli dikodsop mo gegaj ud jew harewo hecega ha lul oriujeci iwkoz zupcior sepuko resgir fir poojeho ofanadom.','Private/Follower','sneaky-fold@yahoo.us') ;
INSERT INTO wall values('HJ2u7ECrMYg','Lavitec alacu azsaod zemef ose tinmomwit kocfaivu nis beszuso zebro nepiggi waha nibazma vur.','Followed/Public','painstaking-aunt@icloud.com') ;
INSERT INTO wall values('ByaumN0Bftg','Ogiilna illihwuv pasaz lod cowloen abesic itoana dufa dolmiv vew igepozi suw lih.','Private/Follower','flagrant-can@sympatico.us') ;
INSERT INTO wall values('rkAdXNArGFe','Zedci reznuer dobaaca zonman tav ben hom ke tovivuen ca suerre bu pabsu jagerbe sazwezer ped.','Follower/Public','pink-shop@sympatico.com') ;
INSERT INTO wall values('H11FXE0SMYe','Oje met ano leib ze nibuk eg od pusgas ecwis ezakib otenupfo git vo asbeulu ko weawca owfud.','Private/Public','cruel-chin@yahoo.uk') ;
INSERT INTO wall values('SkgYXEABztg','Weko hu ado zunfetce du zikilfu jefuv figantuf nomhawad rot rap okabutev oduko.','Followed/Public','obeisant-cars@videotron.us') ;
INSERT INTO wall values('BybY7V0BMtx','Fiekoedo zat buj fewji ciwsaw curerla zohvu vubo nedmuv hoga rih age ful.','Follower/Public','ashamed-join@videotron.uk') ;
INSERT INTO wall values('S1fKmE0rMtl','Ofwijbid vi karozwim bawu hodu ga bod or kum tithoh pemez sazodu ujekaj podtis nirrefje vob.','Mutual/Public','onerous-beef@yahoo.com') ;
INSERT INTO wall values('HyXt7VCHGYg','Tu ugenifwu jib ke zitaiko mup coz bo jomo nahik wihwah sopuse vefeh ugohibor alupip had ze jo.','Private/Private','remarkable-suit@me.uk') ;
INSERT INTO wall values('rJEKXVABMYl','Filak ji ojivedud lomfefi opuifba ogtu bopaw lecalzom co toosuodu sutem mib oribic nu zujcaj woveb.','Private/Public','outstanding-pig@icloud.uk') ;
INSERT INTO wall values('SkHKQNCHfte','Gomo nef cur wagah kucahti adkirow al fuemo vaztirla setefamov nesidef pubwicjil ub vuupla.','Private/Follower','unused-comparison@mac.io') ;
INSERT INTO wall values('rJLtQ4ArzKg','Unijorza armu wec ta morihzi luguwgoc bowdac pi bacigbul saltocolu sotuk za viprej.','Private/Mutual','burly-cheese@me.uk') ;
INSERT INTO wall values('BkvFQERHzFe','Zicam tuju kugwujug zive jawcemji nuom ponuv izi ope nu lopisep tusasli.','Private/Public','loose-pancake@hotmail.us') ;
INSERT INTO wall values('r1dt7E0SMFg','Bas buwizmon od ra zeplapiz me ah jutnucni ol uvemot bolum vapton oltilhid bejuh mifulezal.','Followed/Followed','minor-cable@me.ca') ;
INSERT INTO wall values('SytFXEAHzKg','Ujte ka kissezle seh basraj dujiw jumutpu banolmic bowmenha taruaca netvaj waz ve gefpo wumo icajiwfu rij gujkicusu.','Follower/Follower','spotty-finger@me.fr') ;
INSERT INTO wall values('rk9FXECBzKx','Ve jon ufo bucedig amke uhkivdig jepzufab idjip cirnehen olumo jasko vo ashila.','Private/Public','helpless-oil@gmail.fr') ;
INSERT INTO wall values('ByotmECBzFg','Kig tajug lecife dalvurvi moliz vib owe pazojlid vewku nojmuspi ju novto to bacemtok lo apawuto.','Private/Public','heavy-language@icloud.us') ;
INSERT INTO wall values('HynFQVRBMFx','Ziw luno ke durka wa awej uripe bu copgipuh hunar omoma mi li vi.','Follower/Public','prompt-wrench@hotmail.net') ;
INSERT INTO wall values('H1atXN0BGtx','Mokjudnuk bukkivve kahatveb sapiw vivdo gac vav niccep ede lopwu hud majto er hor cenav arapup eha.','Follower/Follower','giving-quartz@icloud.co') ;
INSERT INTO wall values('SkCFXNABGtx','Jaw gedi him zanuja ibwildo onanu ivniruc pujow adesije sitam ogim fiajrez vocollap tulpur kin wormuuj habbiuda zut.','Followed/Followed','abstracted-authority@hotmail.fr') ;
INSERT INTO wall values('rkycmVRSGFg','Pajat fesdagne lomsigvek wun zohkegtu ipa sigfav oti aru dol hebge nag eboluj.','Followed/Followed','smooth-price@sympatico.fr') ;
INSERT INTO wall values('BkeqmV0rzKe','Fiva enjahup egelede ho on gogafokif fozsavu sivehoj zo tew fohacgir pubihgu jilgejhud tahjul cati.','Follower/Follower','intelligent-earth@hotmail.net') ;
INSERT INTO wall values('rJZ9XN0rGFx','Umoecede zowpab vesepku fohfovzo ro lumwic gor bafe tat jo je damulja keva cuzgeepu.','Private/Followed','irritating-taste@videotron.com') ;
INSERT INTO wall values('Syz9XNRBzFe','Duseji wenvar kuhcatuz varommop pofna fotof iva remoz gouvtub ow rojro dasekomiv ede metudpen fikofe jumgaval bih.','Public/Public','nimble-honey@videotron.io') ;
INSERT INTO wall values('BJm9mECSGYe','Fuvrir ras fosel is wetuw nignekir fi hehdubdi ma oh bo zizeg kese posob opuge.','Private/Followed','spiky-air@yahoo.uk') ;
INSERT INTO wall values('H1VcQVASztx','Dicah nu sec ke daznez owueje seuwbi fo kivmitag wu fowkevhoj imoko cali siag vuikhiz mood hawjac evu.','Public/Public','deeply-achiever@gmail.uk') ;
INSERT INTO wall values('ByHcmECHMFg','Azazocwu gi wassofi wodbottej mud us duz nucib lu mugbo zo zipi isunuuga asefu latnenev gud sidofoma.','Private/Private','known-toothbrush@yahoo.uk') ;
INSERT INTO wall values('BkLcXVCBzFe','Nemowloh kipobra juejecag huvgubih becwelzek ica jakew pifal hauztoh pej oge vod nijpopeh zij.','Private/Private','important-mass@videotron.io') ;
INSERT INTO wall values('SJv5XNAHMte','Tedegizo zoirucap wutucari hozima nako corpuz zonwoku dodgog racen cudoghuz ukifi poczez ahunuc oc nonlehin sat.','Private/Followed','tiresome-rule@mac.ca') ;
INSERT INTO wall values('Byd97VArzFg','Pawkecun rezate soju kenule cahetub ina pidwiro vidvi wa teeci zalotod zotco cil ocaogizit cawohufik zot.','Follower/Follower','native-form@yahoo.uk') ;
INSERT INTO wall values('rJK9m4ArMtx','Owabeer gubcakok etufe kiep fawta ujeiwigo umlocip wowiut sad si efmef cu zoc def pare ra ra pijsuj.','Follower/Public','learned-carpenter@me.net') ;
INSERT INTO wall values('H15cm4CrMKe','Go du je hemdi bamol gupezpa gem so ca uziju larcaro mi zimgowji ovbaija ukkaiwi bi tu.','Private/Private','teeny-crowd@mac.com') ;
INSERT INTO wall values('H1oqmV0HfYg','Ipigihvo rovekjag si pomongeh tejib din rurbebu cos ebta ho if rakog.','Mutual/Mutual','jolly-sign@me.fr') ;
INSERT INTO wall values('Sk3q74ASGFe','Gaf mefidepu focascot buv wimepeno zaju vehges ac rulbejug uwa lejultin pu na zahet ir.','Public/Public','responsible-crib@gmail.us') ;
INSERT INTO wall values('HkTc7ERHMtl','Zuh nongizrev gasucno evonej loug vuvilo jog fujoacu owahupmur cacomi bajiwe olsefu modwimwi.','Private/Private','obnoxious-basin@yahoo.net') ;
INSERT INTO wall values('BkR5mNABMYg','Papep juhuk zazri huof suopwo fob guc me pe hezen gi ralkes ma vupe.','Follower/Follower','warlike-bubble@icloud.us') ;
INSERT INTO wall values('ryJoXEArzFl','Ju vuzulir bifo jedihfol sasi ese akepe re minpap sac najtuvel hebzef ovzur zubwen.','Private/Public','canny-voyage@gmail.uk') ;
INSERT INTO wall values('rJxoXNCHfKe','Oriwuhfi kipsap belmipde kingumo rezoh co ji cicwe gohadvo ukufus etlu soawe elowo filowe esnid haawa motoh.','Followed/Public','nondescript-doll@videotron.ca') ;
INSERT INTO wall values('r1WiQV0SGFe','Cadmefal vofzi cutathim fubju wuuta vugmovi ezpev ivrotna tauvnaj upeov bezsa dedomeh ow.','Private/Follower','wakeful-quarter@me.us') ;
INSERT INTO wall values('SyfoX4RSGFx','Juvin worpoj uvuvo zebet ro sih eh bakofu oleoli gov tiregju corniofi filfif diz bij.','Private/Mutual','equal-letter@yahoo.io') ;
INSERT INTO wall values('HJmj7V0SzYg','Tuz ci duozaoc mawic jozusowo rimmof hag folnijzej cu ewaepevav bofunop epfisul fedmiz buwjier vut ravkenen ewikahu ku.','Followed/Public','brief-sheet@videotron.fr') ;
INSERT INTO wall values('rk4oXNRSfFx','Fulmomcow pumo cis vowmu etmusaj ninde ho kugcak dacel herlepak bavozi medohanal ku fej.','Followed/Public','urbane-health@mac.co') ;
INSERT INTO wall values('Bkrj74ASMFg','Ufjuw hucibesa icpol guote renug laziole waka mita peke necdej neg jap naleviw ojtelar.','Private/Private','mute-dime@sympatico.net') ;
INSERT INTO wall values('r18omECHzFg','Giz disbeni konadito at efeadi rim lacves tekahew ju biute nerne taoc giv.','Private/Private','sharp-crate@hotmail.net') ;
/* Script generated Wed Feb 15 2017 16:54:51 GMT-0500 (Eastern Standard Time)*/

INSERT INTO partof values('unused-comparison@mac.io', 'ry-EXECrGtx') ;
INSERT INTO partof values('remarkable-suit@me.uk', 'BJKz74CrMFe') ;
INSERT INTO partof values('spotty-finger@me.fr', 'B1Q7QNRBGKg') ;
INSERT INTO partof values('outstanding-pig@icloud.uk', 'rkENX4ABfYe') ;
INSERT INTO partof values('spiky-air@yahoo.uk', 'HyLNm4RSftg') ;
INSERT INTO partof values('burly-cheese@me.uk', 'S1uQm40rfFg') ;
INSERT INTO partof values('painstaking-aunt@icloud.com', 'ry-EXECrGtx') ;
INSERT INTO partof values('loose-pancake@hotmail.us', 'SJS4Q4CrfFg') ;
INSERT INTO partof values('prompt-wrench@hotmail.net', 'Sk24mVABMFe') ;
INSERT INTO partof values('uttermost-weather@hotmail.co', 'SybfmERBzYx') ;
INSERT INTO partof values('irritating-taste@videotron.com', 'ryPE740HGtg') ;
INSERT INTO partof values('unused-comparison@mac.io', 'S1uVX4ABMKx') ;
INSERT INTO partof values('learned-carpenter@me.net', 'SJyB7VRrMYl') ;
INSERT INTO partof values('mute-dime@sympatico.net', 'H1NQ7NCHGYe') ;
INSERT INTO partof values('deeply-achiever@gmail.uk', 'rkNG7VRrztg') ;
INSERT INTO partof values('helpless-oil@gmail.fr', 'Skj4QNRrfKg') ;
INSERT INTO partof values('onerous-beef@yahoo.com', 'BJSGXVASMKl') ;
INSERT INTO partof values('known-toothbrush@yahoo.uk', 'B17NXVCHfKe') ;
INSERT INTO partof values('loose-pancake@hotmail.us', 'r1KQmERBMYe') ;
INSERT INTO partof values('painstaking-aunt@icloud.com', 'HyqE7NRBfKe') ;
INSERT INTO partof values('obnoxious-basin@yahoo.net', 'Sky7QN0HMFx') ;
INSERT INTO partof values('mute-dime@sympatico.net', 'HyZSmE0SGYx') ;
INSERT INTO partof values('uttermost-weather@hotmail.co', 'BkxXXNRHfFx') ;
INSERT INTO partof values('unused-comparison@mac.io', 'S1_GQ4CBztg') ;
INSERT INTO partof values('helpless-oil@gmail.fr', 'rkNG7VRrztg') ;
INSERT INTO partof values('onerous-beef@yahoo.com', 'HJ3zm4ArfKl') ;
INSERT INTO partof values('sneaky-fold@yahoo.us', 'B1Q7QNRBGKg') ;
INSERT INTO partof values('uttermost-weather@hotmail.co', 'HyTVQVCBzFl') ;
INSERT INTO partof values('tiresome-rule@mac.ca', 'S1z4QNRSMFg') ;
INSERT INTO partof values('warlike-bubble@icloud.us', 'rkUXmE0BfYl') ;
INSERT INTO partof values('nondescript-doll@videotron.ca', 'rkZQmV0SzFg') ;
INSERT INTO partof values('jolly-sign@me.fr', 'BysQmNArftx') ;
INSERT INTO partof values('obnoxious-basin@yahoo.net', 'SyCV74ASMYl') ;
INSERT INTO partof values('canny-voyage@gmail.uk', 'S1uVX4ABMKx') ;
INSERT INTO partof values('warlike-bubble@icloud.us', 'BkXMXERHzYe') ;
INSERT INTO partof values('warlike-bubble@icloud.us', 'HJRX7VRBMte') ;
INSERT INTO partof values('flagrant-can@sympatico.us', 'By27X4CSzYg') ;
INSERT INTO partof values('onerous-beef@yahoo.com', 'BkXMXERHzYe') ;
INSERT INTO partof values('learned-carpenter@me.net', 'BysQmNArftx') ;
INSERT INTO partof values('loose-pancake@hotmail.us', 'S1_GQ4CBztg') ;
INSERT INTO partof values('tiresome-rule@mac.ca', 'Skj4QNRrfKg') ;
INSERT INTO partof values('nimble-honey@videotron.io', 'SJS4Q4CrfFg') ;
INSERT INTO partof values('mighty-fuel@mac.net', 'rkUXmE0BfYl') ;
INSERT INTO partof values('obnoxious-basin@yahoo.net', 'H1NQ7NCHGYe') ;
INSERT INTO partof values('irritating-taste@videotron.com', 'SyCV74ASMYl') ;
INSERT INTO partof values('known-toothbrush@yahoo.uk', 'HkMH7NRHGFg') ;
INSERT INTO partof values('teeny-crowd@mac.com', 'SJaXmERBMYg') ;
INSERT INTO partof values('prompt-wrench@hotmail.net', 'rkUXmE0BfYl') ;
INSERT INTO partof values('spiky-air@yahoo.uk', 'HkMH7NRHGFg') ;
INSERT INTO partof values('pink-shop@sympatico.com', 'HyTVQVCBzFl') ;
/* Script generated Wed Feb 15 2017 16:54:51 GMT-0500 (Eastern Standard Time)*/

INSERT INTO post values('rkDom4CBGtx', 'BkR5mNABMYg', 'burly-cheese@me.uk','Thu Apr 17 2025','Luzupji gotihfi hu selel keas zuzuvtan dasek zogsofral zad bezperwa coc ekupikta girej zu katom. Conir efuzit bed bifci pu ogeeco agbuw wuvim putub sa uwfo ric zuktu tobasin ajoiv le ipi ki. Isapi navegapuz jilula im bamviwpa waw tat neslinar curu mo cukatu hik.','') ;
INSERT INTO post values('r1do74RBGFg', 'SytFXEAHzKg', 'helpless-oil@gmail.fr','Mon May 20 2024','Zih gedig sagidtaj we otpem jikado us jokep ge mijepufi numovcuh jiripje uti ondampi mutri. Kectusolo jozninun movbar lizuv tizdo en jabuk mag cikbi uroepeih ezwo etudu mib sisragwor.','') ;
INSERT INTO post values('r1KsXVRSzYe', 'SkgYXEABztg', 'untidy-teaching@sympatico.io','Sat Feb 05 2022','Rijocen efi zufe dabjopdo nosohotu aba ikwok conhi mokfona buccafe meszotih doco egug pimop.','') ;
INSERT INTO post values('SyqoQNCHGFe', 'SJqdmNASGKg', 'urbane-health@mac.co','Fri Mar 13 2111','Sucezo zaka lulo na baljiubo tup rotzuttar anigniv taij hebanagi muwbe oho woikalo jen gase zurene cuckowta.','') ;
INSERT INTO post values('S1joX4ASfKx', 'HyDP74ABfFl', 'helpless-oil@gmail.fr','Sat Feb 08 2020','Uj vija zaniw zuubose huplebov ovomudam cu tij loda kizpirlo no piv botu namha evfera jofup. Ken wucal ha wasa rikufhuf fof titovukil az iruluzwi go buim zuhnuno ribfat.','') ;
INSERT INTO post values('r12sQVCSzKl', 'SJdDmVArMYg', 'prompt-wrench@hotmail.net','Mon Oct 16 2034','Gijkatjul munollel waofrod deplahid ade neh fehovo kihe wucnejre manta ofheni laumo puf ladpoluz kug pit puposcoj. Vulec fedhu kehugun sewkuloma zizza peguvco wasvar iv re koibe nalaruka roav adiiva pume la lo tawro ase.','http://koaj.ml/pisira') ;
INSERT INTO post values('r1pi74AHGKx', 'rJZ9XN0rGFx', 'teeny-crowd@mac.com','Wed Apr 27 2078','Zehu cira suwbup to pecagehun cuccovcun fol sikohle gilpic wa fu omohug opboaj raidof tarpa tut. Guf kihat fejmomhih ucijezip tumuk taj wod gilliklud onehiti nu tizwah votubu ewucat zop suhvolako wegi sidponwi.','') ;
INSERT INTO post values('rJAiQN0SzYg', 'HkF_740HfKx', 'smooth-price@sympatico.fr','Tue Jan 08 2041','Riv wombe sulowudu jasuta lazuk nesijive iwohcag falih taf nif tuv is ak evmaner peg is.','') ;
INSERT INTO post values('SyJ2XECBztg', 'ryPSXECHfYx', 'mighty-fuel@mac.net','Fri Aug 05 2101','Lik decer so lec hofpa balaj fob pikzozeb pode bag sofgace afokewi kedret cero romdaghan. Vem ewi zaz jerit wiz nat facme ov tegasoka woziac zi fa liz.','') ;
INSERT INTO post values('Hyx3m40BzKx', 'rJLtQ4ArzKg', 'obnoxious-basin@yahoo.net','Thu Jan 13 2033','Kallool onole du si ihgokan vof rihpeb pa gopeso rit om capse ren epifevavi jib ubupiit geroga ta. Ela sospizol utoivozet ihur kuju begu epujeb sumwerab gakebak poisevaj nezgi du. Woh zeknagij lozworpuh fosnudhoc vanwocfon dadfa zug mugvucoz gibotnec no bewis za gatiru ta furnip tobifoj. Karanigov jumbo hormah baipi ba du fu urepavmin icemid puwabdip di bocosen lava juh lusdavga.','') ;
INSERT INTO post values('HJ-nQVRrfFg', 'BkvFQERHzFe', 'nondescript-doll@videotron.ca','Sat Aug 28 2055','Huvcozris beha nih migo wigov mifodi wezolsal musdijfom wo wuvoicu heneztik kiz se piava.','') ;
INSERT INTO post values('ryznQN0rzte', 'ByotmECBzFg', 'spotty-finger@me.fr','Sat Aug 23 2098','Ute puc bigpu urut zebeb izuica huob dobow uh wu covonweh nevkonof vumeli wajpika kodhawum sas. Zizneboj mugerav gis ezi si etpuh vomos bolerbu liidi tofoc fil vijhowa panac carjogtuv.','http://hebpi.is/ma') ;
INSERT INTO post values('rJXnQNAHzFe', 'Bkrj74ASMFg', 'sharp-crate@hotmail.net','Sat Mar 11 2028','Vokesbo idozutiz jemo he cekdir hubirwu danodik serec atnuke ahkojgec nuivsi pawefu cimfu diwowhoh soj. Is viemi se tezralel limokfi gacbogri we al boz fi notonjaf agevope.','http://mosresepi.hr/bul') ;
INSERT INTO post values('Sy4374CrfFl', 'SkHKQNCHfte', 'ample-railway@icloud.ca','Sun Apr 28 2041','La bawtaen mochegozi fukmubofa na ihme ejaussus zacehi vajronafa itho lah pi conu hubiwcuv cundah putojoj. Ijdekti nuda dewvur de icugog icapah ukihurnoh hen afcig iw gatocipi hi zoenugeh umozje zagmu.','http://pulo.rs/gu') ;
INSERT INTO post values('S1B3XEABMte', 'S1zIQVAHzKl', 'flagrant-can@sympatico.us','Tue Jun 15 2094','Met biif temab nuva zedit upes so mi lav anicalpis faetze niur momrud ra wegu vudkiwzi jov mi. Soswek kigijzev niebeit iz pu fi egutu ginzu gecepu cacwecfuj pahpifki fazmigwa zuwec ta id livtilwes ta ojez.','') ;
INSERT INTO post values('B1LnXEArftg', 'ByotmECBzFg', 'outstanding-pig@icloud.uk','Fri Aug 13 2038','Rul cetaradit filjij riv veero edzurtev anadocnih seobico cuzu tagpugdaj zoun pabfof. Sidciic siv wi icuhap wul we ujjah cajazmar fodaput merbo rer ulu iri.','') ;
INSERT INTO post values('rywhQEArMFx', 'S17_74CBzYx', 'deeply-achiever@gmail.uk','Tue Feb 18 2116','Jap bukarrim aghiore wasane vi zohuguma ugidle fe dewpogza sateih hanar fob uw hu ki mevbut vopce.','') ;
INSERT INTO post values('Syu2QECrzte', 'ryVw74CSGYl', 'sneaky-fold@yahoo.us','Wed Nov 16 2061','Cofazzud wuga ibeheluc pusek zef iwivajab uje fiw ce dibak ejnivbob colaka bogdogore pi. Cohofe silzorlot vomunet enataho jel lic jufwe is li zancon fejer evkawmiv bawuul giroumu luzjacja jiwivi fur. Edkabza jobbopwuc suado pe elapeje jem rek gi lijag wataz jage teavew ruoso. Luftori kidid cezel cardiw iwahumof voto ko othutad bukricaj gik fedez kosas dan vorapve lagu eto had.','') ;
INSERT INTO post values('H1FhX4RrMKe', 'rkycmVRSGFg', 'wakeful-quarter@me.us','Wed Dec 21 2044','Ahoemduw ka so tob diru reih bomancum wunisoru bavemwa cevajpe arno ninvusahu fa das hoilo diruh fugo.','http://jupana.nf/lez') ;
INSERT INTO post values('HyqhmVCHGYg', 'H1atXN0BGtx', 'uttermost-weather@hotmail.co','Sun Mar 14 2049','Uc nipep zeaj naraj vagej epi woakuhig gob re ovafin fiki akam zav wibcede etleteh radovig. Hubo sujzehcag jomofejaj sa ho seralowo buuvte uzlo juga izijasac sor ve gik isulob ija.','http://fowizuon.fm/masecuure') ;
INSERT INTO post values('Hko27NABGFg', 'BkRDXECHfFx', 'mighty-fuel@mac.net','Mon Dec 26 2067','Te lepdoriru zeh fikigeb bec datojaf obajev natov heruzfis cef bu pur dialaewe ta ah jocjep. Ofmop lonkekez afupowad kuogma sas guz bajeg sarah wof go ra wekkawosa zedpe hiptedbu zuj se minmefog. Lendopus wekihu kocwigub wusoano ur biaz je godilvas ge lon kaflogi ig omumuwir hopah mopsu viilan ilab has. Ezcik ozaga gomireba mapov rojun dov enuwiipu ca ge dop zot fow fuuwi oto il muwuboci cekev. Nucohul sebvi soz uguace wahpi hejaz ozo rusidi epuran sunuf gom ruhaec admodha uvjen. Fu hocuv namic tu sabdi vo ipimumuk jankognuz vibpuhi dafzar lanuc riet gekukot vafaluf jopla wo amaki pod.','') ;
INSERT INTO post values('H1hh74CBzte', 'BJU87E0SfYx', 'minor-cable@me.ca','Mon Oct 22 2114','Leipoes bafu lawiseoj wiwez gaguded gemaj ugaru ibte ilalovdij lujipup ze udejignu. Jevjekew mevkuf odho una jorulufep re rigijfa gafobu afo hamti zoer ekmab ci amosigi zezvarcim inoleh.','') ;
INSERT INTO post values('BkThmVAHztx', 'BJIvX4CBfYe', 'pink-shop@sympatico.com','Sun Apr 27 2070','Ogo lucjof hemhaw zuczi udo enagaaz anojar ib durfo tuaci herpe ohnu nosawa wegfutgo imbovame otusutzi akinijfiw. Jihuz nocuav afave jikon pegopueh repan louzto vukcazuzi nobe saewkar roja guato. Asevi vafgopev gozi wevtelbo go tesodod oplacgok uri fadjarkac reravro hedobod zuwami wonilal.','') ;
INSERT INTO post values('rkA3mNRBfte', 'HynFQVRBMFx', 'helpless-oil@gmail.fr','Thu Jan 22 2105','Hajobol wawundef tut bug buofo padiv ci ni lundofju igsajsig izewozi po fa awbaite. Oj amiulucis gikvi vacupa zo neho jed nud horugu er kotiso bitpuas afmorek gigkaje gab sib sabiwsog oc. Zenot fim zonfowbal lirogkij joscug wobekim goev kibju huw rit ofiodebel raba nan dalwu vesha tur li ku. Pub na anene hid abdur celjiwti ih soipu siged ca fopap hiif we. Ne tujo der leraviso zabriuwi dabkacac fukub rogegzo opopeus om to utjibun betiluapo fodib bipil niib. Udegijok diw wi pek jo hat levan cod edzibe sub aca gamne if uri pupik unoad. Pefiz ci wujet guoteab wuci rod nifwo lik uzubehli pewhe gahavve cig rud palkimhid si kulow cop.','http://ga.bm/somuc') ;
INSERT INTO post values('HkkpmNCrfYe', 'Bkrj74ASMFg', 'irritating-taste@videotron.com','Fri May 06 2095','Duh ufa juh efefozel puzhujud loru paj gajegvog lighubaj olahe ovo ovovun rorozzot hazmi zikgus wijbal. Mi geczez fo zok rerehu zebo esutuji vutniw reruf re jarcu jomem terosfob.','') ;
INSERT INTO post values('BJlpmEAHMYx', 'B1dU7VCBfKe', 'wakeful-quarter@me.us','Tue May 17 2022','Jubcusez hifpiac nu ja mobazan segec godbo jo kaskohcun bijmow urireljif binuji dilij ijipok opnippi fosijsi. Awizo fafcehlo hugejiki fepo zuduf didsum ogfal rozuf cumid ag fonmolelo mesa womumwib ropricna nagvawkoz vomfob. Horambiv sihikpap ver lim an ne jutu buwbo kemvo domno nebu didu. Sarmaf va vob tig bigjihjir pecalolu afela fephesih re zasojami vohuh ug keflipjuz neleoma hojzopu. Moulazoc fawon uku kogjezi jarbohit pijut ihuoku it ce deojopi canu guaz ade jivewoni cak ufuekepak idaok ibvuk.','') ;
INSERT INTO post values('B1WTXNCBMFl', 'Bkrj74ASMFg', 'mighty-fuel@mac.net','Tue Jul 14 2065','Dujce ka domi sikgag etbohfe vagohcu wopog ojgufape niw didmilla neh nocsebem fowa gonouzu eksekma ilgej azajzu.','http://tijehud.ag/latnaki') ;
INSERT INTO post values('ryfTQ4RrfKl', 'rkXHXVCBMFe', 'helpless-oil@gmail.fr','Fri May 16 2042','Cafaeh aznubat hamirohod ze sawros mi hifponoj nozuzpu fasgob naknabru tob wipaeno po ted ora wijas.','') ;
INSERT INTO post values('HkXa7VArzFe', 'HkTc7ERHMtl', 'warlike-bubble@icloud.us','Fri Nov 16 2103','Sev cu bu tal efearieg gadca jul na avo kiota ke ca jalto. Ow zilun laal re luvketpev emupimkid wagdibe ehukag ku eza ecocusdad deltiboto abuhe puolo iwiji zused fej. Un ane tu kemroc cijufi tanaece huffe naaf weacwes gedu oppi sermif nefilo.','') ;
INSERT INTO post values('S1VamERBfFe', 'SkHKQNCHfte', 'mighty-fuel@mac.net','Mon Oct 13 2087','Gigaz polzak fewoh wu armurev sijref novit duagivi sokafza obunirih jefopi livibo zido. Pul cigka ju cakathed bike fiscetzu robco aha jibuhlu wasil ejnoano cahesiz ajihne ohfos ahuukiwoh wigucu soji awa. Piwasid hosdu susrepe urdo efle kemmeguw ju duf mazki etuketnim gijowe fi menwal sepmona juf.','') ;
INSERT INTO post values('H1HpmVRBGYg', 'HJZD7EArGtl', 'sneaky-fold@yahoo.us','Thu Apr 30 2093','Lap zobre uno cimmi ifi tovu vemego vamhedruw en sebildu isena wadhuz pelfocatu dow posvurzig.','') ;
INSERT INTO post values('BJUam40HMKx', 'S1QLXE0Sztg', 'canny-voyage@gmail.uk','Wed Jun 23 2100','Citsif vo gime arhilgif vuoze geij ba ajiwauco legraj runo acekegir lebgi ropre kamnoma.','') ;
INSERT INTO post values('ByP67ECBzKl', 'rkVOQVCSfYe', 'prompt-wrench@hotmail.net','Fri Nov 03 2034','Deg kur neet ro naheh gec awi lulmufif hur uroab citokje jeclokug nizud ob na. Zaboce mo so igihuisa zeweg wevmas hi mamih se obdelis fojmivu ecco. Jorsal dijvi zufimupu uhinurur jimbo zir wan se wazigu da zak eziraru wiczedi hansijnu. Fezus zakajvo bivik tokru ri ik mal co gel gafulcal muzivwi fig fug kafigsu naz lalikij was. Ha edirerub palwose curo ezu civo pipfi ri fitgeb rec sebaobo hunsat. Co pe sevecu nem zor omewu var ilaliiw dovsur vi vebejlic derzub mat lubluwze pagdivo kazupa.','') ;
INSERT INTO post values('S1OamEASfFl', 'HJVrXERSfFg', 'equal-letter@yahoo.io','Mon Jul 07 2031','Es jojivkat cahoghoz unafinu ta avoba mup ewdehe likkulpo tehegfa bugedi gib gohfufav ode melon jo. Kohobew zemoz geb upe vu ili segit tiuv ga zerhoaha leneh rancere sipitha resuce bisne ner ubulog. Uglokife hak cigus ulatboz wesdu uwedeab afuvacuwe or ciw voczipebi kubto tiviw ovsif hidruvran mujakime. Niv saafa dol dul kuj mefajnu alzul bitaz eh ecagim kave hipfim novot pirgu en. Veki zijdaw mavpahi loojwez getu kusuf efi zafeplo lapoffa ejibalin jonazwe dutro vate udmeevo fo. Izzoprot ogo ruuma keeke ele oftuvzik ocza balju buhe huddi wukoc ikbagre are amvubju. Bevaifo gu jeki umukujiw fozahek necat nejmo bod odini ircocet houjni namathas gem uvwu nuvelsez rowiro.','') ;
INSERT INTO post values('BJKpXNCrGtg', 'Bkrj74ASMFg', 'loose-pancake@hotmail.us','Mon Dec 11 2073','Ro sosoec jiof naldon curi vududgin ovnom wetnabrit icu ewijumez iplod ug us lias falef aspole af fezabo. Acuwor kuh fis nir la vihevwa duf haho as iwvaca suso ewvito nighobjos. Ok terup awhaguh ul faoc zugradbas eh ibiem salrabam bijif wetgepsu okujagej vi ne vowoto li sovjadev. Loeh lupe do fuzoj wiwohaboj tohute tired pedrofjad dewura kini guvah avata kiw umifiw faasuheh obeilata bok. Gimiwreb posoc riibvub zuzar pewvefni eziutuduk micij mapemeg zugcaded bis kunarna ja lomdabce saz ekican zucorno ocila tohejda. Uto nun amaje kidlup lufzugur wozbieci boga pijni coval so gimisi pore cahjiiw fotam.','') ;
INSERT INTO post values('B15pmVRBfFl', 'SywUXNRSftl', 'minor-cable@me.ca','Tue Sep 03 2041','Nafbik nersieba hepuhu upu tudfokwal rika ima namulkeh gu eboriniko hah rede. Zegalcu nefwe cow reil hazmifuk zo pujaficu ciewwin udu deho ziv edzov. Abi tocas be rov ehu hopir re vu ezu davusef mec pu.','') ;
INSERT INTO post values('rys6XV0BMYx', 'By2v7NCrfFg', 'deeply-achiever@gmail.uk','Tue Sep 12 2051','Ran wivru sanvujra weva ibaojwo nahuzu lo go genedeogi eko piucedu feduko kusnugra wititmug hisur soub zedcuza li.','') ;
INSERT INTO post values('SJn6QERrzte', 'H18BmN0rMFg', 'known-toothbrush@yahoo.uk','Sat Feb 08 2110','Tetu jebek ju etsosas ta li etajuref jiplaluc jivlacek guvga pas becfufa hetirgis. Ro dimre foroban je va aricorrab cervuoj da bulma ima linaka sabka.','') ;
INSERT INTO post values('r1TTX4ASMtg', 'r1WiQV0SGFe', 'obeisant-cars@videotron.us','Thu Jul 20 2023','Ar jodu ushoji nelcine sic se bomtimaz uppi sekev zisav waciawu wev ruw ril hove. Fursicvil er bif saes pifel puldi kenmuhus duabize hulwi ajuufno fo lu tebo for ti apohu leisa peco. Osu zuwsedcu cazuco lutehu nulusa uttir lajvolgi feepo orulac unurusu hih omi feosojuh comvehe mijiwa. Tetaspoh noruli hiwniwbu nobeg midugucal himkeztas rosi nu menbe miuh tiwiwcu ze tu rotaduj sejsag pi se. Goh jeajihif fomev hidjo nev catomov onedav fe gis vuhzigu guwit ni fihtu ol ormi edro.','') ;
INSERT INTO post values('BJAam4CSMYe', 'SkgYXEABztg', 'flagrant-can@sympatico.us','Mon Jul 09 2074','Pa nucceg wegjus ow divu midseva mopaf soufa cantacug johaoh biwewko zahjofpon. Magni loufba kaj nuzrowa taladawe pom aratataw lu rupvodrin dafmabi aco war ef waldegim enmu.','') ;
INSERT INTO post values('By1R7ECHMKx', 'B1nH74CSGtg', 'helpless-oil@gmail.fr','Thu Oct 20 2039','Botrukis umzu of cauwo dejiw wivci pawwoipa vi zahca tedozcoj giwepa dothir. Okaawugo de awi zopdacca tajdit ror za ovo erance di nawdo wannakow ovne mewede.','http://riez.bt/asiwe') ;
INSERT INTO post values('rygCQE0SGYx', 'r18omECHzFg', 'loose-pancake@hotmail.us','Sat Nov 19 2067','Wubur fic focoz nemeguwov gijuz re bokbeif bupa za li fi cetnifka eve ku epgogav. Werpikjar hivbahhod degogad zul kauhu ad duz erakiip toto nu wuloso to kogaf.','') ;
INSERT INTO post values('rJZAX40BfYx', 'Sy3L7VAHMtx', 'giving-quartz@icloud.co','Sun Aug 12 2035','Tuk ijlon pigbiflad wumubi otzogmi juzunu ulve bouzauh zuziz ja wozevte finozfaj uwigoc kokuze ed.','http://hosim.as/hez') ;
INSERT INTO post values('S1MAXN0Bzte', 'ByaumN0Bftg', 'warlike-bubble@icloud.us','Wed Oct 28 2071','Focajufa kuhak kelof hap gowur gegesi ditsaze fuketi racrogov wepvi viiho laazib pinbogwu. Duw maraf je im bac awi ewocohca na ojicedij uhenasiw wetra omme buziwu agizhav vuguv ata tesowajah an.','') ;
INSERT INTO post values('rJ7Am4CBfFe', 'B1WL7ECBMFg', 'helpless-oil@gmail.fr','Sat Jul 21 2114','Luihija un holispe mownu woz suese muwo ras ekufoctos ucele mughigov buhagoroh no pe mugpohip at ru li.','') ;
INSERT INTO post values('SkV0m4ABzFe', 'rJEKXVABMYl', 'canny-voyage@gmail.uk','Fri Dec 03 2027','Ve mu ukeroozu etuha paci pod do unu du kawlahfir tu od urke luzsopo lopika unade. Fowibvi fov napzo egurutrat afzelzod obi aw wopo mi ene vuumu goci ac ca cukagoh paowo fo fini. Ovoci vatlid mocci evoduzwo ijo jawic nuhimum unjidiv bumkizbik tagipad wamah ki famekiego ak. Pawjim re bojepac uguhi sig uwo okipe kesamse zoj behi jel mobi li kinahto caw. Saodo veklowuh wopoeb zokrazi ki nirupenu wipor nirsew miholref rel wur oj luplecne mi laopga taj nac.','') ;
INSERT INTO post values('HkrAQVABztg', 'SytFXEAHzKg', 'untidy-teaching@sympatico.io','Tue May 14 2086','Zijmudej te lad rorkasul jos ma oleum cujleudo vi agutiham huwwokmof pes juviji few bezozib juvo tihaide hemedhuk.','') ;
INSERT INTO post values('HJIR7V0BzYx', 'Hk1IQVCrGYg', 'obnoxious-basin@yahoo.net','Mon Dec 27 2049','Ewjil rickut gol la cu meep galag jepe kiswi fosisow jubize mucvi. Rapu ir niololi gimu fub cu moseal enfuwu wifaw ro nu bacek ofaseb dalhatva dun. Ijac muhket nefroehu vuwi hitga na oto gatwaji vudihujib ani iwoseh kazopni ziolunaz rir judam wejet. Bi po magi uficondut rofojuje zehju pu ipe bedfaplut girven fo wius mehuj ji bonjuz.','http://jif.gt/zopu') ;
INSERT INTO post values('HkDRXNRBzFl', 'HJmj7V0SzYg', 'teeny-crowd@mac.com','Fri Mar 18 2095','Rutmi buvais vunmil madduil nivlup vijno zop tarrupi kicfit tiozsu tob litu ihivo ug muewuab mihvefuk hofif.','') ;
INSERT INTO post values('BkOAXEAHGYx', 'BkLcXVCBzFe', 'tiresome-rule@mac.ca','Tue Mar 15 2033','Efewi jakwaklef zetpatfu luvkemaz zop epa ezizagaj jo it kobati hocozen nikzepnaj. Gucetoag wu lofim edwe izjew fes kurol mo her buc asu ma tekgaub nutgupef eve ifuuwo. Wu ope zebo orzumep pegi demkik arinaf pozomoc gofiba kiolpu rerki sakbofok lule ti ajiiloku ce powi. Na to fedal fekobdo ovbasija bizfah da gotmihic kukow zefiwoc rovatkuf apejo ed tep cer.','') ;
INSERT INTO post values('rkYCmEArfFe', 'BJdHQVRSfYx', 'spiky-air@yahoo.uk','Mon Nov 05 2018','Womsilzop wot kiju daako jovow ciuzu asuoh ikekilaw re bupiva je buwem faj fibdociza wosreari. Hamiugu am la bakdupbeh muz ij dasum su ridosuv kaw lefuusa suhi.','') ;
INSERT INTO post values('HJ5CX4ArGtl', 'BJKDXV0rfYx', 'cruel-chin@yahoo.uk','Wed Jun 19 2030','Ritidep cuba jut jehot zohvu vegzizok vo se isukid zur retde uzu tuti. Nadobdi sirhijgo guuke te mo zomeciru labeg jilba fijukif ratawu puuh ahiwulki co olcogip cihuj.','') ;
INSERT INTO post values('H1j0QV0Szte', 'HkTc7ERHMtl', 'obeisant-cars@videotron.us','Sun Mar 17 2080','Eg fiihtu ivwul pu wuj orujita nod ni gera fas niked hu bitpucec bobje. Ato ateredef ij tu tudes hecar ceh vucikmec bu faidle wedfom nabidu mo. Puk gazdec jav cutki fo safenta ko bu kok gihuciruz ova da elifaj gutujutem elaun lubohig. Nusafuh raozoz okairude untoz nu vibiji rebrepnul jawres idazeme osi jopba ef lesuwofo ocgaos pig nahos sait. Nipop upulapo cecve sa puntes kilu pib reuze bojefec uzuzice fu tat apu.','http://mucbo.bj/duabovu') ;
INSERT INTO post values('H120mVCHfYl', 'rJxoXNCHfKe', 'nimble-honey@videotron.io','Sat Jul 31 2088','Nuil ahin utiruda guzcu iwdab pulwenek so sevca meemfi lo hag kim puhudjum pobhem. Tapes wiwewe bewano wam hic miesorup wiko ca ha le ewe ohievhol.','') ;
INSERT INTO post values('ryT07V0SGKx', 'H1oqmV0HfYg', 'wakeful-quarter@me.us','Thu Jun 08 2017','Ruw kobemvuv donmug setmab tikolesi ga vum zimkeg obpe eswison uwegup koovo esojohjej genwa. Mogci hek ababej ji bif hep jutbekip mekatoja vec rur capdahpo jisozuh. Evub tatu ruhwafe jerkaf ezu koj ti ram gi hajcago foviczog netsoded sardud juho bool.','') ;
INSERT INTO post values('HJCRQ40rMKg', 'SkgYXEABztg', 'intelligent-earth@hotmail.net','Thu Jun 17 2100','Behze vib du zonhiw car we uczopop vuzehab wepin cace ge woczop tihi etu gir dur ike razdi. Cun tufompa wilik fin okavere pu co tem keohjew ziz olrer sec umfihliz eg fencedig ezede ak. Kic fu roz ifuad ovajebi dimmutes ulawel mev vup baci neb zibizov bev av made tit. Kusci toewa dovjac gidlan nekowej govavu nukak kifor guv regke tume daac mozliv ibibis. Ziticuhel gafasfe zumopiag lofze ge tul pofhubul mi toijeva ezeel loh zu tehnos unip ajado. Liwog cuwnok ek za sissurza gid howejit dupajob ikmige fumaz wi tohu zu wun tensi nurfec dehu vunek.','http://umhil.bh/ofrece') ;
INSERT INTO post values('Skk1e7VRSGtg', 'H11FXE0SMYe', 'nondescript-doll@videotron.ca','Sun Oct 25 2071','Mienibos sow namajad koefa nuc wagluv jivoz pigmitbe lubo sezozmej ha hetug ehmad ogliw kewtehwut uj ra godew.','') ;
INSERT INTO post values('S1x1eQV0Bfte', 'BkR5mNABMYg', 'untidy-teaching@sympatico.io','Sun Jul 09 2017','Ogzu ko sod fazsastu fadfa wajawo wapavam zo ezwabav cupowvuc abu po donsas zuvuw. Nugnatfev vasimet dutrezpac koc duz hoc zazivruc pocumjuh janile akgeg uswipfer geloug ka pi fupa lemwov. Vipuc babep lam vahabep par higik fupi sijhu enlonin rufopda ho bu. Lo vuisiezu pibmetvuh vodcupod lo mueg nep ebeju zu juw fejlas tadditpu jib edladluw suckin cak di. Bieplo jetisjof vetij hellum juz op ino ehiziphu ke cumego tapu vaoviro ti jo zigba ibil.','') ;
INSERT INTO post values('rJb1l740HMtg', 'H15cm4CrMKe', 'remarkable-suit@me.uk','Tue Jun 27 2090','Uwanek ave wis ez gugruah itgebso tijalko dudir jubiwusab nehsac togiktil ce basukuk ov ta.','') ;
INSERT INTO post values('ryz1lXN0SfYl', 'ryBOX4CHftl', 'sneaky-fold@yahoo.us','Thu Mar 29 2096','Lom tewo zohful po udeih dajfilsu ni micemdo fezmunef kopo vezelhof usimaafi cew co. Tal lotukcud tamme ojmurfov tuganu cuh ruubwil ononu kiumi ono vo upmaciki rupel. Jifi keku luv puk niphunsa raszat dupju obku job ikucefwin vad nopum lohuczik. Zol nipcirnut iberowu damup lagi azizi ve bihor enopur viku hu wam ude uhkuk. Wegcod culodu rut ojoun jub ogubi bevkatus caawoudi lirezi opa mufzepra vom avjeape napituve vij. Pawew obfow gof ni opihewfu usukom mokajdob zamvalu rutmembi naz ezew wulawdo reacamu ririwta wovkoc owo cubad seh.','') ;
INSERT INTO post values('S1XyeXECHfYe', 'H16IXVRHztl', 'painstaking-aunt@icloud.com','Fri Sep 13 2109','Namfi hebti nefo jasel kow ogmo hafege ciwsu subra puf zufuk iwa pe utfan jajehki ofconnes. Ug arinadkuk lu nifal ti kuim giphe ibejiop bam zedracsul vagilule do oro wumfik. Radeshoc dazko ege abaokemez hiw nu red lil roku ziibu miwzozlun seato zijiava gadawtig lomfiruh helcurpiz lurosu. Kifovti vawsi kaferek pivjauv hazragu bi omgufgu holiw gav jutlaupi jur sodfi edciwor ze zaigala. Rigi lip reubge jimpe gu ase zuntak kari pec ufukel lecoz tazfu bokulsa gi segpunso haluc. Ukuhu ucaududa ru nu seoso nonam dat we leddeli zugetul eve ru ipijolalu ra.','http://oja.li/sarrul') ;
INSERT INTO post values('ryNyeQERBMFx', 'BkR5mNABMYg', 'untidy-teaching@sympatico.io','Fri Aug 17 2063','Oma gepil munjeehu pahuwig ruju bufa cihogehe ruc sag apceg fu fohic cehno mul can. Dew bimbu epookme mud osomew be zuz focjuz wotmedob catlena galelo bagi pez.','') ;
INSERT INTO post values('SJr1xQV0BMtx', 'ByB8X4CHztx', 'spotty-finger@me.fr','Thu Jan 11 2074','Kaf se cez akauhi jargib va humku nib vinegnir simlep daroci bo wojuwij hizusfe nig. Dam iw hahki itimopop hipjid wap roziwu zucgostid abbeknes ca pac sudemuw ipapuk evo lizhi ilake.','') ;
INSERT INTO post values('S18ylmNABMYl', 'ryPSXECHfYx', 'native-form@yahoo.uk','Sat Oct 16 2055','Kanil aguk ri tec joesijev odsa vowah reozfuj an dahucha unaf mo wesu jopujmo hedeble ofceko nalogu. Zitludfoc so cuvzulug pu kagruccig uzunev tocos imatecur cimgo voim hova gobfun na zub. Batere dicigtiw ruha dovzoba ol bofulcof hededli ha fe nilwudomo erizuh vametco soszotul luvifi dopla fidagawa efu. Kak fafpudez pa fo cisocmol caim ug avca juhwes cufpihlu ula icbefnaj siamujo nejkus inoilril. Log zotasouc evu ahahuk tuja ewegid baj umjogu epkelil tiugaim facuvjih tir fu. Vewosiva zehol zatuwil nu peba hazusat oduaju finov ih pah uga ol tov sulozza zuhila ozje at ructonus.','') ;
INSERT INTO post values('HyvJgmEABzFe', 'rkAdXNArGFe', 'obeisant-cars@videotron.us','Sun Jan 11 2099','Tufromot ec dekcizaz guatejun uzmenroz donuub zuznobzil gaz sosamhi ijetedes dusgeb sol debingoz wizwi nitcur. Azugepij we ejuigne tabekali veguf somosup diruh mi cokvowe kubunfu wog lokjicdog bohumijov az. Hosnuflaw puelet veg pasu falik ginfumut emjuz ipeputce kiwaknuw nawijfum fu nawuv sohoena. We semawweb vupdi utwog ulifoz nulahali tigazek kot vuzjebah fafkedaw fa ub. Ubuzo wu jed finteb wolipih tozagi no ohoduzol feolo ag cutkoz nibagvol ri retih gefbe. Fara iwcabsu magmuvas doveol cagzefsu uluhohe marfuk fizijso ige zofo vu jopbij kocohpem bijka zeabli dowsemu inhisor sukjir.','') ;
INSERT INTO post values('Hkd1g7NCSftl', 'HkF_740HfKx', 'incredible-week@me.io','Tue Sep 13 2044','Imimoam vegu ho uw unitim ud dan ro nog depihev aj migsota ohoesiza ko. Wogcepla ruut jietoni dufgalhu jewjig gagmugjic ijesu ladud zajopti wetsadum nusimet sijfibiwe nosbairu. Jot fimecu osto ve soc janefme umibatif opanavut co anicuomu wol firizwu.','') ;
INSERT INTO post values('rkK1xQNCSzFg', 'rksLXECrztx', 'intelligent-earth@hotmail.net','Thu Nov 08 2018','Zi hovu firzotib dirfen to ju nuwhumil few zimep celkas owa oweeba bamwe leji.','') ;
INSERT INTO post values('H1cJxmVCrMKl', 'SkcPQ4CBGtx', 'smooth-price@sympatico.fr','Tue Jul 20 2066','De cuveb novov ba ifujode sepcawic donot wo sojadbe orafe ka coubgo av pop. Cis te jic os lo ahijsu dav gikjar no ferik usotedo vu pip muc. Fafaumu deta iji nalfa gon pance voonboh vowavu ginso uvdak afmemek niopvo zum rupdoge. Ijju sudzi gowvotrec vamec rajes am ofodin fatini rov risloz bu wi urije gutivro suwu ij.','http://ettin.jo/kupag') ;
INSERT INTO post values('Skj1lXERBfKl', 'BkSH740rMYe', 'intelligent-earth@hotmail.net','Mon Sep 13 2055','Iprupe fuuda unatohmu pot le tatki nenis fo ej pebfow hebebvo tisec ehoserzo puisa tepdira dag. Gu poleg siwcure rab pa bu ifobimodi lari zu fufad je temtebut uwcaes himtinok cidpib.','http://cemuzin.ac/nemo') ;
INSERT INTO post values('rJnJgQVCSztg', 'Sy3L7VAHMtx', 'remarkable-suit@me.uk','Mon Jan 05 2088','Bok bud zuvenu ezo wez pacmeh se ab jujni irpazul paomiha pouhna zawlub. Re zajzal uvmag bosid ovmev woj higeg to cunos ki vukkac uf. Cufpoh zebarobos jag adoher se so morefcab nuc rut vif pe vorfeh fiw reki vowdek metvi so opi. Zekol gegekugi nif wawlize ekaga jo lom nopuiha borehe ucahen otvenpet iv. Voniz mimloku ovkacce do komid lormozpo totfuce bohvo lo nibamdu mebehezi amaporbur fifiraj mewittud fe mokzog bi howehnu. Agino amazegpu sodibiw liite hetbohaf heliwo catilo voldicap ugouvkib linoma giid wammav.','http://sugbo.bh/karbarze') ;
INSERT INTO post values('S16JgmEABfKe', 'ByfvmEABzYg', 'urbane-health@mac.co','Fri Jun 14 2030','Epja ladugfu izrok nog abo wuvedjuf nidi rogoka jop apu rag bet tulamo ekoepi digbu ile mu umbuohi.','') ;
INSERT INTO post values('H1CylXECrzYl', 'rkVOQVCSfYe', 'mute-dime@sympatico.net','Fri Sep 09 2072','Humfif haj ugvipod notna tap faare cemipa hu reuneki rasbezu riwi ac bob sepkos ka ulemi. Gujujo wiuj um rec odca rebmibnu kuw om suzred upcepow vufsiv ihawnus zicet za tebiwumi husruj. Idazivi kav nof bime beev po wev gagehun elwatno wigumlis ginbob dih ko rifba sojsarto. Kaog zicu ji ci jookiko bes fubukkij kugpi dovegi wemaj sek ogiav cogos vereg lozazhuc dadra.','') ;
INSERT INTO post values('SJ1xxXV0BzKg', 'HJVrXERSfFg', 'mighty-fuel@mac.net','Sun Aug 22 2077','Icu padu vooj piscikeku dosdu lawroz ipilake notvonoc jum ded tana caz cu alcuofa gawaktuh.','') ;
INSERT INTO post values('rkggg7E0rGKe', 'HkF_740HfKx', 'ashamed-join@videotron.uk','Thu Jul 06 2023','Dor dicucto kujlas raja vofjov tasenfi jo ugufe vi pokja ow micci nabowisut ehovi. Wiwteruv apimuwi kacluwa doko nohovis gis ta totfikge cijru reg bofcavwuc nifola bisadcad oladuje ivvo. Bit mupu tihtol dimziskin no puwpeisu jiiviim pet widduj kuj ujumide jiez tivsicoc fud masubac cijuc tesu. Dezgeh voj johuteise be wuzsi ge tetag hen ulvavodi zid battig bagiha rafzo. Zi bonedien mo ilki puoz ihloih ril mohju fulnahvoj zujpub ol gael fe kawajto ma. Upo boimeuh cozzow cetro gafagbo pin zuunwu ep kiku revot zozetbe becapojo. Piigoodu rof vizdedjo se zurenuok manes uhdu wopuk puzadeso bojna aja savtirni.','http://kedbauga.ai/ejaaba') ;
INSERT INTO post values('rJWge74ArGYe', 'HJ2u7ECrMYg', 'canny-voyage@gmail.uk','Sun Jun 08 2042','Jap opba foc uwauvu bo vibomes joocaca mehjalgat ubmojis ajasol ogovos suskifim.','') ;
INSERT INTO post values('SJMelX4ArfKx', 'BJm9mECSGYe', 'pink-shop@sympatico.com','Thu Mar 12 2071','Oboce ko miz lonikotan wevpuf oriko ducak ren ro zufkirube pe bog hep si isedibda ewu nirow wo. Ahkem gigud gaplejil aloufige omzuni et upmepcit vepoke ewcatiwi raobihuv huhik lumrifkaz.','') ;
INSERT INTO post values('r1mxlXV0rzKl', 'ByfvmEABzYg', 'tiresome-rule@mac.ca','Mon Mar 04 2052','Pofa vaupu din zufoole baz fefso zaaka erwab mogimsiv dehgahi akoh zal nom epwolaci ate me ovbonama.','http://ruwugte.aq/davvi') ;
INSERT INTO post values('rJNgeXNCBztx', 'HyDP74ABfFl', 'ashamed-join@videotron.uk','Thu Jun 06 2109','Son izucehip vak opi ocepitow jivev wew zak bufeciv gurolo nafu eg.','') ;
INSERT INTO post values('ryBxx7VABGYe', 'SJqdmNASGKg', 'important-mass@videotron.io','Mon Aug 23 2088','Fiaro pu loniba wumad omkajwo ere san hekpo valihela komrievi lokeh uhufo er pahareb erilawam afcasa.','http://ehu.mw/focor') ;
INSERT INTO post values('S18gemERSMKx', 'rkycmVRSGFg', 'mute-dime@sympatico.net','Mon Jun 09 2070','Miik wev urusejap ikodon woleab monmizo wot mehirtoc ojab jazkut fucoh dakga zacatlaf panze godewopob ewcu. Cadodbef fuzwofis ateih roh ufsib jan melur hilinic nigbudot eboju vob zar veteh. Wacumhic gicbom po sehuwvom de lac okelibjus doejo ulazawu wunidtuw mem zep lo et torkoane icwed.','') ;
INSERT INTO post values('BkDlgXERHftx', 'B1dU7VCBfKe', 'spiky-air@yahoo.uk','Wed Jan 15 2081','Vu ijoji jatloje tudfalena pa peg af uzpunul emoz hi fivvute hakela deozawuj zidekan ro marsec nobkotus ka. Vimfuvok huzcuhal tuspu ugnegod mezajuk vudarac efapi zice nib kon ekwej cev rija wib. Cesamo turiwker pel zupnatal jibwe na kinle cezbehed ut cizu ta ibe. Oguliebi ketjiado roatuako novdu hosjizre fe gos nufdo ki it rim maldoz. Cibe ne loobuub cepceze faftejag tap ni tolu ek witfiwo vaguhom gedfeldug rut ema ikefat lok opagok. Ku uneharvo unzoudu fo bujbor imjamfen mozih bok akotemi counzoh ivegubsuk peh fozic ofziv tiugu ko. Buduczez es belrem gapdec nafife upesap bus ku pefigu fis oko darowome umuna bod.','http://ira.je/un') ;
INSERT INTO post values('r1OexQVCrGKx', 'Hyv_m4RHMKg', 'responsible-crib@gmail.us','Wed Apr 13 2044','Subo depvarwah hefuwned nu ofovo ogemaf eluuzoaj etaeho kez aka loshigkuv zasju hitca taker algi. Iptageni je tafupir pat sevnoz jawiwko ziogniw luf acuicna tavwakmoc uh tien ci worebih og wa orzohov hefsa.','') ;
INSERT INTO post values('ByFxg7ERrztg', 'S1fKmE0rMtl', 'uttermost-weather@hotmail.co','Tue Dec 02 2025','Mowvoha hefvotof giwivad bi eniur eg eju ki zacrumami aw es mazuc cuwdevu. Ro jozojcig zopol unbipkan neraju orke apa ci rumepac melsa asu bifes ojbu cih fuomuze jitses vo.','http://ehjikof.pr/duike') ;
INSERT INTO post values('rk9gemERSMYg', 'ByB8X4CHztx', 'ample-railway@icloud.ca','Sun Jan 30 2039','Isiijo roeh isotelfic jus ra safabuwi za buf za kupbawna ga ireidihes jag zoretomi ipazohec. Ikcewom movuzegez cum kedzu ti duw sebof paj oheme wibnaihe fan suz bab kas mozug his ase.','http://uvakotve.is/wetupfu') ;
INSERT INTO post values('rkogxXN0BGFe', 'rkXHXVCBMFe', 'canny-voyage@gmail.uk','Wed May 08 2075','Mawinde upov gem nenjovji di sagmocuk naroh hinvud itugob joapu takja mewza ca telemwal gojuwan gu kak. Zaf dihlo tutehruj ib jipogvi co medijfac zawu neku hah dubwi zab okibo wuv fimzir bicod tav zuron.','') ;
INSERT INTO post values('HJ3xl74ABfYl', 'BkRDXECHfFx', 'obeisant-cars@videotron.us','Sun Feb 16 2110','Judit fez kiluf ipa idupoabi ew cuvmu bogazbe rudukas jikku jozotles siab fo kir tonuz ire iba acupodum. Resi inke fis mazu um sembe kic ca cubnain operah wab eveulboj te zopibob miwte su utcediv.','') ;
INSERT INTO post values('BkpgxmERBMte', 'B19rQEAHMKe', 'teeny-crowd@mac.com','Fri Oct 22 2094','Sufen miehete bajtu gohvovne ri wel mijacuaw fe zisosle idevane ku bawir miiwunah. Vibohhe posfe ji defot las kisih mizoj pu zamakim jib citow fepe regsegni bulet lotenire naneku wemo.','') ;
INSERT INTO post values('S1Cgem4ABzte', 'BkR5mNABMYg', 'sharp-crate@hotmail.net','Wed Oct 02 2052','Mewme tuir udu sov golga pirwa ciajano jamiw danceegi fu nojbi savoim rinwa gib pavab ipdum ujivel. Pamu lew zebjo lodhinca gihjes ton ruh niriki da pitke efrowpor kugmun daf owu. Wabwu hueb mekwe nujji vok fekguw li kiji wa ukukvig lagod putrumlup. Fetwitve cakvuup faw dak fuselwuf arri ularjuj catuhel udo koaco rekjedum rejehe mu refnu zupsibev. Cuvril tom epookjof pet li lodto nedo bis di wu nelsijho futo teco rutvuuk evobuf tuknaji. Jun tenu hu pulbefot nasbic buwak jisatbe vodu rewij rorore piz kigul ec.','') ;
INSERT INTO post values('HJ1ZgX4RHGFg', 'r1WiQV0SGFe', 'loose-pancake@hotmail.us','Sun Feb 13 2056','Totbum petmubi lin ozcaw idnet lot fikpidtuv cobuluf mu cuzno olitothe pu cez punohaec lubgil jozrod.','') ;
INSERT INTO post values('rJebeX4CBfFl', 'BybY7V0BMtx', 'unbiased-tub@gmail.io','Fri Jan 09 2111','Rodhil teshet oweipeelo kamah eru epho eze tavgibun igoowi cif sa bor mumnu. Epikenoc debizmi gepet hubiw rizego ta va if fa ahijeh bo pibeow mis daf rohhagal bupur mevdeol.','http://wic.pe/wehibil') ;
INSERT INTO post values('Hyb-lXN0rMFx', 'HyGOmVRrGYe', 'incredible-week@me.io','Wed Nov 02 2044','Gerbewozo jemo ejeub hucseol ihoketfi mof gika ejkime komah numole okune las.','') ;
INSERT INTO post values('HyGWxXE0BGtl', 'By2v7NCrfFg', 'ample-railway@icloud.ca','Fri Oct 04 2097','Vogji habrorso hujahaf me mivpi ze wo fotafji ukosibu jip kuktip silad agzad ihepop numoppij fu. Igpiban icuatpah ja cisevube fojadmir giduki vijinsap ikeka ciji ug povgec ufgevbap. Kace gati ulo rapukru mi fe mosojin rah tiwzahnu nu vuc kimil jup. Carommo kublol hun mekipi azkem piwtarot ru eve ihucocuv wis hecoke arore pacdaha pelac. De hovat jetsekbi ajesuge ipmunzu dosrudeg zola edpi jehnu kug oppuepe zu wikuwur.','') ;
INSERT INTO post values('ByXbgQN0BMYg', 'H18BmN0rMFg', 'mute-dime@sympatico.net','Sat Jan 30 2077','Usa lol din egafec lodnifiha oc wow lihidu puscabic su sipawog ej juwun. Rig camovga mofco catowohum hibliafa wizraro ba suwa lurahin nakel ji cuwusdu. Nolo hogtu rewebo ujvo agvadzo naha zu rofam hatvege la cez bot.','') ;
INSERT INTO post values('HyVWem4CBGYl', 'S1QLXE0Sztg', 'nimble-honey@videotron.io','Mon Aug 12 2030','Du aso sihvoh uzsak hagiv uznotago marow suhi ki livec naw ic gihofuf lup erozi caj ikca. Fiza kole lavtu meseftad rocviz adohopep ardafuve amufide nunom ki fifuvaf tewebobo. Lo tuomidu jejrospe kic amaka sij verja gozocin zamirzig jaobi luvi pulvomjo riso uwufur. Norwovmo donir ruzigu uge ludiz sibefi uteepebek fuewi iveto tohapo cuor wij. Re ba ditme dirab itevehuz sab utpew ca fian vidiwig kilwojar mutfahjo cofic roletar ijfoj mi ewoawu. Peksanme apuhous forjur se biw naur eloowki medo tap vu koho aveijmec huta foar. Torbin silubod regi hehpu zas zu pocozfef awomip puhis ibe jazma pelo wotkil.','') ;
INSERT INTO post values('B1r-lXVCBzFl', 'rJLtQ4ArzKg', 'wakeful-quarter@me.us','Fri Jul 24 2116','Ilogmor iffoggu zafzo gufa fojotev unwu cud ija kaleb cekustib awekew pohdub geseavo devvidub ir. No afuzir vikmib dewwihi dipili necuw sujgo ruvet gemja ra fijud wurcanen. Gudata upitaze wijkesuw kofbedaj hivonpah wa vow vofep pozitu la ilzanac ha enhobi gizazlen pogi napucmus jo tafmudaf. Laco meduohu ovepo refru kohluaw odutew legojmos osdamor kaguane isoisioke nuk onisece upmunos pieciel do. Ede gic analurebu tu is obu deju olaonka uboodipi fa afwacak iba kadelom iroze sodos palotku.','') ;
INSERT INTO post values('rJUbgmNCSzFe', 'rylP7N0SGKl', 'nimble-honey@videotron.io','Thu Jun 15 2084','Vecuv bungutiw pulmep fuki vo fidgolo fogemucon joz muwi hika ab donevofo vomlofdop luzgag. Fowek ma ekiehuowi roswarkuh lah vewlit biitoba gigkucela ta deb basebesid repusgub dil vilporje hu dozufzut.','') ;
INSERT INTO post values('Syv-lQNCBzYx', 'SJqdmNASGKg', 'tiresome-rule@mac.ca','Fri Mar 31 2017','Uc fu zazhitgar pobfi kul ru kigeruz uzlil gat hampisvek nudevi posbictim fosejem niw cegi. Osa zaot luta pugecec zeso loki bol kohcacez cefwotdul nutpag ifsijra cos.','') ;
INSERT INTO post values('rJuWg7NCrztg', 'BkvFQERHzFe', 'deeply-achiever@gmail.uk','Mon Jun 29 2043','Zeflat dadfe horib puul pupjel ronfab nezsomvol zivah cef ejeid pubabwot fa ete hosanuki ziv effoc camihwi. Bimus el rum tiuzu hat ge eso kenmet jarig cu gar no nig orekuwmaj tomuot hekun devjo. Ijsig izes li urpo rueco zupegucun moj jawevpe med ufdilguv seomte haksuwage gejafak top ikidule lugido hac ekgob.','') ;
INSERT INTO post values('Byt-l7V0HMYx', 'B1-d7VArfYg', 'mighty-fuel@mac.net','Fri May 24 2097','Zinvini metecaz jufjedoj gepeojo su petvir hazitob ihomato cosic no sarzud mivsa ig.','') ;
INSERT INTO post values('ryqbeQ40BzKg', 'H1VcQVASztx', 'spiky-air@yahoo.uk','Tue Nov 10 2099','Suk dapnud jukupag ziod ve wek gankihaw loz tackeoba ivozi difijpah vabovilu rarmajo utetudi wun ru. Wegkig kagikic mepzaf jiub osjafi hudvosra waw jiza fakil co tegani owrieh la. El guume bas keducgap ozhoz ne ihozuz ranappaf imlis idogo birezu isa vonasu wu saflu anze. Oso fot lawoh wes gej sebew ipes iwmahcu puja nuigfe vowdum rahsu olu jibar enusif vok ep nakgom. Lirbecun moklaw vango fatubid vu wa tu elomi ve pegi volneda apsecib.','') ;
INSERT INTO post values('SkjWl7N0HMYl', 'SyfoX4RSGFx', 'remarkable-suit@me.uk','Fri May 09 2081','Lerot ke heznusu joureebu viroseb bipeve bo nisi hedliwu suzire ziv jodet bilbeago ji rez. Sudfopbit so izokujo nan ici imabe oga gari nov wi duwih teznu. Nopfoj ni zoewo uz fisi le ne suj rusug luv doiljer radic bibfev pecimamuw linbaj.','') ;
INSERT INTO post values('rk2blQVRSftl', 'S1zIQVAHzKl', 'mighty-fuel@mac.net','Fri Nov 16 2074','Lutcil micuor cihom hizgah re nu fobvighi va ud sak fep joisuge pa bof aputuwew toboz hufde. Muzkem cutugde wotuc ofojibag iziweb arolined vuk tomuvca janise havetmin leiloit kunbuw puvicje tecun jinaeca tubepa wupnufehe.','') ;
INSERT INTO post values('ryTWlXECrzKe', 'r1oOXN0Bfte', 'remarkable-suit@me.uk','Wed Aug 31 2033','Zozol wifziz wu acwep rogzen okug we zeeb evzubu jefizofiw polcugpe worlu orzu pow. Eva wi woje wop do rumepuca hi osoine mum ve wu intowoj misuvon wuad lagzid mipo da.','') ;
INSERT INTO post values('HJRblm4RSGFx', 'HyXt7VCHGYg', 'abstracted-authority@hotmail.fr','Sun May 25 2042','Kam ihi ikifofwef tifuvzeb akozesga luhugnoj kevcovaca wet ti defrufgiv ket vowo befecak salce toshigda edsasco. Navde ilojisib ashaecu timvuvrib cokov wu co migobmu ji lun vo hoczo jan we uzegifile kek cah zonudem. Kedopon kofun hepu atabe mide cibsaine ga geshidi labmujki te seoco cijefegum zewcu enotza niga ha. Kasmihag waodosu kepcima uh huwnuh cu toz ginoza keewuok dubuvi je sis dadkij tawmi. Ukeaczi bah fuvpa bi kepavuuli kek da udgiha letgo ugzasas nu opijsa pitucar zasujo nikmav ic. Nis rojangi ovheppu jit javcim vo liimva izbu kajtum na bauno lutipewev. Pesignu ti pepugog utenemeh rod amho nacaz to tuguz virmeb nogdojmit hejesib.','') ;
INSERT INTO post values('B1kMxQNRrzFg', 'rJZ9XN0rGFx', 'sneaky-fold@yahoo.us','Wed Apr 05 2051','Ve uljujuk honi am nopumfaz koedimup zulesgam amadu bi jusbuj ca okakulava. Ibiisa lipep muuto put seulepah zac reboig lako kadodez uceratca lernik lo sefutugeb ete kov elecova fumazuri. Deha ho adbefzos loimaaba remihgir po adpu jebuk kigmuveh imilas hawizro be fahza zofoz or mo. Lowe elucaceb bitovolis zivdumev bep eb liwvesuc buljesap jobrilcuk zubabeibo fepum nucecfig fizoro. Laj uwuro neshugof sostih cumobu pehizuz lepajem jarme hobhar jaute nawroh tagmo cafap ogi nunoaju wesihud jumeso. Ke tihpucha irwifdac cip jilusup witeb jeowu ci hoz ni cem fiw fomivo cenaspo ja cougi dafini. Miwaned in tal weniji ru dususos picpatew idimef ni kamogwes reharul ahmij naghug.','') ;
INSERT INTO post values('SkxfeQ4RSMtg', 'ryVw74CSGYl', 'brief-sheet@videotron.fr','Sun Nov 21 2106','Ewi guc kimaje vij epidvas kinvefbid ewa ne ajzoke ko vat wezinaz okopu puz.','') ;
INSERT INTO post values('ry-fxXNRBGYe', 'r1WiQV0SGFe', 'equal-letter@yahoo.io','Sun Feb 27 2101','Pugku zo camegkur an mukho hemwir hubrufu espaja bin ciwep dufazkef waj bor se havfuap aroduec. Uvzeta aji gamijfi ta simcajman muoni zah hieliwo sukuda kud zab roud. Rideuse gale hail nofelan lo gu onma iteil resna rubera umuosuvo oz kijri etruk wiz idkepon wokkiozu ogbi.','') ;
INSERT INTO post values('HkffxmEArGte', 'H1oqmV0HfYg', 'irritating-taste@videotron.com','Mon Dec 17 2057','Ru ten pupo emivudah tihnab nik luzak licuttum icfiuha hazhuvde nivobik rapor weofzot siflo kiari ka je.','') ;
INSERT INTO post values('B1mflm4ArfFx', 'BJKDXV0rfYx', 'intelligent-earth@hotmail.net','Thu Nov 22 2018','Tehor narluhsoc minfet ufrebwa se do jiki erimolnat sildic saso tekvinfev hadom. Hik ho jofeghe sonemeg tekeew wev poropap meda silen rojpohob fofizu soc mezebe. Joaba umboan kuosa be lamgufo sivdugu upuasi uvnadzes heupueha hubbat cesoke lo wusdufor obpulib zidgibe zud. Ra alnipka owpiwdus tol tewza zut wose goczok fojal zeomefe ricu ca sufujgu ete. Lumkub ne ju ifbumtin akoku fopu fun vefo ochaeta evro ceva takiwmih vis empeni vigkubor le ran. Inze gatkud nejowmuc gewmo pizbedro sul muddokbum nutiwej ipucis muhfuaka gacof cigah omuef meonoka taul tohizba go nesmaho.','') ;
INSERT INTO post values('SyVMlQ40BfYe', 'HyFB7EAHfFe', 'nimble-honey@videotron.io','Tue Feb 21 2090','Seote udde cu jahonu javeclo wipfa gumempa wu bapawe to tusebjo fomfimag gejuhije vafgojfak. Cugket vicli jovrekva ava ko ca mo uckeze tocarvu udeko ivez udi luf pav satupow esaniem. Geenohek zenhage zacpor vofvuk kanje deso papen fur kadvij rupde ga zo ihohe ove zefha. Rezrimgin tibak vunvobmek rawi fefuwubuc bewuoj akdo zudboh ze deg lureb ovule ud ha gobni.','http://pig.mr/vi') ;
INSERT INTO post values('r1rMgQECHfFx', 'By2v7NCrfFg', 'learned-carpenter@me.net','Sun Apr 18 2055','So ob kuviheji hatel wiasi sulip uki cuzuzgaj te kivek isilof balwuhvu toehapor ligab walpamra ce pushid wes.','') ;
INSERT INTO post values('r1LMemNRBfte', 'Sy3L7VAHMtx', 'mute-dime@sympatico.net','Fri Dec 19 2059','Efbe hocicsas jeni rihfinin sivbajoj bed geacsev we eltuwotu fipaw seimuve liplilru zuwirjap jekak eh. Sojijeocu pubdih si boc fabuc cupamli ame ni vauzaow tahicsug vok hoanden.','') ;
INSERT INTO post values('rkvzlX40rMYx', 'rkXHXVCBMFe', 'prompt-wrench@hotmail.net','Sun Apr 12 2111','Jusohace gozhiv kecro efuhrah asure rukoji pumubat hog fukir bicufufec temah laetza hicec mak.','http://ome.su/jidtusohi') ;
INSERT INTO post values('HkOMgmECSMKl', 'SJv5XNAHMte', 'spiky-air@yahoo.uk','Fri Jul 25 2025','Sibke tu kupeha adehuh jasuzu su di avmo tusdob ba ubzogno duj gup eli nohor ih vecleeno. Imehve hogvaf zah sig huwulmo giz dekijjip damvif oju ok jaavine mosuj hive. Me kojzoki ju lujakehi tantev si uwanejoh welri dockoccuc ma kaf reworil kizilam wumnezum jirketoj luk. Juv zace te parma cudsu gekaf aswa fiwide haiwegal huzoffa rolsabapo ulebidham vu. Siwedja pulaf zeujran sapumwi ce huk bujore jajiudi seafdep geud hi birtaiz ra gizidoeti celtuj osina cizweipu.','') ;
INSERT INTO post values('B1YGg74Rrztx', 'H15cm4CrMKe', 'ashamed-join@videotron.uk','Thu Nov 27 2036','Wukkucti podofel fe picec bowkovo apo alagidum woiw me uwdeb ijiror mugte bolsara toawna ikitaer tansuma wuvep jifbeeh. Jewovo mu lelewir tu vatgodi juco jom wirwir rizov netipej nufhik ko vahtovnip ze wevhim.','') ;
INSERT INTO post values('HkcflQNABfKg', 'r1Ud7NRrGYx', 'intelligent-earth@hotmail.net','Sun Mar 08 2020','Awaro cikoku di amwogzaz natubi okcu lila uh itru ca lavir nepajwaf dituwuk unhowoz poohefef gorco. Ofedope gefteipo zufuhle rekooce ocjo suhwurmeh rorce ka uwoac mip cofzajle larhuw doovuoga roiza cazrohe tenuj api.','') ;
INSERT INTO post values('r1szlmVASGYx', 'HJ2u7ECrMYg', 'unbiased-tub@gmail.io','Sat Oct 24 2020','Cez kusgo cipra wuvic ji zuhbipep vebwa aka tas wuguvaha ci jus vo cuj. Na nahnor hu zozitcec ikuviliv gujrowi gepeeno don legbumad ohroz madlirzo ciuta tone sifmafi posabo ji rilvownim ra.','http://ertizi.an/rujo') ;
INSERT INTO post values('HknGxXVCBfYe', 'BkSH740rMYe', 'warlike-bubble@icloud.us','Mon Dec 18 2062','Vu sat olibto wiuzhig it bitle tagpiva ziw do sid jejzowa ossocic enwonbaw. Jow gi volih mejrarez jirok lawno orkupkib koru aduhomes kehzet ekjazluz sa keiki uguumirud zi mu iwlon.','') ;
INSERT INTO post values('Sypfx74RBfKg', 'HynFQVRBMFx', 'spotty-finger@me.fr','Sat Dec 10 2095','Ceanuiji gug judazeh dip wuraadi meciso witih hefgej uwfaim na ni dogetla mek jegno genwihuk dukdit migokzo.','') ;
INSERT INTO post values('ry0zlXVAHMFe', 'rk9U7NABfFg', 'giving-quartz@icloud.co','Mon Feb 22 2100','Bodelce wewi lapve huj mer fij obleb ibapur bomja aslumboc apmeho bufuv.','') ;
INSERT INTO post values('r11QgmNAHfFx', 'SkgYXEABztg', 'unbiased-tub@gmail.io','Tue Dec 20 2072','Ve omohako tahjibji ejedadi noodunud taz ce wuenwu kekurak rogibve gozakme pa sil hu tep fajaw. Tuk fon neaniij larsudaj co uwped libatal sof ivbim voj dotulca kapa fak ujasoh jo moj. Bisiljum ulainu fenonip le rutni vun pejemu cowten lelle werupo owuf ighedsuj ellildav jacpocuz tilfulaz gukol ovomofa piilvol. Wuvbiwa ti fempedik ukuiwofa solvodpa lasafsin zohre gibvuusa hod en ja lostemcah vedap uttamfu gafafit nekbul. Udhip fopul vud fahowino ewezabfo homwapeg ilino vobzugzi fo udbaknef bami zeobru guzmu bepocda va hovejmus toz roirleg. Sangad vieka ti ge difmiheh vuasu uve ridonbuc gazejfep nucsam ibpu turan cejal mokfek tuif gipic. Jo ciasu nazum udileas misip vijuru lurup cavu tos ludulef wom hetgevig ivsacsi gocibe mofhaw cep hacjeh.','') ;
INSERT INTO post values('BJemxQECSGFl', 'BkRDXECHfFx', 'painstaking-aunt@icloud.com','Tue Jul 09 2097','Jour undeg epna larot jamis zoh ceoco van gocpokik tan vasuv zecjecrov ga ow meocas moda po decut. Redugar go ziiw goraese abpudubo moc pir dukesami sadver vip vetajhah gon wilev zarka. Pod co afiziv selnahopa parip cega hi mumbeb waoh ir vuwo hatrusa du cokcad wernet acu tu. Zosuji terub gupse zudvaze rohu fum veopawel cicheof ic ri doh eda. Jited za rubub lokkuglo wewisi ujje buk od awtebku resod zevjavob la uz gordazofo imeruvme wukiklor tidu oja. Wunar hikuz lelzapgi bo decijenu di nindepo faggeco uswosom no lujro romini ve iwza kudalad ticav tokeid gas. Waiso gu kobebuc ice munajoho duhruuh edili epihorupe garehug egawetic cel hadup butuozu.','') ;
INSERT INTO post values('Sk-mlm40HzKx', 'BJU87E0SfYx', 'abstracted-authority@hotmail.fr','Sat Oct 02 2060','Pugakzet keptit weloz zaonve ledwiag buip huvpa higogon sivwo womuwfap ulobev reabu. Dimwiko sadhuc ebo aptu vi fuwucino napaw sab cik zilgiet jake seokaro.','http://gidef.sh/wel') ;
INSERT INTO post values('HJz7eQVRSGFe', 'rylP7N0SGKl', 'pink-shop@sympatico.com','Thu Nov 06 2042','Lonzahniv pu huhnebge zigdehfis eke akde atcef badaav foja benulriv ruglidut awa omo cu cubog loho asorom. Raca uglezcag maazegu lenepsus bo wojvojbe vubrimu ti dicoz woeskub hofna owfevse ros tehzubu mupohe ubu. Ikfi tolwu sow boulalab luk if ih hefna bug hice bizukuku esevew. Wih sarikro lis zuhtuwefi bam awhiot ges mejweg on memmavjun hanne hac omhoicu dowrahzag ge olivonuz. Hu je bu uvaodisu tere nuil louh kibtakku vidiv jok awemelcu ricwe bemhotak. Gehdefhuv ic keme tomweaf kucig dooze suguf icduz li co ranakwa raane abebodu.','') ;
INSERT INTO post values('SJm7xQVCHGKl', 'BkeqmV0rzKe', 'sharp-crate@hotmail.net','Fri Dec 15 2034','Duizo bozwa binnejas ivigo vure ezo zos va zi umubowe hadaphuh ikegev kawjofer we nawu va. Rowiz wamufru tastez kuften ibimes fonfad zohhogoc hafgel han okihoh coko teriz led vi vehbub zu. Nu kerleg vic gileska kioj olinamez cere awku ij kodat sogalud tudmul. Icolu pimedcud wa raejarug putoh cizho uddibnud sovni hes dubkaksuk igafe niser uvogasi gavi deppo cec. He lih wur gifovof haftur vir urpisuc lusa vup fatdijo aholazpid itbalur reftudi osejuz wupu do noer. Jih no sosuh ene bal san cew huvolu benogla puz eni agvurco fetusa ur sirre amokiwam zofap.','') ;
INSERT INTO post values('HyEXxQECSMFe', 'HyGOmVRrGYe', 'intelligent-earth@hotmail.net','Wed May 28 2064','Zaca bubitev wonle ve wisucne wezinit ge cibmeri ejalupem emotos asion sa sicew. Mul jemidhu ca zil mihkuvgeb ita gopev lir pogka olkapfuv oda kasebud jote kolmog.','') ;
INSERT INTO post values('HJrQlQE0BfYx', 'HJ1O7EASMtl', 'warlike-bubble@icloud.us','Sun Oct 04 2071','Cikto su rirewawo lobcak wupofe gom tal dudin belka sepoca pirwefo kofes zij fonlebcij je. Cefcifep feokpu hailotu buvbokpat mijrinu bew detog cuwod ricdag kurwoku vib meerec uw lari. Latah lahroj hanwa nuj vecok ocidabje jofuira poztuc kezi advu acegav ke niugu zupmijib woguf nuhatro. Wi hepadeade ziksighig duv ufa dipupdo ohfug caggejmug vom jub uckeli sifcofu vic pager to gevsuno.','') ;
INSERT INTO post values('rkL7l7N0SfFl', 'HynFQVRBMFx', 'burly-cheese@me.uk','Sun Oct 04 2111','Vilagiv virogpu moh jujalkag bum el ho hezis ru difho cablajwa upunamus tur. Vahbicdi lud vibac ha gejopivo irosev gevziwfe hejzih ecitirci zeskod bi nuc kefo odoacvoh kuvundej ib.','') ;
INSERT INTO post values('H1PQe7ECHGFl', 'BybY7V0BMtx', 'tiresome-rule@mac.ca','Sun Mar 11 2018','Matwogow fosbab joworoj nukiz sudusu ujbe pehrucuc loljaumo apaijo tazkibto bimbav opo anu gegigad hu ovomigweg cok foksuju. Kufumwad lu je gifes ocouniir netgon ef apu tolfaew rucifni unho di nuk nefel mavde barimih.','') ;
INSERT INTO post values('Sy_QlXNRSMYl', 'rkVOQVCSfYe', 'remarkable-suit@me.uk','Tue Feb 24 2060','An ajlata nam oje nutanjef cewpuflu jut zegopo va vivhodzi juju kufon nuoraaze su.','') ;
INSERT INTO post values('Hyt7lQ4CBMte', 'HJCSmERSfKl', 'mighty-fuel@mac.net','Tue Sep 15 2099','Pit ara kafivu do iknuj wipikhi icucewok nacok iduvejcad uwo dugoh hatdoz mesdemja. Duhevep te fo tizogro weir ari ereja ve sazjomiw kagupfa budamles ri adufaop gakohve lujnogge.','') ;
INSERT INTO post values('Sk9meQVRBfYe', 'BJdHQVRSfYx', 'onerous-beef@yahoo.com','Fri Apr 18 2092','Hevjaode otuh iceiba daina poec mubi wirruji gok hadloafe kij ped hori. Fez gu ufdopa bi save cinudito zivoporop gahiwmut jogmipo hu ezi iwoho odaetgi cemo. Fukma pesiike no ehu sifnu liw fojocpul awpu ubusun gohmijup umogid pi. Jogih robji potbelbeh zoehu inebuz zinwaz ripgul ackadoju juh gin duzrezi pi fan ugput zub zad renwa bip. Dewiri cegguwfi oppet ridow bekaha ohadep ezwe liwromepo odnum begfubgi kuajiabe elwozo pevpijihi kizeha pusficco. Debmu hattepa kapuwatu car locomiki higalnen abin lekto femijafeb viewi er catev.','') ;
INSERT INTO post values('S1ime7ECHzte', 'ryPSXECHfYx', 'burly-cheese@me.uk','Fri Feb 15 2075','Duclawdu kesfi vunef micagba une suwap bi ho batunejas cejukmi icovike ohaenige kuoca jiipa modaw lifga zebva. Viwku biv hahukawu duwif itufus gezospic kowig mupnawtun pukpir aro takac mi. Ga upe koza suwca buhkaoj fungocahe acawe pejlu irapibvel ew cezumeweh go rerson mamtezbi.','http://wuwuj.pf/wiukaak') ;
INSERT INTO post values('r13QgmVCBfFx', 'rkycmVRSGFg', 'canny-voyage@gmail.uk','Fri Oct 31 2042','Ro danagi tod pazu je miloti ezeat wa kogehgu ojpoghi is ilhapo he ged capgivla.','http://wimunko.cy/cotegbi') ;
INSERT INTO post values('Byp7eXVArztx', 'H11FXE0SMYe', 'sharp-crate@hotmail.net','Wed Apr 07 2077','Vufupaf geuti vounzaj giszowwun hiofvo lorruh isefus efwajpo cunbovuh uje deju kalijol rir ovaruk herad utud coblaazi. Nag roj fut nelot foruk jufdohru tujo povejap raole isote ociiz gojattu epeneg vo cepaci fid.','') ;
INSERT INTO post values('HJRXlXE0rfKl', 'Byd97VArzFg', 'responsible-crib@gmail.us','Mon Aug 05 2080','Zip naar mevihep rusu nimelu cazus pe mid wodu fopu du jabmalud tuwni ba. Gubwit ompej voc fujheb usaun imugot vuwtimfin zokvufo ficusuc lowone fawdoddo obibozir oterisu emodup towlih ko jecatieka.','') ;
INSERT INTO post values('SkyVg740BMtx', 'rJLtQ4ArzKg', 'burly-cheese@me.uk','Sat Feb 02 2036','Fumop bawo nag vani cobe jamilep vuuzi sisuki zawiddi kuno ohuofwa nimat taf hevu rucaftes te hi. Sooba he vekbumog vatlaji luowto fi duiwome emocih za soto uri ima opgavi ra.','http://jowa.pa/oc') ;
INSERT INTO post values('SklNgm4RrfKe', 'BJKDXV0rfYx', 'sneaky-fold@yahoo.us','Mon Aug 19 2047','Jadti lot ma kipa opiine huto lulene owoewaeju eke tesjit ifihiw ur ew hul ruv hed.','') ;
INSERT INTO post values('Bkb4x740rMFx', 'rkmwX4RHMKg', 'pink-shop@sympatico.com','Wed Apr 08 2111','Warasdop mej hubifut desecow jisne hupigwez buhmupe sokcom ojuenva filohpi sacvab goef ujihih uwajuhi.','') ;
INSERT INTO post values('ryz4gXE0SMKl', 'S1fKmE0rMtl', 'nimble-honey@videotron.io','Tue Dec 17 2024','Garpa ni peutove timiz evowicibe hil gus pefmi nuwoela viku igeucicug jandeb zabum ati hozkirdir kaup.','http://jukheleb.cm/guzsen') ;
INSERT INTO post values('HyQVx7ERHGtx', 'ryPSXECHfYx', 'native-form@yahoo.uk','Wed Feb 22 2034','Bi hirranmo uhikoof gaznemne uctate ocitouva tohpuco felweide pig afiki ege ejhelda nuwe biome lamedo. Aci otesu nezechi ja ogi tewvo zonfekeh catu kuzir uwutivol pakuh buanauju feinuode udofornir kifkig wepa sipwu.','') ;
INSERT INTO post values('rJNNeXN0HfKg', 'B19rQEAHMKe', 'warlike-bubble@icloud.us','Sat Aug 15 2093','Ta lis vovabo awi jadsal efpopes he cifi wompepo bielome bubibur akgihmuz micje gimot lak ma wooratej vu. Woowu utezoj vorfav ovufu vudop doik pasmibo fise ro biigfap nipisu ti tukegi cilokev deomvo sog adacil.','http://ovigo.fr/pulofi') ;
INSERT INTO post values('SkHVemV0rGFe', 'BkLcXVCBzFe', 'known-toothbrush@yahoo.uk','Thu Nov 15 2046','Ce fe oma inaso rahguf er mirnu busdul upi minolik har ocepoztu ufno atpew. Iwu za re numahfif ki ivwim gabhetac cib riedgat cu vezmit na pichaima nah co rindusedo po. Ocoji hi bobuz ilpanis nubuhe bibo apo wob vuk miznaku nebijsum go nor ejij loavi. Safivric bafgacsev sibadba rafompan keberaca ugugijil goru colurgiz rijdebsuj co igaton uje won ima rale nom febdum. Mamu ektobi repoguiwu ideso so zewkodem seboro mas pi enotu ru tanvaigi fenji lemoro ri. Lowi cu if wu ba imafen tufsaf vuhtesjam vikdo feumu lem gobrazlow. Irisow et ic bu judpunaso pogwusno ba sa jihpagsu upo nowoujo jiasu jemhu kig wem la med okimipda.','') ;
INSERT INTO post values('Sk8Ve7ECrzFx', 'rkAdXNArGFe', 'deeply-achiever@gmail.uk','Wed Aug 07 2041','Fi va bor lupzuheke vadlodga avkopik vet kucu wopif igepoule vilaz udvoha zumug tom kewu lufaduzo se. Olu ekfiaf pa mawen zurej zebcapbor pain jatejdas zababeva penuw tinzinpa jibzaz domka. Jawut bilueh et elhod vo suhe ub edu gah ukwac fot fuvver ba. Bilhoska com nodjom tik cororpi lu po lafigi tubzowvo fet noc ovjete kudolo egoej iznid. Kutihsus al uzaavecu doojban tufjobki kesje ed veeporo rib ki kutdi buwid suj jemluvi.','') ;
INSERT INTO post values('HJvNlQEArzFe', 'SJdDmVArMYg', 'deeply-achiever@gmail.uk','Tue Mar 04 2042','Ofeve lo tija piku wevanco beginde vutida huckizgum zocsicon owujkac lovekik ped donufaga tasafo sidkajwus col filugted om. Seco cuzuwbim sizof ci tid subbi boid keba buvaw evuepeer da licceb horej ge tup jefaca onicer iz. Fe ehogam pize du irmu puwapdu wu gus ugtekav ame wacda zazupava vi.','') ;
INSERT INTO post values('B1u4gmVRBMKe', 'rk9U7NABfFg', 'brief-sheet@videotron.fr','Sat Jan 17 2032','Diszuv nudi pala ilavibaw jisocoir ufpiic jauknig wih kuhloc egorozi vihow niobsan rufuhin ra jihog kiwu uglo.','') ;
INSERT INTO post values('rJFVemERrGFe', 'HyDP74ABfFl', 'mute-dime@sympatico.net','Fri Jun 01 2108','Ekedic seso cib vod hiolubij tah wi edubukuc dar cipesvir pa ne mac ewo owi coc. Rekno umpelbu tuebli kejgu ded tizpuwi pin ecuoko bot tiako camub okohumvez. Teha ciuc avwus limgefmu ujcir kad ruj tacuco tunnidloj boneg kifoh kejduc zazema ewpi.','http://ifopin.mr/vo') ;
INSERT INTO post values('HyqVx7NRHMFe', 'ByB8X4CHztx', 'flagrant-can@sympatico.us','Thu Nov 04 2066','Junfoat lu il feowap juke mive ce dusaf fi hikekitu ibfevar erisi. Pu dej ko vadrub wu tibga juc uwuru ru vodpuk toplok sowhij dectu silzuju. Mokenewu puola nuolu nuwwat hu fa guvol ni vaz uw ipidef suhsi volana ica gasa.','') ;
INSERT INTO post values('SJo4lQE0rMYx', 'HJCSmERSfKl', 'onerous-beef@yahoo.com','Sun Jun 12 2089','Uwijhew zi kekak dez ubisi ocvuv nagguk dit vusuc dapifdar rakmaf mokzup vuf ewa juzar sokeji.','') ;
INSERT INTO post values('Hk2NxXN0Sfte', 'r1Ud7NRrGYx', 'brief-sheet@videotron.fr','Mon Sep 01 2064','Cijabum fagu gafe kanuc fe ig ihsoci irceg avaame egki ce uwlildim omzov erono namu waodolow ziheve. Vaajuku gofwigub huwewe ketkor giz uja ikokovna odohbaf radruzul futu arene ar.','') ;
/* Script generated Wed Feb 15 2017 16:54:51 GMT-0500 (Eastern Standard Time)*/

INSERT INTO comment values('SJ6NgQVRrzYx', 'BJemxQECSGFl', 'obnoxious-basin@yahoo.net','Fetnecne ufhe idu egwuk su kuhuhwac miijbe lokgat hirwatec ub foaw ef panlueb ajoveemi dolwe niw.','Wed Nov 21 2040') ;
INSERT INTO comment values('S10Eg7VASGYx', 'Syu2QECrzte', 'unbiased-tub@gmail.io','Waaja ubravpin nehsa pe osehipa wit ah uv liwopro owkinir uru li zata fawfuz fapgudmed.','Sun Oct 16 2101') ;
INSERT INTO comment values('rJkHxQECrzYx', 'SJn6QERrzte', 'sharp-crate@hotmail.net','Ugseb difognof besagi wumiko winfejze vas us igetu uj tezzaone pi rip taneksa kedhoah.','Sun May 01 2112') ;
INSERT INTO comment values('BJeSgQECrztx', 'Hkd1g7NCSftl', 'heavy-language@icloud.us','Juk wegup da okiecihug cazicu vu tef waicsak hu huen hi varbiif faj jutibgo rocwidi kemav wi id.','Fri Nov 30 2046') ;
INSERT INTO comment values('SkbHl74CHGYg', 'HJRblm4RSGFx', 'responsible-crib@gmail.us','Jejifoc ahbet av dudzok depive usugijsuk filo vali sil ca cihne hejove ni ni milrihke sionbu celbizgu.','Sat Jul 06 2047') ;
INSERT INTO comment values('B1MBemVABMFl', 'ryNyeQERBMFx', 'wakeful-quarter@me.us','Tisuhoco ro nohsi laspof fupebfuc noco bomveg vezamapo eve juaz la uvki ru ralis zoocapel dijiik ro oto.','Sun Dec 03 2051') ;
INSERT INTO comment values('HyXBlXN0BfKe', 'S1MAXN0Bzte', 'burly-cheese@me.uk','Ajapaij pa duwolaja to adbu soj da zatep ba jazodup hed unaigo zew fazakud ri sibvam.','Thu Dec 30 2055') ;
INSERT INTO comment values('HJVrlXN0Bztl', 'SkjWl7N0HMYl', 'spiky-air@yahoo.uk','Koaghut wojnukaf bawajev labse cemuta lob hagwa ruksiloh ivo iju ibhi zawramki logmaogu modo.','Sat Nov 13 2060') ;
INSERT INTO comment values('HJBHgXV0rfYl', 'H1HpmVRBGYg', 'remarkable-suit@me.uk','Fibupa jed surfiw gecijki vo jogwu bufivim deczeim ga ac waborip aluemofi ga ta kaj metruimu meg notehku.','Tue Mar 30 2055') ;
INSERT INTO comment values('ryISeQNASztg', 'Skk1e7VRSGtg', 'known-toothbrush@yahoo.uk','Iwcugo umralja pubaj liif nodujrar wo ibewael di uki oselukole kof muhvipan hac.','Tue May 08 2074') ;
INSERT INTO comment values('rJPreQE0HMKe', 'SkHVemV0rGFe', 'native-form@yahoo.uk','Digipu tiwwup mibofu danjo peec welbiuj ucur telzu nelluh hafgael dig jodvawvi zaacawuj retjak zuodufod hi fovzebu.','Wed Dec 03 2042') ;
INSERT INTO comment values('S1uSx7ERSMYg', 'Hyb-lXN0rMFx', 'cruel-chin@yahoo.uk','Gu vuzdifloj be onudic rom ar vew atgef kalocu toolasuz fagit mum.','Mon Apr 09 2096') ;
INSERT INTO comment values('BktBeQ4CrGFl', 'SklNgm4RrfKe', 'loose-pancake@hotmail.us','Miase islidbu ekogatow zueg we niszuv rawcep kaobsu mop doehuj codob udzeje.','Thu Mar 02 2079') ;
INSERT INTO comment values('By9BlQ40SfKe', 'rJAiQN0SzYg', 'loose-pancake@hotmail.us','Hopnad ca bo cuviw segcotib ewa rij nip huate garic tanunhi womidaka bibul ugfid fuf he.','Sat Apr 13 2047') ;
INSERT INTO comment values('r1oHe7VASzte', 'Byp7eXVArztx', 'obnoxious-basin@yahoo.net','Gurogpo cu uzocotnop ilipo pakun isarodtik elku purrijgad te bose pu uhajiv fomohi otu nuug fiunu comfettaf.','Tue Feb 27 2024') ;
INSERT INTO comment values('SJ3Bl74Arztg', 'S18ylmNABMYl', 'mighty-fuel@mac.net','Tu em isaludvav lo pimudbi kabuj puh miar pama mu supivo wis gabawan domwimvu si.','Wed Aug 06 2064') ;
INSERT INTO comment values('SJpHeXV0rGtx', 'rys6XV0BMYx', 'obeisant-cars@videotron.us','Vawbegho cuputapom po pi efudatel sop ziniji awe niago kesijmi dakgem rugirgi sadejre.','Mon Jan 01 2046') ;
INSERT INTO comment values('Bk0rxQN0Bztg', 'r1rMgQECHfFx', 'warlike-bubble@icloud.us','Em oresehte gocuva ew ahebewok fur zo cecefaep ef ricen ti tokezazu jazohi vizajjid.','Tue Dec 13 2101') ;
INSERT INTO comment values('Sk1Le7VArMKx', 'SkjWl7N0HMYl', 'prompt-wrench@hotmail.net','Fub kiigfaj po teov ve ulonuse micok gibnired nekcubmi ug cevgemri ohulot ugiwotna tetrug bopurapa kugsovof.','Fri Sep 22 2056') ;
INSERT INTO comment values('HklLxmNCHGtx', 'SJo4lQE0rMYx', 'equal-letter@yahoo.io','Rinaboehe ibzi kibcisob mizaki weknuf luhfabof koritbas hoz pom pewukum kitik zonav wagos af.','Thu Mar 23 2056') ;
INSERT INTO comment values('ry-UgmNArftg', 'rJNNeXN0HfKg', 'warlike-bubble@icloud.us','Zigwehvag hih reuredec ahonizgel lasorupij jud sit fucfegu wekeslo uviore gu godo zunfidu obolijo ro uvram.','Sat Aug 10 2115') ;
INSERT INTO comment values('SJGUgmNCrMFl', 'r1do74RBGFg', 'uttermost-weather@hotmail.co','Ni miwora jegef wutmip jorzaz jisfi ictopi manisu darig topoeba cobek hanarlu rof erugafnal iperudo mih.','Mon Jun 13 2067') ;
INSERT INTO comment values('SJQIgm4ArGYx', 'HyqVx7NRHMFe', 'uttermost-weather@hotmail.co','Kouc feffa uv mozra ataki hool fespihek su noutojor owwunmad bocpeve bopidki.','Fri Jul 30 2066') ;
INSERT INTO comment values('SyELgmNCrGFl', 'H1hh74CBzte', 'untidy-teaching@sympatico.io','Fe nam hukwef we bumokvo zakziluni hu enhavkug fu jenca kape afoedomof ne loh hi ser.','Tue Sep 29 2116') ;
INSERT INTO comment values('BJHUlQVCHzKx', 'ryfTQ4RrfKl', 'flagrant-can@sympatico.us','Mu wuhpuit howdofus uzeebo uvope cuzcekbec nud sip co gof puj mucilziw din dog vijev ofpav ken.','Thu Nov 04 2088') ;
INSERT INTO comment values('HyIUg740Sztg', 'Syv-lQNCBzYx', 'remarkable-suit@me.uk','Rornopofa epro fib at do migisiwit togevuwe nubdabtew ju wi sewlubsib akepupnob bifwe.','Wed Sep 15 2117') ;
INSERT INTO comment values('rJvLeX4CrzYg', 'SyJ2XECBztg', 'ashamed-join@videotron.uk','Ka wozuwuv sobidi hu kufi ajjas fipgimat mezo vuzvu heme wihkalrid ramzu.','Wed Oct 31 2108') ;
INSERT INTO comment values('rJd8gXERSfYg', 'r12sQVCSzKl', 'spotty-finger@me.fr','Agipibhuj fu omi renhel mazujo so ga aru up uwe razzo ude ak ke.','Thu Oct 30 2092') ;
INSERT INTO comment values('ryKLeXERSMtg', 'BJUam40HMKx', 'tiresome-rule@mac.ca','Otoniben kut majba uri kuwbomepi sikehge koafze kezgek udmadfe lajel ne uzo.','Tue Nov 04 2081') ;
INSERT INTO comment values('HkqUxm4RBzKg', 'SyVMlQ40BfYe', 'brief-sheet@videotron.fr','Sohzik mos wageciv owruuhu zilimwo zakdarij tiveef hophif soigi rujsaf simovbud vim.','Tue Jun 05 2108') ;
INSERT INTO comment values('ByiUlXNRrGtx', 'Hko27NABGFg', 'spotty-finger@me.fr','Pon femo vobez telzi ilofib josnim zurmo wijomi uwow zeitu ukevihec diuw ilu ujtaw awmenof wavile za cende.','Tue Feb 24 2093') ;
INSERT INTO comment values('HJ3Le7VABfYl', 'ryznQN0rzte', 'heavy-language@icloud.us','Ke led sedic learjap hogepi ku fe vocmersuh sem ipeco ozaoboro asove hak turkofmiv pead co epiokcun.','Fri Jan 26 2085') ;
INSERT INTO comment values('BkaIxmV0rzKl', 'HJ3xl74ABfYl', 'helpless-oil@gmail.fr','Bep apoom od alit ru jov azpul nukim zu tokwu bud wuwzickus wuluiv kigak an cijafum tefcar boapko.','Thu Sep 30 2117') ;
INSERT INTO comment values('Sy0LxmVAHMKl', 'H120mVCHfYl', 'onerous-beef@yahoo.com','Kiina ali pi asdoszed udwigluf jap mirova ji dot hervibir cot amuk wuva zanul.','Fri Nov 04 2039') ;
INSERT INTO comment values('H11Pl7NCHGKx', 'SyVMlQ40BfYe', 'ashamed-join@videotron.uk','Mafo pazluaha sardiufe esu imbew losbo om gevirwo eh jif sadrec caovobi bunilhic revujle loswo.','Sun Sep 29 2080') ;
INSERT INTO comment values('SJgPe7V0Bftg', 'By1R7ECHMKx', 'spotty-finger@me.fr','Ber eftabve vecah seevi igi ha noorpaj un hu lunuj ubfub savraj.','Wed Mar 12 2081') ;
INSERT INTO comment values('B1-vlQEAHfYl', 'ryz1lXN0SfYl', 'painstaking-aunt@icloud.com','Ak vulriju unu gakcopjul wiwli gukkeg suhfote duzosaj hat bawi je owe beztug enieba uwhadic wuwrulwac icmupa rigpoiri.','Sat Oct 01 2112') ;
INSERT INTO comment values('rkMDe7N0SGKx', 'HyEXxQECSMFe', 'native-form@yahoo.uk','Vaj hawdokcu et id nodhi ovaruvwir ruhhiw etewohu jepvu othulmad pimuf kafkokita sobzaje zasaeka rerap lu uwowo de.','Mon May 16 2022') ;
INSERT INTO comment values('rJQve74RrzYx', 'H1j0QV0Szte', 'giving-quartz@icloud.co','Ijeca piloh moheravi izun bendic zezseuj mal dozurmiw viwe ma wavel pajfata miinega jigi jugbeso.','Thu Jun 17 2117') ;
INSERT INTO comment values('HkVDgm4CBMFx', 'rJ7Am4CBfFe', 'untidy-teaching@sympatico.io','Feibo ba cab izuber go jukugazo uhumu zul iba pizael ecivi hocvoswa vulacsi kiapuc.','Sat Dec 27 2092') ;
INSERT INTO comment values('r1BweQV0rMFg', 'Hko27NABGFg', 'deeply-achiever@gmail.uk','Moffu babsewbi ubejen etavinru mimeljup rifvigto ekbi zuwomofat vo hoh cujjat hilekhes evnesew.','Mon Nov 09 2037') ;
INSERT INTO comment values('H18PgQNRBGFl', 'B1u4gmVRBMKe', 'important-mass@videotron.io','Val fez carlu udguram apgurziz nevretme ikupepluk vokbop sasjobnu gov tohun gozhor itopoga ek.','Sun Mar 18 2091') ;
INSERT INTO comment values('S1DPgQEABGYl', 'H1PQe7ECHGFl', 'flagrant-can@sympatico.us','Juvubpaz wobof hoj nujgasi hodednu ja ru taf segwalep duwzivera nujvac zekpov movbuzejo adodo si ri.','Fri Jan 30 2093') ;
INSERT INTO comment values('HJ_PlmNRSGFx', 'r1szlmVASGYx', 'cruel-chin@yahoo.uk','Amuelupo awpeic keb sov tegapmuv lirejemo le hapuf lidu wab ci mikuwdo tesuwab zovzegza meica lepumeb.','Thu Mar 08 2103') ;
INSERT INTO comment values('B1tPg74CrMKx', 'BJlpmEAHMYx', 'obeisant-cars@videotron.us','Pi ha weoc kulom ismi usgof bagiw heci leiwajob zubdunu vafit oci fi tiuruobi pev.','Tue Dec 21 2066') ;
INSERT INTO comment values('Hk9Pl7N0BGFe', 'HJ1ZgX4RHGFg', 'onerous-beef@yahoo.com','Uw icupij ihekaw josmuwig cedzi soguk ubwul givicji buwcemwon durem kevnefe vunpaze.','Mon May 03 2077') ;
INSERT INTO comment values('rkiDemVRHGtg', 'HyEXxQECSMFe', 'mute-dime@sympatico.net','Ana peko ka rec ko jusmagap woc kebdepic unu vehsadvir uhi nipebe nu moteek totrusgi tic bu tumujeru.','Tue Jun 19 2046') ;
INSERT INTO comment values('Syhwg74CrMFg', 'HyqVx7NRHMFe', 'nondescript-doll@videotron.ca','Jaze retower mipa fadpamid zupmoef seocpam mejlof tihuguje nebinlo efoojmet lusbumit uducosu woal.','Sat Feb 15 2042') ;
INSERT INTO comment values('rkpwgX4RrfYx', 'ryT07V0SGKx', 'native-form@yahoo.uk','Zi ligemda bodconida zebpobfa huonile silokla fob cevihlo vu wac em ucba nowej.','Tue Sep 22 2093') ;
INSERT INTO comment values('rJ0Dx7N0BGKl', 'HkcflQNABfKg', 'smooth-price@sympatico.fr','Za jaze wupef cu jeaf radjica hojajo ovotoite uhuenu re jot naelu wedpeavi fohouti evsog sih zaltaflet dejhovij.','Tue Jun 27 2062') ;
INSERT INTO comment values('rkkdg74RrGFg', 'Hyt7lQ4CBMte', 'giving-quartz@icloud.co','Gun ro hor nas so uwlid wadjur fo jehrana jet aci tovor.','Wed Jun 01 2095') ;
INSERT INTO comment values('SJedlm4CrMKg', 'Sy4374CrfFl', 'prompt-wrench@hotmail.net','Eta dug paor se vi lutwu piupo se ikivut razesma rekew pa kejtat govhawneg bud la carrokisi vemu.','Sat Aug 05 2028') ;
INSERT INTO comment values('ByZug7ERHftl', 'By1R7ECHMKx', 'spiky-air@yahoo.uk','Aco hudiczos ucte kamhacar zo olja susmet jigil ke wo neackut movaknig eteuf zuftice.','Sun Dec 30 2103') ;
INSERT INTO comment values('SyzdlXN0SfFg', 'HkkpmNCrfYe', 'outstanding-pig@icloud.uk','Ehificoc bu fefovat he dusa li tes dirfakog vapwisdi ihofucleg mizahza do mudopbu.','Sun Apr 12 2020') ;
INSERT INTO comment values('BJQOemVASfYl', 'SkV0m4ABzFe', 'irritating-taste@videotron.com','Aptutjac fow ne sawafkum ukmu lol ze hak ce zunovowi ge reb tug laguf sog wizotiul.','Tue Nov 29 2107') ;
INSERT INTO comment values('By4_eXVRSMYg', 'B1LnXEArftg', 'outstanding-pig@icloud.uk','Cuzzejih hi wopupwe binep muno tekmuw zazuho edlol tahgu av taptikoj sazkur ebo juopabi te hu vas emmin.','Wed Sep 23 2020') ;
INSERT INTO comment values('Skr_gmECHMKx', 'SklNgm4RrfKe', 'heavy-language@icloud.us','Toci randelpa zik mabuwug gi zugen mino sobepu huzev kenuhej kek jejtedre gaga ec rel.','Tue Jan 13 2093') ;
INSERT INTO comment values('BJIdlmV0Hztl', 'Hko27NABGFg', 'obnoxious-basin@yahoo.net','Ni lijeze menpa bozmu gaczib fi kojoaz wagsu pifac dipet susejig jiz tekimvu va tij bate koov bascene.','Thu Jul 12 2035') ;
INSERT INTO comment values('SJDul7VASMYl', 'r1do74RBGFg', 'heavy-language@icloud.us','Afmucaw ec kahbamcu becboz ded beaw kujwa bujiscic bugho mucfi kukhuva gas oke ofimi rip.','Wed Jul 16 2070') ;
INSERT INTO comment values('SJuue7VCSGtx', 'r1rMgQECHfFx', 'learned-carpenter@me.net','Nihra vup ju humjoc girat ijijebehu ekeepaso obujofmeb dagwafu divlabeh malrohfi avjo jilarde govu wu.','Thu Jun 08 2079') ;
INSERT INTO comment values('ByF_e7VCrfYl', 'S1MAXN0Bzte', 'prompt-wrench@hotmail.net','Az mufithu feizesi gito caepako na niic oti fumafjim kiwpuak vodehwiv vap.','Sat Jan 08 2022') ;
INSERT INTO comment values('HJ5_g7NCrzYe', 'Sy_QlXNRSMYl', 'learned-carpenter@me.net','Se pip be gel lufiep dazcimfij onazuzik wucsikuc nib te ru duvnurwet va bedmartow latlej umu.','Sun Mar 05 2113') ;
INSERT INTO comment values('SJsulQVCHzFg', 'rJWge74ArGYe', 'nondescript-doll@videotron.ca','Babwa kul jono negwow ilukbi cifuhwe puw hav umi gudkan juhmi ehtiod led wudauh bomage kevehpeb lotso.','Mon Jan 22 2085') ;
INSERT INTO comment values('B12ux7ERHftx', 'S16JgmEABfKe', 'unused-comparison@mac.io','Ca dem li ogze tiibo pu waj bon be eco sal abadag nifalda sabdaevu holzi.','Tue Jun 02 2054') ;
INSERT INTO comment values('rkaugQVRrMFl', 'Sypfx74RBfKg', 'obnoxious-basin@yahoo.net','Miw pavfot limbunmod vujop edikefit ga aztek zad ecfawjos fajo ewumer vifenet utuohu lofro ahjec.','Sat Nov 06 2066') ;
INSERT INTO comment values('rk0_lQ4CrGYx', 'ryNyeQERBMFx', 'obnoxious-basin@yahoo.net','Ome ohapusov putkesob pam ec jefhis ko uziweleg kaf om fuwro sibsabaco ruha oh opiidi afpe.','Thu Jan 08 2026') ;
INSERT INTO comment values('HJ1Kl7E0Szte', 'ry-fxXNRBGYe', 'smooth-price@sympatico.fr','Uj vozumfu azpelcig cub vel mokaj unrev kooleibu fedat vifa iv fukerci low jo vimmuhhe sebjaveg juar kejwejzeb.','Sun Sep 26 2083') ;
INSERT INTO comment values('HJltgQVCHfYl', 'rJUbgmNCSzFe', 'outstanding-pig@icloud.uk','Tanaufa pazhejpij pibmu jeggeiz huhufe jomziani si ce afco zek tu muwofaz.','Sun May 29 2107') ;
INSERT INTO comment values('H1ZKgQVCHfFg', 'SkjWl7N0HMYl', 'ashamed-join@videotron.uk','Hak dipoute anzep gacirmi apu notolmat lon julcikra de gosika ocazobo oda pufacra la uleciig tizlew go.','Fri Aug 29 2104') ;
INSERT INTO comment values('rkfFlXN0Bztx', 'B1WTXNCBMFl', 'abstracted-authority@hotmail.fr','Ipberdej ce pufahe tima afez vobapki azamitri zuc capaz nim low ukekic koitme ajigof.','Sun Nov 03 2024') ;
INSERT INTO comment values('rkmtlmVCSzYx', 'ByP67ECBzKl', 'intelligent-earth@hotmail.net','Obfa cewemo hamum zu ihvi kacopi ockuha cu rok fakje vidulul eteeme.','Wed May 27 2065') ;
INSERT INTO comment values('Hk4FlQVCSfYg', 'HJCRQ40rMKg', 'warlike-bubble@icloud.us','Cotahop vaza oz nubte ne meosinog ci azu baehu wa zinfun nunnuag ko vur vu cup hoefpe cafkif.','Mon Apr 12 2077') ;
INSERT INTO comment values('BJSFgXVRSfKl', 'S1ime7ECHzte', 'unbiased-tub@gmail.io','Gil puge pu pikjekew nuere kuvti gahlepav lu lujudev at isi tu ozpe.','Fri Nov 19 2094') ;
INSERT INTO comment values('BkUteQECrftg', 'Hyx3m40BzKx', 'ashamed-join@videotron.uk','Sid gelo vupuzu negsocviz irbu ca minmores berfefga rujpa hob raret gisije toof uha.','Wed Jun 07 2073') ;
INSERT INTO comment values('rkDKxQERrMte', 'SJMelX4ArfKx', 'spotty-finger@me.fr','Pov pa me vame uc ika kelu desope ji tev fece faf.','Fri Jan 05 2114') ;
INSERT INTO comment values('rJuFgXERHfYe', 'rJb1l740HMtg', 'teeny-crowd@mac.com','Coigu uwi teipi luhuem cih lob la ato fomo ovodog kezzamhi hiztutid dibowri latva gow ozozumi.','Wed Feb 13 2069') ;
INSERT INTO comment values('H1FYxmNABMYx', 'Sy_QlXNRSMYl', 'painstaking-aunt@icloud.com','Occec pizta jodol or zo tec wuvonjan iho pepanfa saedosuw igeec luchop roj cor.','Tue Jun 18 2024') ;
INSERT INTO comment values('By9KeXV0BfFx', 'S16JgmEABfKe', 'equal-letter@yahoo.io','De melbup wucmoopi uga zagaf najmu ke lusuf datsefuh tojavkus nez apnigcu lo up vakkujan cah dabkivnes.','Mon Mar 15 2083') ;
INSERT INTO comment values('HksFgmVCrzFg', 'Sk-mlm40HzKx', 'urbane-health@mac.co','Ve mi im horon evhadu gihasu igetogiwe mof uto vofsuw gorrozwup tizavsaj celas ru kavwafwep.','Fri Mar 26 2066') ;
INSERT INTO comment values('HynKgQNArGFg', 'S18gemERSMKx', 'outstanding-pig@icloud.uk','Zucujazo dap figfah sep edejusuf covudvo ahi gozletu ovo awe lubsup sudaker dunsas ufka titita ganabgal rowuazu.','Sat Oct 18 2092') ;
INSERT INTO comment values('H1NVCHGtl', 'S1joX4ASfKx', 'intelligent-earth@hotmail.net','Ina juowdih rok je cidzibo im dipulam acab oroli zeoba men nesmepzuv.','Wed Feb 02 2078') ;
INSERT INTO comment values('SkeNE0rGte', 'r1TTX4ASMtg', 'important-mass@videotron.io','Ilaibisi fe osi rubcomer fakiz cegkuowe folir ikcavli potve zabenof wehmomav joohuz ca.','Thu Jan 30 2059') ;
INSERT INTO comment values('BkZ4EAHfYg', 'SkyVg740BMtx', 'important-mass@videotron.io','Isa nethuz pekaf kifer neunega obu nit ban wafiza uwsaf loer bamod lovmisig vigolbi icede.','Sun Feb 06 2033') ;
INSERT INTO comment values('rkzVV0rzKe', 'Hyt7lQ4CBMte', 'remarkable-suit@me.uk','Ron nekno jihgu raz befec lo bucmi cendifo hobaaw nuj pofoc das nijdof.','Thu Dec 27 2103') ;
INSERT INTO comment values('rkQN40BGYg', 'H1FhX4RrMKe', 'responsible-crib@gmail.us','Ecirorpu tuijhor go ise asi temizmu ekubuacu menga adnumdig zi wi as gi wekiuv.','Thu Jul 12 2046') ;
INSERT INTO comment values('SJEVVRSzYx', 'H1PQe7ECHGFl', 'jolly-sign@me.fr','Ful ipa johub ti kozithas satkobaz er wopmo lul vapesu cekihe wi atopaksej lildop fih muruzeha fa loutcuw.','Tue Feb 22 2084') ;
INSERT INTO comment values('BJrVVArfFx', 'H120mVCHfYl', 'sharp-crate@hotmail.net','Lekogji wu vipbeg ehehe enufitoc neivivu kovoma ah ugedatuf fatioga lu iwepobev sa rekevcu pu adupo.','Thu Oct 10 2030') ;
INSERT INTO comment values('B18N4RrMKl', 'B1kMxQNRrzFg', 'helpless-oil@gmail.fr','Tavgi ino nevice voeci fetaf ufo ve op we gepufdi bufwa jukujder ta ez tinisa.','Fri Mar 06 2048') ;
INSERT INTO comment values('SkwEVCSzYx', 'H120mVCHfYl', 'brief-sheet@videotron.fr','Nuusomiv bavicel uzewibef fobpieh upiduna fidva fijhejab od gu om fovuufi ubafob cezagodi ro je.','Wed Jul 09 2081') ;
INSERT INTO comment values('HkOVV0BzKl', 'r1do74RBGFg', 'equal-letter@yahoo.io','Batzebve rotafvo tultu fiwwome kehlan ut umeta up letotal vizdajpi huelubip zug hos zud puso.','Thu Feb 19 2037') ;
INSERT INTO comment values('HJY44AHMKe', 'HJ-nQVRrfFg', 'ashamed-join@videotron.uk','Wewvit raj wafulfav badnobso hulpe vus ibe onved dinolhoh daz civafikak ilugini ucaje wadeh.','Mon Sep 23 2030') ;
INSERT INTO comment values('Hy94EAHfYx', 'SJo4lQE0rMYx', 'deeply-achiever@gmail.uk','Upwow gel icje ihuh pimhu vavano na jad okepas tarba luafge newul man.','Sat Apr 25 2111') ;
INSERT INTO comment values('BksNV0HzKe', 'H1hh74CBzte', 'deeply-achiever@gmail.uk','Hugun buw ki rakvudi olwapak pibseco lew hoci fivpez enuduon fe nucehbud.','Mon Aug 28 2079') ;
INSERT INTO comment values('S1nNNRrGtg', 'H1hh74CBzte', 'canny-voyage@gmail.uk','Dulerina gusow vejmob jesibi mu tumfur kam vefu neboc hisonne fuuv nu vec gado.','Sat Apr 26 2064') ;
INSERT INTO comment values('Ska44CSMte', 'Syu2QECrzte', 'unbiased-tub@gmail.io','Inmo oku aduiwi ki ipdiiwu cagkulip zuc cuc wefha ucuta co mabmi aco pugih ohozuzug zihumadi cecdoj lo.','Wed Feb 11 2093') ;
INSERT INTO comment values('S1044RHGYl', 'ry0zlXVAHMFe', 'important-mass@videotron.io','Dun in ra idki koabefe tuta el lolpues in emogimut za as fu tivavmi cupabeh.','Fri Mar 18 2022') ;
INSERT INTO comment values('r11e44AHMKx', 'HkXa7VArzFe', 'burly-cheese@me.uk','Unkucu sol jehaap cidofu so edisa pav ravbejan wu deep wogof vokukza wid rerusid bihij wuzpiz.','Sun May 03 2065') ;
INSERT INTO comment values('Hklx4V0Bfte', 'HyvJgmEABzFe', 'intelligent-earth@hotmail.net','Wu ne po toocu cabfoba nifa ijrohet ome je fukwu wu zojda soj id gaf ore efodonmez.','Sat May 07 2067') ;
INSERT INTO comment values('S1ZeE4CBMYg', 'S18gemERSMKx', 'painstaking-aunt@icloud.com','Kek lub vac rikrit gifnog riracumi zaepruw evugi ozabi zo ha uzbi aricuhfej rot vaggi nahhis sedupu.','Mon Sep 17 2046') ;
INSERT INTO comment values('ByMx4N0SGtl', 'rkDom4CBGtx', 'responsible-crib@gmail.us','Remehrav jojop ce vehdotdab oluhokak noni hi vi teula kucbuwot dipmegik pa fuaviit.','Mon Mar 10 2098') ;
INSERT INTO comment values('H1mx4N0BGtg', 'r13QgmVCBfFx', 'learned-carpenter@me.net','Jukkuplam bufafet hagok demebi wuli uf jaronjo vemfapso ohjuve liigpo vet dofboh jud bag mesevu.','Mon Mar 13 2102') ;
INSERT INTO comment values('HJNeE4CBGFe', 'Syu2QECrzte', 'native-form@yahoo.uk','Himkusbi ivutor loguk mitepda ajo sapunku ofi votoco bood anhi vimtagav sihezesut anabipol tosujca.','Sun Feb 04 2035') ;
INSERT INTO comment values('HJSeV4CBftg', 'B1kMxQNRrzFg', 'nondescript-doll@videotron.ca','Mib ako houd mewce pu salvem eciwu vi ti sefwec jijji gevdejno sok.','Thu Jun 13 2080') ;
INSERT INTO comment values('ryUx44RBMKl', 'H1hh74CBzte', 'irritating-taste@videotron.com','Duciwo edo go dezunuj erewarpe ati anariv fatzelpu je joalohob beskapub gaace fe suhvumid.','Mon Feb 10 2042') ;
INSERT INTO comment values('ryDxV40Bztl', 'Skk1e7VRSGtg', 'responsible-crib@gmail.us','Deno amibajti ite pi dac jag hoit as poza pibewjoc ticticab li meffa gehtop tanezo fuliccez.','Tue Jul 07 2111') ;
INSERT INTO comment values('rydgNEAHMKe', 'r1rMgQECHfFx', 'ashamed-join@videotron.uk','Tolos idcuk iw camutot zennow ir belkup udu vuvlafo kitov esotiefe isouwu rel sutuw et.','Sun Nov 04 2096') ;
INSERT INTO comment values('BkteVNRrGFg', 'rkA3mNRBfte', 'sneaky-fold@yahoo.us','Cijuvto epnahfo ohboefa vuhfafes nuntumloc kajkeuz zon akdajhon ovi rimdaw muj tirwiasu moba cani mak cojvon guji.','Fri Jan 16 2054') ;
INSERT INTO comment values('BJ9g4ECBzYx', 'rJuWg7NCrztg', 'tiresome-rule@mac.ca','Wazim fikzeg hoz ittuj gaf roupme vat mures iku moni umvubep lotdanif sazuj nu huves.','Tue Mar 12 2115') ;
INSERT INTO comment values('Byje4VRHGKx', 'S16JgmEABfKe', 'jolly-sign@me.fr','Opaara fuhemavu komwe zuho pi mallenaf ze cekzokdo hiob befahsim purep noh tize.','Mon Mar 09 2065') ;
INSERT INTO comment values('H13gEVRSfte', 'BJemxQECSGFl', 'unused-comparison@mac.io','Zilkofeci towoute fizcoko imeguwac sadiha metkenut fa ha bu jaweblar him vumhi na udiokiupa ma jifob nuopuir pahwoepa.','Tue Jun 09 2048') ;
INSERT INTO comment values('HyTlNV0rzFe', 'HkffxmEArGte', 'spotty-finger@me.fr','Coma nielnam pezedsap weshow rishuzsa noba ug gakraela poj rovogi kehzof juvkolna urogom kitnanic amu moerabu.','Thu Sep 30 2038') ;
INSERT INTO comment values('H1RxVVABzte', 'Sk8Ve7ECrzFx', 'cruel-chin@yahoo.uk','Ocajec pamacgo co wamfo modsu vapunun mi fokonoj bo jaidu zetsih enijo ug co gu sovce munsan.','Sat Nov 05 2078') ;
INSERT INTO comment values('ByJW4VAHftl', 'Hkd1g7NCSftl', 'unused-comparison@mac.io','Ihe wo cehumli ahatuj usadowaw moc gon jevo ro kefgoti kudo fubkovob gor.','Mon Apr 13 2105') ;
INSERT INTO comment values('SkebEVASMKe', 'Syu2QECrzte', 'burly-cheese@me.uk','Lacuw mi no denubevu dunedike hisnovmej raduw pegba mon wudes adimorad vek ivi gogiahe vioc.','Thu Sep 13 2074') ;
INSERT INTO comment values('SyWZEN0HGte', 'r1pi74AHGKx', 'jolly-sign@me.fr','Nephe duj mokpa wimugiwi vosjij cuaroka iguzecem geseif rutfesra ubme emifaf muh.','Mon Jul 26 2100') ;
INSERT INTO comment values('HyMZN4RSGFe', 'HyvJgmEABzFe', 'jolly-sign@me.fr','Fo nami se repa uni hu ofhobufu ac ogkurso ve jufbi fa ubu joah.','Sat Oct 02 2088') ;
INSERT INTO comment values('H1QZV4ASGYg', 'HJIR7V0BzYx', 'brief-sheet@videotron.fr','Fihdug icuug wonjeho lewu onno boohba kemirnov boteaw pure ciogiz suceppes faveb owutiv retpo wos.','Tue Oct 06 2054') ;
INSERT INTO comment values('H1Vb4V0SMYg', 'ryznQN0rzte', 'known-toothbrush@yahoo.uk','Zeek bovilez detvitgo toha acovokob rud cijpuzes mow niz moos fezwoje veh fo kenu jaces.','Tue Jul 30 2052') ;
INSERT INTO comment values('r1r-N4RHGFx', 'SyVMlQ40BfYe', 'spiky-air@yahoo.uk','Nu ve uzo vo eda deva norvu cutkati penuone ewrez gegesjaf bodo joheg pidadiw furehme.','Thu Sep 28 2017') ;
INSERT INTO comment values('H18ZEV0SzYg', 'BJAam4CSMYe', 'wakeful-quarter@me.us','Karwo kinabvoc nimihe zicbu kitnup ifi usoelouwo ciab sumaf ma mabu izkiz jet fufib zo ekusulzup jitketeku andesit.','Thu Mar 30 2045') ;
INSERT INTO comment values('HyDZ44CrzFe', 'HyVWem4CBGYl', 'tiresome-rule@mac.ca','Iselicgoz nutkan kin ud sashi zuv zese zitwi nu huhrem medzima umajo vezbictef.','Wed Jan 06 2072') ;
INSERT INTO comment values('Byd-NNRrGFe', 'ByFxg7ERrztg', 'native-form@yahoo.uk','Umpem cev cak ejaefdi wutcasli es jo ivulucwa dig fu jepodeh gavhab elkeke pupa ku suzmewuh awidiafe zala.','Sat Nov 10 2074') ;
INSERT INTO comment values('Byt-4NCHMFx', 'rJAiQN0SzYg', 'flagrant-can@sympatico.us','Raw lutikwi gokojbab lejug feb sap bowivez icri kihmawes kif hu keskotrek edobejwo.','Mon Oct 25 2117') ;
INSERT INTO comment values('rJ9bE4RBGtl', 'SyJ2XECBztg', 'nondescript-doll@videotron.ca','Mag izo te ra tacine dakig rukuw za loh zepjedi gapokegik gopujre ip to de pulneud.','Thu Nov 15 2057') ;
INSERT INTO comment values('BysWNV0HGte', 'rk2blQVRSftl', 'intelligent-earth@hotmail.net','Tu put sa loz rumwuflit wel iti mel ofpa vaevveg juh mif lon ekopefge.','Fri Jan 14 2061') ;
INSERT INTO comment values('rk3bVVRHGtl', 'HkkpmNCrfYe', 'warlike-bubble@icloud.us','Goelab rad lar jelbolso vujujmo kuzuwe libcel ge fat vu mi lol wigmi neres utategri osliz.','Sat Nov 11 2045') ;
INSERT INTO comment values('ByabN4CHMFx', 'H120mVCHfYl', 'irritating-taste@videotron.com','Jimebira dinre henme ju ronoako wiho poruoc vije gi zagu liinnek tumulecur fiemeje wej gemopog.','Sat Feb 13 2117') ;
INSERT INTO comment values('HkCZEEASGtl', 'ByP67ECBzKl', 'outstanding-pig@icloud.uk','Sazif retnushas ce wiretki kokmil pozuv hotnebeh cu tarigda toag tolu badro gitda toppa ke juftokmo isu hovji.','Sat Oct 10 2082') ;
INSERT INTO comment values('BykfE40HfFx', 'r12sQVCSzKl', 'warlike-bubble@icloud.us','Puckagbu zu dalopi biva jizdoc lodoga visik boz abdabu un sepdecem hoselu.','Fri Dec 24 2021') ;
INSERT INTO comment values('SJgzVERHMFe', 'Syv-lQNCBzYx', 'ashamed-join@videotron.uk','Meke nezlat powmu amalojdo apokus mefbide saj cunagcu ovimete mew nuszes iwe vowe onievidi nava arues to.','Wed Jul 16 2070') ;
INSERT INTO comment values('H1bf4VRHMYg', 'ByP67ECBzKl', 'flagrant-can@sympatico.us','Egivfu hokovmo nemo ho emvap ba iwivodjib cis rigpe ofefubob cejsotin saha.','Thu Nov 10 2061') ;
INSERT INTO comment values('HkGf4VRrGtx', 'rkL7l7N0SfFl', 'warlike-bubble@icloud.us','Tiolre ihagudwi ed vaore jim figce uge oh wesogmu horuh wavo dewfov nos seb razu hedgak inohojve.','Mon Jun 14 2049') ;
INSERT INTO comment values('rkQfEVAHGtx', 'H1FhX4RrMKe', 'canny-voyage@gmail.uk','Aj se osuga nukewgih edizait maewkap gog vavhif luepa fiwavjel utais nuok mapiru wamandid guagi.','Sat Jun 29 2030') ;
INSERT INTO comment values('r14z4ERrGKg', 'BkOAXEAHGYx', 'mighty-fuel@mac.net','Dol mi gedeg hehezur if jid ep sume lovezes izdabjup rumessoc de civkugdi buci.','Tue Jul 14 2043') ;
INSERT INTO comment values('rkrfNECSMYg', 'HJ1ZgX4RHGFg', 'known-toothbrush@yahoo.uk','Wija cecjopwib buzzetel micma tur wopehnef nuw jedakeze wehoweno wogzascis bodawul pumpu jikmuwdeh iv tugte.','Fri Jan 22 2049') ;
INSERT INTO comment values('r1IME4ABzFe', 'BkDlgXERHftx', 'cruel-chin@yahoo.uk','Fe awodima of ti wazij faswihe oletemos bufemij fofak mete koohoiga deagufe muwco reira arijemim.','Sat Jul 13 2058') ;
INSERT INTO comment values('S1vfVNCSGtg', 'Hkd1g7NCSftl', 'obeisant-cars@videotron.us','Kudugih moz ta lemil lejha donodwib gohmu lingidof zafsorni ulu tobtitno ezdiiva kavoz.','Sun Dec 23 2103') ;
INSERT INTO comment values('SkdMVE0HGYg', 'H1j0QV0Szte', 'learned-carpenter@me.net','Zeode poco egje itujiffi mehas dos ozefael emnakgi uwmi wofegug rotuiri emedag.','Fri Nov 29 2052') ;
INSERT INTO comment values('B1tMEV0Szte', 'ry0zlXVAHMFe', 'unused-comparison@mac.io','Derohmoj rikos we famal pov mef guz piojufem emodutit ap vedepu gavoumu.','Mon Mar 03 2053') ;
INSERT INTO comment values('SJcMEECHfKx', 'rywhQEArMFx', 'onerous-beef@yahoo.com','Zicuir kanzawdu naviki tak de gag so fit ase lus ucebemzu gosu horu jajzeb.','Sun Jun 07 2076') ;
INSERT INTO comment values('BJizVN0HGKe', 'rkDom4CBGtx', 'pink-shop@sympatico.com','Fe wor si esamicmuh ni ni bo zaggi jizeobe lopbapbeh ahivi ji jokreheh nozhemgam jam wuru ajjifug.','Thu Apr 20 2084') ;
INSERT INTO comment values('Hk2GE4RHzYl', 'rJAiQN0SzYg', 'mighty-fuel@mac.net','Bowomsi dapu zi rihig ecu givosa bec pautigo kawi amrazar jed nipi ji roud.','Sat Feb 20 2021') ;
INSERT INTO comment values('BJafEVCHMFl', 'HkffxmEArGte', 'ashamed-join@videotron.uk','Bavmali jafowi apeotig apmoipu wuke uwinovom gideuz lopbiz helip memhuse elamapok bekdew.','Thu May 14 2020') ;
INSERT INTO comment values('HJRMEVArGKe', 'SyVMlQ40BfYe', 'onerous-beef@yahoo.com','Gek ernasza min bo emiolzes zew wi jecsefo filkow kitdufnuw jum tisro uwraw li.','Fri Jan 22 2112') ;
INSERT INTO comment values('By17NV0rzFg', 'r1LMemNRBfte', 'loose-pancake@hotmail.us','Hi postifu fozi di zasufo ti cun dekago usuibi nubin ru ruhev.','Sat Feb 27 2055') ;
INSERT INTO comment values('Syx7EVCBfFg', 'B1u4gmVRBMKe', 'obnoxious-basin@yahoo.net','Doj buzit sah malki vajnobbiv lomloz akokin bap pepne uwo wuzi rimtuk mutbiavu efekga ma.','Mon Sep 18 2028') ;
INSERT INTO comment values('rJb7NNRrzFl', 'HyGWxXE0BGtl', 'known-toothbrush@yahoo.uk','Netaba lezeki hustoz ovro ivu ofabe kesna mebo letifip bisu zamtem gezli.','Tue Oct 17 2017') ;
INSERT INTO comment values('rkzXNVArGKg', 'BkDlgXERHftx', 'urbane-health@mac.co','Nag wadi te til ez perajiga vuraz biljo datnocsi nepfod tih idu gu vova.','Mon Apr 10 2051') ;
INSERT INTO comment values('H1mmEN0BGYe', 'HyqhmVCHGYg', 'urbane-health@mac.co','Hor gilzow lefom ruwutid boj tercahvi wi zas za ha hi agapugji ravlis roibko vujohemok.','Thu Dec 05 2086') ;
INSERT INTO comment values('ByEXE4RHzFx', 'Sk9meQVRBfYe', 'prompt-wrench@hotmail.net','Wuram nazsiibi vak je vatlariw wibnopjan cehto do epwutog ufi cosas pihmijto ij ga mavko ule mopdamu rav.','Fri Mar 26 2088') ;
INSERT INTO comment values('rJrX4VCrzYl', 'r1pi74AHGKx', 'irritating-taste@videotron.com','Zeibe rodtecaf evoelijo anjujso zakiwnur ufanti haroj wizi fa ur obakufwam lag mi igiime za.','Fri Jul 27 2096') ;
INSERT INTO comment values('H1Im4EASMFx', 'rkL7l7N0SfFl', 'smooth-price@sympatico.fr','Dawoj tec owzifit uf upivo mu re fokri uzbekun malti hej hu sules bobmolci job.','Thu Jan 13 2022') ;
INSERT INTO comment values('BkPmNVRSMYe', 'H1FhX4RrMKe', 'sneaky-fold@yahoo.us','Latpo wekor rihuzu zunito sigipef bo ge dut favrig tagbaecu tuucois loco di bu ijiijudu noigiho giole kur.','Tue Apr 22 2104') ;
INSERT INTO comment values('Hk_QNVASGtl', 'Syv-lQNCBzYx', 'cruel-chin@yahoo.uk','Rucik tavomsek nep mefma ta ralrebe bellef olzoc weepuce jezu konbi goftusded.','Mon Sep 27 2049') ;
INSERT INTO comment values('HJtQ4ERrMYl', 'ByP67ECBzKl', 'abstracted-authority@hotmail.fr','Onbindoz uz ku fis bazoz ac oc reil akwad goz ot fes cozme.','Fri Nov 16 2029') ;
INSERT INTO comment values('BJ5XV4ASzKl', 'rJuWg7NCrztg', 'obnoxious-basin@yahoo.net','Fejoewa hupa fok sujda konlitde bifot lakhizi petneh jujiw kifcoro urbe bir sepaj.','Sat May 29 2100') ;
INSERT INTO comment values('rysmE4RHMYl', 'Sypfx74RBfKg', 'remarkable-suit@me.uk','Fud timteta ipawihaju co sa duete wifdu disokutu pa livos mimogeli pac cetino hillail ho cem.','Mon Apr 27 2116') ;
INSERT INTO comment values('B137NEASMYl', 'B15pmVRBfFl', 'irritating-taste@videotron.com','Heuv kidik mowpe vih sumvieki buihalic ogi dimah kudowova gekji hed hiwnofnim ejais secsonal saraj cuh eti.','Sat Aug 07 2027') ;
INSERT INTO comment values('SyT7V4CHGKg', 'S1VamERBfFe', 'sneaky-fold@yahoo.us','Sis uh deb innomhop ba ugeita kacvuj pu ucufajar sangijeb kizkora tuergog puefi up be ecuwe fa.','Tue Oct 05 2027') ;
INSERT INTO comment values('HkR74E0rGYl', 'r12sQVCSzKl', 'onerous-beef@yahoo.com','Ga tec fos fej lu vu kave sadbushez koc sid kig kioh riguh fifegiun azhuf kamopeada ges nopotmod.','Thu Sep 29 2039') ;
INSERT INTO comment values('HkJVNN0BMFe', 'SJo4lQE0rMYx', 'helpless-oil@gmail.fr','Rah buv noplozi varzoac mitotu irnimacu siz gacsisbij puah poweji goaru wah.','Thu Nov 16 2017') ;
INSERT INTO comment values('HyeV4ECBGte', 'Byt-l7V0HMYx', 'obeisant-cars@videotron.us','Pokda ac lut nanasco itgo bo zochu ofopa fefe luhid la hadku razna lu lav.','Sat Sep 09 2084') ;
INSERT INTO comment values('B1bE44AHztg', 'r1szlmVASGYx', 'nimble-honey@videotron.io','Jovcak isotujute avo utileig luweg ehi um uj erarer cu duba gan dekohrub vu agki atla.','Mon Jul 29 2097') ;
INSERT INTO comment values('SkzENVAHfKx', 'Byt-l7V0HMYx', 'urbane-health@mac.co','Vouto ceghe venweefu in gupdorira papru miz og junfuki loele emekirvat osucebdi ajokugra ezouv hu.','Sun May 28 2113') ;
INSERT INTO comment values('SyXVENABftl', 'rywhQEArMFx', 'smooth-price@sympatico.fr','Jimho raw fedozmoz lupba kuj ses lib kefohra ajize ocse oh bozar nowza vo gicni jenvavo boseled.','Fri Jan 09 2099') ;
INSERT INTO comment values('H1ENEEAHzYe', 'H1FhX4RrMKe', 'teeny-crowd@mac.com','Mekvinib ufuvat ifoopa ve se pifov zu azufon kiben kebhew geg esialgoh wilagmo niw nidgu ti lap da.','Wed Mar 22 2034') ;
INSERT INTO comment values('SyBEE4ASGKx', 'rys6XV0BMYx', 'spotty-finger@me.fr','Hif ucicohi rupmo wu musehfa kimon ku gawiv beb tusga oho pi zedil afgurpep.','Sun Jul 28 2080') ;
INSERT INTO comment values('S18N4E0BGtl', 'r11QgmNAHfFx', 'spiky-air@yahoo.uk','Viiwdav hedaj jo bog humduf omma jego ehe vovgase ta es uzu ena rovapla farezape uvapug haoj naoto.','Mon Apr 02 2063') ;
INSERT INTO comment values('BkP4NNRBMFx', 'rkYCmEArfFe', 'responsible-crib@gmail.us','Luwu pedo we gu ceju lede go taveket eh varubami ak ibe.','Fri Mar 20 2105') ;
INSERT INTO comment values('BkdENECBGYe', 'rJAiQN0SzYg', 'outstanding-pig@icloud.uk','Div te ewel ra mupkoh duc ocsah mozuhez darav ezwu woja lu.','Sat Aug 29 2071') ;
INSERT INTO comment values('ByFN44ArfFl', 'rJFVemERrGFe', 'brief-sheet@videotron.fr','Banuda ud ba juumaiti ino zuahefot welgetu ceobeti sep luma gicvi micmo ijubop dodap ullige uwri kuc.','Mon Aug 22 2101') ;
INSERT INTO comment values('Hyq4ENRBzFx', 'SJ1xxXV0BzKg', 'prompt-wrench@hotmail.net','Fef ruasvo na ato hok obufis so jokulif ide poor ipofus wuk mah evura da.','Sun Jan 08 2096') ;
INSERT INTO comment values('S1iVNEAHGtx', 'BJKpXNCrGtg', 'intelligent-earth@hotmail.net','Nod agesu ru idcari me ih rias cuziwa unfidli sug nesosupan atporod.','Thu Oct 21 2094') ;
INSERT INTO comment values('S1h4NNASfKx', 'HkrAQVABztg', 'unused-comparison@mac.io','Ebhufig ozi nara to rizvadjeh sufewur ma man bac ba makses cerwihoti wugtevzo jatle mejfozig.','Tue Nov 11 2064') ;
INSERT INTO comment values('H1p4ENArGte', 'rkK1xQNCSzFg', 'loose-pancake@hotmail.us','Ihpa zampep itve zozju fo mownoh og mu je ifotucup vohiz noob ja vogaba rigi upcumi.','Sun Jun 25 2090') ;
INSERT INTO comment values('SyCEV4ABMYl', 'HJRXlXE0rfKl', 'remarkable-suit@me.uk','Alowak vawbinrij canugtes wipra nues saciz ehere ulmo zacoh usteret zaptev dorip.','Thu Jun 19 2042') ;
INSERT INTO comment values('H1JHN4RrfKl', 'HkrAQVABztg', 'incredible-week@me.io','Fes uf lebleuse aleakwi ruf ada upu maavucad ho ra zi tuecbe.','Sun Apr 05 2026') ;
INSERT INTO comment values('SkeSVNASzFx', 'ByP67ECBzKl', 'cruel-chin@yahoo.uk','Ot pe jenziwja cihbub vuhur gov johfag pu zuzfave su savu ud viaziz tiju be wakuc rocas katlefit.','Sun Mar 24 2075') ;
INSERT INTO comment values('HyZSNNCrMtx', 'BkpgxmERBMte', 'untidy-teaching@sympatico.io','Inopul ranrujin co leweb uwtok upeduna sauzo kacabtug bi obdabaw cibpe ikzewvij mol foggeb ranah guzenpe et lefto.','Sun Aug 26 2085') ;
INSERT INTO comment values('rkGrV4CHzKe', 'BJKpXNCrGtg', 'burly-cheese@me.uk','Ibanas waezu efzaser muko zumgasaf imjuwik igezehkiw nujosgo kupvug nofna pedma mauvhif.','Tue Mar 23 2049') ;
INSERT INTO comment values('HJmSN4RrzKx', 'HyQVx7ERHGtx', 'flagrant-can@sympatico.us','Ala rojkencut od ipi visfoc fuemete binta ufkedvos kugnih vegedvi saf tahjaari vul gaffutbe imjoc uprelbiz usgu.','Mon Apr 15 2047') ;
INSERT INTO comment values('B1VS4NAHMFg', 'r1KsXVRSzYe', 'outstanding-pig@icloud.uk','Rar pimwi nekgaf semiki kohofoluv zedvinmub to ce epmotjol fiz unur forfojara gifo fuc eposu.','Sat Jul 18 2093') ;
INSERT INTO comment values('HJBrVVRSMFg', 'HyvJgmEABzFe', 'brief-sheet@videotron.fr','Doz jesonu fefivwa uv cojevow zavwu alpu voh rop na jun lus tog eraniize vumwe.','Sun Nov 09 2036') ;
INSERT INTO comment values('Sy8HV4CBfFe', 'B1kMxQNRrzFg', 'incredible-week@me.io','Ziufugok naoto upikutne amu efihu tucced rej foszoif wa cinikri puz jaulairu.','Thu May 20 2060') ;
INSERT INTO comment values('HyDHEEAHzFx', 'rJuWg7NCrztg', 'unused-comparison@mac.io','Ji edalolki bonji huh jabciwwe opfukkuc rabbuih enej ahiucta epeapbaf ladzowtu icesibdoz rimti hejpi enoveaza ki.','Wed Jul 25 2063') ;
INSERT INTO comment values('H1OSVEAHMtx', 'H1FhX4RrMKe', 'untidy-teaching@sympatico.io','Ga zethu doruzreb su pihgez sefopwa hob tuuve me sa voca pe nilhug sacok beppuhzow ascu.','Mon Feb 14 2089') ;
INSERT INTO comment values('rkYrVEAHftl', 'BJemxQECSGFl', 'helpless-oil@gmail.fr','Me tazdufji roah kuncabgad doawegid pe taza namemuci hiza mi ah ju pazov jenco.','Sun Jul 09 2062') ;
INSERT INTO comment values('H15HE4CBzte', 'B1kMxQNRrzFg', 'teeny-crowd@mac.com','Hopboce mibe soarene uhdic igepa vimafne zadod iwo ulesih peuta cub uzien tofu ejbi.','Sun Dec 28 2064') ;
INSERT INTO comment values('SyjSE4ASGte', 'H120mVCHfYl', 'tiresome-rule@mac.ca','Ageniepu faeh co lu julgafko pilasod erozuk lauv dohwonen ij mabzih getiw cipar.','Thu Nov 29 2074') ;
INSERT INTO comment values('SJ2S4ERrzte', 'Hyt7lQ4CBMte', 'urbane-health@mac.co','Ji ru zupro fi boni um petajme zemi hujzipake werjuv lo topcizuw komdubmi bu.','Sun Sep 15 2075') ;
INSERT INTO comment values('rkTSN4CHftx', 'SkyVg740BMtx', 'deeply-achiever@gmail.uk','Fekin tumsuwo afouj sahvoh aci bol rir mubvekle eka uwewuv gorokonoc dede.','Sat May 06 2079') ;
INSERT INTO comment values('SyCrVVCrGtg', 'BJemxQECSGFl', 'nondescript-doll@videotron.ca','Leg cuv homohawi zelopogu lovjaf idfohuc gok ebpogu tipadug ihejuv fivvoore vefot.','Wed Jun 27 2063') ;
INSERT INTO comment values('r1y8VEArfFx', 'S1Cgem4ABzte', 'abstracted-authority@hotmail.fr','Lelid mez potsisov rawakzik ze sezcoce hedwaji kus ujopi zot vu vutga dini jolop beh vo iv pacal.','Thu Dec 27 2040') ;
INSERT INTO comment values('rJeUV4RHfFx', 'SkHVemV0rGFe', 'canny-voyage@gmail.uk','Jom cimabcaw dupize hozwerog senhet rop riiwinik amjij poc pi ruhaf jomeun sabibov pugfesev.','Fri Jul 01 2089') ;
INSERT INTO comment values('Sk-UEVRSGYl', 'rk9gemERSMYg', 'unbiased-tub@gmail.io','Niw wakgop herokebun debocem gu zizaszew ti viksiljew webapsu rig ni zakefdeg mag jat tipzouwi.','Sun Apr 23 2056') ;
INSERT INTO comment values('rJGIN40BMte', 'HknGxXVCBfYe', 'ample-railway@icloud.ca','Lomkasko ruc vuwri kedo zusneebe fa wektil rinzo hiiwo reb podoc um ba.','Wed Dec 04 2075') ;
INSERT INTO comment values('ryXLV4RBGFx', 'ryz4gXE0SMKl', 'unbiased-tub@gmail.io','Sitapuju se wulde hitiv oz ozigafbep hej gumvovkod noh duun zew gin uretaran civu ba jihba ipmoni ehezo.','Fri Apr 07 2028') ;
INSERT INTO comment values('SyVUEV0Hftx', 'Skj1lXERBfKl', 'nondescript-doll@videotron.ca','Fanvew cohipih jimatke haspepuc mesgerfef faanu gezu omluhim pu uwbufu dibkaf gislij.','Wed Dec 16 2037') ;
INSERT INTO comment values('HkS84V0rfte', 'S1ime7ECHzte', 'onerous-beef@yahoo.com','Lubilwon wolraldec das bofefe kehafo armure espaco cebridoso ik opuca lazesuf zebdi niajta.','Thu Aug 16 2114') ;
INSERT INTO comment values('Sk8LEN0BMtl', 'r1szlmVASGYx', 'sharp-crate@hotmail.net','Logoh fahjuv janifuz sebum buv guckel aktu va alamotmic kakuwvi besvirtet libusik hodah cu jebibeb lesel ukcug wubduj.','Wed Jul 11 2057') ;
INSERT INTO comment values('HJPI4E0SGtg', 'HJvNlQEArzFe', 'canny-voyage@gmail.uk','Ahomak uzo pihuhgo uglincoc cuvowmev ce gorzi ukno gu rebhedug ak saf zotdew rimuswef fuido wac.','Fri Nov 27 2116') ;
INSERT INTO comment values('SkuLEEAHMFx', 'SyqoQNCHGFe', 'helpless-oil@gmail.fr','Tu wocilo juke ofefoffi muf fuizinor dav wu burfam zibsimih kunwaile upupoc ga soozahi enubavap zamet vekfe.','Fri May 15 2020') ;
INSERT INTO comment values('HytUVE0SGKe', 'Sk8Ve7ECrzFx', 'mighty-fuel@mac.net','Utisevaz owavag zizfic orepce azevu vomo fo alanees dih mistin wulredar weucehu itso gawnerewe.','Mon May 10 2094') ;
INSERT INTO comment values('rk9IENCrfte', 'Byt-l7V0HMYx', 'brief-sheet@videotron.fr','Wi erkah kigu pi wohemdab ofeka vu pumapjer ze nevlu nuj ipuiwewo hutmefa.','Sun Dec 02 2108') ;
INSERT INTO comment values('S1j8440HMFl', 'S18ylmNABMYl', 'painstaking-aunt@icloud.com','Haavuhus dintu utaza ebuhu hibef fizbune daretdak dojukgi hudgin huro wa vokel pitizla ti tar go izbemhar.','Sat Apr 08 2017') ;
INSERT INTO comment values('H1h844RHGFx', 'r1KsXVRSzYe', 'known-toothbrush@yahoo.uk','Owzuc igehuawa zir pe pobram zim bit ocpotoke erihajpap bilposte tisute ripod.','Sat Nov 23 2109') ;
INSERT INTO comment values('HypUN4RHGKe', 'HJrQlQE0BfYx', 'unbiased-tub@gmail.io','Jakug fi mon nic montipjo etcuj de dunuf luh wof dit luw dac mop miok kefo teeb.','Sun Feb 16 2087') ;
INSERT INTO comment values('B1R8NN0HMKe', 'rJNNeXN0HfKg', 'ample-railway@icloud.ca','Go go vim zol sekom fo silfe unmom dic ha caazbam ehcer rorinen.','Sat Nov 10 2103') ;
INSERT INTO comment values('rk1vVN0HMtl', 'rJNgeXNCBztx', 'responsible-crib@gmail.us','Hogib ekouj jop mosle novog homlu puvufu zilsi he hutbuk weggok var.','Thu Jun 25 2065') ;
INSERT INTO comment values('r1ewENASftl', 'B1WTXNCBMFl', 'obeisant-cars@videotron.us','Ci nudo habiug vo dol zazef opekono kiegi as fe edma duweva calpodkos wuhuwuki kikwez dob.','Sun Feb 02 2059') ;
INSERT INTO comment values('HkZDVVAHfKg', 'B1kMxQNRrzFg', 'ashamed-join@videotron.uk','Dojekze wunag dazzuzi kokis nefdimcuv ce ol ibujadkun hi lihravpev ok miwbisu taulzuj juem ridulne.','Sun Nov 19 2034') ;
INSERT INTO comment values('B1zvE4ABMtx', 'S16JgmEABfKe', 'giving-quartz@icloud.co','Vaeb owkobe to ap bo laduj obigu emmo hencuago gatjuh ja wor dir utewe.','Fri Aug 23 2030') ;
INSERT INTO comment values('SJ7wNNAHMtx', 'S1OamEASfFl', 'irritating-taste@videotron.com','Kohehte fe rusimuku jinig or oti maicu goltek evatudgif tefu zidujlo kiko viwsig ofili vohfab hu.','Wed May 30 2108') ;
INSERT INTO comment values('r1Nv44ASftg', 'ryfTQ4RrfKl', 'important-mass@videotron.io','Kihhohi ehaerusa ca tofsici didobuju pa ewa napjussol sede set debifsu jec kowezken.','Wed Jun 12 2041') ;
INSERT INTO comment values('HyrvNV0BfKx', 'HJRXlXE0rfKl', 'outstanding-pig@icloud.uk','Poneg baeta oggejroc runwi kottuz si rep ido wu so vezboku var.','Mon Apr 05 2094') ;
INSERT INTO comment values('B18v4VCHfKg', 'rJb1l740HMtg', 'burly-cheese@me.uk','Bu famzuj inimu suzmo ud lagiki conoaku poz jofu juf edemi bezide vadwes gartekef.','Thu Jul 29 2027') ;
INSERT INTO comment values('SyvP4VRSMYx', 'rJb1l740HMtg', 'brief-sheet@videotron.fr','Buoci zut ri soj horu pebdi sed udfohge donnipfi suco von per bawbof ij ilo uluseoba.','Tue Jul 30 2041') ;
INSERT INTO comment values('rkuDNE0Hztx', 'r1LMemNRBfte', 'equal-letter@yahoo.io','Ojamegot ru geapipiz pus picatte uspug galtetci hejkadu gimsu juare no hedidum mepe wiha noiwebod mizo lej.','Wed Aug 11 2038') ;
INSERT INTO comment values('SkKPN4CHzKx', 'BJKpXNCrGtg', 'painstaking-aunt@icloud.com','Wanokah hulnup tasefi kannirok punib meaca ruke pij dot ruc ebaufbi bigahga sevezu jahmoj jaji beige noizmu ce.','Thu Feb 18 2100') ;
INSERT INTO comment values('Sy5wNVArztx', 'BJUam40HMKx', 'nondescript-doll@videotron.ca','Nepic ezocam ufopab izuja cicu duhwemip usfe firi jup lovusu ko focporbo jiozuek lol icedudgid opjis.','Sat Apr 03 2094') ;
INSERT INTO comment values('S1jvE4CSMKe', 'HyvJgmEABzFe', 'spotty-finger@me.fr','Sedututa areazbak atufinuz etiziwkif hoec moswo folril suzvulen pis va ihu rabiruduk.','Sun Jul 01 2035') ;
INSERT INTO comment values('HJnDNNArfFg', 'Sypfx74RBfKg', 'painstaking-aunt@icloud.com','If labueke noswe hebmuvjaf co landesnul cus ignut pobzot ja havalzab oneafiwe tazwufno ipse zovum dekra.','Sat May 15 2094') ;
INSERT INTO comment values('HkTP4ERHfKl', 'S1B3XEABMte', 'spotty-finger@me.fr','Kufkannu zizuvis dehem wamcalane mumri vo ejo agfis tefut milda fuffi vibpeubo.','Thu Mar 17 2022') ;
INSERT INTO comment values('ry0wNVCrMFl', 'HknGxXVCBfYe', 'incredible-week@me.io','Hejeleheh zenjo jaz rif es ihane wolet nagkowgeb hesze gic pefi pi lemvuva kog zij ucsoh.','Fri Sep 17 2088') ;
INSERT INTO comment values('B1ydEEAHfYx', 'HyqhmVCHGYg', 'sneaky-fold@yahoo.us','Kuwop kaukjih buwagfa wubkocos tino mu cumpuw hi nelkep bubadaz umefi zovik.','Tue Nov 03 2037') ;
INSERT INTO comment values('r1euNVRSftx', 'r1mxlXV0rzKl', 'mute-dime@sympatico.net','Jituuz zo watiaki he sofmakucu decispaz dijzi huwif divo ijimeir wu fi utahi ope.','Mon Mar 14 2061') ;
INSERT INTO comment values('ByZOEERHGtg', 'ByFxg7ERrztg', 'cruel-chin@yahoo.uk','Ogbub in ede laadi cilirapa zoome tiz ruvnacoj mafu hicet cig pu canun opieclu tettu bari ipeles eku.','Wed Aug 27 2053') ;
INSERT INTO comment values('rkGdE4CBfKl', 'r11QgmNAHfFx', 'wakeful-quarter@me.us','Pi ha patelnod mukimlag fauge reprij vaja iso ke kuv anmafma beja eda atooh nusnov zeg novdeih ofatduz.','Tue Jul 23 2058') ;
INSERT INTO comment values('S1md4VRrztx', 'Byt-l7V0HMYx', 'learned-carpenter@me.net','Isiv cajmoiv obolvo kadokevum pusavi vel liukpok zepvob ciwiw colkos lowezgoh soveedu hawoubu dojbe sagsawal ibucucod nem.','Mon Nov 01 2088') ;
INSERT INTO comment values('rkEuVNCSfYx', 'rkvzlX40rMYx', 'burly-cheese@me.uk','Dartasag fip ukikuoc pe bewuto vognu zozaziv sicsihme muwoja re seduw wasipku fob lus hawan.','Wed Sep 28 2050') ;
INSERT INTO comment values('BJBd4VCrzFg', 'HkXa7VArzFe', 'urbane-health@mac.co','Og se sab cumkuz ced am bengicno vab okavuj te ca okeuno cibevvuf ki rezuzbu.','Sat Jan 03 2111') ;
INSERT INTO comment values('SkL_NN0rGtx', 'BkThmVAHztx', 'sharp-crate@hotmail.net','Va gamnojufa viar al vunkug hu tap sempa wumreeh evnagbik cudkup ne wa asoejofi diesi bolvaur vekaga.','Wed Feb 06 2036') ;
INSERT INTO comment values('SyD_NE0SMFx', 'HJRblm4RSGFx', 'heavy-language@icloud.us','Lecevi uvici fekaz athahe idurit moijeav wemuf jamafe lavna rok ze tiw.','Thu Feb 28 2109') ;
INSERT INTO comment values('SJuu4VCSGKx', 'Hyb-lXN0rMFx', 'giving-quartz@icloud.co','Mesbevat wiw ojlozre ifi law mutmebceg sihutbib fohcip kofujme ke ni ingobji gi ludelced me kodun go.','Sat Sep 18 2094') ;
INSERT INTO comment values('ByFu4VAHMFl', 'rkvzlX40rMYx', 'unbiased-tub@gmail.io','Zupna gevoviw utreuve ma defbu zujiov patpez ecugucloh vosimog nika kihzadu ce gicpo.','Fri Aug 13 2094') ;
INSERT INTO comment values('SJq_VVRBMFl', 'Syv-lQNCBzYx', 'obnoxious-basin@yahoo.net','Ow niz titu miiteke ica owehe duwewre ijagid uzasuli sat zew uflopotu uweemfas lo punideti luk canloprik.','Sat Apr 01 2090') ;
INSERT INTO comment values('HyouVERBzte', 'H1CylXECrzYl', 'responsible-crib@gmail.us','Afmigme jol egbonuz cigtew fow ali ok sihi vodlorata ozunu ufzu fosihe tevuka.','Sun Mar 29 2099') ;
INSERT INTO comment values('H13dVVRHzYg', 'r12sQVCSzKl', 'minor-cable@me.ca','Ez zinge oveg ohu urlo okuupevub es san guf ziwuceki kiunbe dozbepbet nad revijobi ze ajuuzlok.','Tue Feb 26 2047') ;
INSERT INTO comment values('r1TdVNAHzYg', 'S18gemERSMKx', 'flagrant-can@sympatico.us','Fozkag dub cepvohi ap maggogir haciwis vatte cefed wes toho zakod cug atcivpa ukufu ebe ev.','Sun Oct 27 2080') ;
INSERT INTO comment values('H10dNECrfFe', 'BkDlgXERHftx', 'wakeful-quarter@me.us','Tajit wekefo tuj titkug ka ve falruvo to jeji ja lop tovopo wennaj waburuh nowepde kigokzav zaw.','Sat Dec 01 2057') ;
INSERT INTO comment values('rkyt4NRrzKx', 'S1XyeXECHfYe', 'learned-carpenter@me.net','Ru rovugoz utamalom lajen wah lamhir nuercuc tocfa sulac re ren hi ic ahze.','Sat May 29 2077') ;
INSERT INTO comment values('SJgYN4CSGKl', 'BJlpmEAHMYx', 'tiresome-rule@mac.ca','Erbo nebe eskizuh haca utpi upuce poib afe imaazo su onito was panawegah esu.','Mon May 13 2086') ;
INSERT INTO comment values('ryWtNECHfFl', 'rJUbgmNCSzFe', 'nondescript-doll@videotron.ca','Nedsi pob dozo hohemi zitoh dowlun ge zuwur vimuuda mewi giozaus fikaffe vunup fezfi hob tet fojateuf asaba.','Wed May 06 2043') ;
INSERT INTO comment values('r1ztEEASMYg', 'HJ-nQVRrfFg', 'known-toothbrush@yahoo.uk','Bukvivpaf conwo junejmik ononandec nenkon wipopuwi amizaewa ucu voheguji cepigid taferpi piwear.','Fri Aug 03 2096') ;
INSERT INTO comment values('H17K440SGKe', 'r1LMemNRBfte', 'giving-quartz@icloud.co','Wizozjac vuseah heksiscog firodep puge kihud facpon alimujhu ditov jaomuzi bucuda vatiz fiisefa riwur mow povef bew kajbuszi.','Sat Apr 28 2029') ;
INSERT INTO comment values('BJVFEN0HGte', 'H1j0QV0Szte', 'native-form@yahoo.uk','Im cil puvohmed puruger az tacra ilrutsu abaja mercehi gulsuz hibencen iri gom muufo bazgeubu za hugriv.','Thu Oct 01 2082') ;
INSERT INTO comment values('BkStNVCHGtx', 'rJuWg7NCrztg', 'deeply-achiever@gmail.uk','Zegpe jejpa hikkiuju kahge teol bo hoccacva vuluvbe oji coos igmusa so tus cel zuwzu.','Sun Sep 12 2060') ;
INSERT INTO comment values('HkIFEECSftx', 'rygCQE0SGYx', 'incredible-week@me.io','Ezgawul fiisdaz re huwi olu norbomo tuh bissenac non ede uf genwe pueviboh memefah ic cuh jirutfa do.','Fri Sep 25 2020') ;
INSERT INTO comment values('rJPFEN0rfKg', 'ryBxx7VABGYe', 'helpless-oil@gmail.fr','Naj ni sopma vasukufo sojo wizhocsu rulor azaudebi ja midi citecla ovozeg kehowlus fev zullibzaj widanopi.','Sun Apr 08 2040') ;
INSERT INTO comment values('Sk_KEVCSzYg', 'rJnJgQVCSztg', 'uttermost-weather@hotmail.co','Zu remic sataal na divadizul edehi na ere licfim fasgu donaduz kewisivi.','Sat Oct 03 2093') ;
INSERT INTO comment values('rkFF4NCHzYx', 'S18ylmNABMYl', 'brief-sheet@videotron.fr','Efois kuhujew fusfog cikewot duiza zuuhluj ordonup sup tudhejmo dipagewej ceoroji zukehsa mi lo nec wi.','Mon Jul 20 2054') ;
INSERT INTO comment values('HJ5YEERrMKg', 'HkkpmNCrfYe', 'incredible-week@me.io','Runpoz ewhec fojpuw to cesori ucijujkal pume cojnonne lo vetol sujsonim womvit juv on kasgauba tifol tuvhah keoknoz.','Sat Apr 15 2023') ;
INSERT INTO comment values('HJsFVN0rMKe', 'Byt-l7V0HMYx', 'uttermost-weather@hotmail.co','Ribzaul wafadag uzu weik meg juedker vokis feeb oja bokfis jewpegit jetgo.','Wed Aug 26 2116') ;
INSERT INTO comment values('Hk2KNNCHMtg', 'Hyb-lXN0rMFx', 'irritating-taste@videotron.com','Mashafcah mivlak amdep toafjot osu uzomibni hehohit erori depepoaf utizew vulupe faz vaki un gu ucedutuhi cunefow erovolrir.','Fri Oct 31 2064') ;
INSERT INTO comment values('ry6tVERBzFx', 'HknGxXVCBfYe', 'ample-railway@icloud.ca','Mid tu uv fohzebbuk lajag ivasi wo ken winle jotiti cicra guwcehzah.','Fri Aug 02 2047') ;
INSERT INTO comment values('SkRt44AHGYe', 'Skj1lXERBfKl', 'native-form@yahoo.uk','Gejvib rohut boh miwuchek wam onu ako puguc fi feghe fokbe ji jiebubo upufoc hakijole.','Mon Oct 31 2072') ;
INSERT INTO comment values('ry19ENRHMtl', 'rk2blQVRSftl', 'spiky-air@yahoo.uk','Lap zu irki rebav oh hefik neoma mewfalzif fen tirgazov pahus raus cakhu begzotbu sa.','Thu Nov 18 2077') ;
INSERT INTO comment values('ryx944CHzKx', 'SkyVg740BMtx', 'helpless-oil@gmail.fr','Jutreful gije ufvawmow liamar uco rumabul no vip cinva vo apregpuz ruhdowa ote ket pojof.','Wed Jul 13 2107') ;
INSERT INTO comment values('ByZcV40BGKe', 'SkxfeQ4RSMtg', 'heavy-language@icloud.us','Zo tokev per kegen sajoki pek vetirdej vi docut gobju nogcu pehju.','Thu Dec 20 2029') ;
INSERT INTO comment values('rJGqE4RSzKl', 'rkogxXN0BGFe', 'giving-quartz@icloud.co','Taaga vediw paehe kivmiw go hob sogwezi kajemmek mopke nubo ocucaele tod evitineb lipdiw lukfu nap dol.','Fri May 27 2033') ;
INSERT INTO comment values('H1Q54ECHMte', 'rJNNeXN0HfKg', 'wakeful-quarter@me.us','Zoiltiw tesuuta ju ki mu efeowam gu du padvael puzucod ra tiragi kodep.','Mon Aug 26 2109') ;
INSERT INTO comment values('H1N9NVCSMFg', 'BJAam4CSMYe', 'ample-railway@icloud.ca','Hitriv navkazan zakek mi guz kol nev miub pilep ed lokacos cu vaphituf koksorbub raf re.','Fri Jul 25 2070') ;
INSERT INTO comment values('BkB9ENCrfte', 'H1HpmVRBGYg', 'untidy-teaching@sympatico.io','Deas egumudmor cem nidbemsi udo weac tow mumed gupo gof rera ruavazip nikil loecawu ta gasossar bef.','Wed Nov 05 2036') ;
INSERT INTO comment values('SyI9VNRHfYx', 'Byp7eXVArztx', 'nondescript-doll@videotron.ca','Bu zalbigum vucjeti lesuug vevjaina huebti gakeite eneka fevjuk rijil fagut wa ru enuukulil tuvsekdi ba motubgim takawe.','Sun Sep 21 2053') ;
INSERT INTO comment values('H1PcN40Bztx', 'r1mxlXV0rzKl', 'brief-sheet@videotron.fr','Zinetik baaddi pop rejaru mew mofvi dodte omu du ros lusuw nomazsoj.','Sat Jul 07 2068') ;
INSERT INTO comment values('Hy_qN4CSfFg', 'SkjWl7N0HMYl', 'sharp-crate@hotmail.net','Egce ehu jepzajod duhowno memuttu em mew jume la getgokzef gi fokuz.','Thu Sep 18 2098') ;
INSERT INTO comment values('rJYcNVABzFx', 'rkYCmEArfFe', 'learned-carpenter@me.net','Vojbumin him jukujuz wevatiw mifzime gombewlo nilajuta sacbep izvordu ec ve wochi tob.','Sat Oct 29 2072') ;
INSERT INTO comment values('BJ5cV4CSGtl', 'rJebeX4CBfFl', 'pink-shop@sympatico.com','Cihoj ba ta jacve cuhtucu kazer ohe ajego pokjud erewe zijih wu bacpulgag wocoznop.','Wed Oct 11 2028') ;
INSERT INTO comment values('Syi544RHMFl', 'BkOAXEAHGYx', 'brief-sheet@videotron.fr','Faopu siw towvupo vowki sub fibav ma jufru pormo legtid zejbisup gunur mocisero zifpibal reggowi.','Tue Feb 19 2047') ;
INSERT INTO comment values('rJncN4ASzFg', 'HJ5CX4ArGtl', 'mighty-fuel@mac.net','Emibe tu tafinu kofas odratmi rapoul ten nof cerivum visatwut isohiwmow rosofhot.','Wed Apr 17 2115') ;
INSERT INTO comment values('Skpq4VAHzFl', 'rJWge74ArGYe', 'ample-railway@icloud.ca','Lan fo mef oc dadokunic ozo endik po powed miano funafi sewtac cehnow.','Thu Mar 08 2040') ;
INSERT INTO comment values('HyCc440SGKx', 'SyJ2XECBztg', 'painstaking-aunt@icloud.com','Kago jivem di wudebuzi bo felfogdi kize ec jun cehja wosa rem kelve boj olkife ta midogdi sajze.','Fri Sep 06 2115') ;
INSERT INTO comment values('SJJsEVCBGKg', 'HkcflQNABfKg', 'wakeful-quarter@me.us','Kuvlut id ojamut tugsi emsusuka va wencen vujpa vul tidon novzul ehre vuf.','Thu Sep 06 2108') ;
INSERT INTO comment values('SkeiVV0SGtl', 'B1LnXEArftg', 'intelligent-earth@hotmail.net','Covozre nehuckok mu teviep bimateibi sadab is eja teucodep cowu ciavu puwjegop wu mosbu atmew otorve.','Tue Dec 27 2095') ;
INSERT INTO comment values('rkWiV4Crzte', 'r1KsXVRSzYe', 'urbane-health@mac.co','Ubcoj wu zobegoke vuwda levaok li buitu ozekegu bofdo vezsiw aku po sozcapen ume.','Fri Feb 01 2086') ;
INSERT INTO comment values('r1zi4N0SGYg', 'HJ1ZgX4RHGFg', 'irritating-taste@videotron.com','Ih lijupgel vide lagcuwlu oji kekepzi ginisca parimti adawes fiku mu re.','Thu May 02 2019') ;
INSERT INTO comment values('rkmo4ECHGYe', 'HJvNlQEArzFe', 'loose-pancake@hotmail.us','Peg bo urufe mupus fehrool daahoza uzcokeb gewovo itgek woik disuflub lodawew paezevuj.','Mon Jan 22 2074') ;
INSERT INTO comment values('HyEs44ABftg', 'HyEXxQECSMFe', 'warlike-bubble@icloud.us','Ebaowu jukti wot imane kerwa ij folpu tosidut vi heke utaupemul dip potfa ipicona vopathe.','Sat Dec 06 2081') ;
INSERT INTO comment values('SySiE4ArfKe', 'S1Cgem4ABzte', 'minor-cable@me.ca','Puz va edremi izi ga wobpa naif nec unkeug bebkeiv obe golad vegogsun wiczom vi gu robolad nolu.','Sun Dec 09 2103') ;
INSERT INTO comment values('H1UjEVArfFe', 'Hkd1g7NCSftl', 'pink-shop@sympatico.com','Buwbic ascukoze wekdid cegasam zoduvbur danokol solzo sem waawilu cudalenu ducgi pepa zebopcu ojuke.','Mon Jan 19 2065') ;
INSERT INTO comment values('rkvsVE0rftl', 'SJm7xQVCHGKl', 'cruel-chin@yahoo.uk','Luri dawa pezehzis uwpi uruwep luvuw biduki supem ajunahem bukvud sikwe fo es.','Fri Jul 02 2094') ;
INSERT INTO comment values('ryOjVE0SzYx', 'HJ-nQVRrfFg', 'giving-quartz@icloud.co','Huguke genhornad pofuw ohsib awice sahmoc wufwob sewoat pe ersetube ne herbel icedi.','Wed Jul 13 2112') ;
INSERT INTO comment values('B1KsENCHGYg', 'B1WTXNCBMFl', 'important-mass@videotron.io','Jimanafi ob ze gabehi gojetos vagu burejden tere zisod lognirom bijap poc fan dide tasko giuci.','Fri May 12 2062') ;
INSERT INTO comment values('B15jEERrGYe', 'S18ylmNABMYl', 'equal-letter@yahoo.io','Cofi eg buzcu hoduwdu tumafe ugeebih cipjuf lerzuf mon jurajan imsurmav ruaru fu na.','Sun May 12 2024') ;
INSERT INTO comment values('H1soV4AHfFg', 'HkffxmEArGte', 'canny-voyage@gmail.uk','Jejdaje ne soh zad obcokme jubju ono zo nih lomcibow ki febut aseniv teiju.','Sun Apr 07 2030') ;
INSERT INTO comment values('rJni4N0Hfte', 'ryNyeQERBMFx', 'painstaking-aunt@icloud.com','Notwedab nusuwo ev ibiv howho jis cup azbe kagvodu wudsizli tunakmo zar cezniid.','Sat May 10 2025') ;
INSERT INTO comment values('HyTo4NArzFe', 'BJKpXNCrGtg', 'wakeful-quarter@me.us','Kit jaiwu kokre pardewbu mi cecimem okupe iguhi acolemwar asogej ca ajaat siwutak eja jetbec cigod.','Wed Jun 21 2051') ;
INSERT INTO comment values('HJRiEVCSMKe', 'ByXbgQN0BMYg', 'cruel-chin@yahoo.uk','Didduam ej suadus jocube voftev no tu okarif sisubta fij zanpurnot vinipa riine.','Mon Sep 16 2080') ;
INSERT INTO comment values('rkJ34NCHftl', 'rywhQEArMFx', 'canny-voyage@gmail.uk','Lo eha berihen duru nag ivpac efbak li cipjic duwac tikigago fopgur avzelnuc luje bucawo velha.','Fri Sep 19 2092') ;
INSERT INTO comment values('rylnNE0BfYl', 'ryBxx7VABGYe', 'painstaking-aunt@icloud.com','Jafvirzap co cevefa la jenaiw zawwe naj tefaltog ufi fenaw ukcan kogboka hik nep curliovi.','Sun Jul 01 2057') ;
INSERT INTO comment values('HkbhVVAHfKl', 'rk2blQVRSftl', 'obeisant-cars@videotron.us','Tos sog anumah pu kemcifas inoaki kebsi wunitet deztivu upgoh ik alhor ridfe decu sokuh jij je lakri.','Tue Sep 05 2056') ;
INSERT INTO comment values('B1Gn44RHfYg', 'H1FhX4RrMKe', 'warlike-bubble@icloud.us','Suanotak gajucit ibekod ruc gezat ret wimibse za fil sut sidiv fim.','Fri Jul 29 2033') ;
INSERT INTO comment values('ByQn440rfte', 'SkjWl7N0HMYl', 'ample-railway@icloud.ca','Omioho buk juvoh wavap jom mip luw erapup neciece ahsul lili genca wanke ijesuep calda ko fidevul lipehu.','Wed Aug 16 2113') ;
INSERT INTO comment values('ByEh4E0HMKx', 'SkjWl7N0HMYl', 'responsible-crib@gmail.us','Egovazca fomufu jidzanju hovutze po fuzuguj roluc abegafah cedabmu kuora izeehibiw weowuazo uc ton kivir cemedim tis.','Thu Sep 10 2111') ;
INSERT INTO comment values('HyBnNECSMYx', 'SkyVg740BMtx', 'obnoxious-basin@yahoo.net','Maak vo zehu liva wutlatfig jusbi ani mimdeji pougbu uku pojmib me berbuhi ra pibejdef vap tuvawfom luwkowzo.','Sat Jul 12 2064') ;
INSERT INTO comment values('Hk8h4ECBMtx', 'HyqhmVCHGYg', 'onerous-beef@yahoo.com','Tifbades dohi tovgo zubpisu pibkes gomublet vihipe tuk ba nile walolil lepwuzoza ejadu go nuukerin.','Tue Apr 22 2025') ;
INSERT INTO comment values('SywnEVRHMYg', 'HJrQlQE0BfYx', 'remarkable-suit@me.uk','Tod gueki zesetic faburil simontek cep cir talne ciig kenec avtale hu ruc akinicoj jafica.','Sat Feb 10 2074') ;
INSERT INTO comment values('Syu2N40rMYg', 'B1LnXEArftg', 'outstanding-pig@icloud.uk','Jimta arien ojibivzen anafid ba hahpet sieh ezukoh ekbu zamgowlen hogbiko hanole obda ezimi zoj.','Tue Feb 18 2053') ;
INSERT INTO comment values('Skt3VE0BMFg', 'S18ylmNABMYl', 'burly-cheese@me.uk','Dezemis juv ehgo gikihez hi vo aciasoeh oweerije copeku efigora lob akzivupi olecevu ojajo ku okokji ubcijri ujpog.','Fri Jun 21 2109') ;
INSERT INTO comment values('HJqhENAHfYg', 'Hkd1g7NCSftl', 'mute-dime@sympatico.net','Keridkan be gozpak rellanac tujboafo wupi fonun joasa jetvemve wirlodoh be coho.','Wed Feb 16 2022') ;
/* Script generated Wed Feb 15 2017 16:54:51 GMT-0500 (Eastern Standard Time)*/

INSERT INTO follow values('obnoxious-basin@yahoo.net', 'tiresome-rule@mac.ca', 'Tue May 21 2030') ;
INSERT INTO follow values('onerous-beef@yahoo.com', 'warlike-bubble@icloud.us', 'Mon Sep 26 2101') ;
INSERT INTO follow values('smooth-price@sympatico.fr', 'spiky-air@yahoo.uk', 'Sun Jan 22 2017') ;
INSERT INTO follow values('giving-quartz@icloud.co', 'tiresome-rule@mac.ca', 'Wed Jul 02 2036') ;
INSERT INTO follow values('untidy-teaching@sympatico.io', 'urbane-health@mac.co', 'Wed Jun 12 2024') ;
INSERT INTO follow values('warlike-bubble@icloud.us', 'canny-voyage@gmail.uk', 'Sun Oct 03 2100') ;
INSERT INTO follow values('burly-cheese@me.uk', 'obnoxious-basin@yahoo.net', 'Mon Oct 04 2117') ;
INSERT INTO follow values('pink-shop@sympatico.com', 'responsible-crib@gmail.us', 'Sun Jul 19 2065') ;
INSERT INTO follow values('urbane-health@mac.co', 'mute-dime@sympatico.net', 'Sat Feb 24 2018') ;
INSERT INTO follow values('minor-cable@me.ca', 'warlike-bubble@icloud.us', 'Wed Apr 01 2071') ;
INSERT INTO follow values('spotty-finger@me.fr', 'brief-sheet@videotron.fr', 'Sun Oct 06 2047') ;
INSERT INTO follow values('helpless-oil@gmail.fr', 'native-form@yahoo.uk', 'Fri Nov 03 2045') ;
INSERT INTO follow values('ample-railway@icloud.ca', 'learned-carpenter@me.net', 'Thu Jul 06 2045') ;
INSERT INTO follow values('prompt-wrench@hotmail.net', 'untidy-teaching@sympatico.io', 'Thu May 23 2041') ;
INSERT INTO follow values('urbane-health@mac.co', 'sharp-crate@hotmail.net', 'Sun Dec 24 2073') ;
INSERT INTO follow values('sneaky-fold@yahoo.us', 'equal-letter@yahoo.io', 'Thu Mar 12 2099') ;
INSERT INTO follow values('responsible-crib@gmail.us', 'urbane-health@mac.co', 'Mon Jun 24 2086') ;
INSERT INTO follow values('equal-letter@yahoo.io', 'wakeful-quarter@me.us', 'Wed Sep 27 2051') ;
INSERT INTO follow values('urbane-health@mac.co', 'cruel-chin@yahoo.uk', 'Tue May 19 2026') ;
INSERT INTO follow values('spiky-air@yahoo.uk', 'nimble-honey@videotron.io', 'Sat Aug 03 2019') ;
INSERT INTO follow values('smooth-price@sympatico.fr', 'important-mass@videotron.io', 'Fri Feb 26 2027') ;
INSERT INTO follow values('sharp-crate@hotmail.net', 'learned-carpenter@me.net', 'Thu Jan 14 2072') ;
INSERT INTO follow values('brief-sheet@videotron.fr', 'wakeful-quarter@me.us', 'Mon Dec 03 2040') ;
INSERT INTO follow values('unbiased-tub@gmail.io', 'burly-cheese@me.uk', 'Thu Oct 20 2078') ;
INSERT INTO follow values('pink-shop@sympatico.com', 'heavy-language@icloud.us', 'Tue Apr 25 2090') ;
INSERT INTO follow values('outstanding-pig@icloud.uk', 'equal-letter@yahoo.io', 'Mon Sep 26 2039') ;
INSERT INTO follow values('unused-comparison@mac.io', 'obnoxious-basin@yahoo.net', 'Sun Dec 19 2088') ;
INSERT INTO follow values('known-toothbrush@yahoo.uk', 'minor-cable@me.ca', 'Thu Aug 05 2049') ;
INSERT INTO follow values('abstracted-authority@hotmail.fr', 'uttermost-weather@hotmail.co', 'Fri Oct 20 2084') ;
INSERT INTO follow values('minor-cable@me.ca', 'onerous-beef@yahoo.com', 'Tue Nov 13 2108') ;
INSERT INTO follow values('nimble-honey@videotron.io', 'helpless-oil@gmail.fr', 'Mon Sep 24 2068') ;
INSERT INTO follow values('painstaking-aunt@icloud.com', 'minor-cable@me.ca', 'Sun Oct 29 2028') ;
INSERT INTO follow values('intelligent-earth@hotmail.net', 'loose-pancake@hotmail.us', 'Mon Sep 10 2085') ;
INSERT INTO follow values('tiresome-rule@mac.ca', 'irritating-taste@videotron.com', 'Mon Jul 29 2115') ;
INSERT INTO follow values('sneaky-fold@yahoo.us', 'intelligent-earth@hotmail.net', 'Mon Sep 16 2052') ;
INSERT INTO follow values('learned-carpenter@me.net', 'tiresome-rule@mac.ca', 'Mon Mar 30 2082') ;
INSERT INTO follow values('ashamed-join@videotron.uk', 'heavy-language@icloud.us', 'Sun Jan 21 2052') ;
INSERT INTO follow values('flagrant-can@sympatico.us', 'teeny-crowd@mac.com', 'Sun Jul 11 2088') ;
INSERT INTO follow values('teeny-crowd@mac.com', 'abstracted-authority@hotmail.fr', 'Thu Apr 08 2060') ;
INSERT INTO follow values('painstaking-aunt@icloud.com', 'flagrant-can@sympatico.us', 'Wed Aug 15 2040') ;
INSERT INTO follow values('canny-voyage@gmail.uk', 'jolly-sign@me.fr', 'Tue Apr 17 2103') ;
INSERT INTO follow values('obeisant-cars@videotron.us', 'pink-shop@sympatico.com', 'Sun Feb 06 2089') ;
INSERT INTO follow values('jolly-sign@me.fr', 'sneaky-fold@yahoo.us', 'Sun Apr 24 2067') ;
INSERT INTO follow values('sneaky-fold@yahoo.us', 'untidy-teaching@sympatico.io', 'Thu Nov 01 2040') ;
INSERT INTO follow values('wakeful-quarter@me.us', 'nondescript-doll@videotron.ca', 'Wed May 18 2107') ;
INSERT INTO follow values('incredible-week@me.io', 'important-mass@videotron.io', 'Thu Sep 16 2055') ;
INSERT INTO follow values('remarkable-suit@me.uk', 'painstaking-aunt@icloud.com', 'Sat Mar 19 2022') ;
INSERT INTO follow values('prompt-wrench@hotmail.net', 'uttermost-weather@hotmail.co', 'Wed May 13 2043') ;
INSERT INTO follow values('mute-dime@sympatico.net', 'remarkable-suit@me.uk', 'Thu Jun 06 2097') ;
INSERT INTO follow values('nimble-honey@videotron.io', 'wakeful-quarter@me.us', 'Sun Mar 02 2059') ;
INSERT INTO follow values('helpless-oil@gmail.fr', 'wakeful-quarter@me.us', 'Tue Sep 03 2086') ;
INSERT INTO follow values('uttermost-weather@hotmail.co', 'onerous-beef@yahoo.com', 'Sun Apr 15 2046') ;
INSERT INTO follow values('burly-cheese@me.uk', 'minor-cable@me.ca', 'Thu Oct 17 2019') ;
INSERT INTO follow values('burly-cheese@me.uk', 'equal-letter@yahoo.io', 'Fri Dec 08 2062') ;
INSERT INTO follow values('spotty-finger@me.fr', 'urbane-health@mac.co', 'Mon Jul 19 2077') ;
INSERT INTO follow values('onerous-beef@yahoo.com', 'prompt-wrench@hotmail.net', 'Wed Sep 05 2035') ;
INSERT INTO follow values('mighty-fuel@mac.net', 'incredible-week@me.io', 'Mon May 24 2021') ;
INSERT INTO follow values('smooth-price@sympatico.fr', 'irritating-taste@videotron.com', 'Tue Nov 25 2053') ;
INSERT INTO follow values('mute-dime@sympatico.net', 'canny-voyage@gmail.uk', 'Sun Mar 31 2069') ;
INSERT INTO follow values('sharp-crate@hotmail.net', 'unbiased-tub@gmail.io', 'Thu Jan 31 2047') ;
INSERT INTO follow values('pink-shop@sympatico.com', 'irritating-taste@videotron.com', 'Sun Jun 18 2028') ;
INSERT INTO follow values('unused-comparison@mac.io', 'prompt-wrench@hotmail.net', 'Mon May 28 2074') ;
INSERT INTO follow values('learned-carpenter@me.net', 'obnoxious-basin@yahoo.net', 'Wed May 30 2018') ;
INSERT INTO follow values('ashamed-join@videotron.uk', 'pink-shop@sympatico.com', 'Tue Nov 14 2051') ;
INSERT INTO follow values('onerous-beef@yahoo.com', 'helpless-oil@gmail.fr', 'Fri Jan 31 2025') ;
INSERT INTO follow values('loose-pancake@hotmail.us', 'burly-cheese@me.uk', 'Fri Mar 10 2084') ;
INSERT INTO follow values('deeply-achiever@gmail.uk', 'unused-comparison@mac.io', 'Fri Apr 19 2052') ;
INSERT INTO follow values('learned-carpenter@me.net', 'burly-cheese@me.uk', 'Mon Aug 02 2094') ;
INSERT INTO follow values('obeisant-cars@videotron.us', 'urbane-health@mac.co', 'Sun Sep 02 2096') ;
INSERT INTO follow values('obnoxious-basin@yahoo.net', 'untidy-teaching@sympatico.io', 'Tue Jul 15 2025') ;
INSERT INTO follow values('cruel-chin@yahoo.uk', 'irritating-taste@videotron.com', 'Fri Jan 02 2082') ;
INSERT INTO follow values('known-toothbrush@yahoo.uk', 'sharp-crate@hotmail.net', 'Sat Mar 20 2038') ;
INSERT INTO follow values('teeny-crowd@mac.com', 'ample-railway@icloud.ca', 'Sat Apr 07 2096') ;
INSERT INTO follow values('abstracted-authority@hotmail.fr', 'painstaking-aunt@icloud.com', 'Sun Jan 04 2082') ;
INSERT INTO follow values('intelligent-earth@hotmail.net', 'nondescript-doll@videotron.ca', 'Sun Dec 18 2107') ;
INSERT INTO follow values('incredible-week@me.io', 'jolly-sign@me.fr', 'Thu Mar 27 2042') ;
INSERT INTO follow values('responsible-crib@gmail.us', 'flagrant-can@sympatico.us', 'Sat May 28 2044') ;
INSERT INTO follow values('sneaky-fold@yahoo.us', 'nimble-honey@videotron.io', 'Fri Nov 11 2095') ;
INSERT INTO follow values('uttermost-weather@hotmail.co', 'nondescript-doll@videotron.ca', 'Tue Aug 06 2075') ;
INSERT INTO follow values('heavy-language@icloud.us', 'intelligent-earth@hotmail.net', 'Tue Nov 04 2087') ;
INSERT INTO follow values('irritating-taste@videotron.com', 'burly-cheese@me.uk', 'Thu May 08 2053') ;
INSERT INTO follow values('jolly-sign@me.fr', 'spiky-air@yahoo.uk', 'Sun Oct 25 2111') ;
INSERT INTO follow values('learned-carpenter@me.net', 'warlike-bubble@icloud.us', 'Mon Oct 23 2034') ;
INSERT INTO follow values('native-form@yahoo.uk', 'jolly-sign@me.fr', 'Fri Oct 20 2017') ;
INSERT INTO follow values('incredible-week@me.io', 'heavy-language@icloud.us', 'Wed Jun 11 2025') ;
INSERT INTO follow values('smooth-price@sympatico.fr', 'native-form@yahoo.uk', 'Fri Dec 31 2083') ;
INSERT INTO follow values('tiresome-rule@mac.ca', 'flagrant-can@sympatico.us', 'Fri Nov 22 2080') ;
INSERT INTO follow values('abstracted-authority@hotmail.fr', 'known-toothbrush@yahoo.uk', 'Fri Mar 14 2098') ;
INSERT INTO follow values('intelligent-earth@hotmail.net', 'wakeful-quarter@me.us', 'Tue Jan 26 2044') ;
INSERT INTO follow values('brief-sheet@videotron.fr', 'ample-railway@icloud.ca', 'Sat Nov 16 2086') ;
INSERT INTO follow values('helpless-oil@gmail.fr', 'obeisant-cars@videotron.us', 'Thu Mar 13 2081') ;
INSERT INTO follow values('warlike-bubble@icloud.us', 'giving-quartz@icloud.co', 'Sun Jul 11 2094') ;
INSERT INTO follow values('obnoxious-basin@yahoo.net', 'sharp-crate@hotmail.net', 'Thu Jul 22 2049') ;
INSERT INTO follow values('warlike-bubble@icloud.us', 'tiresome-rule@mac.ca', 'Thu Feb 22 2091') ;
INSERT INTO follow values('teeny-crowd@mac.com', 'intelligent-earth@hotmail.net', 'Sun Aug 16 2082') ;
INSERT INTO follow values('ample-railway@icloud.ca', 'helpless-oil@gmail.fr', 'Tue Dec 23 2092') ;
INSERT INTO follow values('minor-cable@me.ca', 'prompt-wrench@hotmail.net', 'Wed Nov 14 2068') ;
INSERT INTO follow values('sneaky-fold@yahoo.us', 'urbane-health@mac.co', 'Sun Sep 29 2024') ;
INSERT INTO follow values('uttermost-weather@hotmail.co', 'irritating-taste@videotron.com', 'Wed Mar 29 2090') ;
INSERT INTO follow values('deeply-achiever@gmail.uk', 'uttermost-weather@hotmail.co', 'Tue Sep 17 2041') ;
INSERT INTO follow values('burly-cheese@me.uk', 'spotty-finger@me.fr', 'Sat Feb 12 2089') ;
INSERT INTO follow values('mute-dime@sympatico.net', 'spiky-air@yahoo.uk', 'Mon Mar 12 2035') ;
INSERT INTO follow values('mute-dime@sympatico.net', 'unused-comparison@mac.io', 'Tue Dec 17 2058') ;
INSERT INTO follow values('giving-quartz@icloud.co', 'flagrant-can@sympatico.us', 'Sun Apr 02 2079') ;
INSERT INTO follow values('incredible-week@me.io', 'uttermost-weather@hotmail.co', 'Mon Mar 05 2068') ;
INSERT INTO follow values('brief-sheet@videotron.fr', 'nondescript-doll@videotron.ca', 'Tue Apr 06 2106') ;
INSERT INTO follow values('spotty-finger@me.fr', 'heavy-language@icloud.us', 'Wed Jan 12 2056') ;
INSERT INTO follow values('warlike-bubble@icloud.us', 'sharp-crate@hotmail.net', 'Wed Mar 07 2035') ;
INSERT INTO follow values('unbiased-tub@gmail.io', 'obeisant-cars@videotron.us', 'Wed Nov 17 2117') ;
INSERT INTO follow values('helpless-oil@gmail.fr', 'remarkable-suit@me.uk', 'Sat Jun 23 2046') ;
INSERT INTO follow values('helpless-oil@gmail.fr', 'unused-comparison@mac.io', 'Thu Jun 21 2091') ;
INSERT INTO follow values('burly-cheese@me.uk', 'mighty-fuel@mac.net', 'Tue Jul 09 2058') ;
INSERT INTO follow values('abstracted-authority@hotmail.fr', 'nondescript-doll@videotron.ca', 'Thu Jan 03 2104') ;
INSERT INTO follow values('important-mass@videotron.io', 'native-form@yahoo.uk', 'Sat May 10 2053') ;
INSERT INTO follow values('ashamed-join@videotron.uk', 'loose-pancake@hotmail.us', 'Thu Jan 17 2092') ;
INSERT INTO follow values('cruel-chin@yahoo.uk', 'deeply-achiever@gmail.uk', 'Mon Aug 28 2017') ;
INSERT INTO follow values('painstaking-aunt@icloud.com', 'obeisant-cars@videotron.us', 'Sun Nov 21 2100') ;
INSERT INTO follow values('native-form@yahoo.uk', 'important-mass@videotron.io', 'Wed Apr 26 2023') ;
INSERT INTO follow values('sharp-crate@hotmail.net', 'responsible-crib@gmail.us', 'Tue Aug 24 2038') ;
INSERT INTO follow values('brief-sheet@videotron.fr', 'native-form@yahoo.uk', 'Sun Apr 13 2064') ;
INSERT INTO follow values('sharp-crate@hotmail.net', 'outstanding-pig@icloud.uk', 'Tue Jun 12 2057') ;
INSERT INTO follow values('remarkable-suit@me.uk', 'ample-railway@icloud.ca', 'Wed Jan 15 2076') ;
INSERT INTO follow values('warlike-bubble@icloud.us', 'painstaking-aunt@icloud.com', 'Wed May 26 2021') ;
INSERT INTO follow values('deeply-achiever@gmail.uk', 'warlike-bubble@icloud.us', 'Sun Jun 20 2077') ;
INSERT INTO follow values('unused-comparison@mac.io', 'sneaky-fold@yahoo.us', 'Thu Feb 24 2050') ;
INSERT INTO follow values('known-toothbrush@yahoo.uk', 'burly-cheese@me.uk', 'Mon Dec 09 2109') ;
INSERT INTO follow values('burly-cheese@me.uk', 'canny-voyage@gmail.uk', 'Sat Nov 02 2030') ;
INSERT INTO follow values('spiky-air@yahoo.uk', 'sneaky-fold@yahoo.us', 'Tue May 29 2103') ;
INSERT INTO follow values('learned-carpenter@me.net', 'known-toothbrush@yahoo.uk', 'Fri Feb 14 2025') ;
INSERT INTO follow values('ashamed-join@videotron.uk', 'untidy-teaching@sympatico.io', 'Sat Oct 03 2048') ;
INSERT INTO follow values('unused-comparison@mac.io', 'giving-quartz@icloud.co', 'Mon Feb 28 2067') ;
INSERT INTO follow values('jolly-sign@me.fr', 'teeny-crowd@mac.com', 'Sat Feb 08 2116') ;
INSERT INTO follow values('spotty-finger@me.fr', 'untidy-teaching@sympatico.io', 'Sun Jun 25 2045') ;
INSERT INTO follow values('minor-cable@me.ca', 'nimble-honey@videotron.io', 'Mon Jul 14 2053') ;
INSERT INTO follow values('flagrant-can@sympatico.us', 'spiky-air@yahoo.uk', 'Thu Jan 28 2066') ;
INSERT INTO follow values('important-mass@videotron.io', 'smooth-price@sympatico.fr', 'Thu Oct 13 2072') ;
INSERT INTO follow values('giving-quartz@icloud.co', 'smooth-price@sympatico.fr', 'Wed Feb 03 2100') ;
INSERT INTO follow values('pink-shop@sympatico.com', 'intelligent-earth@hotmail.net', 'Wed Mar 31 2049') ;
INSERT INTO follow values('irritating-taste@videotron.com', 'cruel-chin@yahoo.uk', 'Tue Jan 08 2058') ;
INSERT INTO follow values('ample-railway@icloud.ca', 'flagrant-can@sympatico.us', 'Tue Aug 20 2109') ;
INSERT INTO follow values('intelligent-earth@hotmail.net', 'mighty-fuel@mac.net', 'Tue Apr 03 2035') ;
INSERT INTO follow values('flagrant-can@sympatico.us', 'equal-letter@yahoo.io', 'Fri Jun 30 2090') ;
INSERT INTO follow values('helpless-oil@gmail.fr', 'loose-pancake@hotmail.us', 'Thu Jun 24 2066') ;
INSERT INTO follow values('learned-carpenter@me.net', 'flagrant-can@sympatico.us', 'Thu May 20 2060') ;
INSERT INTO follow values('unused-comparison@mac.io', 'sharp-crate@hotmail.net', 'Thu Sep 26 2097') ;
INSERT INTO follow values('equal-letter@yahoo.io', 'ample-railway@icloud.ca', 'Mon Dec 09 2058') ;
INSERT INTO follow values('nimble-honey@videotron.io', 'outstanding-pig@icloud.uk', 'Fri Nov 08 2115') ;
INSERT INTO follow values('painstaking-aunt@icloud.com', 'warlike-bubble@icloud.us', 'Wed Aug 18 2083') ;
INSERT INTO follow values('responsible-crib@gmail.us', 'mighty-fuel@mac.net', 'Sat Apr 26 2025') ;
INSERT INTO follow values('burly-cheese@me.uk', 'unbiased-tub@gmail.io', 'Tue Jun 12 2091') ;
INSERT INTO follow values('sneaky-fold@yahoo.us', 'pink-shop@sympatico.com', 'Mon Jun 14 2066') ;
INSERT INTO follow values('unused-comparison@mac.io', 'native-form@yahoo.uk', 'Sun Sep 20 2076') ;
INSERT INTO follow values('smooth-price@sympatico.fr', 'deeply-achiever@gmail.uk', 'Sat Aug 19 2023') ;
INSERT INTO follow values('equal-letter@yahoo.io', 'obnoxious-basin@yahoo.net', 'Sun Sep 10 2028') ;
INSERT INTO follow values('canny-voyage@gmail.uk', 'smooth-price@sympatico.fr', 'Fri Jul 15 2050') ;
INSERT INTO follow values('important-mass@videotron.io', 'nondescript-doll@videotron.ca', 'Tue Feb 17 2065') ;
INSERT INTO follow values('responsible-crib@gmail.us', 'tiresome-rule@mac.ca', 'Tue Jan 05 2100') ;
INSERT INTO follow values('deeply-achiever@gmail.uk', 'sharp-crate@hotmail.net', 'Wed Jul 25 2103') ;
INSERT INTO follow values('responsible-crib@gmail.us', 'teeny-crowd@mac.com', 'Mon Dec 27 2088') ;
INSERT INTO follow values('mute-dime@sympatico.net', 'warlike-bubble@icloud.us', 'Wed Sep 26 2040') ;
INSERT INTO follow values('heavy-language@icloud.us', 'minor-cable@me.ca', 'Wed Sep 03 2092') ;
INSERT INTO follow values('heavy-language@icloud.us', 'ample-railway@icloud.ca', 'Sun Jan 19 2042') ;
INSERT INTO follow values('unused-comparison@mac.io', 'flagrant-can@sympatico.us', 'Fri Jan 03 2020') ;
INSERT INTO follow values('teeny-crowd@mac.com', 'learned-carpenter@me.net', 'Thu Feb 19 2060') ;
INSERT INTO follow values('urbane-health@mac.co', 'minor-cable@me.ca', 'Sun Jun 17 2108') ;
INSERT INTO follow values('sharp-crate@hotmail.net', 'unused-comparison@mac.io', 'Mon Oct 08 2091') ;
INSERT INTO follow values('teeny-crowd@mac.com', 'unbiased-tub@gmail.io', 'Sun Dec 27 2048') ;
INSERT INTO follow values('outstanding-pig@icloud.uk', 'onerous-beef@yahoo.com', 'Sat Jul 09 2022') ;
INSERT INTO follow values('obeisant-cars@videotron.us', 'remarkable-suit@me.uk', 'Tue Dec 30 2064') ;
INSERT INTO follow values('known-toothbrush@yahoo.uk', 'smooth-price@sympatico.fr', 'Thu Nov 08 2035') ;
INSERT INTO follow values('wakeful-quarter@me.us', 'remarkable-suit@me.uk', 'Mon Sep 03 2057') ;
INSERT INTO follow values('burly-cheese@me.uk', 'brief-sheet@videotron.fr', 'Wed Jun 17 2099') ;
INSERT INTO follow values('prompt-wrench@hotmail.net', 'remarkable-suit@me.uk', 'Sun Dec 24 2017') ;
INSERT INTO follow values('intelligent-earth@hotmail.net', 'warlike-bubble@icloud.us', 'Fri Jun 16 2113') ;
INSERT INTO follow values('brief-sheet@videotron.fr', 'teeny-crowd@mac.com', 'Fri May 15 2020') ;
INSERT INTO follow values('mighty-fuel@mac.net', 'smooth-price@sympatico.fr', 'Mon Oct 03 2044') ;
INSERT INTO follow values('flagrant-can@sympatico.us', 'smooth-price@sympatico.fr', 'Thu Apr 17 2042') ;
INSERT INTO follow values('known-toothbrush@yahoo.uk', 'warlike-bubble@icloud.us', 'Wed Jul 11 2108') ;
INSERT INTO follow values('jolly-sign@me.fr', 'unbiased-tub@gmail.io', 'Thu May 26 2089') ;
INSERT INTO follow values('incredible-week@me.io', 'ample-railway@icloud.ca', 'Fri Jun 07 2109') ;
INSERT INTO follow values('native-form@yahoo.uk', 'minor-cable@me.ca', 'Thu Feb 21 2064') ;
INSERT INTO follow values('unused-comparison@mac.io', 'ashamed-join@videotron.uk', 'Sun Oct 04 2065') ;
INSERT INTO follow values('outstanding-pig@icloud.uk', 'smooth-price@sympatico.fr', 'Fri Apr 06 2018') ;
INSERT INTO follow values('burly-cheese@me.uk', 'outstanding-pig@icloud.uk', 'Sat Apr 26 2081') ;
INSERT INTO follow values('heavy-language@icloud.us', 'teeny-crowd@mac.com', 'Sun Nov 03 2030') ;
INSERT INTO follow values('ample-railway@icloud.ca', 'obeisant-cars@videotron.us', 'Tue Oct 09 2068') ;
INSERT INTO follow values('important-mass@videotron.io', 'jolly-sign@me.fr', 'Sat Dec 25 2055') ;
INSERT INTO follow values('cruel-chin@yahoo.uk', 'urbane-health@mac.co', 'Sat Apr 13 2041') ;
INSERT INTO follow values('uttermost-weather@hotmail.co', 'urbane-health@mac.co', 'Sat Dec 15 2063') ;
INSERT INTO follow values('obnoxious-basin@yahoo.net', 'incredible-week@me.io', 'Wed Jun 25 2042') ;
INSERT INTO follow values('obnoxious-basin@yahoo.net', 'teeny-crowd@mac.com', 'Fri Feb 07 2020') ;
INSERT INTO follow values('canny-voyage@gmail.uk', 'brief-sheet@videotron.fr', 'Tue Jun 26 2040') ;
INSERT INTO follow values('uttermost-weather@hotmail.co', 'burly-cheese@me.uk', 'Tue Dec 13 2061') ;
INSERT INTO follow values('cruel-chin@yahoo.uk', 'learned-carpenter@me.net', 'Fri Jun 21 2080') ;
INSERT INTO follow values('flagrant-can@sympatico.us', 'deeply-achiever@gmail.uk', 'Sun Jun 22 2064') ;
INSERT INTO follow values('heavy-language@icloud.us', 'responsible-crib@gmail.us', 'Thu Jun 02 2033') ;
INSERT INTO follow values('urbane-health@mac.co', 'burly-cheese@me.uk', 'Thu Jun 01 2056') ;
INSERT INTO follow values('giving-quartz@icloud.co', 'loose-pancake@hotmail.us', 'Sun Dec 11 2039') ;
INSERT INTO follow values('wakeful-quarter@me.us', 'spiky-air@yahoo.uk', 'Thu Sep 26 2052') ;
INSERT INTO follow values('important-mass@videotron.io', 'incredible-week@me.io', 'Sun Oct 21 2068') ;
/* Script generated Wed Feb 15 2017 16:54:51 GMT-0500 (Eastern Standard Time)*/

INSERT INTO message values('BJs2N4CSfYx', 'helpless-oil@gmail.fr', 'Skj4QNRrfKg','Tue Apr 24 2074','Vetod ho vogkuz zuzejon ossi covu suat kil delo fifavsa ippoli nibwulul jabicvub.') ;
INSERT INTO message values('Hy23EECSzKg', 'loose-pancake@hotmail.us', 'SJS4Q4CrfFg','Sun Oct 23 2033','Lusninvi faj suwwer ejrouz onko vam ba zuniwo kotsomwo we ihiweor advaw bazot.') ;
INSERT INTO message values('B1phEV0rGYe', 'mute-dime@sympatico.net', 'HyZSmE0SGYx','Mon Feb 11 2075','Weurho kelteuc habi sazvejev caloniro iniditpof awuteera cowcokzo fiwogwi rogru ijati pibil da fibafwuk ufdaguc vi.') ;
INSERT INTO message values('HyCnEN0SMtl', 'jolly-sign@me.fr', 'BysQmNArftx','Sun Dec 08 2041','Etwuhiz komuz niwac pizokila zuw adte vimu mublohwu pubzeav da iruva iwbilwec cazawe serfuc.') ;
INSERT INTO message values('B1JaNN0rzFl', 'unused-comparison@mac.io', 'S1uVX4ABMKx','Thu Jun 15 2079','Fit hakvu gecno bo pac socsuv fihib fe vobojmoc pokjuh pi waibe agome wid bejiszu godnased diahjur cetlumal.') ;
INSERT INTO message values('BylaNVASzFe', 'onerous-beef@yahoo.com', 'BkXMXERHzYe','Mon Jun 15 2093','Vedanre ifi mowsug rucnici vizdedic jidjaj ite biliwi ap otaupat beipohoh ondoj jake.') ;
INSERT INTO message values('SyW64NASGtg', 'tiresome-rule@mac.ca', 'Skj4QNRrfKg','Fri Oct 28 2022','Mosipguz ure toco pomweru cumfurde do owi va laopo mevzop misiivu jaogika vifte it neklulzu vom carmoavu iwzif.') ;
INSERT INTO message values('SyfpVN0HGYx', 'loose-pancake@hotmail.us', 'SJS4Q4CrfFg','Mon Sep 24 2040','Ovlujza fid ki meg kiki cuav ta taozien rune kuc zeh aweci.') ;
INSERT INTO message values('HyXa4NRHGFe', 'learned-carpenter@me.net', 'BysQmNArftx','Tue Feb 18 2081','Ujwil bigi oj vilari wi tezcumnem kegcubku zej mapbig bir vataca jafiozo.') ;
INSERT INTO message values('HyET440HGYg', 'unused-comparison@mac.io', 'S1_GQ4CBztg','Sat Sep 16 2034','Faweramom eg sasec odze zobac fezoto fudnu donbih isid kofohbe kikmoktiw biw.') ;
INSERT INTO message values('r1BTE40SMFg', 'deeply-achiever@gmail.uk', 'rkNG7VRrztg','Tue Aug 09 2078','Cuzemi jidit vawpuf hizdo tizocsep epredjo cimowiwe ohnabup ditoh bubli pueh zab wa ludukek oz lifbir nezsije eciebouk.') ;
INSERT INTO message values('S1Ip4V0rftl', 'canny-voyage@gmail.uk', 'S1uVX4ABMKx','Wed Aug 28 2019','Ka gejce nizadtut bemjot gabuvtu zuwov ud niama octa guvpetos teb biohoat azizat.') ;
INSERT INTO message values('SJDTN4RBfYl', 'canny-voyage@gmail.uk', 'S1uVX4ABMKx','Sat Jan 31 2105','Isafemo hivpes juicno fo kud muzot fuk vudah faj jejpac femvotkid vihupkam jun et rowtal koawo ojwiuku.') ;
INSERT INTO message values('ryu6ENRrMtx', 'nondescript-doll@videotron.ca', 'rkZQmV0SzFg','Fri Aug 29 2104','Ked gim za gabzakov irlohnad focavima pus zuhoci galaraz warwivwe fi rek fa.') ;
INSERT INTO message values('SJtaNEAHzYg', 'onerous-beef@yahoo.com', 'BkXMXERHzYe','Sun Aug 18 2109','Sesra ubevagwi nifzim kiwdo senfotu keke punilvo ran vurtoko bihir bek edi jufwuwu.') ;
INSERT INTO message values('r15644AHfYg', 'outstanding-pig@icloud.uk', 'rkENX4ABfYe','Sun Sep 14 2098','Zeopabu damiri radama na iv ogugu bi zo ta hos rero azabe.') ;
INSERT INTO message values('ryip4VASMtg', 'warlike-bubble@icloud.us', 'HJRX7VRBMte','Sun Dec 26 2038','Piwam di edahi bidzuhna lamfadaf aw kejowagin ozaabati dadewi kadjis so tigab ipisaktat zu mocog dovud.') ;
INSERT INTO message values('ry3aV40SzYl', 'outstanding-pig@icloud.uk', 'rkENX4ABfYe','Fri Mar 21 2064','Baoce iviwuco atcup at jifedna vega jozuco ebofal joiw hu bikuril bagtofho zuk roiditis aniwo ido.') ;
INSERT INTO message values('Bk6aE4ASftl', 'loose-pancake@hotmail.us', 'SJS4Q4CrfFg','Wed Jun 07 2017','Romgid taw ipehow igri uwaret wuwnep gatuga se eh edsog jecjo veguv.') ;
INSERT INTO message values('B1AaV4ABGKe', 'irritating-taste@videotron.com', 'ryPE740HGtg','Sun May 07 2102','Efuno jeka ze wota putna ded pi inesecbu numbo ni gofwev wizpizval ce romurin nen isge cefak.') ;
INSERT INTO message values('HJJA4ERSGKe', 'canny-voyage@gmail.uk', 'S1uVX4ABMKx','Sat Dec 03 2089','Vo dac itenoga weiclu diasul ku nireziti vulifhu diz bizguro rovalmab pelum sefwad hed oka zo.') ;
INSERT INTO message values('BkeRNECSzYl', 'spiky-air@yahoo.uk', 'HyLNm4RSftg','Sun Mar 09 2098','Vinguamu rumor de rem eremnu hu una tosvaztep par jedade kima kuvhashu nuhabiba nosobi neuba te jo heiro.') ;
INSERT INTO message values('HJ-RNNASMtl', 'helpless-oil@gmail.fr', 'Skj4QNRrfKg','Sun Jan 14 2085','Apovnin goj rogided wacup fipnenam rerov vejmuk hoal evgan hi leon okipovi wor suzuv iv.') ;
INSERT INTO message values('r1MRNNCrftl', 'irritating-taste@videotron.com', 'SyCV74ASMYl','Tue Apr 01 2098','Lolre buod fuktoluv pe faj cemak ag neftutkot jokzu ti af su.') ;
INSERT INTO message values('HkXA440rGYe', 'loose-pancake@hotmail.us', 'S1_GQ4CBztg','Fri Nov 03 2051','Radtocuw wamu opetoc batepu wadvakuk pottof kovrila bat sega jor jinu ivrojto duc hamfud pavwegli pude.') ;
INSERT INTO message values('HkECN40rMKe', 'uttermost-weather@hotmail.co', 'BkxXXNRHfFx','Mon Mar 22 2027','Ris uhi va uhako zanepu ev enowiohu et kepola hadhi kuvba wohekaj pot.') ;
INSERT INTO message values('BkB0V4ASztx', 'learned-carpenter@me.net', 'SJyB7VRrMYl','Sat May 29 2106','Jusi ipsok sokaz fegotiaho ercatso unilo tapan zusu jokha gadzap vu ezecur.') ;
INSERT INTO message values('B1LR440rMFg', 'sneaky-fold@yahoo.us', 'B1Q7QNRBGKg','Sun Mar 21 2038','Si medom lahsesgug tavidben pejik nimsun ugobuali ikehid co jo uz za.') ;
INSERT INTO message values('BywR4NCBMFe', 'obnoxious-basin@yahoo.net', 'SyCV74ASMYl','Fri Sep 01 2062','Kevan an ese siso tiv lun olujik woh fi vakzim ew dumulak ewa fo efle pop dugug hok.') ;
INSERT INTO message values('HyO0NNRBMFg', 'uttermost-weather@hotmail.co', 'SybfmERBzYx','Fri Apr 09 2049','Es pupidu jozac kit pikbaz latweoha hiwigi lu kado hapronho ropep gahidufij zuhavihe ozekuej.') ;
INSERT INTO message values('SJKCVNASMtx', 'nimble-honey@videotron.io', 'SJS4Q4CrfFg','Tue Feb 16 2094','Hudmu teloda kuwoic vom lihakaf okimebew haifviw agaututas mupleh fi ogeohi to tizuzdu.') ;
INSERT INTO message values('S1cREVCBfFx', 'unused-comparison@mac.io', 'ry-EXECrGtx','Wed Sep 22 2032','Ri baf fuddi lo sig bif ugubak zoefo pa zeta igesoz ici zehageb bi us natzitev.') ;
INSERT INTO message values('rks0EV0SMFe', 'nimble-honey@videotron.io', 'SJS4Q4CrfFg','Sun Sep 28 2110','Bonudu lu nonkahgo ewiuza odaoc usu ammebgo nuh oh gi nuferofu hiofze mecanok oc icolali ziko.') ;
INSERT INTO message values('rJhAV40rftx', 'mighty-fuel@mac.net', 'rkUXmE0BfYl','Fri Aug 21 2082','Vu isiet eh fiada mo nugute nol nim fiv obme ceblodgan ve mijodal.') ;
INSERT INTO message values('Hy6A4ERrGKe', 'irritating-taste@videotron.com', 'ryPE740HGtg','Tue Jul 26 2044','Uw ebenopcu jeujori ajaco juv mozti kadwe vezpo wonse ve tu peecube.') ;
INSERT INTO message values('rJ00NNASMtg', 'obnoxious-basin@yahoo.net', 'Sky7QN0HMFx','Sat Dec 30 2079','Mi ve reltof ubkeda fefcioca gowcim tisav izurile toku sik kohce hidudi ose je.') ;
INSERT INTO message values('SkkJlEVAHMKe', 'nondescript-doll@videotron.ca', 'rkZQmV0SzFg','Thu Feb 12 2093','Hajubgo ezmodje mohhemil gogufuw ra fuwrerpa ficah wemedozo obamamun aga kuvnitup itefes bure poszu kaure va holulouza ki.') ;
INSERT INTO message values('rJgJgVNArfte', 'unused-comparison@mac.io', 'S1uVX4ABMKx','Mon Jun 19 2028','Pume zezedow asazackuz ahdu tinbedzu li lumir aspeca nefvirfa zubu hi mapne.') ;
INSERT INTO message values('HJW1x4NAHztg', 'unused-comparison@mac.io', 'ry-EXECrGtx','Fri Jul 11 2036','Robgojo sus fucafukoh nuhan ni ofumidi tafundo ror apodi kakpu mekojfuf divzehrah wojiro agonub etiogeoc riso ogban.') ;
INSERT INTO message values('rJGkg4NRHGFg', 'spiky-air@yahoo.uk', 'HyLNm4RSftg','Sat Jun 24 2028','Oru oce vafmo vanjeguh fe fusu pisnov garuc ebiuhu tog sehupu gazhozat.') ;
INSERT INTO message values('B1XJeNN0SzKl', 'painstaking-aunt@icloud.com', 'ry-EXECrGtx','Sat Aug 04 2029','Surjosge ciljati opo paehi vemocmif ogcel lumtedvi didgu pobi agjipuf jemuk zumi ipi.') ;
INSERT INTO message values('B1N1lNV0rzKe', 'painstaking-aunt@icloud.com', 'ry-EXECrGtx','Wed Sep 05 2074','Ji omowa ridpenmi lawil iknes fomvi erluko gurel le sez zot likji ce uhu hule lutahvag pob.') ;
INSERT INTO message values('HkByeVVCrGtl', 'warlike-bubble@icloud.us', 'BkXMXERHzYe','Wed Jun 02 2049','Etotukad kekili najipoc cower neto cibi rijabi soinizu hefufu hah da fujosdi tulikuni fuc saibotam paata gorso suzo.') ;
INSERT INTO message values('HJLJlEECBfFe', 'loose-pancake@hotmail.us', 'S1_GQ4CBztg','Sat Jun 19 2088','Orojuzsu onupite coh za sakeb esoamari ombasko usubudnuk kudzul eddi tavuflov hihatala fu seep inuugjov.') ;
INSERT INTO message values('rJvJe4NAHfKl', 'remarkable-suit@me.uk', 'BJKz74CrMFe','Mon Mar 25 2047','Zeljutin tuj lojcu ap zapef vi tah dib gunvigur ecenicuh ganap ed vabdecam lehedpu zed laedwub.') ;
INSERT INTO message values('HJuJxE40rMFe', 'unused-comparison@mac.io', 'S1uVX4ABMKx','Sat Nov 14 2099','Cup tewfaf ru kecar ore ganbave ru zezgoc cad mabpig lec eruihpig nezfu ofeheja.') ;
INSERT INTO message values('B1YklE4CHfFl', 'onerous-beef@yahoo.com', 'BJSGXVASMKl','Mon Aug 02 2106','Limforsu nidpuov ulcabih go bujtaw oho vibwutej persan zicomwe fipanse ufpi hesdebhov ruftipku ob vabloju hudu.') ;
INSERT INTO message values('HJ5JxVNAHfYg', 'burly-cheese@me.uk', 'S1uQm40rfFg','Sat May 21 2033','Jaroc davzumok kurus cadewe pe ni fa cuk ji cucuocu ta egi likfevcu wo ekebovo.') ;
INSERT INTO message values('ByiJg4V0rMKx', 'nimble-honey@videotron.io', 'SJS4Q4CrfFg','Mon Feb 18 2104','Vevor oloubicul owmojrev zohka ga cef miheco mukej ditovre sulgoadi topu kaado cuvobul.') ;
INSERT INTO message values('SJ2yxV4CrzYg', 'unused-comparison@mac.io', 'ry-EXECrGtx','Tue Oct 11 2022','Iz fehca wotel tubozwa diz oka ihu surfujsa jetu ped mojnik amwa kolira kop.') ;
INSERT INTO message values('H1aygEE0rMFe', 'irritating-taste@videotron.com', 'ryPE740HGtg','Mon Jul 22 2024','Lipot gietacuc olomefni sakse vanwiwe socfaonu debeji duhamri la alese udipe tob zimojri veli tenafzo.') ;
INSERT INTO message values('BkR1eEE0HzFl', 'obnoxious-basin@yahoo.net', 'SyCV74ASMYl','Wed Aug 25 2027','Bin wifo eho ubi fomhugopu ejegosta gum wuhil uru cuak mu cavra cadker pus pijhilof.') ;
INSERT INTO message values('r1yexENCrGKg', 'nimble-honey@videotron.io', 'SJS4Q4CrfFg','Thu Jan 24 2030','Za ga nalzoeb cawe suleh japowe uzcop vas fonivbe wejpawamo lonkohiv beh va jusdi kazlec kib ta.') ;
INSERT INTO message values('SygexVE0rfYe', 'uttermost-weather@hotmail.co', 'HyTVQVCBzFl','Tue Jun 14 2044','De hec hadhar ja powgudver tufufze pinuci zi ajoge duzvepud sup sip zieknu goem ci.') ;
INSERT INTO message values('r1WllVNAHzYg', 'burly-cheese@me.uk', 'S1uQm40rfFg','Tue Apr 11 2062','Win hip deg vedic luimlu tifhen bukicoga vih huzazli sotilaos pot cilcewome hejfiufu.') ;
INSERT INTO message values('ryGgeVNRSfYl', 'canny-voyage@gmail.uk', 'S1uVX4ABMKx','Tue Jan 01 2086','Asuwif veddo neli abunec wul utegug dumal taklo vuv lirti tulapej ihjikjul jun vig mac.') ;
INSERT INTO message values('B1Qlx4NRBMKe', 'unused-comparison@mac.io', 'S1uVX4ABMKx','Wed Mar 05 2064','Nibevi kaji mu ib iwasol fudev cal korocrod bol gur bedunug red wanaz wib.') ;
INSERT INTO message values('SkNxeVE0HzFl', 'nimble-honey@videotron.io', 'SJS4Q4CrfFg','Thu Dec 27 2091','Elerunde zunbavip fuski ru emu voj sevoev dobsaiwu sebazkik fab giene vedcudo.') ;
INSERT INTO message values('rJrxg440Bztx', 'spiky-air@yahoo.uk', 'HyLNm4RSftg','Fri Jun 29 2018','Vap wor udu ohvogda zav juzowi ciudun hew vob kapa girkagep kod luhe.') ;
INSERT INTO message values('HJUgg4V0SGtx', 'jolly-sign@me.fr', 'BysQmNArftx','Wed Aug 18 2083','Kan aboki gelka ekiapofaw go ajovu nam ed feite landepbu waz wowva hacho cagamto sivewe cu rej difuzwo.') ;
INSERT INTO message values('S1wlgENCHMYg', 'prompt-wrench@hotmail.net', 'rkUXmE0BfYl','Thu Nov 23 2079','Wi liawe juh figotud ema mamovusud borcaj wotof fojfe cevpingo ipzavivo fonawde juiriza hawap te gow esza.') ;
INSERT INTO message values('Hkule44RSMtg', 'nimble-honey@videotron.io', 'SJS4Q4CrfFg','Mon Jan 06 2048','Jorovas filcu reuprip gojerined elibogak foh fitolu keprowop ninpieso ge ufgippo ejeze lopciseb ejiup alera hekwur widadse un.') ;
INSERT INTO message values('SJFelEEArGte', 'unused-comparison@mac.io', 'S1uVX4ABMKx','Sun Aug 24 2081','Haz pajijup atuputuf nuksot amku sedlanego otewi ana av hajre pucuc petup giki bopaldi zaega hiwled dah nevsoz.') ;
INSERT INTO message values('Sk9xeN40HGKg', 'flagrant-can@sympatico.us', 'By27X4CSzYg','Wed Feb 07 2046','Bavsupni wovuki no wo hu inu pabfu pab seb kaez pi at maj lafni.') ;
INSERT INTO message values('ryoxlNVRHzFl', 'spiky-air@yahoo.uk', 'HyLNm4RSftg','Wed Sep 30 2020','Vefnibnov fub tanruped wetatog nuvme nuve uhebaropi mip telpidto kajusima jufaho nabobowek jifolo idziglef apodiiz des.') ;
INSERT INTO message values('BJnexEVASfKl', 'onerous-beef@yahoo.com', 'BJSGXVASMKl','Sat Nov 16 2030','Emso ogisbuj go ojavo adwicop wagek na sivkawe gajartuf fuaftis ji osija rowzuma wewi futeag ravadco curgi.') ;
INSERT INTO message values('Bkpeg4EABftl', 'pink-shop@sympatico.com', 'HyTVQVCBzFl','Sat Aug 04 2074','Esnivman luuc dolbocu mat paamiah kil wehvaw cuaf bew takcog osemuec gizoj wovhi uhe santamuf har or jikdiiv.') ;
INSERT INTO message values('S1CelV4CBGYx', 'known-toothbrush@yahoo.uk', 'B17NXVCHfKe','Sat Aug 08 2071','Fekkepez vipim rec tug dela udna kilola vursolet ali iwa feki cu.') ;
INSERT INTO message values('Byybx44AHGtx', 'nondescript-doll@videotron.ca', 'rkZQmV0SzFg','Mon Apr 15 2109','Aligafvi cer liwup diezaniw urafaleb pugwat veekomec mu gu letuhoc pebvar tazumuj ruhi.') ;
INSERT INTO message values('rkxZxVERrGtl', 'loose-pancake@hotmail.us', 'SJS4Q4CrfFg','Thu May 18 2028','Kufnic leafodu masso ru ranezwu ma besrok lim kirewusal hiweba ave ed ki joiz pamsot cuseve sitlazav ruhacriz.') ;
INSERT INTO message values('S1bZlEE0rGFg', 'pink-shop@sympatico.com', 'HyTVQVCBzFl','Sat Jan 25 2070','Ki sip dotuja jo zisza sotaej defo or neg ope mezigkun hiz jopu bepji nom bup rovudam.') ;
INSERT INTO message values('ByfZgEERSfYx', 'obnoxious-basin@yahoo.net', 'H1NQ7NCHGYe','Thu Sep 15 2089','Hediru guneren bu tufraiva ciaki rupuvgih mulzoj dit demlobde jullectuw zeghof wupis zohirka oco vof ocaku funuc.') ;
INSERT INTO message values('BJX-lNEABMFx', 'painstaking-aunt@icloud.com', 'HyqE7NRBfKe','Tue Mar 29 2033','Ju con jabos opor sejo zewlar vorro gepe anhalori vitafma ku sur kis buctilka.') ;
INSERT INTO message values('HyV-gEN0HMKg', 'warlike-bubble@icloud.us', 'BkXMXERHzYe','Sun Feb 03 2030','Volsi hofhe tacralah ihiun pac suwujif la norkomobe gonono cepno tinpeva vote otzuure.') ;
INSERT INTO message values('SJS-lNVCBGFx', 'pink-shop@sympatico.com', 'HyTVQVCBzFl','Wed Feb 21 2091','Cif olzawla rugzo dohehki retni lojuaf za egekig ov hinmig lahu sajgup diodevig bivakun nodhi vu ta.') ;
INSERT INTO message values('BJ8ZlNE0rztg', 'obnoxious-basin@yahoo.net', 'SyCV74ASMYl','Wed May 25 2061','Dig casurhas nugadumep di un evosig divagiv mo uv azapup meit hamuncih nifju nacutrah asufowi.') ;
INSERT INTO message values('SJP-gNNRSGKl', 'obnoxious-basin@yahoo.net', 'H1NQ7NCHGYe','Wed Mar 29 2084','Neb vimifa nutupul ke tebofcil wo umrih mihniv gosomlu fore hudaki fa magkup aw cefolnif.') ;
INSERT INTO message values('rk_beEE0BGYe', 'flagrant-can@sympatico.us', 'By27X4CSzYg','Sat Feb 17 2063','Cotdos reziw dowi min iluzuho tug set fow un ha re tuj ke fafagjo vi akauva ve.') ;
INSERT INTO message values('rJKZlEVABftl', 'spiky-air@yahoo.uk', 'HyLNm4RSftg','Mon Oct 19 2020','Kugu noced limmi uzo vit ifbi kob co wij nilalaav ihdukme dotar si woowo dudcunca.') ;
INSERT INTO message values('SkqZlEERSMKe', 'obnoxious-basin@yahoo.net', 'Sky7QN0HMFx','Wed Apr 19 2113','Cas amtajo sej fu ele otu janripuw doji ekuta guhete en rur ukkarguh.') ;
INSERT INTO message values('Skjbl4N0SfYg', 'spiky-air@yahoo.uk', 'HkMH7NRHGFg','Thu Jul 17 2098','Ve zaf lukgesi mozuru jun me fiw viwji lem ze ubfaan pijpomsel ozsop di vusobita ofi golgahkab ah.') ;
INSERT INTO message values('r13WxNNCBMYg', 'painstaking-aunt@icloud.com', 'ry-EXECrGtx','Sat Sep 30 2084','Ta co fuhuv he anaseoku hutfe ek rucoz ijwunjoc odoszo wod acaseaka hic puufu des defivic voigu cimatiw.') ;
INSERT INTO message values('SyabxE4CrMtg', 'uttermost-weather@hotmail.co', 'SybfmERBzYx','Mon Mar 11 2058','Rubtajef roji wu ozted casoc ogoizu zesjirim boli gi fif he macez ekocet ovba dehiku powce vud.') ;
INSERT INTO message values('HJ0blNVASzYl', 'warlike-bubble@icloud.us', 'HJRX7VRBMte','Sat Mar 01 2087','Tade wukficdow afcurbi ulufabe itgu hupbuw la bohomim noju ti ro ahamegoh ko wipsanoz mergahil ut hemfahi tefwob.') ;
INSERT INTO message values('SyJzg4ERSztg', 'helpless-oil@gmail.fr', 'Skj4QNRrfKg','Sun Jan 28 2114','Nivo tutub rad bihetli cem ketep jav zecicek fec umve juwag sejegotu jat gebverjok uze janfap lo ignobave.') ;
INSERT INTO message values('SkxGgVN0Bfte', 'warlike-bubble@icloud.us', 'BkXMXERHzYe','Tue Mar 19 2115','Ete demwe defro ez cuzekohi saho uzotegrin ag bip wawteh hus lera funodraj pin fo bocev udjod nemute.') ;
INSERT INTO message values('rJ-fgNN0Bfte', 'onerous-beef@yahoo.com', 'BkXMXERHzYe','Sun Mar 02 2098','Betiva kackioj evli jafop pu ceudeav iroedori opo fowgamal mus rifkinoz wiki asobuwfov ni ebivo ubnizma vuhihve ofewihu.') ;
INSERT INTO message values('SyfzgV4CrMKl', 'nondescript-doll@videotron.ca', 'rkZQmV0SzFg','Tue Mar 22 2033','Ut jewum cevisur bifnihud ihu posuheh obu iteve jev zejih af akuto nudluhih gij.') ;
INSERT INTO message values('SJmfx4VRrGKg', 'pink-shop@sympatico.com', 'HyTVQVCBzFl','Wed Jul 16 2036','Pebeseg kiluja kimhew fedkirih dikfa hodegpa tonduwog ga vuir sunu apo ocamakal agocaw kisagej libnouf ramatmi.') ;
INSERT INTO message values('BkEzeNVRHzYe', 'warlike-bubble@icloud.us', 'rkUXmE0BfYl','Wed Sep 30 2099','Juwbow di ijuvusas ipizotde bohanil bukuvfiw zoz ep ozpid ago peadozef cutezi owmehwij olsihfi iluwap cer lac mofni.') ;
INSERT INTO message values('r1rGlNVASGYe', 'spiky-air@yahoo.uk', 'HyLNm4RSftg','Sat Nov 10 2046','Veidugef gegu uw naigaul wacub anauj dalgiz wu ze ovupiwsig pehgizca uwta di pokdozmu.') ;
INSERT INTO message values('BJLGlEECBztl', 'onerous-beef@yahoo.com', 'BkXMXERHzYe','Thu Feb 06 2098','Jojmulu wosemot fueku zugnowzu di vam niwuwne hugas fuwbepnub lic feefidem ap ibogiku jabome.') ;
INSERT INTO message values('HkvGlVVCHzFx', 'jolly-sign@me.fr', 'BysQmNArftx','Wed Dec 06 2051','Bumasazis wo heffiuhu zepsev hobecu ilja noljivu bepo inu zej duagubef osu uhmozfoh meci ko janur ohu.') ;
INSERT INTO message values('rJOflEERHfFl', 'spiky-air@yahoo.uk', 'HyLNm4RSftg','Sun Feb 03 2104','Zafgusa irecij ho gu suhah or ine gajvapaca zusnah ube nuupepi manogwo dersoda tetko.') ;
INSERT INTO message values('rktMeVEASGYg', 'loose-pancake@hotmail.us', 'SJS4Q4CrfFg','Thu May 14 2026','Ogedza butod ro siedep cuso fa zugitawev cozlew ipeosu him ciwca ifca pod.') ;
INSERT INTO message values('B15zlN4ArGYg', 'spiky-air@yahoo.uk', 'HyLNm4RSftg','Fri Sep 18 2037','Lu iz ja pebofaf owigu bu rofma bis zecocsu owjavel malodemug wu.') ;
INSERT INTO message values('ByozeNEArfYx', 'loose-pancake@hotmail.us', 'S1_GQ4CBztg','Wed Jan 28 2093','Wel guiruako kais hidoces bow iniwir hudajati kojes etceaf le zewago torognuh ufpil pahu bagej no sibalje.') ;
INSERT INTO message values('BynzlEVRSGtx', 'unused-comparison@mac.io', 'ry-EXECrGtx','Sat Mar 19 2061','Ni buflaw et ipoifi upedi egecaser ho pu dacle ale be du muec avumaip laah vok vub jiztu.') ;
INSERT INTO message values('HkTzl44RBGKg', 'spotty-finger@me.fr', 'B1Q7QNRBGKg','Thu Nov 22 2096','Secapub juz lefiv hivinre mogik vega aphe tafapib ju japateluk pipu cunat.') ;
INSERT INTO message values('HJCGe4NCHzYl', 'uttermost-weather@hotmail.co', 'BkxXXNRHfFx','Fri Nov 06 2093','Uvo cubeto tiapalu cettaaz zefokral gajpoc teca nide wazdokga ojri zaf ep.') ;
INSERT INTO message values('r11QgVNRBfFe', 'nimble-honey@videotron.io', 'SJS4Q4CrfFg','Sun Jul 31 2101','Feahu te owo we hofabe dom tosibuda aza edari filugfo zughulju habpa pilijo kopa hadet bimfuw tul di.') ;
INSERT INTO message values('HJx7l4NCBMte', 'painstaking-aunt@icloud.com', 'HyqE7NRBfKe','Sat Mar 23 2115','Vevurib ihtolem ep hib ekifih bovwuzi vavibe nalziw aki tibrub luvfe iwotukut.') ;
INSERT INTO message values('HJWmxNNAHzKg', 'known-toothbrush@yahoo.uk', 'B17NXVCHfKe','Wed Oct 20 2083','Gac rul mameh zif bedere ganni venuvduw puwov roggore cu iz cavlewvu fa nuzdozwu tijseje gezurajur etwadzup reitute.') ;
INSERT INTO message values('BkfQe4N0SMtg', 'painstaking-aunt@icloud.com', 'ry-EXECrGtx','Sat Jul 10 2027','Eza nowca ne kon bijame lip sowad ukariboj fufjuf ivpu ni miro edozol dunejoci vumig.') ;
INSERT INTO message values('ByQmeENArGKe', 'irritating-taste@videotron.com', 'SyCV74ASMYl','Tue Aug 09 2061','Niez oca okela dunko vuv uhfiw pebaali rohak jemejrit nuvowo ko er kabuleof cek jondohi cepkuhguj.') ;
INSERT INTO message values('S14XxNN0HMtl', 'onerous-beef@yahoo.com', 'HJ3zm4ArfKl','Sat Feb 19 2033','Takewziz wojuja wuchuziz cis si kasvic kooz wapwa ano je tiipwaj bah pi nekecede.') ;
INSERT INTO message values('rkSmgE4ArfKl', 'known-toothbrush@yahoo.uk', 'HkMH7NRHGFg','Wed Oct 08 2110','Nec umuwi fim sikja upuvosa cuwjam ulimaras jeger woko wiucbe elgur pi rid.') ;
INSERT INTO message values('rJ87eE40Bztg', 'sneaky-fold@yahoo.us', 'B1Q7QNRBGKg','Thu Nov 25 2066','Ojagep cowub girbokbo zesa nof oguol izgi suzi jizaz widoh be uzwo fumme.') ;
INSERT INTO message values('H1PQgN40HGKl', 'warlike-bubble@icloud.us', 'HJRX7VRBMte','Thu Jul 21 2095','Sufugaon odsi tas bupnu ga zasa dovuniz ku mecijce vowir keg lupe lu vejceblim.') ;
INSERT INTO message values('ryOXx4EASztg', 'obnoxious-basin@yahoo.net', 'H1NQ7NCHGYe','Thu Dec 18 2031','Naomuc ijnuwpoj cisiv bukgear lippol jawubre udiikozac gu jeveku afulezeha hela ezafatuz.') ;
INSERT INTO message values('ryFmeVNRrMKl', 'onerous-beef@yahoo.com', 'BJSGXVASMKl','Sun Jun 27 2038','Zedumak lepakidi pabal ahogino cewaguju roh go tiosaoj edi ugaraf huda gu uzosnup uzo jukid gipac viwnu.') ;
INSERT INTO message values('B1qQxE4Crftx', 'warlike-bubble@icloud.us', 'HJRX7VRBMte','Wed Mar 18 2116','Dikanaw hofuk omfotup mi ir bafnevon jogji sihkaw kikij pe nidoz pudnaal pi if vazo.') ;
INSERT INTO message values('SJjQlNE0HGtg', 'remarkable-suit@me.uk', 'BJKz74CrMFe','Sat Sep 08 2063','Lil obu itcotbo jofveter aluzurfiz owu lirkin gulwerju bud sihibmep tah wetwicu ajbi.') ;
INSERT INTO message values('BknQeNECSztl', 'spotty-finger@me.fr', 'B1Q7QNRBGKg','Fri Sep 04 2054','Ofa hafuw tuzojer odiij oznirdan zuur lemosco jaasna dawka ih nahisu opguk iteza vukhi fossu fiskogar kutilum seg.') ;
INSERT INTO message values('H16QgVV0SMtg', 'mighty-fuel@mac.net', 'rkUXmE0BfYl','Sun Jan 10 2055','Ife zor va em zef imu iwonociz vofgov damhis etkudvo jocifobo apawawu ihekirwif belkivil semiwuk jibten zefiszav.') ;
INSERT INTO message values('HyCmeVE0BzKx', 'irritating-taste@videotron.com', 'SyCV74ASMYl','Wed Sep 01 2060','Duhoho ro ivro dobuir bi uhu ki samnore rig ewe mav kincuk buftijzu obepudlo ni tiseom tukopgik.') ;
INSERT INTO message values('ByJVeEEASfYx', 'unused-comparison@mac.io', 'ry-EXECrGtx','Sat Oct 06 2029','Joofucug caforuve fosiv puvji dun soc jo sozo jideb jewane uf jeteno vuvwoigu fabhuz abuhodub.') ;
INSERT INTO message values('ryxEe44RBGFe', 'mute-dime@sympatico.net', 'H1NQ7NCHGYe','Fri May 01 2065','Nor ginu zuwe sat wogosaz beben fudiule ros ubusasjem fodecav inedo ot pepugciz hi rigjacoj rede unam.') ;
INSERT INTO message values('SyZExVVCBfFl', 'prompt-wrench@hotmail.net', 'rkUXmE0BfYl','Sat May 09 2037','Pobjod evozi bi ef zimgawu nog con kadel wif tozoc pajkukuvo pohoh ronaf ac fulvuf.') ;
INSERT INTO message values('H1M4eEN0SMFx', 'deeply-achiever@gmail.uk', 'rkNG7VRrztg','Thu Jul 15 2021','Akehka hed bo hetevut wameguh oseugwun corinho dika fagojtud bo fa mutose vulef cabesgu vizo ce.') ;
INSERT INTO message values('HymNlEVRSMFl', 'onerous-beef@yahoo.com', 'BkXMXERHzYe','Sat Jul 01 2051','Taz upu coz rogneifu savoj udoluk dewelbe oji erubuj munbelkur nemfi iz bosewu vir.') ;
INSERT INTO message values('HyVEgNVArfte', 'learned-carpenter@me.net', 'BysQmNArftx','Mon Mar 02 2054','Ejiuro fob cif gom povusat ve uhusu dalo latow ta ditjep ele leowubu jemra.') ;
INSERT INTO message values('ByHNgENCSGKx', 'onerous-beef@yahoo.com', 'BkXMXERHzYe','Thu Dec 24 2093','Sowunri udtor gi nenamo walafuz rur medmejol ofja dimjorcoz zobi sahadacu toegzu up.') ;
INSERT INTO message values('HyIVeEN0rMYx', 'prompt-wrench@hotmail.net', 'rkUXmE0BfYl','Thu Nov 03 2072','Lah heva gojewodi juj ovfas wocam zaeno tuc obougoar nejud toda naahil pusrafah.') ;
INSERT INTO message values('B1v4g4E0HMFl', 'onerous-beef@yahoo.com', 'HJ3zm4ArfKl','Tue Nov 02 2094','Hecica dofmo hudemso oco aze dut buwizhit nivsefas besap juj lakcouhe jobvibik pesjan cav odda.') ;
INSERT INTO message values('HJO4gNE0SGYl', 'warlike-bubble@icloud.us', 'BkXMXERHzYe','Mon Jul 14 2025','Pette lolmelig ret omo kebwizu wur sez gif uj ciet kizzu husahpe lino ehvijit sedpiru wo koszepve.') ;
INSERT INTO message values('HJYElNEABfKe', 'obnoxious-basin@yahoo.net', 'H1NQ7NCHGYe','Fri Apr 23 2055','Vofe jomhu heca bec za osvod vubapi eni wibo luc buk ve wu lot gu wel picusi.') ;
INSERT INTO message values('Bk94lE4CBGKe', 'irritating-taste@videotron.com', 'SyCV74ASMYl','Wed Dec 21 2072','Uraezu ankawku zumfod ozatibeta vuljefci keh peke ah hun tav peup dibaktur vam moba camha unihum te.') ;
INSERT INTO message values('S1jNlEERrftl', 'remarkable-suit@me.uk', 'BJKz74CrMFe','Tue Jul 17 2114','Fi rivu boki kujovuizo numogju busij asocibo jibka zag veh ahumoke as keclaz.') ;
INSERT INTO message values('H1hNxV4ABfKx', 'onerous-beef@yahoo.com', 'BkXMXERHzYe','Sun May 15 2044','Wuki ezajofir bika rurofa vurgig oda pufdem tace ic hepi ivige lauw oviosgo ditmu pep.') ;
INSERT INTO message values('rJaEgNVABGYe', 'obnoxious-basin@yahoo.net', 'Sky7QN0HMFx','Thu Nov 26 2048','Mihik fob bevo jalru nijdo fecwof niaf ses favzusto lejbam dopurgib usuku maruj buzegmij sunfuj ohoro enu pudnik.') ;
INSERT INTO message values('ryANx44CSzKg', 'uttermost-weather@hotmail.co', 'HyTVQVCBzFl','Tue Jan 19 2027','Irsaiv to wubruwdaw ze gunenhez ejimgi pubvar cujjeta imuki foizwu tuatu fuupu ki pasila vucbide.') ;
INSERT INTO message values('rJ1SlVNCHMYx', 'burly-cheese@me.uk', 'S1uQm40rfFg','Sun Nov 02 2059','Ko fu nelokeju bejdurba covlahoho bunifcu jam kurim vom se vo duflorsok cekapiala mut gu jejbi nobeg jo.') ;
INSERT INTO message values('ryeHx44RrGYe', 'mute-dime@sympatico.net', 'HyZSmE0SGYx','Wed Jun 27 2040','Tad eda wob uzopu wiw sowvih ew boske za jehbise uhfa pad wij oj sef ov ziubi op.') ;
INSERT INTO message values('H1-SxNNRrzKe', 'spotty-finger@me.fr', 'B1Q7QNRBGKg','Thu Feb 27 2098','Co kermamsin avo kiokefov anelo kow makom hikzag maj tepeut najnipad owma pogwupif vuscef azu wiv seckiduv.') ;
INSERT INTO message values('BJMreN40BGYl', 'flagrant-can@sympatico.us', 'By27X4CSzYg','Thu Jun 01 2073','Ujoke pos vab cetahzok une wejofa mat luh ije isceppov vuparapa lior nig upuruv giku fif.') ;
INSERT INTO message values('SkQSl4V0BGtg', 'jolly-sign@me.fr', 'BysQmNArftx','Tue Jun 07 2061','Mamwer sagnirur lebfa fa gibacjag zov imoppas sitolpap gujkafu ni emo goziki oc.') ;
INSERT INTO message values('H14BlNNASGFg', 'prompt-wrench@hotmail.net', 'Sk24mVABMFe','Sat Aug 28 2088','Wudolez gilier kasciga hu umoaj cedan ihajo so fafentu hidoceg wa gu.') ;
INSERT INTO message values('BkSBxVNArftx', 'learned-carpenter@me.net', 'BysQmNArftx','Sat Apr 27 2058','Bauriaf usazoh tawiti meca una doemris nudcu aja zufijek folhaklu doto jo kob miav tibacji boed jifrivi falof.') ;
INSERT INTO message values('B18re440SGYe', 'mighty-fuel@mac.net', 'rkUXmE0BfYl','Sun Sep 06 2043','Itbakuj ojisef zuj caucuvo eziderob cekadiw ovfa lopa jipmi pobkikaf vosuseler gu dev.') ;
INSERT INTO message values('B1vHlNEASGtg', 'unused-comparison@mac.io', 'S1uVX4ABMKx','Mon Mar 07 2033','Cubo ikasez pab virziknig we uruda fahba geveini hu zo vumeuj awzenji lakusa udaoditen jehfogiw.') ;
INSERT INTO message values('r1drgV4Crfte', 'painstaking-aunt@icloud.com', 'ry-EXECrGtx','Tue Jul 15 2053','Puvehiuru du nup vuigjo calwew muzupa hofsuf tek re wensaz ba cuzopeucu ehora pogove sulwirpa ka hu.') ;
INSERT INTO message values('BytBgV4Arzte', 'tiresome-rule@mac.ca', 'S1z4QNRSMFg','Tue Apr 28 2111','Zul fezedhi halsibes vukcaljum fecuin hesevevo decibak vuvus kitfos rislizgof kivfe jo bucazkew jo ufba co ti fakji.') ;
INSERT INTO message values('Sy5BeVNCSzFe', 'teeny-crowd@mac.com', 'SJaXmERBMYg','Thu Apr 21 2022','Wi elbazos iwaobus zupco cauka ni sigogif vucne ur zubasu sibepvoh elupodci sewja gode.') ;
INSERT INTO message values('SkiSeVERBfte', 'mute-dime@sympatico.net', 'H1NQ7NCHGYe','Mon Oct 26 2105','Woedpod vadi pormolnid ro he ikpe to wued joc fo uvubaju owocod cup mo focuk.') ;
INSERT INTO message values('Hy3rgENCHzYg', 'helpless-oil@gmail.fr', 'rkNG7VRrztg','Fri May 12 2023','Us manulsi lif sedtaodi gatroupo gi hasiuj jog uwaw ugnibde kefgen huvzewu bunre go ki.') ;
INSERT INTO message values('r16rg4ECrzFg', 'canny-voyage@gmail.uk', 'S1uVX4ABMKx','Sat May 12 2063','Usjizu rarer fezab digwa awrib ih rowdu voomwo raimafa nilakke nu velvaini atleiwe joza eze.') ;
INSERT INTO message values('SJCSgVECHfKe', 'nondescript-doll@videotron.ca', 'rkZQmV0SzFg','Wed Dec 15 2038','Jewifur rucab udifak vonoh zunvad afe usi jifohuw lih idedun bo doc uz siv ec ajlipwaz ru.') ;
INSERT INTO message values('SJJLl4NCSzKe', 'irritating-taste@videotron.com', 'SyCV74ASMYl','Wed Feb 22 2073','Surgewug puuka liuziumo azitef jujlasug todweg dagotli gif fiwa duvjun vaoz febe nigavo ri cihle pi ebtawwam.') ;
INSERT INTO message values('rygIg4VRrzFx', 'warlike-bubble@icloud.us', 'rkUXmE0BfYl','Fri Dec 30 2039','Luwsij ozuveh uscevod zor eja ule mi guslu rawmuraku piduk podic sofri debhe ruwa ka.') ;
INSERT INTO message values('ryZLeNVABfFe', 'pink-shop@sympatico.com', 'HyTVQVCBzFl','Mon May 27 2080','Vo te zamoawa loujha nalozi kuuf bodewdor usoadi mafcuuwe kucekku akguk iwivisdo mukga.') ;
INSERT INTO message values('Byz8gNNAHMKl', 'helpless-oil@gmail.fr', 'Skj4QNRrfKg','Fri Jun 18 2083','Miditmo kapu put fa cuh za bonutoh zi fam jezu dolamab agme maak nopek dinturzon arzud lew vawmul.') ;
INSERT INTO message values('rkQUlEVRrftl', 'onerous-beef@yahoo.com', 'BkXMXERHzYe','Sat Jul 02 2112','Ne rop kisha hol cohka heb lianuro susatre aka horwet ojvi pemtuenu zakteksor noba kojiv.') ;
INSERT INTO message values('H148l4ECBfKg', 'loose-pancake@hotmail.us', 'r1KQmERBMYe','Tue Feb 01 2050','Zipfa sesaci wuhmo fakiec faifeedi as duohale tufitku awaose tot ekupukucu muog lopamkuc jupe.') ;
INSERT INTO message values('SJH8x4VCHzKl', 'learned-carpenter@me.net', 'SJyB7VRrMYl','Sun Jun 25 2113','Zumek cokzi lem netub hovevco ug vo zisota utderke fusag ragjahwu tomcoz.') ;
INSERT INTO message values('rk8IgVVRSGFg', 'onerous-beef@yahoo.com', 'HJ3zm4ArfKl','Fri May 17 2058','Dolojeh nucanamu su ergas hu fomi nis pez meihmoc jak rak gofobod giklu fe zo hugusona.') ;
INSERT INTO message values('B1vUgENRSzKx', 'nondescript-doll@videotron.ca', 'rkZQmV0SzFg','Fri Nov 14 2110','Zi hi ajo kuag gansug cagtasi loolatu eput huz sum up fupes.') ;
INSERT INTO message values('HJOIlVE0SMYl', 'warlike-bubble@icloud.us', 'HJRX7VRBMte','Thu Nov 26 2020','Go copitwuc vihunag kajbokor te zuulcij dig emenrif curtapa udaozuja go pol zov.') ;
INSERT INTO message values('ryK8xVVCHftg', 'unused-comparison@mac.io', 'S1_GQ4CBztg','Fri May 12 2045','Wejjiele buw geczabe tuc gilen did dauwne zo zujap gidicruc banorvur muneb bakepav.') ;
INSERT INTO message values('r15UlE4RHMYx', 'unused-comparison@mac.io', 'ry-EXECrGtx','Sat Dec 01 2018','Ugosogvi ujuzaigo zagrejfo zog beb kemafgu toamla hovba ala papa gipkoez jac.') ;
INSERT INTO message values('H1sIl4ECHMFl', 'flagrant-can@sympatico.us', 'By27X4CSzYg','Sun Nov 28 2077','Run row kajgaka fidpawiw riamoewa biubu zamovi nonivtob lawu ve lak bod vowpig edu kerfi sazid nevogzob bawcap.') ;
INSERT INTO message values('ByhUgENAHfFg', 'uttermost-weather@hotmail.co', 'BkxXXNRHfFx','Mon Aug 14 2084','Tefuza cu canpocoh hifpida ha kosto hes utva buw laluc wuf zidikvod tikiru waflah sa telehluz jirajom ga.') ;
INSERT INTO message values('HyaUxVVCBMtg', 'prompt-wrench@hotmail.net', 'Sk24mVABMFe','Sat Apr 18 2093','Abmo pesor kofmaghig zukufagi riutu hegeso ritfaive paw hazi rugvi tijuvo assok uvasip fubwebde pa cenofe ija idzioge.') ;
INSERT INTO message values('HyA8xNVAHMFg', 'mighty-fuel@mac.net', 'rkUXmE0BfYl','Sat Oct 12 2058','Ob jes miipi hibsu wik obu azotikig piduv zubonco asawazci kocuntik sav pomefew bibotsit ket petgajuji camkuob der.') ;
INSERT INTO message values('ByJvl4ECBzte', 'helpless-oil@gmail.fr', 'Skj4QNRrfKg','Tue May 25 2106','Hi urcu moj lotvatog wara ulelowa usdallur hapodit bunzeb toec rawaj wu ahbid.') ;
INSERT INTO message values('H1gDlV40rGYx', 'nimble-honey@videotron.io', 'SJS4Q4CrfFg','Wed Mar 13 2075','Fomwoc midakeh roztubi zid fobirjo hu ug tasij lelot igugiuf jiv jet cu luhiulu.') ;
INSERT INTO message values('BybPx4NAHMtl', 'mighty-fuel@mac.net', 'rkUXmE0BfYl','Sun Jul 22 2046','Elki gebve jikew lub eddeje aha law vorudji hu si lujmil igi vimo hagih ucuato vapvi zeh.') ;
INSERT INTO message values('S1fDgV4ArMKg', 'obnoxious-basin@yahoo.net', 'H1NQ7NCHGYe','Thu Mar 31 2039','Dor waz wugo bezo jo if tuz cegarpev kawab pun dum gaileeku ati nuffoke.') ;
INSERT INTO message values('SymweENABGKe', 'canny-voyage@gmail.uk', 'S1uVX4ABMKx','Tue Jul 05 2107','Toskiv gafona saavozed lobi hipco na utugu nivod pual wuvozta kig ulno.') ;
INSERT INTO message values('BJ4vgE4CSzFx', 'canny-voyage@gmail.uk', 'S1uVX4ABMKx','Wed Jun 20 2068','Zoib bemut te cu kacvewwe kotu sev gudmobu mew lilodgar liel ra azageham cawa cof agucevce.') ;
INSERT INTO message values('HyBvg4V0HMFl', 'tiresome-rule@mac.ca', 'S1z4QNRSMFg','Sat Aug 28 2038','Ovtewli lajzup buvadem dihmo ri osoumuer puf bidud jejva mi hirtu tel.') ;
INSERT INTO message values('H18vg4ERHGFx', 'spiky-air@yahoo.uk', 'HyLNm4RSftg','Sun Dec 24 2056','Woahi unipi kigoisu micbo habenu popac rokod cobepuhuz boknuwu kebiir ingilor ci mijus saapagel nol zo en ebe.') ;
INSERT INTO message values('SJPPx4ECHfYg', 'mute-dime@sympatico.net', 'HyZSmE0SGYx','Mon Nov 17 2087','Dehwag medtid joztim ahe buzesazer sid pitdib pigevar ajkijbu ojub popoac um dekihwov.') ;
INSERT INTO message values('rkOweVNRHGtl', 'helpless-oil@gmail.fr', 'rkNG7VRrztg','Thu Jan 11 2080','Abavlol enruz filbap wog kagatez zim nazu ezejacsub jaf ve odu av cid ito regijiene cilavi bijwuba.') ;
INSERT INTO message values('SJFPlVVRrGFl', 'canny-voyage@gmail.uk', 'S1uVX4ABMKx','Fri Jul 10 2116','Jomibak ninnubzi vewanjic fu nol etuge ici copmu unofuuz rerwa tuf joanhac.') ;
INSERT INTO message values('rk5DgVERHfYe', 'pink-shop@sympatico.com', 'HyTVQVCBzFl','Thu Jul 04 2019','Ber ew lizu luhegjur ivoroda loz su rejbubed muv jo cu vetsig rujkujeh.') ;
INSERT INTO message values('SJivg4NCHMYe', 'loose-pancake@hotmail.us', 'S1_GQ4CBztg','Mon Apr 08 2115','Esiloklu emo bosi fo pe inko beseplop injun febsi darorkuc zifuiw ofulajek hi onafedazu vi nuvug ap eja.') ;
INSERT INTO message values('HJ3vgNVCHGFe', 'canny-voyage@gmail.uk', 'S1uVX4ABMKx','Wed Jun 04 2031','Jikpegpuv jisul zucur civsez kud senar ge fapev toezo pewep hailzo isri fif buw ev it domjogi zo.') ;
INSERT INTO message values('HkaweEECSztg', 'unused-comparison@mac.io', 'S1uVX4ABMKx','Tue Aug 10 2032','Poottek buwzef hooha artatep le cijmicoha ikcer pil same ut palun juvpeegi wiam cafnemi ahozibcam vugtum pa otto.') ;
INSERT INTO message values('B1Awe4EAHfYl', 'prompt-wrench@hotmail.net', 'rkUXmE0BfYl','Tue Oct 28 2059','Ub edi hap cijvutad vaddi ona hotiseceh pub kizubziz tuhligtu arpofpaj se.') ;
INSERT INTO message values('rkydeEERrzKx', 'deeply-achiever@gmail.uk', 'rkNG7VRrztg','Thu Nov 23 2051','Kimavaki lapjuc gahab ohimo ha sug jep nozaz bipha peb muhdohu judload ezu ofupah.') ;
INSERT INTO message values('SJl_g4NArzFg', 'mute-dime@sympatico.net', 'HyZSmE0SGYx','Wed Feb 27 2075','Di kacdir towdi lijjul hohjekkeh goco lip fojipo tas va gonone lerovulo bafos beusga lagi vac sedpulet pitmapis.') ;
INSERT INTO message values('ByZdeE4ArGte', 'obnoxious-basin@yahoo.net', 'SyCV74ASMYl','Tue Jul 02 2024','Uho me abava hejtuwnaj iznir sinigwad ranlon ohe paj sug balzubo ortinjo ariutepa.') ;
INSERT INTO message values('B1GuxNV0SzYg', 'flagrant-can@sympatico.us', 'By27X4CSzYg','Thu Mar 28 2069','Kerne coiseoga ris itov tudobuove sowji ad az ju fu molku zi zome ovuus mog.') ;
INSERT INTO message values('BkXug4VASGYx', 'spotty-finger@me.fr', 'B1Q7QNRBGKg','Tue Feb 07 2034','Tomiluno ogijac jegamfo pejrahuk ul gaj epemupo uvewo cego ozapo emeci enwamazi ana.') ;
INSERT INTO message values('H1EueNVCHGYx', 'spiky-air@yahoo.uk', 'HyLNm4RSftg','Sat Jul 28 2040','Zesob jawhifiro jejdim miwhuvar podej ba miokbel til pew tova ep ica isku ito ro osevuw.') ;
INSERT INTO message values('rkSOeVVArGFe', 'learned-carpenter@me.net', 'SJyB7VRrMYl','Sun Mar 05 2056','Paik abi itepivmi roguhmeh fom damo zaofi ir guzmoweb luozuena malu pa.') ;
INSERT INTO message values('HJI_l4V0BzKx', 'uttermost-weather@hotmail.co', 'HyTVQVCBzFl','Wed Feb 05 2020','Sudef fivecor itowo oze ziw nov disalrul je enipivda resdel valkejog hize mit fa ihurfad do walopwer icu.') ;
INSERT INTO message values('S1wugNV0SGKe', 'loose-pancake@hotmail.us', 'S1_GQ4CBztg','Wed Mar 16 2112','Vivojzek iggul boazikim efetifuz lowgevjek jar zuapiow molowvoh puvbof tej zamina pen jagfug we olbar deodvil isu.') ;
INSERT INTO message values('ry_OxENArfYg', 'loose-pancake@hotmail.us', 'SJS4Q4CrfFg','Mon Apr 25 2039','Zabnehiz kiw efu telejfe hij zantis bivom furiwkiv owoheupa gus sorbe fijimitu suvireseh iz pusedhol.') ;
INSERT INTO message values('HyYue4N0rzYg', 'tiresome-rule@mac.ca', 'S1z4QNRSMFg','Wed Oct 29 2098','Ogi efiowevah akizopi ekiro we gi ogtet vezfer suuzno maheof uflifu hezic fum fapov.') ;
INSERT INTO message values('rk9Ol4VCBGYe', 'mute-dime@sympatico.net', 'H1NQ7NCHGYe','Fri Jul 15 2112','Voegi bavli ofepeghuh curop re pij fiarda vehiri ikhiozu lum asi gubonnu ecbir fucbuhwa idali amekazupe.') ;
INSERT INTO message values('Syo_lEERBzFe', 'loose-pancake@hotmail.us', 'r1KQmERBMYe','Sat Oct 01 2101','Kitebdot wub ol ekitibuf za ropide now hubwe gevugdeg ep runomdu jed vapju guhdat ef wehviro rohti.') ;
INSERT INTO message values('rk3_eNNCHfYx', 'canny-voyage@gmail.uk', 'S1uVX4ABMKx','Tue May 08 2035','Cu bo usmi wej bepdip haca nolu geawuna lagocdu akzil lufura upibanfe fa ugo.') ;
INSERT INTO message values('r1Tdl44RSGte', 'nimble-honey@videotron.io', 'SJS4Q4CrfFg','Wed Oct 14 2082','Hup ovnonu pakvuz kik nacge wonu reak ifi dejnuw pe enjibfuh juopa.') ;
INSERT INTO message values('rJ0_gN4RSGFe', 'obnoxious-basin@yahoo.net', 'H1NQ7NCHGYe','Sun Feb 12 2073','Rejsa powufito wakeh retiwroj bidka nilifhof neshewpu zenzizbat udluz gan echorav dudezine jetnew iciotu jim ug.') ;
INSERT INTO message values('BkkFl4V0SMYg', 'remarkable-suit@me.uk', 'BJKz74CrMFe','Fri Dec 30 2067','Cuar er gibjekwaw gan wat ku efjowit zaictic koz zijuneb feghuze inuzijnut hulserab abbofah lemec luw.') ;
INSERT INTO message values('SygYe4EABMtx', 'uttermost-weather@hotmail.co', 'SybfmERBzYx','Sat Dec 11 2038','Si zurniw usikemi lobpifu odukiila fokfuvag lefkiv zetbihbiv fer dul toloju orefa lehvimga.') ;
INSERT INTO message values('ryWYxEEArMYx', 'pink-shop@sympatico.com', 'HyTVQVCBzFl','Thu May 20 2038','Getu futu bebma az od hitev seniroad vehefim asofoki eni raboje rali letilemi rolewmin nugpo wupgazus liow sobas.') ;
INSERT INTO message values('ByzKeNNRBGFg', 'nimble-honey@videotron.io', 'SJS4Q4CrfFg','Thu Sep 13 2040','Ecu fumon gebzigem kezvenaz viso ejosu ran bahwokevu gidigan hez pif wewasigu vuvupulil loztut vo.') ;
INSERT INTO message values('SJXYe4NABGte', 'known-toothbrush@yahoo.uk', 'HkMH7NRHGFg','Fri May 24 2075','Fe gun nazbih lapoc labum nodadce weju uwi itbi ujasuki he pa naf anasab tomwec ek.') ;
INSERT INTO message values('BJNKx4EAHGtg', 'painstaking-aunt@icloud.com', 'HyqE7NRBfKe','Mon May 07 2046','Meb fidbu pabguwdom ajoma zocgi fof pi mamzut ban wep pezulefu ze kevu wa.') ;
INSERT INTO message values('SyrYlNVRBMFl', 'painstaking-aunt@icloud.com', 'ry-EXECrGtx','Mon May 22 2073','Fuvu kap odo cu lucwakes hip ubirul wuz wun danbi si hoan.') ;
INSERT INTO message values('BJUtgVERSzte', 'learned-carpenter@me.net', 'SJyB7VRrMYl','Sun Oct 09 2039','Ij pecfenam oweh alo woutodan dan esege cabgup anogopoj gajjekat po sofi ci ase numduf ra.') ;
INSERT INTO message values('SkPtlNN0SMFx', 'prompt-wrench@hotmail.net', 'rkUXmE0BfYl','Sun Feb 23 2070','Kaligad bef uv fuj ihvope limzujis wab gu pir jo bac uvakuh.') ;
INSERT INTO message values('rJutxEERHfte', 'mute-dime@sympatico.net', 'HyZSmE0SGYx','Tue Jul 18 2090','Wagfifco izo biabiic unuobu echi mitu gofu ovwoet ha tin ogbunkik molud hu.') ;
INSERT INTO message values('HyYKeNERBfFe', 'known-toothbrush@yahoo.uk', 'B17NXVCHfKe','Wed Oct 20 2077','Nuf oj efovo bawge nu tajozu pabibo wil gu voperum lorwi decbotwib racankup kum turarve bed.') ;
INSERT INTO message values('BJ9Fl4V0rGKx', 'learned-carpenter@me.net', 'SJyB7VRrMYl','Sat Feb 21 2099','Uvazel tih hivaklo ma wepes tujica noksen pownuuh gedfe di guroomo finuzavuh nuke him biidu ofjojic modom na.') ;
INSERT INTO message values('SyjteVE0rGKg', 'helpless-oil@gmail.fr', 'rkNG7VRrztg','Sun Apr 28 2058','Tajizusi solgazta levezgoh nekah pifhe sehazge miseji ge meikeal numkijoz helta udaub bin jadojvu ibonar.') ;
INSERT INTO message values('Sy3FlN4AHGFg', 'outstanding-pig@icloud.uk', 'rkENX4ABfYe','Thu May 31 2040','Fajvef nusinde tavaciz motah usifeawe pezifme hulli zusedbi fiska li bu nila gamapgig.') ;
INSERT INTO message values('BJTFlEVRHGYe', 'teeny-crowd@mac.com', 'SJaXmERBMYg','Mon Jul 13 2037','Gaz mim hew neldemmad wozek hekec red zimkutmaf kuhof fo giit eduwetiz ferkaf meune tujoz lameh lakog uv.') ;
INSERT INTO message values('BJ0FgNECrfYg', 'pink-shop@sympatico.com', 'HyTVQVCBzFl','Mon Oct 07 2047','Daturha facezpi onaahcup mikowje uzri ma misjiba zo hagwofip dewo kir lamlif lo inifetuk.') ;
INSERT INTO message values('Sy1cgEVABMFl', 'irritating-taste@videotron.com', 'ryPE740HGtg','Fri Nov 13 2105','Mazzuca daleh baw coreg woitire faewpel hupgiibi goc fablajeho os zumukgo ava izfiste vacluf bih at dah garoor.') ;
INSERT INTO message values('Byxcx4NRrMFl', 'mute-dime@sympatico.net', 'HyZSmE0SGYx','Fri Sep 10 2049','Un ba nubsimvom reg si ke ap wojzuki losugerar liipo pa ca godecev.') ;
INSERT INTO message values('HyW9lNNArftl', 'irritating-taste@videotron.com', 'ryPE740HGtg','Fri Nov 15 2030','Jo obu baziv dazsugsem baztuwtos vizsi cetowtep topezda ucfim cegutab ca dalicud tigu dizewi.') ;
INSERT INTO message values('ryzcgEECBztl', 'canny-voyage@gmail.uk', 'S1uVX4ABMKx','Thu Apr 15 2038','Zi zedki hepbufji barufelu maeh ahlo dar lovut geob kapli fo isa nahga pacup mek suvko ah.') ;
INSERT INTO message values('BJ7clNNRHfFl', 'onerous-beef@yahoo.com', 'HJ3zm4ArfKl','Mon Mar 30 2116','Vog nutsadtis vu rag dew bel nej azivehuw hupkitra mov cih julpefpe zisgika zakpenewe molob.') ;
INSERT INTO message values('rJNce4NABMFl', 'spiky-air@yahoo.uk', 'HyLNm4RSftg','Mon Mar 09 2020','Ridruv basubmes evinuf vi mefatik rormenec peegtoc kaga zewe huerumom acasjik liokeoso.') ;
INSERT INTO message values('S1SclN4CSfFg', 'helpless-oil@gmail.fr', 'rkNG7VRrztg','Sun Nov 17 2069','Lingomu jetovgo nivha sucaz hiv voreb linmem vetmum fitoh pa fazzeol zuhuhebi tu haz.') ;
INSERT INTO message values('B1I5eVVRrMKl', 'spiky-air@yahoo.uk', 'HkMH7NRHGFg','Thu Jun 23 2101','Bewduplul butgiv ideijebi suednak afdo jicifovo wu fi ginor he usiecmiw umudo bewtuvze ho.') ;
INSERT INTO message values('BJP9g4NASzKx', 'jolly-sign@me.fr', 'BysQmNArftx','Tue Aug 04 2082','Vebwenec do te ara macgo kahboez pakraj jokca esedis onjula jawasbo zezuve milukajo wiwvo numdana sizi egdelgiv ripza.') ;
INSERT INTO message values('BJu5eE40rGYl', 'learned-carpenter@me.net', 'SJyB7VRrMYl','Mon Dec 24 2096','Ikanugni ocde ipiehe jirwido diwar irehetweb bepvu riarar kapuzuki vicwac taz emiziinu kufu mugule orhupbe luirfop gi.') ;
INSERT INTO message values('rJYqxV4ASGFe', 'known-toothbrush@yahoo.uk', 'B17NXVCHfKe','Thu May 02 2058','Makpeh neg emisuot lenve futleba miehope is rakaki pob tak amab zo safmowif.') ;
INSERT INTO message values('SJ59xNNCHMtl', 'mute-dime@sympatico.net', 'H1NQ7NCHGYe','Sun Feb 22 2060','Womtoc alafup joudi ekib foso vikbadwu lemni tow bed omudla at topotulij.') ;
INSERT INTO message values('Byi9eNVCBMKg', 'obnoxious-basin@yahoo.net', 'H1NQ7NCHGYe','Sun Sep 26 2088','Lo so elebebgu iwo bamegje ikefad beh ju okbif cinen je kofizu pugzoci loci gejli jemfenveh cizmicavu weh.') ;
INSERT INTO message values('H1hqxEN0SMKl', 'teeny-crowd@mac.com', 'SJaXmERBMYg','Fri Jun 28 2019','Wiru fopsa no ekrotu kemofuun simne red depniki ogki ez ci fasdued eme viirku bul.') ;
INSERT INTO message values('Bya9eNERSzKl', 'loose-pancake@hotmail.us', 'SJS4Q4CrfFg','Mon Dec 25 2034','Wuv lezvured tuvma jadig rapwikjos gelve jukwa hapsi vajsieh bosu maspug es riz.') ;
INSERT INTO message values('SJR9g4VRSMKg', 'helpless-oil@gmail.fr', 'Skj4QNRrfKg','Thu Nov 25 2088','Cuhiz bob sarju ab li watbojih metohu jaf ac ih toedku vasnipbo itrak fusizu piwmiw.') ;
INSERT INTO message values('SykieN4CHzFe', 'warlike-bubble@icloud.us', 'HJRX7VRBMte','Thu Apr 21 2033','Ofavoc odtado esepom ifoide om ipibezme wolunizu dowik senmeh bu befunnah nuibu danuhwab tod fodaz wo.') ;
INSERT INTO message values('BygsgNVCBMte', 'known-toothbrush@yahoo.uk', 'HkMH7NRHGFg','Sat Jun 10 2051','Jucashol haw ifleco kupamoca aboser epto difevmo zi ahgiczu nopog rezca gugiw dub nop metuw fa.') ;
INSERT INTO message values('rkbjlVNRHfYg', 'jolly-sign@me.fr', 'BysQmNArftx','Sun Feb 07 2077','Gowdo ejam wiguwog goip izcegbe miv afa itotomi rehbu sevake jur ad.') ;
INSERT INTO message values('ryzog4ERBzYx', 'canny-voyage@gmail.uk', 'S1uVX4ABMKx','Tue Mar 04 2064','Lojo zihu isu pu gucgi ubuhufrab fo arlabhuk ikadho fadwa vi sewi id mel um enucaemu.') ;
INSERT INTO message values('SJQolVNAHMYg', 'learned-carpenter@me.net', 'SJyB7VRrMYl','Sat Aug 21 2106','Bucvu es lapilo zelfinid ozlarebo na gosac aviro odupepmu uricecgi of mueki lobe bodisajif pacirabe lav.') ;
INSERT INTO message values('rk4oeEVRrftg', 'helpless-oil@gmail.fr', 'Skj4QNRrfKg','Thu Jan 06 2101','Pimku juja akukunpe asuazolel mi ceotu cebsaena puv himmegar bote fe aj.') ;
INSERT INTO message values('SkHie44CBztl', 'canny-voyage@gmail.uk', 'S1uVX4ABMKx','Wed Mar 16 2101','Mo kegihuvu ivaferi befrar ole jazug po bevuvzo gepmisil pirwi gadoni cohvi zifup sinhisu ramkikhuv naddunat cod.') ;
INSERT INTO message values('Hk8ix4VCBzte', 'mute-dime@sympatico.net', 'H1NQ7NCHGYe','Thu Jun 09 2112','Rop iferouc dozadre ninif eku gitimnuh jinu wicaffe jug sa kivacnav geitiwof.') ;
INSERT INTO message values('H1DjxVVABGtl', 'uttermost-weather@hotmail.co', 'SybfmERBzYx','Mon Nov 10 2104','Saror lud fabozji picepe vi tej pasco mianbi ha fam liif cungek.') ;
INSERT INTO message values('BJuog4NAHzte', 'obnoxious-basin@yahoo.net', 'SyCV74ASMYl','Wed Nov 17 2060','Bucojwel ej mizhod nozeh omucaviv pa ah ta jeipgo tapoh zasobem mahbi con lalig dosgo cehfepu hepuico ojgav.') ;
INSERT INTO message values('rkFigVN0HGte', 'warlike-bubble@icloud.us', 'BkXMXERHzYe','Tue Sep 28 2032','Zarfilmef jiw ahhegbo fog dejiilo na nad sadaog fimpoc gitoma nogcof to wilo.') ;
INSERT INTO message values('SJ9sl4ERHfFl', 'known-toothbrush@yahoo.uk', 'HkMH7NRHGFg','Thu Jun 11 2071','Okeuw ek galziero jupjete nuli dusvipig zurjup natlucejo negulazi kiwifcor vibe ci rocez vap kenomoso zalbaznoz nuj.') ;
INSERT INTO message values('Bksil4ERBzte', 'sneaky-fold@yahoo.us', 'B1Q7QNRBGKg','Sat Sep 18 2088','Ko gojoj riw lezujma peuw kas emajar omciiw lawhupe uju ru tumra izole dened powi putiume cuw vibjabe.') ;
INSERT INTO message values('Bk2jl440BGFl', 'unused-comparison@mac.io', 'S1_GQ4CBztg','Thu Aug 29 2075','Zogowuz ab jeoggus coficar tec of edbil rijicpe ubov lezivopa fozbuvus sieso ogaavo bevven kec com jian.') ;
INSERT INTO message values('H1pjxVEABzFg', 'irritating-taste@videotron.com', 'SyCV74ASMYl','Thu Jan 25 2057','Laun jawo nansic curo obziz zejejeju si woj hi de unohonu heh tav don ro icu avofukje.') ;
INSERT INTO message values('B1RolENArfKl', 'spiky-air@yahoo.uk', 'HkMH7NRHGFg','Fri Feb 28 2048','Tukcowet ruhoozu ofacocoh kobferrah duk igheb siire bipce odu itpisdez abi ja webec re fuzlom.') ;
INSERT INTO message values('Hy12gV4ASMFg', 'onerous-beef@yahoo.com', 'BJSGXVASMKl','Sun Mar 31 2047','Cipu sefe guzid jaotimi nat varcu sacumi simcejes liv jof mesjusa wi dehlovav ov.') ;
INSERT INTO message values('HJl3xE4CHfYe', 'onerous-beef@yahoo.com', 'BJSGXVASMKl','Thu May 20 2032','Tukrijhe dodhu ziwala fegehav lawam uma jeintu me ukhamu wujonwin kevgiz na mid nuvauvo sovrosere.') ;
INSERT INTO message values('HJZhl4ECBMFl', 'outstanding-pig@icloud.uk', 'rkENX4ABfYe','Thu Oct 10 2058','Gacjo de piwroice ji kicfisdiv dirivor sizlok en cuc gaskiw ze magif.') ;
INSERT INTO message values('B1f2xN4RBGFl', 'jolly-sign@me.fr', 'BysQmNArftx','Wed Mar 20 2041','Girul haiv vur umiumoja sohueg mej fi jumuzlo le ji hivegiz loje jaraet.') ;
INSERT INTO message values('rymneVVCrfYl', 'uttermost-weather@hotmail.co', 'SybfmERBzYx','Wed Mar 04 2048','Efan koj luwbij piplo tilidab olhuned demas ahudir tuamote tafvac tanvem mabzu rinrow.') ;
INSERT INTO message values('SJE2e44ABzKg', 'onerous-beef@yahoo.com', 'BkXMXERHzYe','Mon Sep 01 2098','Tegitusa on jawumis kosohe uw gi unudif oju en zuzmiil risuvhov ekipu zag dodiza meulzu ramvuhec cel.') ;
INSERT INTO message values('SJB2x440BzFl', 'onerous-beef@yahoo.com', 'BJSGXVASMKl','Wed Nov 15 2113','Wisozev obvilu fahudo mavedoowo hu netuewi fofcidnuh pa korremtu ehizu zovrusume ram muclol gannundi tewjuj rocpawez ac udeku.') ;
INSERT INTO message values('SJ8nxV4RBGYe', 'onerous-beef@yahoo.com', 'HJ3zm4ArfKl','Mon Jan 04 2100','Gerpab zokjojne dupwanadu po istuza kufes pefa id uwibafem taeke fu alejide duv.') ;
INSERT INTO message values('SkPhx4E0HfFl', 'loose-pancake@hotmail.us', 'r1KQmERBMYe','Thu May 28 2116','Vosehajug robetbo mel pa cuav wujvabu ori cewjuga ec ce zemdihpun jida nulejdok fih.') ;
INSERT INTO message values('ryOnlNV0HzFg', 'warlike-bubble@icloud.us', 'HJRX7VRBMte','Wed Apr 30 2092','Jizek asaomegik posaw tacjew vakhezse urduuk zuvpi selukur reisto hutcefroc sophe wu pikcovvom cus rifgukoc.') ;
INSERT INTO message values('SyFnxE40SGKl', 'known-toothbrush@yahoo.uk', 'HkMH7NRHGFg','Fri Nov 27 2043','Vorodwo opi atede catdaf letug mefdased moprozzu avibul wef zef fecugtoh fehos ise hujelpow laido vocjapiv.') ;
INSERT INTO message values('SJ9hxNVRBfKx', 'outstanding-pig@icloud.uk', 'rkENX4ABfYe','Wed Mar 06 2069','Nib iwu sigoah lotudu ledvo otifimfid tavrojmat cohduved su jac ba lebepce mura kecowi hakem.') ;
INSERT INTO message values('B1jhl4ERBGKg', 'remarkable-suit@me.uk', 'BJKz74CrMFe','Wed Apr 21 2027','Hawwi vegezgu vonajobe ib lo afkec mumokso na dejleben jo viduje awa davri supo segwantu renup.') ;
INSERT INTO message values('rJ23g44ArGKl', 'helpless-oil@gmail.fr', 'Skj4QNRrfKg','Fri Feb 08 2019','Ga tietub su icewew tohu vez oplesus udojeto attisgi welibaka jafa taebeupu osutehad.') ;
INSERT INTO message values('Sy6hgV4RBzte', 'mute-dime@sympatico.net', 'HyZSmE0SGYx','Thu Jun 02 2044','Hem umzinas okkagi dowosuva fodnecup ewu simvit neruz ju tutji goteoj vo cukoh wisuj bisad.') ;
INSERT INTO message values('ByAneVECHzFx', 'loose-pancake@hotmail.us', 'r1KQmERBMYe','Sun May 05 2019','Wagvican olacinhot ju bo ohovikaz ijosi esedoc bigoriw olrah keb zevawo tekici oboziifu mehar ohmis jueru.') ;
INSERT INTO message values('rk1pgE4CBfYe', 'spotty-finger@me.fr', 'B1Q7QNRBGKg','Mon Jan 01 2024','Por ama za ertehto zut tiwho beuvpi nuz nowel wemluj uv vugka icejifaf togrenka wease gizejas vuebopem geglaju.') ;
INSERT INTO message values('Sye6gENArfYl', 'sneaky-fold@yahoo.us', 'B1Q7QNRBGKg','Tue Sep 17 2086','Rabuhto ci jelu hujacro afonuuge paw av jamurren babbejka hoowobun ebtaaj raitosi tulifu tiudku ohi mobzu jag zibiamu.') ;
INSERT INTO message values('rJ-ax4E0BzYx', 'learned-carpenter@me.net', 'SJyB7VRrMYl','Fri Sep 11 2054','Misu afotajo biigpe namigfa fuhlu vim luhew jifvi jezehlir cadloit ukoofwuv sufiriw bosfakvu relisi zo lawigso.') ;
INSERT INTO message values('H1GpgV4RBGKl', 'spotty-finger@me.fr', 'B1Q7QNRBGKg','Tue Sep 12 2090','Zostelpit tid okono da but ra fidaco ri uh puvigbul ajopedzak pokwolug duwmo ku tozatu foljitve jamuh.') ;
INSERT INTO message values('rJXaxENABfYg', 'warlike-bubble@icloud.us', 'BkXMXERHzYe','Sat May 08 2021','Bo pugej fil fawu jofguumo rorogte ovibucwud evima fibgaf nuzwav vif ohon neh isruhuw tun dad nuk.') ;
INSERT INTO message values('HkEpeVNArGFg', 'spotty-finger@me.fr', 'B1Q7QNRBGKg','Fri Nov 23 2108','Bezife ow wilaj zizutan tioki zavki katzofwig zino doh alogewis pufva mivofuhe dimveuno uzaber bigo er.') ;
INSERT INTO message values('r1r6xNNRSftg', 'known-toothbrush@yahoo.uk', 'HkMH7NRHGFg','Sat Aug 10 2024','Fomse vigomfuh webari bobovpe iketcuh rodukog filgiak udovowof rujzo guzocmet simgate jibag wuj jeliluowo mowepcoj lepug.') ;
INSERT INTO message values('HkLaeV40BGtg', 'prompt-wrench@hotmail.net', 'Sk24mVABMFe','Fri Sep 24 2049','Nohewuwa heuvi mudav hos giegon cuz etohuga johvagew nadionu iniugge huki fueki tiogu vepiti vi pojep turajur na.') ;
INSERT INTO message values('rkwaeENRBGYe', 'onerous-beef@yahoo.com', 'BkXMXERHzYe','Mon Feb 15 2027','Dev dohhemfo hop dazva botwamaw melumeh bovohwop esuinzu wom jijo mepus divennod tuimmec ah.') ;
INSERT INTO message values('Hyd6l4NCHGte', 'spiky-air@yahoo.uk', 'HkMH7NRHGFg','Fri Feb 14 2087','Pawwisnif widmickit wawipi wov tumpus bosase zoih ilzubu wu evo job sino gag bew ozejak.') ;
INSERT INTO message values('SJY6eNERBMte', 'mute-dime@sympatico.net', 'H1NQ7NCHGYe','Wed Aug 02 2023','Ubuunno asbo kujucez ecizemif ofabavbak tizeppu lozkowcu kemu wamzeh lubij jaw cowha nem abijob dapepew lami.') ;
INSERT INTO message values('S156lNN0rMFg', 'mighty-fuel@mac.net', 'rkUXmE0BfYl','Wed May 17 2028','Ane bozisida tutnec zigetsi igbu ezuocouc jenoz guwmitib wemwil wu tilisac taz do ukecep risenguv.') ;
INSERT INTO message values('rJopeNNASzYl', 'known-toothbrush@yahoo.uk', 'HkMH7NRHGFg','Fri May 21 2117','Cun tehoma uzukaew satuzju ruvi til vepugeseb fa etgep suvfa lur ozubolul sir maanu tuwze.') ;
INSERT INTO message values('HynpxVVCrMFg', 'uttermost-weather@hotmail.co', 'BkxXXNRHfFx','Sat May 24 2098','Codo cus genak pam botvali moppage rergigeb haun loul gakjima useva eh be owkod sukig gad rudavfu ro.') ;
INSERT INTO message values('r1TplV4RSfYg', 'helpless-oil@gmail.fr', 'rkNG7VRrztg','Fri Aug 10 2114','Muv size ke sa vohik uh gusuti domhugmeh jekvevip sebuj alazu fomko pupbikpoz.') ;
INSERT INTO message values('HkC6xVV0BfFl', 'nimble-honey@videotron.io', 'SJS4Q4CrfFg','Sun Aug 28 2050','Kilbatif afueta avefalle punzaow fonuliv du atsedno seukuri oddaosa fe putvoc wosju.') ;
INSERT INTO message values('H11CgVVCSztl', 'outstanding-pig@icloud.uk', 'rkENX4ABfYe','Wed Nov 24 2100','Loglu tombozori noril aclo zaveraw te iwmaoz res afawa umugadba cofa relok loke nicoah sejuha tinhomsad.') ;
INSERT INTO message values('rklReNVArGKe', 'flagrant-can@sympatico.us', 'By27X4CSzYg','Tue Jul 26 2072','Iga na ab mo izatagzir pot fi nirfib lanuz wuvvo ahokuka oweszi hu wesustar vasfa new.') ;
INSERT INTO message values('rybClVERHMYe', 'warlike-bubble@icloud.us', 'HJRX7VRBMte','Wed Apr 25 2085','Wifufa mo dik tikolo capopi bow aziit kor fusderho amamumel ahodoron kadtovu bauwimi kaciet vaulinud zac tow.') ;
INSERT INTO message values('HyMCg4N0rGYl', 'unused-comparison@mac.io', 'ry-EXECrGtx','Tue Sep 28 2117','Ihpep rolup hop caru zesu zuwo mereb lozasi hevhagguj maru mis merapic.') ;
INSERT INTO message values('rkmAgNE0rMtx', 'uttermost-weather@hotmail.co', 'SybfmERBzYx','Wed Aug 26 2026','Usfoza zirniw vekhutca wuwboki jiveumo resu cumip tonuk winecvap ti vigli hej luje.') ;
INSERT INTO message values('HyN0lNN0BfFl', 'uttermost-weather@hotmail.co', 'HyTVQVCBzFl','Tue Jan 12 2083','Cencunfa efheso lu kebejinon uvuho peraez pamdonor wer jadaez ezowisi opiwenu mudiif kag ovpu agsi ogu.') ;
INSERT INTO message values('r1SRgVVCHzFe', 'loose-pancake@hotmail.us', 'S1_GQ4CBztg','Tue Jul 01 2025','Todwiw konkuh wad pah jobuce taculho si tiul muapag atcemfi zo utto.') ;
INSERT INTO message values('ryIAxVEAHfKx', 'uttermost-weather@hotmail.co', 'SybfmERBzYx','Sat Jun 22 2052','Joojlo apmir ulkazek owbajhan imo le tumi lul akso zicot ras buj zehtah iwiw.') ;
INSERT INTO message values('SkvAeVEAHGYl', 'obnoxious-basin@yahoo.net', 'Sky7QN0HMFx','Wed Dec 11 2024','Ki iku ra pa lis dubako onva ahbeh eziwe bohina wac ke fet otu wuhlios opovowzi.') ;
INSERT INTO message values('S1uRxVNArzKg', 'uttermost-weather@hotmail.co', 'HyTVQVCBzFl','Wed Oct 22 2087','Icola bep him miggetad celasciv agivokla iratilab bohjep lagmobuj go vemwoz terohi.') ;
INSERT INTO message values('HyFAg44RrMKl', 'mute-dime@sympatico.net', 'HyZSmE0SGYx','Wed Apr 13 2095','Pok johsufi uhtavtep tuvliuli rorpi bepu nufujkiz gedkef menir ofsiku zekvojroh lechufton fep hohmocew.') ;
INSERT INTO message values('S1qAxVVCBGte', 'mute-dime@sympatico.net', 'HyZSmE0SGYx','Thu Jun 24 2088','Dul etu wibhuwaz akzulval he veckiab lu wi hosofre tacgi uhu jivputne raholoek jilher.') ;
INSERT INTO message values('SJo0lVVABfFg', 'painstaking-aunt@icloud.com', 'ry-EXECrGtx','Sun May 16 2106','Hup oca jemop nam be misaca no waztesji kijad piveot regciha oli.') ;
INSERT INTO message values('Hy3AeNNCHfKe', 'deeply-achiever@gmail.uk', 'rkNG7VRrztg','Mon May 27 2052','Cochu edeopabi ezuobisob jahfu dap om feppi vukicon zapjugu fudafhov kudcil vobuli.') ;
INSERT INTO message values('HkaRl44AHfte', 'prompt-wrench@hotmail.net', 'Sk24mVABMFe','Sat Nov 14 2093','Pirebo sisfaruv huzavba agvim hoeckuf navharmo jatwulu bagfuc vedekeosu ri gumeloz ziazlef zi mom vefdak olu.') ;
INSERT INTO message values('HJ0AlVV0SGYg', 'burly-cheese@me.uk', 'S1uQm40rfFg','Sun May 06 2114','Fa go hib bolpuve dugfes gowhi gatkuvra udite wew ozzelot bizusa luoho bezozvur biweog.') ;
INSERT INTO message values('SkykZVV0rzFg', 'outstanding-pig@icloud.uk', 'rkENX4ABfYe','Wed Dec 28 2101','Vik irhonfa dep pob ise olo bik uni weuwfam kosaw ewteto umisimnah apcahmek kugful hodevenu wasahe.') ;
INSERT INTO message values('SylyWV40rzKe', 'mute-dime@sympatico.net', 'HyZSmE0SGYx','Wed Jan 02 2075','Sef joeh tu kepe kihla ifre isasegu dapatane ottudpi cuhimwul akoh huzepueg wivlizeb dabifcaw zu pu.') ;
INSERT INTO message values('ByZyZEERHMte', 'spotty-finger@me.fr', 'B1Q7QNRBGKg','Tue Aug 14 2103','Fi sa gita losa nifbum obziv ri rur deckuwre kiitfa covej jesreac notwison urpuz isuunto gi.') ;
INSERT INTO message values('HyM1-V40HfKe', 'remarkable-suit@me.uk', 'BJKz74CrMFe','Mon Apr 18 2112','Jizo don lucseb tape wiwhubif sovi hesur zi tugu iredaema odita iw tico mut bisupko.') ;
INSERT INTO message values('S1Q1WNNArMKx', 'mute-dime@sympatico.net', 'H1NQ7NCHGYe','Sun Jul 26 2105','Wumona agto cevfikum vucce lucdaj ukod ehe vekoskem jahok zeohij tihoc eh kisa udo.') ;
INSERT INTO message values('SyEkbN4CrzYe', 'pink-shop@sympatico.com', 'HyTVQVCBzFl','Wed Dec 19 2035','Rorumoge ridaroj nobalis do kicis wup eb pago li jah hed ke.') ;
INSERT INTO message values('S1S1ZNV0HzYe', 'unused-comparison@mac.io', 'ry-EXECrGtx','Thu Feb 04 2066','Vajuj nin jan lobohpip bodve al jivusuj odumen af dune jizce ji did rira nagof.') ;
INSERT INTO message values('BJUJ-NE0Szte', 'warlike-bubble@icloud.us', 'BkXMXERHzYe','Tue Nov 19 2115','Av ig tuvage fi toopajo muk wih jat pahuvvo ilibi lunbeod viho doraiwi.') ;
INSERT INTO message values('SkDk-ENCrfte', 'unused-comparison@mac.io', 'ry-EXECrGtx','Sat Apr 23 2022','Wih duij ciwifazub kadeg sikkowe hetigooh isni eku sifzo suw votpubwe on zigtuk gijjidpaf.') ;
INSERT INTO message values('Bydy-VVAHMte', 'spiky-air@yahoo.uk', 'HyLNm4RSftg','Sun Apr 08 2057','Dudipja jafius wublarro ohjoj or desjeror cum aheje tuw kajuwes ce ihfif sacrovoz nit gabbodtac.') ;
INSERT INTO message values('S1YJWNVAHMKe', 'warlike-bubble@icloud.us', 'rkUXmE0BfYl','Sun Feb 10 2041','Tazam patgipbus cuhosas pen haptejpe daz vupun jop ebcic huwaruf kiza miapa wa zaciwi.') ;
INSERT INTO message values('By9JZVNCrfYe', 'warlike-bubble@icloud.us', 'HJRX7VRBMte','Thu Nov 20 2064','Lizatah pe be amwuet afsaw lekuros wumimto bav awuta hubgec nitos se ra ogusel zir bozwun re reli.') ;
INSERT INTO message values('Skjy-NNASGKx', 'spiky-air@yahoo.uk', 'HkMH7NRHGFg','Wed Mar 27 2041','Juktol vagluctem nadkuebo baz vit rogep gul caf anooljuj zo coito tivrivo.') ;
INSERT INTO message values('HJ2kWNERrMYl', 'obnoxious-basin@yahoo.net', 'H1NQ7NCHGYe','Tue Jan 23 2091','Be el no gubawo maagkeb vuut vojomdi tobbur nedoma zujero kizihujum jiktahkih ibe.') ;
INSERT INTO message values('By61ZVNRrGYg', 'obnoxious-basin@yahoo.net', 'Sky7QN0HMFx','Fri Sep 17 2055','Vu suk koso rugahcec ebeezrit du dihulvo uwoji si vudafe hivgascer viala detapal guobi gondedi efi us.') ;
INSERT INTO message values('SkCkWVNRBGKl', 'tiresome-rule@mac.ca', 'S1z4QNRSMFg','Mon Feb 17 2031','Atuga luc gem nuvut zonestim ge wib bi izawu ejaif ko macicu.') ;
INSERT INTO message values('HyylW4ECrfKl', 'mute-dime@sympatico.net', 'H1NQ7NCHGYe','Mon May 05 2036','Ge hipegse gedilnef jeofo afliv jab uftuk ene libkanib duf vaki ikieneh fuwuba ro elanurca zumalopi zu.') ;
INSERT INTO message values('SkeebE40rftx', 'sneaky-fold@yahoo.us', 'B1Q7QNRBGKg','Wed Jun 23 2060','Me wemetki bakaho awup sivuc sewakru uje keza zuhisu ripmomvij gaibo bu iw.') ;
INSERT INTO message values('rkblWE4CHztl', 'unused-comparison@mac.io', 'S1_GQ4CBztg','Mon Mar 14 2089','Etjoz jun lucbekza cudaf awi ta fuw kac zodsufe egefagjen jigop wic vo fona um tiwekliz kacehip.') ;
INSERT INTO message values('ByfxZENCHzYe', 'burly-cheese@me.uk', 'S1uQm40rfFg','Sun May 31 2093','Siaco oce jev salnuve icsob enlefa wauzaev napsussij ujegov hu moate hi ro gog goni.') ;
INSERT INTO message values('rkmxW4NRSfYe', 'irritating-taste@videotron.com', 'SyCV74ASMYl','Fri Aug 10 2096','Vet ube cugiwa lo mewatwo giigu iroverel uflieh nu gezgak weh ju ajicuw.') ;
INSERT INTO message values('Sy4e-ENASGKg', 'deeply-achiever@gmail.uk', 'rkNG7VRrztg','Fri Sep 13 2041','Sidebcic do zivmudpec wura firbovvo ani zuev iniracmac zutdu valop owiki vo kut aji ti.') ;
INSERT INTO message values('HySeWVNRBMKx', 'known-toothbrush@yahoo.uk', 'HkMH7NRHGFg','Sat Aug 18 2029','Izunevi nibfo fameroju su borueso ebediiz pez kiwij dew wog reebu cih futtur liddej ru.') ;
INSERT INTO message values('Sk8lb4V0HfFl', 'uttermost-weather@hotmail.co', 'BkxXXNRHfFx','Wed Sep 20 2062','Esupogtun fuhti wo ceagdi gavijmim fawitcu pu me mis kutbavti luh nif tisozow.') ;
INSERT INTO message values('SyDxbEVCBfFg', 'pink-shop@sympatico.com', 'HyTVQVCBzFl','Wed Mar 13 2109','Lasof pucleka hogili cuka divon sek kiblofjo acolag zovbiv zot zevehwa ha omibe.') ;
INSERT INTO message values('SJ_ebEEASMtl', 'loose-pancake@hotmail.us', 'S1_GQ4CBztg','Wed May 02 2103','Jat nekiem poat luvbaduz hirsepu ahadarad hipveha gopiju ne zalefto bazueru omaoga kizuc jani ir fedojsu bucugoda.') ;
INSERT INTO message values('BJYlZ4NCSMFl', 'nimble-honey@videotron.io', 'SJS4Q4CrfFg','Wed Jun 05 2080','Luj si magmumi wewotac acemewdud vothi gecpub vadpap ta ad usona zocifdu necbu apapeade bauwvon.') ;
INSERT INTO message values('S19gWVVAHGFe', 'unused-comparison@mac.io', 'ry-EXECrGtx','Thu Apr 06 2051','Ketja suluh jimle gobamku unwoab zalat unugiba mugfok cek olovetot akohosuz biblin riuhicab agruvmu diharpe.') ;
INSERT INTO message values('r1jx-EEArzFx', 'prompt-wrench@hotmail.net', 'rkUXmE0BfYl','Sat Jan 04 2048','Haslowag faw nabdi edidepa pahet tanrora fomto onomiri dowuj wocdaflip kodas vijidji.') ;
INSERT INTO message values('By2g-E4ArfFe', 'obnoxious-basin@yahoo.net', 'Sky7QN0HMFx','Sun Oct 08 2073','Becolji erihower hejetufu zil us abasilmo riluk hetaf comozoc zirnefsaj goz eda to.') ;
INSERT INTO message values('BkplWEE0BfYl', 'prompt-wrench@hotmail.net', 'Sk24mVABMFe','Tue May 02 2062','Puskepi olbuz vol vo epu wa uzifof borsovod zigdizef utjuh kuzcool copobolu dagpij fimwek gogak omu.') ;
INSERT INTO message values('rJ0e-ENCrzFl', 'unused-comparison@mac.io', 'S1_GQ4CBztg','Mon Jul 31 2017','Tugmactij ca zosazes giddij emi uluesuok wuopo puvjoce baf nujirisu colur se oce.') ;
INSERT INTO message values('S1yWWNERHzKx', 'spiky-air@yahoo.uk', 'HkMH7NRHGFg','Mon Nov 13 2056','Figih venzi fusakwof oceli we ezmiku ihsipam ze banmuut ned runef fup zokol.') ;
INSERT INTO message values('Hyeb-ENABGYx', 'tiresome-rule@mac.ca', 'Skj4QNRrfKg','Mon Oct 01 2114','Ipovadnew ekbumfa ijwi ur hu rul jiggu horsiragu getjef rufcuc poupif oba.') ;
INSERT INTO message values('r1WW-V4CSMFl', 'mute-dime@sympatico.net', 'H1NQ7NCHGYe','Sat Mar 21 2076','Hefcer wuzozfo pihez wazwaz zavoto si ki wibosegam lud redof rudpe ri rofheg ule avre.') ;
INSERT INTO message values('SJMWWVV0BMFx', 'deeply-achiever@gmail.uk', 'rkNG7VRrztg','Fri Sep 11 2111','Pezducno sohfam pin netkarne fowemebu puguf cabibi batfemka fatob solewe co can enutiiw aniege jur ecnuaj.') ;
INSERT INTO message values('SJXZ-EE0BfYx', 'unused-comparison@mac.io', 'S1uVX4ABMKx','Tue Oct 20 2054','Fi av pe ukiv tur raw de aseedhep onopir fec uk uvsuvaj kosmu jijusbo.') ;
INSERT INTO message values('BkVb-NN0Bftl', 'learned-carpenter@me.net', 'BysQmNArftx','Fri Sep 16 2078','Sa ivren da kipohpet gapog coggeev bipu to varu gicuk rowiwape li.') ;
INSERT INTO message values('HkSbbEE0rzKe', 'learned-carpenter@me.net', 'BysQmNArftx','Tue Aug 03 2117','Duhe di tu bo fehabdok ziv docatu futcav cuwdi as tezju up cid feznikjup ewnataf ro.') ;
INSERT INTO message values('ry8ZWVVABfYe', 'loose-pancake@hotmail.us', 'SJS4Q4CrfFg','Mon May 21 2057','Lim oleobca ohuolabul on radsasdu dopih nojpiwa fiima zekizuz zakorit hug gim fihiwe le ugmujva fopiweg.') ;
INSERT INTO message values('SyDbW44RHfKg', 'learned-carpenter@me.net', 'SJyB7VRrMYl','Thu Aug 28 2098','Odaov sod virwogiv sezvohwop or todafe tonfu hizgargi zidmuwvom gab fu mevo heuzujod be konif.') ;
INSERT INTO message values('ryuZZNE0SzYg', 'onerous-beef@yahoo.com', 'BJSGXVASMKl','Wed May 16 2085','Ba eshedi vogiz epo ocivo vatiubu ukboz tagmaef homvioh wa emuabulow rucfi.') ;
INSERT INTO message values('ByKWWNV0rzFe', 'known-toothbrush@yahoo.uk', 'B17NXVCHfKe','Fri Apr 22 2022','Honfafpab vewbajhot im betorze lehek wa waoccuh norvuh afeuces uh pa gam sitfucu cizas fedipcam pusdakuz cebrof.') ;
INSERT INTO message values('rJ5-W440rGYg', 'prompt-wrench@hotmail.net', 'Sk24mVABMFe','Sun Nov 07 2106','Dir ponfir refde nege conwelid lev copomovi duksabviw sumin wofij mud edenil juut em.') ;
INSERT INTO message values('rJjZbE4CHMFg', 'known-toothbrush@yahoo.uk', 'HkMH7NRHGFg','Thu Feb 24 2084','Hega pek viwe ha zufi di kiafeoh gohzeh cunug ke limih cimcenmo giteteehi la fuogougu veg omigorzij.') ;
INSERT INTO message values('rk2ZZVNRHfFl', 'learned-carpenter@me.net', 'SJyB7VRrMYl','Sun Aug 06 2034','Fij mokenva er pos ge hadu jihmoma da kawkikun furwek nozola fimu piesa kad alzode caaribur.') ;
INSERT INTO message values('H1TbZ44CHfte', 'prompt-wrench@hotmail.net', 'Sk24mVABMFe','Sun Jun 24 2029','Pofjoh pekwat ziza gup cuvirib ji wo hobhewva rovwagfuf vupod vo fowik eluce.') ;
INSERT INTO message values('Hy0ZWVERBfFg', 'prompt-wrench@hotmail.net', 'rkUXmE0BfYl','Thu Jun 23 2067','Bur nadmatel lozneruh vap nocurlo talone jopnef tiso itgatedi gepragju odu potut avoz atezab lo uhu behag awuiri.') ;
INSERT INTO message values('S1kM-NE0HGFx', 'known-toothbrush@yahoo.uk', 'B17NXVCHfKe','Mon Nov 08 2106','Wer norukoaz beoci cup ci ofdacko guw ojepewuw cu wajlo ho pavlov atu majza ecubur.') ;
INSERT INTO message values('rklz-N4CHfFe', 'loose-pancake@hotmail.us', 'SJS4Q4CrfFg','Wed Jan 07 2054','Si ja fup gowutpef letopav jadido ka sah vemdifi dul oleneuz dadvieg ro.') ;
INSERT INTO message values('SkZMWN4RHGKx', 'known-toothbrush@yahoo.uk', 'HkMH7NRHGFg','Sat Jan 17 2037','Niihojib mesaviz fefawiwe duk ilejibros suvfuuc jojubkog pogso deno bofsihac sipwos gobfu cep.') ;
INSERT INTO message values('BJzzWNEASfFg', 'obnoxious-basin@yahoo.net', 'H1NQ7NCHGYe','Wed Apr 29 2082','Wutefce bij iwesih zofog zipa erbo suf hi goweca in kalpeno fifmid bu fonruh huvzaig.') ;
INSERT INTO message values('rk7M-EEABfYe', 'mighty-fuel@mac.net', 'rkUXmE0BfYl','Sat Mar 14 2026','Mel anli tabef hoomuruw izojabiv wid pu oraketles tacevowom lamod gegi jivboha fet adutuku fucajado ewicaprig.') ;
INSERT INTO message values('rJ4fWV4CSGYx', 'onerous-beef@yahoo.com', 'BJSGXVASMKl','Mon Sep 01 2025','Nojdeeze micwab mep jo vawkebo dug baaz ka ik ekvov secep sic ruvzigcoj viz ebofop.') ;
INSERT INTO message values('H1Sf-NEABGKg', 'pink-shop@sympatico.com', 'HyTVQVCBzFl','Tue Apr 21 2043','Do gos pehsokac jasciw moweur rew om leji kuzpot mingukdi hotenumo apifuul wisfu da cadnip doj huuzoewa vembuup.') ;
INSERT INTO message values('SyIf-EVCBGKx', 'remarkable-suit@me.uk', 'BJKz74CrMFe','Sun Nov 12 2028','Fedop ezvujen demeljid souttez dadiku liha haj tileg ficol cole donunov nopgol kiivoufo.') ;
INSERT INTO message values('SJvf-ENABzKg', 'onerous-beef@yahoo.com', 'HJ3zm4ArfKl','Fri Mar 29 2041','Unuwulefu huhe satha po mipefif jed ha iromep set ac fileze zitkajo nod pab fu gapagma mem.') ;
INSERT INTO message values('By_zbV4CrfKg', 'warlike-bubble@icloud.us', 'HJRX7VRBMte','Mon Jun 21 2094','Webke eneboj obacabsaw jo ipozem jowemah up ada dar awowred ekbevta na zamomen mobu pamipa sozopeg ada legepi.') ;
INSERT INTO message values('rktzZVEABzte', 'jolly-sign@me.fr', 'BysQmNArftx','Sat Apr 23 2033','Jol rizvuz taplidduc gimmur zedu homjiwavi nazbod govteh kimos apogacwuj pa wogueku he lon alnuzi hofalivu.') ;
INSERT INTO message values('ryqMbEECHGYl', 'spiky-air@yahoo.uk', 'HyLNm4RSftg','Sat Feb 10 2046','Osdu ekdi ese jiogeeh sun minhudeg lufnu mef igpu alugigej zuzsev bu una miprug zajlodacu vawpicge.') ;
INSERT INTO message values('SJoGbVECHMKl', 'burly-cheese@me.uk', 'S1uQm40rfFg','Thu Aug 18 2022','Sazfo elojote wo befilpo do rop feg nuwlozzi wa lozir da pogju rikni.') ;
INSERT INTO message values('Sy2fZNNRSMFl', 'flagrant-can@sympatico.us', 'By27X4CSzYg','Sun Apr 27 2025','Pabwiv laf sehef hub lef elcicfaw vamahe jiz id pof okzur cisega dohvasik roac banibiw zejaw rap moltuc.') ;
INSERT INTO message values('rkpf-E4ArMYx', 'helpless-oil@gmail.fr', 'rkNG7VRrztg','Fri Jun 15 2057','Didej tisij icovih vatsuz ivo devu gelur az ehaupwem mu cahvile vipuba are fijzes nevido emdim usfo.') ;
INSERT INTO message values('BJ0M-EERSfKg', 'obnoxious-basin@yahoo.net', 'Sky7QN0HMFx','Fri Feb 05 2055','Rehiv hussu berdaf pav ha copjug viv momjob wimiwjah li mi wurneg.') ;
INSERT INTO message values('Bk17WN4CHftl', 'irritating-taste@videotron.com', 'SyCV74ASMYl','Wed Feb 26 2081','Ampojap ma zid zak singujvuk vukujep bus zujuwtul datzi jujwof agrul pozrulo ni cuz mivciac buweh ujzah oseni.') ;
INSERT INTO message values('SJgmZVN0HMFx', 'helpless-oil@gmail.fr', 'rkNG7VRrztg','Tue Oct 02 2091','Vaceki nicoz tevus jeromowa wi daj kuskepnet lecamobun zuboha hovo pa bubve puiz tevakdi.') ;
INSERT INTO message values('Hy-7-VVCrGYg', 'flagrant-can@sympatico.us', 'By27X4CSzYg','Tue Oct 28 2092','Sefi ricutu ofzooso picekaasa faodaic dolesihu wouse so igi bilihowi pekabanu wow puhje supogu ad feturu.') ;
INSERT INTO message values('r1GQZ4EArGtg', 'warlike-bubble@icloud.us', 'rkUXmE0BfYl','Wed Aug 05 2099','Govfacgu zazu zilekra laco zitmedewu cukaem memew bapam ladsiaha upo wawiraji udi ebgigas dizev sil.') ;
INSERT INTO message values('BkmQWE4RHGte', 'sneaky-fold@yahoo.us', 'B1Q7QNRBGKg','Wed Dec 12 2035','Zobguffi vagzatpew ziivoba wug zanir pit ko zotdizvup ugbu mozaz ajefob sa boep dowleto pilmotid.') ;
INSERT INTO message values('r14QWNEArztx', 'unused-comparison@mac.io', 'S1uVX4ABMKx','Tue Jun 10 2087','Ziaguize kutrioka loma uchu to cawegmus hehse ra mahu cazodi helame ubu.') ;
INSERT INTO message values('HkH7-4ERSftg', 'tiresome-rule@mac.ca', 'Skj4QNRrfKg','Fri Dec 08 2113','Ci bubpad oniti satkec ru co penpimev dokobode harzic busit sazho voghobfib dizliz lisbil.') ;
INSERT INTO message values('Hk8mbV40rMYx', 'unused-comparison@mac.io', 'S1uVX4ABMKx','Thu Apr 12 2108','Tupevom jiowewo susfa owuimo pu he jopoka riiw bawpikin cik tac tohaju ohekawjo ohoti de socelovi.') ;
INSERT INTO message values('Hyw7ZNNABfFg', 'irritating-taste@videotron.com', 'ryPE740HGtg','Thu Nov 15 2063','Gossos nubgob ofon afti ili reim ja zu guta iru tobu cus uc.') ;
INSERT INTO message values('rkd7-VVCHfKe', 'deeply-achiever@gmail.uk', 'rkNG7VRrztg','Sat Jul 06 2075','Rojujda kujek retdi nuet cuppol tup gekuz egimcor womet ep tus hifno opuzaocu zaklun.') ;
INSERT INTO message values('rJY7-E4Crztl', 'loose-pancake@hotmail.us', 'r1KQmERBMYe','Mon Feb 23 2111','Ibiopuja no duduj odomafte avmu ti gukohula ruv kivez rawacu sihi hidtobmo.') ;
INSERT INTO message values('rkqm-4E0BfYg', 'spiky-air@yahoo.uk', 'HkMH7NRHGFg','Fri Aug 07 2026','Toz to so suvafwa ecugiusu su se ke go vopo olije zesa nif no macwo.') ;
INSERT INTO message values('H1iX-4E0Sfte', 'uttermost-weather@hotmail.co', 'SybfmERBzYx','Sat May 09 2043','Nekpug zik winfo adazo veg duwlu rewahezo cen sodluvo ziovsu ofi it mohso.') ;
INSERT INTO message values('H1n7-E40Sftx', 'deeply-achiever@gmail.uk', 'rkNG7VRrztg','Fri Feb 08 2092','Ilom vi mid jupozokog sitza hied tuzoh komhujwo citu utasuura di irepipuk kesne tezuku vedja ku epumeh ni.') ;
INSERT INTO message values('rkam-NNASzte', 'mighty-fuel@mac.net', 'rkUXmE0BfYl','Sun Nov 02 2070','Ev boptu josa nu icde imtel cunvip oji weokinit kuvot se la ujosi menad utge zatkan bu gagaca.') ;
INSERT INTO message values('ByRX-VNABzKg', 'painstaking-aunt@icloud.com', 'ry-EXECrGtx','Thu Aug 02 2114','Uppurved idmaru bodu hilop idina usevuz tiveril wa rahuwouc se suh eriim ib vo cis tenubene fu.') ;
INSERT INTO message values('BJJEbNNCHzYl', 'painstaking-aunt@icloud.com', 'ry-EXECrGtx','Sun Sep 14 2092','Pakapi zo go tosbazoj catujej otovubu hev mufapi bize id vo sohur azeup.') ;
INSERT INTO message values('BkeVW4VCrzKx', 'obnoxious-basin@yahoo.net', 'H1NQ7NCHGYe','Tue Feb 26 2064','Ziv el rotihmu medefga pij ko son cat buej arumein umlij zuhlubfo zo.') ;
INSERT INTO message values('By-EZEN0SGYx', 'learned-carpenter@me.net', 'BysQmNArftx','Mon Mar 12 2108','Wowsas fuz unijem rete kohdis horju jiwatfa dojca iczuzeh bejfem pe adowo bah.') ;
INSERT INTO message values('BJMNbNNCSztx', 'onerous-beef@yahoo.com', 'HJ3zm4ArfKl','Mon Jul 31 2113','Fefta zurdokew kivti weh noduwwi wewe ge bamkabig vokca citlacis zedo tec.') ;
INSERT INTO message values('SJX4bEN0BMte', 'remarkable-suit@me.uk', 'BJKz74CrMFe','Wed Jun 24 2020','Hajzilet maphucmuf kezlu eggip muawu uh ga hunpo ga voboj no tiw ukadegi tuwijoral muh gav tognijol jilos.') ;
INSERT INTO message values('SyVVZNECrMtg', 'helpless-oil@gmail.fr', 'Skj4QNRrfKg','Sun May 31 2065','Nu zalug sarcuvlov et zirefvec lapoewu roddodzoc ovmew gew corbu owpomweg hudnujvul lecga biru kovi fipze lo.') ;
INSERT INTO message values('B1SE-EECSftx', 'tiresome-rule@mac.ca', 'S1z4QNRSMFg','Sun Dec 14 2031','Wizejeh guifo ami buwjeplul pepipsoj batvalom bot wulcube kiatel juf akiew uhucu.') ;
INSERT INTO message values('rJI4WNE0SfKe', 'spiky-air@yahoo.uk', 'HkMH7NRHGFg','Thu Oct 02 2110','Hacnektu wuvruk dikedod fugteweh po tono riwcatwa bufawe kavi ig oma hajreker zake amo ohe lul.') ;
INSERT INTO message values('SJD4bNERBfYx', 'canny-voyage@gmail.uk', 'S1uVX4ABMKx','Thu Jun 20 2058','Gu bezama tohes hoslafjap jufa zojnom vazub cakutigu nidraobu fapanbuj ej ob.') ;
INSERT INTO message values('rk_EW4NRBzYe', 'unused-comparison@mac.io', 'S1uVX4ABMKx','Thu Apr 28 2072','Baj du vu wenodne bo gag gorvarore ru wu je copo mejim.') ;
INSERT INTO message values('ryYVZNVRHzKx', 'prompt-wrench@hotmail.net', 'Sk24mVABMFe','Wed Mar 25 2093','Tuklut lahiopu jirijivec lotomil funecu jov tam je wuj sisoju haw hew eficvi.') ;
INSERT INTO message values('rkqV-EVCSfYx', 'loose-pancake@hotmail.us', 'S1_GQ4CBztg','Sun Oct 06 2075','Puletuvu ve haf relnedo veab fi pamufiw ujeto ri zinebaf sesakvar cow cemo ri wivbus pophekgal ko.') ;
INSERT INTO message values('rkj4-44ArGYe', 'learned-carpenter@me.net', 'SJyB7VRrMYl','Thu Jul 24 2110','Mu mud te noldo uclad guwi oka nov wu na vabcuer vac mojmo baitidu.') ;
INSERT INTO message values('SkhEb4ERSfKl', 'spiky-air@yahoo.uk', 'HyLNm4RSftg','Tue Oct 02 2068','Leor ene nuwlugo jip pi hosawpop icijbe libziug cisa ura rotuhal nakrogo.') ;
INSERT INTO message values('Bk6EZ4VRrMKe', 'spiky-air@yahoo.uk', 'HyLNm4RSftg','Tue Jan 22 2030','Rip hugigvuh tahminman vode watnid ala fid ebeida saofeuse cuwazi po majutuk eluwu hihno lejaw kouso zeukkeb.') ;
INSERT INTO message values('SJCEZ440BfKe', 'warlike-bubble@icloud.us', 'HJRX7VRBMte','Tue Nov 25 2087','Satcoru pakum nile bawdova bahoz nonpun re jaaw urciev arakura juc duto pihla.') ;
INSERT INTO message values('HykrWVN0HfKx', 'onerous-beef@yahoo.com', 'BkXMXERHzYe','Fri Aug 06 2100','Gilihaoj invob uvko wevew sekdiv ec tij caik zefsik wi gezoz gibcate fuvmok peana wil anode femefoj nazvutdol.') ;
INSERT INTO message values('r1eBb4ECrGKx', 'jolly-sign@me.fr', 'BysQmNArftx','Thu Nov 20 2059','Kerba melu eho cakbige sabil cos kihoac dog kawiag cantas ufi vijarzed dewubac wiiha dus jopca irjegvel.') ;
INSERT INTO message values('B1ZHZ4NRrftg', 'jolly-sign@me.fr', 'BysQmNArftx','Wed Mar 25 2116','Taf awu fizudaki hoceluf nigibhom jikcucgaj jore ikgibvu wuwujowe icisu mew mapna.') ;
INSERT INTO message values('SkMr-VV0SGYl', 'painstaking-aunt@icloud.com', 'ry-EXECrGtx','Wed Apr 15 2105','Hoc nakenag iteges na bebtazoz wog cima geti daccog wajuoru firot badcamjaz po.') ;
INSERT INTO message values('SJ7Bb4VRSfFx', 'spiky-air@yahoo.uk', 'HkMH7NRHGFg','Mon Oct 20 2042','Lablo tewhucahu appahek cusbuwaf ivu tusebop tik on meunhug ofti azuda guzdib ridipo tam tejacsac mi cipwok ladza.') ;
INSERT INTO message values('ByEHWE4RrGtl', 'nimble-honey@videotron.io', 'SJS4Q4CrfFg','Wed Apr 17 2069','Pewafjoh be pemakavif fo zukar riuw doimka ovubaw wez tiw fove filu lin okmi hezizipo gej.') ;
INSERT INTO message values('S1HHbEECBGtg', 'onerous-beef@yahoo.com', 'BJSGXVASMKl','Fri Jun 25 2066','Fu fonuwav cev zizotof tudlu huwo pufe rer rasi kacipuno fit uje zem.') ;
INSERT INTO message values('rJUSWEV0SGYg', 'spotty-finger@me.fr', 'B1Q7QNRBGKg','Fri Jan 06 2034','Giujuoso renuce borfeg ata dutsuz be tep fal jabicu bo we guf.') ;
INSERT INTO message values('rkDB-44ArMKl', 'painstaking-aunt@icloud.com', 'ry-EXECrGtx','Fri Dec 18 2048','Nodbo uv uruki te sop wu otobakva la de iluuba wep warsupal ac aj kuv.') ;
INSERT INTO message values('rk_S-4VABztl', 'painstaking-aunt@icloud.com', 'ry-EXECrGtx','Tue Apr 28 2111','Eghasu ove hejupic nut badlez cudwepvi velkal lode lusalus so zuviofe puvus.') ;
INSERT INTO message values('rkYrWEE0BzYl', 'flagrant-can@sympatico.us', 'By27X4CSzYg','Tue Oct 09 2018','Rokul paridzez icolov iheca dafto zo pukpesezi hunvuas gikkivuw hubohema zomserhe linikok.') ;
INSERT INTO message values('ByqrW4VCBztx', 'loose-pancake@hotmail.us', 'S1_GQ4CBztg','Wed Mar 13 2019','On ineolozo pi jaka zomij izlifa wokloje hah doplaf warba od dedjanha ciso.') ;
INSERT INTO message values('BJiBbNN0SzYg', 'remarkable-suit@me.uk', 'BJKz74CrMFe','Sat Aug 06 2067','Orvogfup bokoli dibid gu ul liw hazotpat ohunu ni luhefa raje lafzac bi viewcaf legapo du.') ;
INSERT INTO message values('rJ3BWN4ASztl', 'mighty-fuel@mac.net', 'rkUXmE0BfYl','Mon Jan 01 2018','Akcal er tuvgo nujo ebu jiculuf le sumkobu nagmem geshare tohbukka mefo ujenucdub wehde essednuz.') ;
INSERT INTO message values('H1TBZ4VAHMYg', 'spiky-air@yahoo.uk', 'HyLNm4RSftg','Sun Mar 09 2031','Soz jis vanvirur akijos zu bozo uguhuize eza le nakuhut ru to jow atawi arzeji bo ton casuci.') ;
INSERT INTO message values('ryCB-VECHfKx', 'mute-dime@sympatico.net', 'HyZSmE0SGYx','Fri Jan 19 2074','Nopubahu tucassin veznelce mewuk zacwudta omi focege awe rowi ajfukeso erjo uhagosat budvutla obaikawu movepmej.') ;
INSERT INTO message values('H1kLWVERrMFl', 'learned-carpenter@me.net', 'BysQmNArftx','Thu Nov 16 2017','Su pazgukto zalage wuigodaz ze casazioc oso zitodrub tezpeiw wiw puzizi ocopa uropezle.') ;
INSERT INTO message values('SJl8bNN0HzKl', 'mute-dime@sympatico.net', 'H1NQ7NCHGYe','Sun May 10 2048','Olva wugeto viwzido hodkec kehebedo ej acbi mialalup farhu nukdu nodwuk okgih fav.') ;
INSERT INTO message values('SybIWNE0rGtx', 'learned-carpenter@me.net', 'BysQmNArftx','Sat Jul 07 2057','Lecod udukonil fuduf eji mipju degceki bug cuckaspe oc mol diwa ci pofavurot wufowiohi ewligi li dojujso.') ;
INSERT INTO message values('S1z8b4E0rMtx', 'painstaking-aunt@icloud.com', 'ry-EXECrGtx','Fri Aug 15 2042','Ka ic arucuha to ezum avajoto kimiba copec zoji jerlezaf koaj lo kavearu bohep cel kuhuwiero uzeichuk beiv.') ;
INSERT INTO message values('BJQLWE40Sfte', 'prompt-wrench@hotmail.net', 'rkUXmE0BfYl','Tue Sep 30 2064','Ges wiutotaw me ed nus luej atticja jet uzoopi igiapi goldumi bazeuwa puori.') ;
INSERT INTO message values('HJVUZ44ABftx', 'uttermost-weather@hotmail.co', 'BkxXXNRHfFx','Sun Jun 07 2105','Nat genozuz ivimuhwi bod gimucer be aje ab ranuwi ma man ze tipop mebofac bun mezav ofbil fe.') ;
INSERT INTO message values('HJrLW4VAHztx', 'obnoxious-basin@yahoo.net', 'SyCV74ASMYl','Tue Apr 13 2055','Ac uto evfoszem secebob eviv los paas ekilo sumib wesburu dongibu topvujceb hahud ver nanoj oberitkir rivetime.') ;
INSERT INTO message values('HJ8UWEVCrMKe', 'learned-carpenter@me.net', 'BysQmNArftx','Sun May 29 2072','Wakdupeh teved ci kautzo offacavo juppises sopan cidhacmug noha jovtuzno fokucnas lav gomaz zop joh.') ;
INSERT INTO message values('HkwUW4NCrzKg', 'uttermost-weather@hotmail.co', 'BkxXXNRHfFx','Fri Feb 11 2033','Joevedu uplevra po tevpiisa cav bejpom vemrogip mil iknujpiz cahdovna al jejo kukmer edfu za.') ;
INSERT INTO message values('rk_UWVNRrfYg', 'loose-pancake@hotmail.us', 'S1_GQ4CBztg','Sun Oct 17 2066','Cebmodup moz no hin kar zadrumori zenu teb sodmopod ejo tohiv sow hujzizil guuk.') ;
INSERT INTO message values('S1YLWV4ArfKx', 'known-toothbrush@yahoo.uk', 'HkMH7NRHGFg','Tue Apr 24 2108','Fejatjub rogus ganeli rundegtez banuse hela hewep wi rarcehi lodwa tab ugwo dum dacruva tu fakizco hulovfu ju.') ;
INSERT INTO message values('r19LWENRBztg', 'jolly-sign@me.fr', 'BysQmNArftx','Tue Apr 05 2033','Bag vo lud ivvinef li da mi zamul omhe gujipodic nesa we imu edi ce.') ;
INSERT INTO message values('SJoL-EECSGte', 'irritating-taste@videotron.com', 'SyCV74ASMYl','Wed Jun 08 2089','Ziha vabsaeb ci mogo woza we num wiiva pewbuwloz jilifa egnigi za ak muwgu.') ;
INSERT INTO message values('SyhLbVVAHfYx', 'burly-cheese@me.uk', 'S1uQm40rfFg','Thu Sep 19 2086','Kejasa zeccajo pel fug koba wak rim mior dadoriut ejicucta majo mubave jin jogale tifjer altocwu.') ;
INSERT INTO message values('HkpUWVVCBMtx', 'irritating-taste@videotron.com', 'SyCV74ASMYl','Wed Nov 22 2073','Tic fel jenet lod zi hivazuso ju tuwsin bezurul neuleim edu zetu fon eji zupror hat.') ;
INSERT INTO message values('SJCIZEE0SGte', 'learned-carpenter@me.net', 'SJyB7VRrMYl','Thu Jul 13 2062','Ejjuocu zijgop maz nef om pik vuvcec oviwiof no rago ciinu bi fetsikes.') ;
INSERT INTO message values('rJJwbVVAHfYl', 'burly-cheese@me.uk', 'S1uQm40rfFg','Thu Nov 27 2053','Dok tupakcoh aze tiuketuc uko putawlos egaufzu mal afo lu juvtipa ma igfemjec ce bibnod koz vohgekup zu.') ;
INSERT INTO message values('HJlvW44ASfKl', 'helpless-oil@gmail.fr', 'Skj4QNRrfKg','Thu May 28 2082','Kag okorure moil rot sitdo lu ciz sevge ucersiz witjob duhupkuh ujripa jejo itlo porsiz pizliwodu.') ;
INSERT INTO message values('BkWPZ4NRrMte', 'warlike-bubble@icloud.us', 'BkXMXERHzYe','Sun Jun 21 2082','Hevfieca sir tikuuto fa ejalebsog goze logowo raver zoccaloj igo zoti zuzo taw lem mafbezel ho uvjew iska.') ;
INSERT INTO message values('SyMD-N40rGte', 'burly-cheese@me.uk', 'S1uQm40rfFg','Wed May 25 2078','Evutedhu oslisbeb igir ewow hod bidoknu laphub defti ud upa we esi povehgu zer nevnec ciz sodi.') ;
INSERT INTO message values('HJ7DZEN0SzFx', 'obnoxious-basin@yahoo.net', 'H1NQ7NCHGYe','Tue Feb 21 2045','Mulutud ciz fojo izpiwi ka ijaho mon cergadkec tizlired feepu fejda jilho.') ;
INSERT INTO message values('BkNw-ENRBfFx', 'warlike-bubble@icloud.us', 'HJRX7VRBMte','Tue Nov 03 2054','Kazupfu wahop sok soprinaw ti awaboz un vogij vevgi mojeelo zofobuv wuip esosacije hizev.') ;
INSERT INTO message values('SJBP-VN0BMtg', 'onerous-beef@yahoo.com', 'BkXMXERHzYe','Mon Jun 21 2038','Du setob soc ice meze unuki peako pavetpu gopurto orhihah su bal acaevici kuwogugu na pemufzu na ihinanav.') ;
INSERT INTO message values('r18PZVV0SzKl', 'tiresome-rule@mac.ca', 'Skj4QNRrfKg','Tue May 22 2108','Fecvoc ih zaj ge suzolwul zazjeta gol noijanur ofwof nacumri nugleset za baje ganabu haima.') ;
INSERT INTO message values('HyPw-VE0rGtx', 'learned-carpenter@me.net', 'SJyB7VRrMYl','Wed Nov 29 2045','Me dirisgej arota uthimas bezzok se icku anetoru nodsilgav tunudan hutaf bosi baseoh zucufew.') ;
INSERT INTO message values('S1_vbEV0HGKl', 'nimble-honey@videotron.io', 'SJS4Q4CrfFg','Sun Apr 04 2060','Ovfol gesmu tizvo febugco feepudih kifet riumaleg ti tulfaram olene tu aroluk sevo na wigsecju felel.') ;
INSERT INTO message values('ByYDb4N0rGFx', 'painstaking-aunt@icloud.com', 'ry-EXECrGtx','Mon Sep 22 2081','Su hofemi jowgifir do dur val tosec minig tennug fafjubi hafuhwaw vawzugih vopzara nausujit.') ;
INSERT INTO message values('B19vbV4RSzKg', 'loose-pancake@hotmail.us', 'S1_GQ4CBztg','Sat Sep 24 2112','Akrujvi hugpolez vib kim mowosic vifuw romoz lenu itjuv rej eghumet awvul ma bot wejfijep suzna.') ;
INSERT INTO message values('ryiD-NN0rMKg', 'prompt-wrench@hotmail.net', 'Sk24mVABMFe','Fri Nov 06 2071','Pacug cirgof gempujdi bam na coswezzir ogerajor paref akof weov vo ilegi ja vap.') ;
INSERT INTO message values('S12v-ENCHzYg', 'irritating-taste@videotron.com', 'ryPE740HGtg','Tue May 06 2070','Gus cecsavzi gileah gifadu rustukej ihohopob pah hicnep siki zoda ippewir rasobuzo celovima igleli kernot tuoprof era veverhu.') ;
INSERT INTO message values('B1avbVVCBMFe', 'learned-carpenter@me.net', 'SJyB7VRrMYl','Wed Sep 05 2108','Lajzo tu dojmu saguweca fikdoole otfa woj pepeluw le romoha detovpuh vofdew puse.') ;
INSERT INTO message values('BJ0vWV4CSMKl', 'learned-carpenter@me.net', 'SJyB7VRrMYl','Sat Jul 28 2114','Te tu garnubewa cawda pes vefudvec sucidi sokibe lartig edonoppon rir guovu re zivfi apuwov otini tonbere.') ;
INSERT INTO message values('B1y_ZNE0rzYg', 'unused-comparison@mac.io', 'ry-EXECrGtx','Tue Feb 09 2055','Muhaw nagov borri wezlu la zow am relzuh conic adiguseb lovwe hulel.') ;
INSERT INTO message values('B1lub4ECBMFx', 'helpless-oil@gmail.fr', 'rkNG7VRrztg','Sun Jan 02 2033','Fiurvo vur jinhomuw deviz pero zig ka bap nes cam bolid jena ezeve mada imi piwob iwlo pofi.') ;
INSERT INTO message values('H1bOZEVRHfYg', 'sneaky-fold@yahoo.us', 'B1Q7QNRBGKg','Thu Feb 12 2054','Moczo nid pafuh kurag medbarok put wa sicenane otmule ezamenar ci el no.') ;
INSERT INTO message values('rJMd-NNCSGYg', 'teeny-crowd@mac.com', 'SJaXmERBMYg','Mon Nov 01 2083','Be as gotelew nuwa fo ame hu zin pihputru giodluf bivo di bilisaze.') ;
INSERT INTO message values('S17dZEVCrfKl', 'warlike-bubble@icloud.us', 'rkUXmE0BfYl','Fri Aug 02 2024','Me lenfut ruhupuf zotez boote wajsu mefujlug he ju om ovilo ru derijas racobu.') ;
INSERT INTO message values('SkV_WE40SzKl', 'obnoxious-basin@yahoo.net', 'SyCV74ASMYl','Tue Feb 07 2040','Duzepbup alu sal fep ji zuri pum hem ozazo teun ranosi bo mu nuej ujecazep kingin lu.') ;
INSERT INTO message values('r1HuW4NCBGKe', 'nondescript-doll@videotron.ca', 'rkZQmV0SzFg','Wed Jun 06 2018','Turumkeh kutibjif ha sub do gezi kurdawi nohgu gidehde ilefibma gusa gecat poro og hivolbi zuake caazge gezvoh.') ;
INSERT INTO message values('HkLuZ4NRrGFg', 'nimble-honey@videotron.io', 'SJS4Q4CrfFg','Thu Sep 09 2100','Adedit awusi asawujor jok hubpomsij veag medahez jipju vedamu wa tanri ba wolnugpa ineesina tafdotag pav kih latvu.') ;
INSERT INTO message values('Byw_bNVAHMKg', 'teeny-crowd@mac.com', 'SJaXmERBMYg','Thu Mar 01 2114','Hezgan moesecet fuf amnabis vufivi etfo emli idu cat bivrusan osoomica dihudi betneh ejewatwej.') ;
INSERT INTO message values('SkduWV4RBGtg', 'painstaking-aunt@icloud.com', 'ry-EXECrGtx','Mon Nov 03 2110','Lag fulhap fascelgep fugavsut kec geowo tip vil tatabba dec wew rotvawin zacsi peltasri satag locdaza joz dosaonu.') ;
INSERT INTO message values('ryt_ZV4ABGYx', 'painstaking-aunt@icloud.com', 'HyqE7NRBfKe','Tue Jan 26 2077','Enaotufaf zo esodupif tojdaru ze hudmankic evutijcag uba mincamhok wo lezze ecu gobfotni pofomifa cilatog.') ;
INSERT INTO message values('BkquZN4CHMYg', 'loose-pancake@hotmail.us', 'S1_GQ4CBztg','Thu May 16 2097','Razzaz hucoju zem hohvih mojfaw mu wufe wel dujuijo baceed ewaejaam je ajosi katciwsoc ki cujvewud.') ;
INSERT INTO message values('H1iuWV4CBGKe', 'tiresome-rule@mac.ca', 'Skj4QNRrfKg','Tue Mar 22 2033','Caz cipmi nufugke ru ucoceha an avi uv ukogijag vabogkoz aja pevic info cu.') ;
INSERT INTO message values('SJndZEVRSzte', 'unused-comparison@mac.io', 'ry-EXECrGtx','Tue Dec 06 2101','Neede sogpoj jamolca revuvhu sid utwe laud seom dentulu fadco la dun tiwmu gunutwi wun.') ;
/* Script generated Wed Feb 15 2017 16:54:52 GMT-0500 (Eastern Standard Time)*/

INSERT INTO commentreaction values('HJ_PlmNRSGFx', 'sneaky-fold@yahoo.us', 'anger') ;
INSERT INTO commentreaction values('SyvP4VRSMYx', 'unbiased-tub@gmail.io', 'happiness') ;
INSERT INTO commentreaction values('By9BlQ40SfKe', 'mute-dime@sympatico.net', 'anger') ;
INSERT INTO commentreaction values('SJgzVERHMFe', 'known-toothbrush@yahoo.uk', 'sadness') ;
INSERT INTO commentreaction values('B1VS4NAHMFg', 'equal-letter@yahoo.io', 'excitement') ;
INSERT INTO commentreaction values('HJBHgXV0rfYl', 'helpless-oil@gmail.fr', 'anger') ;
INSERT INTO commentreaction values('rkzXNVArGKg', 'nondescript-doll@videotron.ca', 'sadness') ;
INSERT INTO commentreaction values('BJSFgXVRSfKl', 'obeisant-cars@videotron.us', 'happiness') ;
INSERT INTO commentreaction values('HJ5YEERrMKg', 'warlike-bubble@icloud.us', 'excitement') ;
INSERT INTO commentreaction values('rkmo4ECHGYe', 'cruel-chin@yahoo.uk', 'sadness') ;
INSERT INTO commentreaction values('BJQOemVASfYl', 'burly-cheese@me.uk', 'like') ;
INSERT INTO commentreaction values('rJQve74RrzYx', 'loose-pancake@hotmail.us', 'happiness') ;
INSERT INTO commentreaction values('rJPFEN0rfKg', 'burly-cheese@me.uk', 'happiness') ;
INSERT INTO commentreaction values('rJPreQE0HMKe', 'minor-cable@me.ca', 'excitement') ;
INSERT INTO commentreaction values('HJNeE4CBGFe', 'sharp-crate@hotmail.net', 'anger') ;
INSERT INTO commentreaction values('Sk8LEN0BMtl', 'canny-voyage@gmail.uk', 'excitement') ;
INSERT INTO commentreaction values('S1vfVNCSGtg', 'unbiased-tub@gmail.io', 'excitement') ;
INSERT INTO commentreaction values('H1mmEN0BGYe', 'burly-cheese@me.uk', 'happiness') ;
INSERT INTO commentreaction values('B1zvE4ABMtx', 'irritating-taste@videotron.com', 'anger') ;
INSERT INTO commentreaction values('r1oHe7VASzte', 'heavy-language@icloud.us', 'sadness') ;
INSERT INTO commentreaction values('Ska44CSMte', 'learned-carpenter@me.net', 'sadness') ;
INSERT INTO commentreaction values('rkaugQVRrMFl', 'wakeful-quarter@me.us', 'excitement') ;
INSERT INTO commentreaction values('ryISeQNASztg', 'mute-dime@sympatico.net', 'sadness') ;
INSERT INTO commentreaction values('HJNeE4CBGFe', 'uttermost-weather@hotmail.co', 'happiness') ;
INSERT INTO commentreaction values('HyrvNV0BfKx', 'mute-dime@sympatico.net', 'sadness') ;
INSERT INTO commentreaction values('SkuLEEAHMFx', 'brief-sheet@videotron.fr', 'happiness') ;
INSERT INTO commentreaction values('BJBd4VCrzFg', 'jolly-sign@me.fr', 'excitement') ;
INSERT INTO commentreaction values('rkrfNECSMYg', 'burly-cheese@me.uk', 'happiness') ;
INSERT INTO commentreaction values('Hk_QNVASGtl', 'abstracted-authority@hotmail.fr', 'excitement') ;
INSERT INTO commentreaction values('BkPmNVRSMYe', 'ashamed-join@videotron.uk', 'like') ;
INSERT INTO commentreaction values('SyELgmNCrGFl', 'sharp-crate@hotmail.net', 'excitement') ;
INSERT INTO commentreaction values('rkmtlmVCSzYx', 'remarkable-suit@me.uk', 'anger') ;
INSERT INTO commentreaction values('rkiDemVRHGtg', 'outstanding-pig@icloud.uk', 'anger') ;
INSERT INTO commentreaction values('HkGf4VRrGtx', 'loose-pancake@hotmail.us', 'sadness') ;
INSERT INTO commentreaction values('rJeUV4RHfFx', 'pink-shop@sympatico.com', 'excitement') ;
INSERT INTO commentreaction values('rkiDemVRHGtg', 'flagrant-can@sympatico.us', 'sadness') ;
INSERT INTO commentreaction values('HyIUg740Sztg', 'incredible-week@me.io', 'anger') ;
INSERT INTO commentreaction values('SyELgmNCrGFl', 'burly-cheese@me.uk', 'excitement') ;
INSERT INTO commentreaction values('ByFu4VAHMFl', 'prompt-wrench@hotmail.net', 'anger') ;
INSERT INTO commentreaction values('ByFu4VAHMFl', 'warlike-bubble@icloud.us', 'anger') ;
INSERT INTO commentreaction values('ByZug7ERHftl', 'abstracted-authority@hotmail.fr', 'happiness') ;
INSERT INTO commentreaction values('B1ydEEAHfYx', 'unbiased-tub@gmail.io', 'excitement') ;
INSERT INTO commentreaction values('By9BlQ40SfKe', 'sneaky-fold@yahoo.us', 'like') ;
INSERT INTO commentreaction values('H1JHN4RrfKl', 'responsible-crib@gmail.us', 'excitement') ;
INSERT INTO commentreaction values('rkQfEVAHGtx', 'nimble-honey@videotron.io', 'sadness') ;
INSERT INTO commentreaction values('rJrX4VCrzYl', 'ashamed-join@videotron.uk', 'excitement') ;
INSERT INTO commentreaction values('H1Im4EASMFx', 'onerous-beef@yahoo.com', 'anger') ;
INSERT INTO commentreaction values('Hk9Pl7N0BGFe', 'deeply-achiever@gmail.uk', 'like') ;
INSERT INTO commentreaction values('SJGUgmNCrMFl', 'warlike-bubble@icloud.us', 'excitement') ;
INSERT INTO commentreaction values('BkUteQECrftg', 'loose-pancake@hotmail.us', 'sadness') ;
INSERT INTO commentreaction values('SJGUgmNCrMFl', 'cruel-chin@yahoo.uk', 'sadness') ;
INSERT INTO commentreaction values('B1KsENCHGYg', 'painstaking-aunt@icloud.com', 'like') ;
INSERT INTO commentreaction values('Byje4VRHGKx', 'important-mass@videotron.io', 'happiness') ;
INSERT INTO commentreaction values('B15jEERrGYe', 'nondescript-doll@videotron.ca', 'happiness') ;
INSERT INTO commentreaction values('BkUteQECrftg', 'jolly-sign@me.fr', 'happiness') ;
INSERT INTO commentreaction values('HyEs44ABftg', 'painstaking-aunt@icloud.com', 'sadness') ;
INSERT INTO commentreaction values('HkbhVVAHfKl', 'obnoxious-basin@yahoo.net', 'anger') ;
INSERT INTO commentreaction values('rkEuVNCSfYx', 'warlike-bubble@icloud.us', 'happiness') ;
INSERT INTO commentreaction values('HJ5YEERrMKg', 'sharp-crate@hotmail.net', 'sadness') ;
INSERT INTO commentreaction values('rk9IENCrfte', 'outstanding-pig@icloud.uk', 'sadness') ;
INSERT INTO commentreaction values('By9KeXV0BfFx', 'sneaky-fold@yahoo.us', 'happiness') ;
INSERT INTO commentreaction values('H1p4ENArGte', 'tiresome-rule@mac.ca', 'like') ;
INSERT INTO commentreaction values('SJgzVERHMFe', 'incredible-week@me.io', 'anger') ;
INSERT INTO commentreaction values('HyrvNV0BfKx', 'uttermost-weather@hotmail.co', 'happiness') ;
INSERT INTO commentreaction values('SJDul7VASMYl', 'onerous-beef@yahoo.com', 'like') ;
INSERT INTO commentreaction values('HyTo4NArzFe', 'heavy-language@icloud.us', 'sadness') ;
INSERT INTO commentreaction values('rJGqE4RSzKl', 'learned-carpenter@me.net', 'happiness') ;
INSERT INTO commentreaction values('ByJW4VAHftl', 'minor-cable@me.ca', 'like') ;
INSERT INTO commentreaction values('Sk-UEVRSGYl', 'incredible-week@me.io', 'anger') ;
INSERT INTO commentreaction values('rJd8gXERSfYg', 'ample-railway@icloud.ca', 'like') ;
INSERT INTO commentreaction values('rkTSN4CHftx', 'abstracted-authority@hotmail.fr', 'anger') ;
INSERT INTO commentreaction values('ry0wNVCrMFl', 'onerous-beef@yahoo.com', 'excitement') ;
INSERT INTO commentreaction values('SyD_NE0SMFx', 'mute-dime@sympatico.net', 'excitement') ;
INSERT INTO commentreaction values('Skr_gmECHMKx', 'sneaky-fold@yahoo.us', 'like') ;
INSERT INTO commentreaction values('SkuLEEAHMFx', 'urbane-health@mac.co', 'anger') ;
INSERT INTO commentreaction values('By9BlQ40SfKe', 'nondescript-doll@videotron.ca', 'sadness') ;
INSERT INTO commentreaction values('Skt3VE0BMFg', 'jolly-sign@me.fr', 'sadness') ;
INSERT INTO commentreaction values('SJEVVRSzYx', 'warlike-bubble@icloud.us', 'anger') ;
INSERT INTO commentreaction values('rk1vVN0HMtl', 'abstracted-authority@hotmail.fr', 'like') ;
INSERT INTO commentreaction values('SJgPe7V0Bftg', 'teeny-crowd@mac.com', 'like') ;
INSERT INTO commentreaction values('HyDHEEAHzFx', 'ample-railway@icloud.ca', 'excitement') ;
INSERT INTO commentreaction values('rkFF4NCHzYx', 'remarkable-suit@me.uk', 'happiness') ;
INSERT INTO commentreaction values('SkL_NN0rGtx', 'cruel-chin@yahoo.uk', 'like') ;
INSERT INTO commentreaction values('rkWiV4Crzte', 'mute-dime@sympatico.net', 'excitement') ;
INSERT INTO commentreaction values('HkbhVVAHfKl', 'unused-comparison@mac.io', 'sadness') ;
INSERT INTO commentreaction values('HkqUxm4RBzKg', 'responsible-crib@gmail.us', 'excitement') ;
INSERT INTO commentreaction values('BkStNVCHGtx', 'obnoxious-basin@yahoo.net', 'sadness') ;
INSERT INTO commentreaction values('SJ3Bl74Arztg', 'heavy-language@icloud.us', 'like') ;
INSERT INTO commentreaction values('HJBHgXV0rfYl', 'cruel-chin@yahoo.uk', 'anger') ;
INSERT INTO commentreaction values('H1JHN4RrfKl', 'outstanding-pig@icloud.uk', 'sadness') ;
INSERT INTO commentreaction values('SyvP4VRSMYx', 'jolly-sign@me.fr', 'excitement') ;
INSERT INTO commentreaction values('H18ZEV0SzYg', 'sharp-crate@hotmail.net', 'anger') ;
INSERT INTO commentreaction values('Byje4VRHGKx', 'jolly-sign@me.fr', 'like') ;
INSERT INTO commentreaction values('Syx7EVCBfFg', 'ample-railway@icloud.ca', 'like') ;
INSERT INTO commentreaction values('BkUteQECrftg', 'abstracted-authority@hotmail.fr', 'sadness') ;
INSERT INTO commentreaction values('HJ_PlmNRSGFx', 'pink-shop@sympatico.com', 'anger') ;
INSERT INTO commentreaction values('HkJVNN0BMFe', 'helpless-oil@gmail.fr', 'like') ;
INSERT INTO commentreaction values('HyXBlXN0BfKe', 'unbiased-tub@gmail.io', 'like') ;
INSERT INTO commentreaction values('B1ydEEAHfYx', 'important-mass@videotron.io', 'anger') ;
INSERT INTO commentreaction values('ry19ENRHMtl', 'pink-shop@sympatico.com', 'like') ;
INSERT INTO commentreaction values('HJtQ4ERrMYl', 'smooth-price@sympatico.fr', 'sadness') ;
INSERT INTO commentreaction values('rkQN40BGYg', 'untidy-teaching@sympatico.io', 'anger') ;
INSERT INTO commentreaction values('SkdMVE0HGYg', 'nondescript-doll@videotron.ca', 'like') ;
INSERT INTO commentreaction values('S18N4E0BGtl', 'learned-carpenter@me.net', 'excitement') ;
INSERT INTO commentreaction values('Syhwg74CrMFg', 'ample-railway@icloud.ca', 'anger') ;
INSERT INTO commentreaction values('rkYrVEAHftl', 'responsible-crib@gmail.us', 'anger') ;
INSERT INTO commentreaction values('r1BweQV0rMFg', 'nimble-honey@videotron.io', 'excitement') ;
INSERT INTO commentreaction values('Skpq4VAHzFl', 'minor-cable@me.ca', 'sadness') ;
INSERT INTO commentreaction values('B1KsENCHGYg', 'obnoxious-basin@yahoo.net', 'sadness') ;
INSERT INTO commentreaction values('Hk2KNNCHMtg', 'untidy-teaching@sympatico.io', 'like') ;
INSERT INTO commentreaction values('rJGIN40BMte', 'equal-letter@yahoo.io', 'anger') ;
INSERT INTO commentreaction values('rJQve74RrzYx', 'painstaking-aunt@icloud.com', 'happiness') ;
INSERT INTO commentreaction values('SJGUgmNCrMFl', 'sharp-crate@hotmail.net', 'happiness') ;
INSERT INTO commentreaction values('SJJsEVCBGKg', 'flagrant-can@sympatico.us', 'excitement') ;
INSERT INTO commentreaction values('SJuue7VCSGtx', 'nondescript-doll@videotron.ca', 'sadness') ;
INSERT INTO commentreaction values('SkzENVAHfKx', 'burly-cheese@me.uk', 'happiness') ;
INSERT INTO commentreaction values('rJkHxQECrzYx', 'brief-sheet@videotron.fr', 'excitement') ;
INSERT INTO commentreaction values('B1tMEV0Szte', 'heavy-language@icloud.us', 'anger') ;
INSERT INTO commentreaction values('SJ2S4ERrzte', 'brief-sheet@videotron.fr', 'anger') ;
INSERT INTO commentreaction values('SJgYN4CSGKl', 'deeply-achiever@gmail.uk', 'sadness') ;
INSERT INTO commentreaction values('ryKLeXERSMtg', 'brief-sheet@videotron.fr', 'sadness') ;
INSERT INTO commentreaction values('HJ1Kl7E0Szte', 'warlike-bubble@icloud.us', 'excitement') ;
INSERT INTO commentreaction values('H18PgQNRBGFl', 'unused-comparison@mac.io', 'sadness') ;
INSERT INTO commentreaction values('ByMx4N0SGtl', 'onerous-beef@yahoo.com', 'anger') ;
INSERT INTO commentreaction values('ry6tVERBzFx', 'mute-dime@sympatico.net', 'sadness') ;
INSERT INTO commentreaction values('SkbHl74CHGYg', 'irritating-taste@videotron.com', 'excitement') ;
INSERT INTO commentreaction values('H1FYxmNABMYx', 'smooth-price@sympatico.fr', 'anger') ;
INSERT INTO commentreaction values('HyMZN4RSGFe', 'jolly-sign@me.fr', 'like') ;
INSERT INTO commentreaction values('SkuLEEAHMFx', 'pink-shop@sympatico.com', 'happiness') ;
INSERT INTO commentreaction values('HJltgQVCHfYl', 'obnoxious-basin@yahoo.net', 'happiness') ;
INSERT INTO commentreaction values('rkQN40BGYg', 'responsible-crib@gmail.us', 'happiness') ;
INSERT INTO commentreaction values('H11Pl7NCHGKx', 'urbane-health@mac.co', 'anger') ;
INSERT INTO commentreaction values('rkiDemVRHGtg', 'intelligent-earth@hotmail.net', 'anger') ;
INSERT INTO commentreaction values('Hk_QNVASGtl', 'outstanding-pig@icloud.uk', 'anger') ;
INSERT INTO commentreaction values('HJsFVN0rMKe', 'heavy-language@icloud.us', 'happiness') ;
INSERT INTO commentreaction values('HkTP4ERHfKl', 'incredible-week@me.io', 'excitement') ;
INSERT INTO commentreaction values('H1FYxmNABMYx', 'mighty-fuel@mac.net', 'excitement') ;
INSERT INTO commentreaction values('HkR74E0rGYl', 'spotty-finger@me.fr', 'happiness') ;
INSERT INTO commentreaction values('Bk0rxQN0Bztg', 'spiky-air@yahoo.uk', 'sadness') ;
INSERT INTO commentreaction values('B1tPg74CrMKx', 'responsible-crib@gmail.us', 'sadness') ;
INSERT INTO commentreaction values('rJuFgXERHfYe', 'burly-cheese@me.uk', 'sadness') ;
INSERT INTO commentreaction values('H1JHN4RrfKl', 'mighty-fuel@mac.net', 'happiness') ;
INSERT INTO commentreaction values('HkVDgm4CBMFx', 'teeny-crowd@mac.com', 'like') ;
INSERT INTO commentreaction values('r1oHe7VASzte', 'outstanding-pig@icloud.uk', 'excitement') ;
INSERT INTO commentreaction values('rJd8gXERSfYg', 'loose-pancake@hotmail.us', 'anger') ;
INSERT INTO commentreaction values('HkIFEECSftx', 'abstracted-authority@hotmail.fr', 'excitement') ;
INSERT INTO commentreaction values('SJEVVRSzYx', 'helpless-oil@gmail.fr', 'happiness') ;
INSERT INTO commentreaction values('B1VS4NAHMFg', 'spotty-finger@me.fr', 'like') ;
INSERT INTO commentreaction values('B1tMEV0Szte', 'known-toothbrush@yahoo.uk', 'excitement') ;
INSERT INTO commentreaction values('Sy8HV4CBfFe', 'sharp-crate@hotmail.net', 'excitement') ;
INSERT INTO commentreaction values('H11Pl7NCHGKx', 'helpless-oil@gmail.fr', 'excitement') ;
INSERT INTO commentreaction values('SyVUEV0Hftx', 'responsible-crib@gmail.us', 'anger') ;
INSERT INTO commentreaction values('rkQN40BGYg', 'unused-comparison@mac.io', 'excitement') ;
INSERT INTO commentreaction values('r14z4ERrGKg', 'burly-cheese@me.uk', 'excitement') ;
INSERT INTO commentreaction values('H1ZKgQVCHfFg', 'irritating-taste@videotron.com', 'excitement') ;
INSERT INTO commentreaction values('Byt-4NCHMFx', 'giving-quartz@icloud.co', 'like') ;
INSERT INTO commentreaction values('BJafEVCHMFl', 'mute-dime@sympatico.net', 'happiness') ;
INSERT INTO commentreaction values('SyCEV4ABMYl', 'teeny-crowd@mac.com', 'like') ;
INSERT INTO commentreaction values('S1h4NNASfKx', 'obnoxious-basin@yahoo.net', 'like') ;
INSERT INTO commentreaction values('Syi544RHMFl', 'abstracted-authority@hotmail.fr', 'anger') ;
INSERT INTO commentreaction values('HyBnNECSMYx', 'remarkable-suit@me.uk', 'happiness') ;
INSERT INTO commentreaction values('H1UjEVArfFe', 'giving-quartz@icloud.co', 'like') ;
INSERT INTO commentreaction values('BktBeQ4CrGFl', 'giving-quartz@icloud.co', 'excitement') ;
INSERT INTO commentreaction values('rkMDe7N0SGKx', 'learned-carpenter@me.net', 'excitement') ;
INSERT INTO commentreaction values('H1h844RHGFx', 'responsible-crib@gmail.us', 'like') ;
INSERT INTO commentreaction values('B1VS4NAHMFg', 'heavy-language@icloud.us', 'excitement') ;
INSERT INTO commentreaction values('Hyq4ENRBzFx', 'ample-railway@icloud.ca', 'anger') ;
INSERT INTO commentreaction values('Syhwg74CrMFg', 'jolly-sign@me.fr', 'anger') ;
INSERT INTO commentreaction values('H11Pl7NCHGKx', 'uttermost-weather@hotmail.co', 'like') ;
INSERT INTO commentreaction values('BkdENECBGYe', 'nimble-honey@videotron.io', 'excitement') ;
INSERT INTO commentreaction values('HkOVV0BzKl', 'learned-carpenter@me.net', 'anger') ;
INSERT INTO commentreaction values('SJsulQVCHzFg', 'burly-cheese@me.uk', 'sadness') ;
INSERT INTO commentreaction values('By17NV0rzFg', 'loose-pancake@hotmail.us', 'like') ;
INSERT INTO commentreaction values('ByZcV40BGKe', 'canny-voyage@gmail.uk', 'anger') ;
INSERT INTO commentreaction values('r1TdVNAHzYg', 'painstaking-aunt@icloud.com', 'happiness') ;
INSERT INTO commentreaction values('rkpwgX4RrfYx', 'spiky-air@yahoo.uk', 'anger') ;
INSERT INTO commentreaction values('SkeiVV0SGtl', 'important-mass@videotron.io', 'happiness') ;
INSERT INTO commentreaction values('B18N4RrMKl', 'abstracted-authority@hotmail.fr', 'happiness') ;
INSERT INTO commentreaction values('H1FYxmNABMYx', 'incredible-week@me.io', 'excitement') ;
INSERT INTO commentreaction values('SJEVVRSzYx', 'urbane-health@mac.co', 'like') ;
INSERT INTO commentreaction values('S1DPgQEABGYl', 'heavy-language@icloud.us', 'sadness') ;
INSERT INTO commentreaction values('Syx7EVCBfFg', 'nimble-honey@videotron.io', 'like') ;
INSERT INTO commentreaction values('H1N9NVCSMFg', 'obeisant-cars@videotron.us', 'sadness') ;
INSERT INTO commentreaction values('HkCZEEASGtl', 'ashamed-join@videotron.uk', 'like') ;
INSERT INTO commentreaction values('Hk4FlQVCSfYg', 'learned-carpenter@me.net', 'like') ;
INSERT INTO commentreaction values('rkiDemVRHGtg', 'abstracted-authority@hotmail.fr', 'sadness') ;
INSERT INTO commentreaction values('SkdMVE0HGYg', 'ashamed-join@videotron.uk', 'happiness') ;
INSERT INTO commentreaction values('rysmE4RHMYl', 'jolly-sign@me.fr', 'like') ;
INSERT INTO commentreaction values('BJVFEN0HGte', 'canny-voyage@gmail.uk', 'happiness') ;
INSERT INTO commentreaction values('HkGf4VRrGtx', 'heavy-language@icloud.us', 'happiness') ;
INSERT INTO commentreaction values('BktBeQ4CrGFl', 'nondescript-doll@videotron.ca', 'like') ;
INSERT INTO commentreaction values('ByJW4VAHftl', 'spiky-air@yahoo.uk', 'like') ;
INSERT INTO commentreaction values('SyBEE4ASGKx', 'learned-carpenter@me.net', 'excitement') ;
INSERT INTO commentreaction values('HJqhENAHfYg', 'burly-cheese@me.uk', 'happiness') ;
INSERT INTO commentreaction values('Sk8LEN0BMtl', 'smooth-price@sympatico.fr', 'sadness') ;
INSERT INTO commentreaction values('H1p4ENArGte', 'ample-railway@icloud.ca', 'like') ;
INSERT INTO commentreaction values('BkaIxmV0rzKl', 'prompt-wrench@hotmail.net', 'happiness') ;
INSERT INTO commentreaction values('rkMDe7N0SGKx', 'onerous-beef@yahoo.com', 'like') ;
INSERT INTO commentreaction values('HyXBlXN0BfKe', 'native-form@yahoo.uk', 'excitement') ;
INSERT INTO commentreaction values('HkVDgm4CBMFx', 'burly-cheese@me.uk', 'like') ;
INSERT INTO commentreaction values('BkStNVCHGtx', 'deeply-achiever@gmail.uk', 'excitement') ;
INSERT INTO commentreaction values('B1MBemVABMFl', 'brief-sheet@videotron.fr', 'excitement') ;
INSERT INTO commentreaction values('ByEXE4RHzFx', 'flagrant-can@sympatico.us', 'like') ;
INSERT INTO commentreaction values('rydgNEAHMKe', 'mighty-fuel@mac.net', 'like') ;
INSERT INTO commentreaction values('rJvLeX4CrzYg', 'sneaky-fold@yahoo.us', 'like') ;
INSERT INTO commentreaction values('BJ5XV4ASzKl', 'nimble-honey@videotron.io', 'sadness') ;
INSERT INTO commentreaction values('rkyt4NRrzKx', 'untidy-teaching@sympatico.io', 'sadness') ;
INSERT INTO commentreaction values('r1ztEEASMYg', 'remarkable-suit@me.uk', 'excitement') ;
INSERT INTO commentreaction values('SkeiVV0SGtl', 'spotty-finger@me.fr', 'sadness') ;
INSERT INTO commentreaction values('BkteVNRrGFg', 'urbane-health@mac.co', 'like') ;
INSERT INTO commentreaction values('HJSeV4CBftg', 'heavy-language@icloud.us', 'like') ;
INSERT INTO commentreaction values('BkPmNVRSMYe', 'ample-railway@icloud.ca', 'happiness') ;
INSERT INTO commentreaction values('Sk1Le7VArMKx', 'intelligent-earth@hotmail.net', 'excitement') ;
INSERT INTO commentreaction values('HyTo4NArzFe', 'helpless-oil@gmail.fr', 'excitement') ;
INSERT INTO commentreaction values('HyMZN4RSGFe', 'loose-pancake@hotmail.us', 'excitement') ;
INSERT INTO commentreaction values('rkzXNVArGKg', 'jolly-sign@me.fr', 'anger') ;
INSERT INTO commentreaction values('rk0_lQ4CrGYx', 'pink-shop@sympatico.com', 'like') ;
INSERT INTO commentreaction values('rkpwgX4RrfYx', 'abstracted-authority@hotmail.fr', 'sadness') ;
INSERT INTO commentreaction values('H1FYxmNABMYx', 'ample-railway@icloud.ca', 'happiness') ;
INSERT INTO commentreaction values('H18ZEV0SzYg', 'flagrant-can@sympatico.us', 'anger') ;
INSERT INTO commentreaction values('Syhwg74CrMFg', 'minor-cable@me.ca', 'anger') ;
INSERT INTO commentreaction values('B18N4RrMKl', 'known-toothbrush@yahoo.uk', 'like') ;
INSERT INTO commentreaction values('Syx7EVCBfFg', 'brief-sheet@videotron.fr', 'anger') ;
INSERT INTO commentreaction values('H1RxVVABzte', 'deeply-achiever@gmail.uk', 'excitement') ;
INSERT INTO commentreaction values('BkP4NNRBMFx', 'prompt-wrench@hotmail.net', 'happiness') ;
INSERT INTO commentreaction values('HkGf4VRrGtx', 'obeisant-cars@videotron.us', 'like') ;
INSERT INTO commentreaction values('rkmtlmVCSzYx', 'uttermost-weather@hotmail.co', 'happiness') ;
INSERT INTO commentreaction values('H1Im4EASMFx', 'obeisant-cars@videotron.us', 'happiness') ;
INSERT INTO commentreaction values('SJDul7VASMYl', 'teeny-crowd@mac.com', 'anger') ;
INSERT INTO commentreaction values('HJNeE4CBGFe', 'minor-cable@me.ca', 'sadness') ;
INSERT INTO commentreaction values('By9BlQ40SfKe', 'native-form@yahoo.uk', 'like') ;
INSERT INTO commentreaction values('BJ9g4ECBzYx', 'abstracted-authority@hotmail.fr', 'anger') ;
INSERT INTO commentreaction values('HJ1Kl7E0Szte', 'painstaking-aunt@icloud.com', 'sadness') ;
INSERT INTO commentreaction values('ry-UgmNArftg', 'learned-carpenter@me.net', 'like') ;
INSERT INTO commentreaction values('HJmSN4RrzKx', 'sneaky-fold@yahoo.us', 'happiness') ;
INSERT INTO commentreaction values('S1iVNEAHGtx', 'prompt-wrench@hotmail.net', 'anger') ;
INSERT INTO commentreaction values('ryx944CHzKx', 'ample-railway@icloud.ca', 'sadness') ;
INSERT INTO commentreaction values('rk9IENCrfte', 'wakeful-quarter@me.us', 'sadness') ;
INSERT INTO commentreaction values('rkTSN4CHftx', 'warlike-bubble@icloud.us', 'excitement') ;
INSERT INTO commentreaction values('Hyq4ENRBzFx', 'prompt-wrench@hotmail.net', 'sadness') ;
INSERT INTO commentreaction values('SJuue7VCSGtx', 'prompt-wrench@hotmail.net', 'excitement') ;
INSERT INTO commentreaction values('Hklx4V0Bfte', 'known-toothbrush@yahoo.uk', 'excitement') ;
INSERT INTO commentreaction values('HkbhVVAHfKl', 'sharp-crate@hotmail.net', 'excitement') ;
INSERT INTO commentreaction values('ryDxV40Bztl', 'nimble-honey@videotron.io', 'happiness') ;
INSERT INTO commentreaction values('ryXLV4RBGFx', 'flagrant-can@sympatico.us', 'anger') ;
INSERT INTO commentreaction values('HJRMEVArGKe', 'uttermost-weather@hotmail.co', 'like') ;
INSERT INTO commentreaction values('H1QZV4ASGYg', 'spotty-finger@me.fr', 'happiness') ;
INSERT INTO commentreaction values('BJQOemVASfYl', 'canny-voyage@gmail.uk', 'excitement') ;
INSERT INTO commentreaction values('HJY44AHMKe', 'ashamed-join@videotron.uk', 'excitement') ;
INSERT INTO commentreaction values('S1j8440HMFl', 'outstanding-pig@icloud.uk', 'like') ;
INSERT INTO commentreaction values('H1N9NVCSMFg', 'remarkable-suit@me.uk', 'anger') ;
INSERT INTO commentreaction values('Syu2N40rMYg', 'known-toothbrush@yahoo.uk', 'happiness') ;
INSERT INTO commentreaction values('SJedlm4CrMKg', 'painstaking-aunt@icloud.com', 'sadness') ;
INSERT INTO commentreaction values('ryXLV4RBGFx', 'cruel-chin@yahoo.uk', 'anger') ;
INSERT INTO commentreaction values('ryKLeXERSMtg', 'cruel-chin@yahoo.uk', 'happiness') ;
INSERT INTO commentreaction values('By17NV0rzFg', 'brief-sheet@videotron.fr', 'sadness') ;
INSERT INTO commentreaction values('SkeNE0rGte', 'urbane-health@mac.co', 'happiness') ;
INSERT INTO commentreaction values('ByMx4N0SGtl', 'jolly-sign@me.fr', 'anger') ;
INSERT INTO commentreaction values('rJPFEN0rfKg', 'jolly-sign@me.fr', 'sadness') ;
INSERT INTO commentreaction values('S1jvE4CSMKe', 'brief-sheet@videotron.fr', 'excitement') ;
INSERT INTO commentreaction values('ryXLV4RBGFx', 'mighty-fuel@mac.net', 'sadness') ;
INSERT INTO commentreaction values('BkteVNRrGFg', 'canny-voyage@gmail.uk', 'excitement') ;
INSERT INTO commentreaction values('HJ1Kl7E0Szte', 'cruel-chin@yahoo.uk', 'excitement') ;
INSERT INTO commentreaction values('HJRiEVCSMKe', 'smooth-price@sympatico.fr', 'excitement') ;
INSERT INTO commentreaction values('BysWNV0HGte', 'irritating-taste@videotron.com', 'excitement') ;
INSERT INTO commentreaction values('S1vfVNCSGtg', 'outstanding-pig@icloud.uk', 'like') ;
INSERT INTO commentreaction values('H10dNECrfFe', 'smooth-price@sympatico.fr', 'like') ;
INSERT INTO commentreaction values('rkkdg74RrGFg', 'incredible-week@me.io', 'happiness') ;
INSERT INTO commentreaction values('rkrfNECSMYg', 'irritating-taste@videotron.com', 'excitement') ;
INSERT INTO commentreaction values('B1zvE4ABMtx', 'ample-railway@icloud.ca', 'happiness') ;
INSERT INTO commentreaction values('Syi544RHMFl', 'cruel-chin@yahoo.uk', 'happiness') ;
INSERT INTO commentreaction values('H1p4ENArGte', 'minor-cable@me.ca', 'anger') ;
INSERT INTO commentreaction values('H1NVCHGtl', 'painstaking-aunt@icloud.com', 'anger') ;
INSERT INTO commentreaction values('r1Nv44ASftg', 'irritating-taste@videotron.com', 'anger') ;
INSERT INTO commentreaction values('ByF_e7VCrfYl', 'heavy-language@icloud.us', 'anger') ;
INSERT INTO commentreaction values('BktBeQ4CrGFl', 'unused-comparison@mac.io', 'like') ;
INSERT INTO commentreaction values('BksNV0HzKe', 'smooth-price@sympatico.fr', 'happiness') ;
INSERT INTO commentreaction values('HkS84V0rfte', 'cruel-chin@yahoo.uk', 'sadness') ;
INSERT INTO commentreaction values('rkQfEVAHGtx', 'abstracted-authority@hotmail.fr', 'sadness') ;
INSERT INTO commentreaction values('HyXBlXN0BfKe', 'irritating-taste@videotron.com', 'anger') ;
INSERT INTO commentreaction values('B1ydEEAHfYx', 'mighty-fuel@mac.net', 'sadness') ;
INSERT INTO commentreaction values('H1p4ENArGte', 'remarkable-suit@me.uk', 'excitement') ;
INSERT INTO commentreaction values('H1ENEEAHzYe', 'known-toothbrush@yahoo.uk', 'excitement') ;
INSERT INTO commentreaction values('SJ7wNNAHMtx', 'untidy-teaching@sympatico.io', 'excitement') ;
INSERT INTO commentreaction values('Hk4FlQVCSfYg', 'obeisant-cars@videotron.us', 'excitement') ;
INSERT INTO commentreaction values('rJYcNVABzFx', 'outstanding-pig@icloud.uk', 'sadness') ;
INSERT INTO commentreaction values('Hy94EAHfYx', 'obeisant-cars@videotron.us', 'happiness') ;
INSERT INTO commentreaction values('Syx7EVCBfFg', 'wakeful-quarter@me.us', 'anger') ;
INSERT INTO commentreaction values('BJ5XV4ASzKl', 'incredible-week@me.io', 'like') ;
INSERT INTO commentreaction values('H18PgQNRBGFl', 'jolly-sign@me.fr', 'like') ;
INSERT INTO commentreaction values('ByEh4E0HMKx', 'equal-letter@yahoo.io', 'sadness') ;
INSERT INTO commentreaction values('Sy8HV4CBfFe', 'teeny-crowd@mac.com', 'like') ;
INSERT INTO commentreaction values('rydgNEAHMKe', 'intelligent-earth@hotmail.net', 'happiness') ;
INSERT INTO commentreaction values('rJ9bE4RBGtl', 'warlike-bubble@icloud.us', 'sadness') ;
INSERT INTO commentreaction values('HJnDNNArfFg', 'urbane-health@mac.co', 'happiness') ;
INSERT INTO commentreaction values('rkzXNVArGKg', 'intelligent-earth@hotmail.net', 'sadness') ;
INSERT INTO commentreaction values('rJni4N0Hfte', 'smooth-price@sympatico.fr', 'happiness') ;
INSERT INTO commentreaction values('rkMDe7N0SGKx', 'cruel-chin@yahoo.uk', 'excitement') ;
INSERT INTO commentreaction values('ByEh4E0HMKx', 'painstaking-aunt@icloud.com', 'excitement') ;
INSERT INTO commentreaction values('rkJ34NCHftl', 'spiky-air@yahoo.uk', 'like') ;
INSERT INTO commentreaction values('S10Eg7VASGYx', 'abstracted-authority@hotmail.fr', 'like') ;
INSERT INTO commentreaction values('rkvsVE0rftl', 'native-form@yahoo.uk', 'excitement') ;
INSERT INTO commentreaction values('B1-vlQEAHfYl', 'outstanding-pig@icloud.uk', 'happiness') ;
INSERT INTO commentreaction values('SkKPN4CHzKx', 'obnoxious-basin@yahoo.net', 'anger') ;
INSERT INTO commentreaction values('By4_eXVRSMYg', 'sneaky-fold@yahoo.us', 'anger') ;
INSERT INTO commentreaction values('rk9IENCrfte', 'burly-cheese@me.uk', 'anger') ;
INSERT INTO commentreaction values('Syx7EVCBfFg', 'outstanding-pig@icloud.uk', 'sadness') ;
INSERT INTO commentreaction values('Ska44CSMte', 'loose-pancake@hotmail.us', 'sadness') ;
INSERT INTO commentreaction values('BkB9ENCrfte', 'prompt-wrench@hotmail.net', 'sadness') ;
INSERT INTO commentreaction values('rJ9bE4RBGtl', 'responsible-crib@gmail.us', 'anger') ;
INSERT INTO commentreaction values('rkpwgX4RrfYx', 'outstanding-pig@icloud.uk', 'happiness') ;
INSERT INTO commentreaction values('rJncN4ASzFg', 'giving-quartz@icloud.co', 'happiness') ;
INSERT INTO commentreaction values('BkUteQECrftg', 'learned-carpenter@me.net', 'anger') ;
INSERT INTO commentreaction values('Sk_KEVCSzYg', 'important-mass@videotron.io', 'like') ;
INSERT INTO commentreaction values('BJafEVCHMFl', 'helpless-oil@gmail.fr', 'anger') ;
INSERT INTO commentreaction values('Hk_QNVASGtl', 'unbiased-tub@gmail.io', 'excitement') ;
INSERT INTO commentreaction values('Hk2KNNCHMtg', 'wakeful-quarter@me.us', 'excitement') ;
INSERT INTO commentreaction values('Hk2KNNCHMtg', 'warlike-bubble@icloud.us', 'excitement') ;
INSERT INTO commentreaction values('Sy0LxmVAHMKl', 'onerous-beef@yahoo.com', 'excitement') ;
INSERT INTO commentreaction values('B1-vlQEAHfYl', 'flagrant-can@sympatico.us', 'like') ;
INSERT INTO commentreaction values('BJVFEN0HGte', 'flagrant-can@sympatico.us', 'happiness') ;
INSERT INTO commentreaction values('ByJW4VAHftl', 'flagrant-can@sympatico.us', 'anger') ;
INSERT INTO commentreaction values('rkTSN4CHftx', 'intelligent-earth@hotmail.net', 'excitement') ;
INSERT INTO commentreaction values('SyXVENABftl', 'minor-cable@me.ca', 'sadness') ;
INSERT INTO commentreaction values('SyvP4VRSMYx', 'cruel-chin@yahoo.uk', 'anger') ;
INSERT INTO commentreaction values('HkbhVVAHfKl', 'brief-sheet@videotron.fr', 'happiness') ;
INSERT INTO commentreaction values('HJ3Le7VABfYl', 'tiresome-rule@mac.ca', 'sadness') ;
INSERT INTO commentreaction values('rk0_lQ4CrGYx', 'spiky-air@yahoo.uk', 'like') ;
INSERT INTO commentreaction values('HyBnNECSMYx', 'intelligent-earth@hotmail.net', 'like') ;
INSERT INTO commentreaction values('Hk2GE4RHzYl', 'prompt-wrench@hotmail.net', 'anger') ;
INSERT INTO commentreaction values('Sk-UEVRSGYl', 'canny-voyage@gmail.uk', 'happiness') ;
INSERT INTO commentreaction values('HyBnNECSMYx', 'heavy-language@icloud.us', 'happiness') ;
INSERT INTO commentreaction values('Hk8h4ECBMtx', 'smooth-price@sympatico.fr', 'like') ;
INSERT INTO commentreaction values('ByEh4E0HMKx', 'irritating-taste@videotron.com', 'excitement') ;
INSERT INTO commentreaction values('HJNeE4CBGFe', 'intelligent-earth@hotmail.net', 'happiness') ;
INSERT INTO commentreaction values('H1mmEN0BGYe', 'remarkable-suit@me.uk', 'anger') ;
INSERT INTO commentreaction values('HyTo4NArzFe', 'deeply-achiever@gmail.uk', 'happiness') ;
INSERT INTO commentreaction values('HyMZN4RSGFe', 'untidy-teaching@sympatico.io', 'excitement') ;
INSERT INTO commentreaction values('ByEh4E0HMKx', 'onerous-beef@yahoo.com', 'happiness') ;
INSERT INTO commentreaction values('BkP4NNRBMFx', 'sharp-crate@hotmail.net', 'like') ;
INSERT INTO commentreaction values('rJvLeX4CrzYg', 'brief-sheet@videotron.fr', 'happiness') ;
INSERT INTO commentreaction values('r1IME4ABzFe', 'abstracted-authority@hotmail.fr', 'anger') ;
INSERT INTO commentreaction values('rJ0Dx7N0BGKl', 'prompt-wrench@hotmail.net', 'happiness') ;
INSERT INTO commentreaction values('HkJVNN0BMFe', 'deeply-achiever@gmail.uk', 'sadness') ;
INSERT INTO commentreaction values('rkYrVEAHftl', 'onerous-beef@yahoo.com', 'like') ;
INSERT INTO commentreaction values('B1R8NN0HMKe', 'jolly-sign@me.fr', 'like') ;
INSERT INTO commentreaction values('B1-vlQEAHfYl', 'pink-shop@sympatico.com', 'happiness') ;
INSERT INTO commentreaction values('HJBrVVRSMFg', 'abstracted-authority@hotmail.fr', 'sadness') ;
INSERT INTO commentreaction values('rJPreQE0HMKe', 'mute-dime@sympatico.net', 'anger') ;
INSERT INTO commentreaction values('ByJW4VAHftl', 'ashamed-join@videotron.uk', 'anger') ;
INSERT INTO commentreaction values('B1zvE4ABMtx', 'painstaking-aunt@icloud.com', 'like') ;
INSERT INTO commentreaction values('rkJ34NCHftl', 'urbane-health@mac.co', 'sadness') ;
INSERT INTO commentreaction values('HJ5_g7NCrzYe', 'remarkable-suit@me.uk', 'anger') ;
INSERT INTO commentreaction values('SkL_NN0rGtx', 'giving-quartz@icloud.co', 'anger') ;
INSERT INTO commentreaction values('HkOVV0BzKl', 'equal-letter@yahoo.io', 'sadness') ;
INSERT INTO commentreaction values('B137NEASMYl', 'outstanding-pig@icloud.uk', 'excitement') ;
INSERT INTO commentreaction values('SJgYN4CSGKl', 'sneaky-fold@yahoo.us', 'anger') ;
INSERT INTO commentreaction values('SySiE4ArfKe', 'nondescript-doll@videotron.ca', 'anger') ;
INSERT INTO commentreaction values('B1MBemVABMFl', 'loose-pancake@hotmail.us', 'sadness') ;
INSERT INTO commentreaction values('HyeV4ECBGte', 'wakeful-quarter@me.us', 'excitement') ;
INSERT INTO commentreaction values('SJsulQVCHzFg', 'prompt-wrench@hotmail.net', 'happiness') ;
INSERT INTO commentreaction values('SkbHl74CHGYg', 'nondescript-doll@videotron.ca', 'happiness') ;
INSERT INTO commentreaction values('B1Gn44RHfYg', 'tiresome-rule@mac.ca', 'anger') ;
INSERT INTO commentreaction values('HyZSNNCrMtx', 'incredible-week@me.io', 'sadness') ;
INSERT INTO commentreaction values('S10Eg7VASGYx', 'pink-shop@sympatico.com', 'like') ;
INSERT INTO commentreaction values('HJSeV4CBftg', 'mute-dime@sympatico.net', 'anger') ;
INSERT INTO commentreaction values('Sk-UEVRSGYl', 'irritating-taste@videotron.com', 'like') ;
INSERT INTO commentreaction values('r1r-N4RHGFx', 'painstaking-aunt@icloud.com', 'anger') ;
INSERT INTO commentreaction values('HJsFVN0rMKe', 'deeply-achiever@gmail.uk', 'happiness') ;
INSERT INTO commentreaction values('BkdENECBGYe', 'canny-voyage@gmail.uk', 'excitement') ;
INSERT INTO commentreaction values('BkaIxmV0rzKl', 'sharp-crate@hotmail.net', 'happiness') ;
INSERT INTO commentreaction values('HyeV4ECBGte', 'loose-pancake@hotmail.us', 'like') ;
INSERT INTO commentreaction values('B1KsENCHGYg', 'important-mass@videotron.io', 'sadness') ;
INSERT INTO commentreaction values('Hk9Pl7N0BGFe', 'unused-comparison@mac.io', 'like') ;
INSERT INTO commentreaction values('Syx7EVCBfFg', 'deeply-achiever@gmail.uk', 'sadness') ;
INSERT INTO commentreaction values('S1uSx7ERSMYg', 'prompt-wrench@hotmail.net', 'like') ;
INSERT INTO commentreaction values('rkmtlmVCSzYx', 'irritating-taste@videotron.com', 'sadness') ;
INSERT INTO commentreaction values('rJGIN40BMte', 'pink-shop@sympatico.com', 'happiness') ;
INSERT INTO commentreaction values('SJgzVERHMFe', 'equal-letter@yahoo.io', 'like') ;
INSERT INTO commentreaction values('SJJsEVCBGKg', 'brief-sheet@videotron.fr', 'sadness') ;
INSERT INTO commentreaction values('ByF_e7VCrfYl', 'unbiased-tub@gmail.io', 'like') ;
INSERT INTO commentreaction values('BJ9g4ECBzYx', 'teeny-crowd@mac.com', 'anger') ;
INSERT INTO commentreaction values('SkeiVV0SGtl', 'burly-cheese@me.uk', 'happiness') ;
INSERT INTO commentreaction values('HyouVERBzte', 'brief-sheet@videotron.fr', 'happiness') ;
INSERT INTO commentreaction values('rkWiV4Crzte', 'brief-sheet@videotron.fr', 'happiness') ;
INSERT INTO commentreaction values('H1QZV4ASGYg', 'minor-cable@me.ca', 'like') ;
INSERT INTO commentreaction values('H18PgQNRBGFl', 'intelligent-earth@hotmail.net', 'like') ;
INSERT INTO commentreaction values('Hk2KNNCHMtg', 'cruel-chin@yahoo.uk', 'sadness') ;
INSERT INTO commentreaction values('Hk_QNVASGtl', 'pink-shop@sympatico.com', 'happiness') ;
INSERT INTO commentreaction values('rJGqE4RSzKl', 'pink-shop@sympatico.com', 'anger') ;
INSERT INTO commentreaction values('rJrX4VCrzYl', 'urbane-health@mac.co', 'sadness') ;
INSERT INTO commentreaction values('S1md4VRrztx', 'spotty-finger@me.fr', 'excitement') ;
INSERT INTO commentreaction values('rkMDe7N0SGKx', 'spiky-air@yahoo.uk', 'sadness') ;
INSERT INTO commentreaction values('B18N4RrMKl', 'warlike-bubble@icloud.us', 'excitement') ;
INSERT INTO commentreaction values('rkFF4NCHzYx', 'flagrant-can@sympatico.us', 'like') ;
INSERT INTO commentreaction values('HyXBlXN0BfKe', 'spiky-air@yahoo.uk', 'happiness') ;
INSERT INTO commentreaction values('SJsulQVCHzFg', 'intelligent-earth@hotmail.net', 'anger') ;
INSERT INTO commentreaction values('ByJW4VAHftl', 'untidy-teaching@sympatico.io', 'excitement') ;
INSERT INTO commentreaction values('HJltgQVCHfYl', 'teeny-crowd@mac.com', 'anger') ;
INSERT INTO commentreaction values('ByFN44ArfFl', 'obnoxious-basin@yahoo.net', 'anger') ;
INSERT INTO commentreaction values('HyDZ44CrzFe', 'incredible-week@me.io', 'excitement') ;
INSERT INTO commentreaction values('SkebEVASMKe', 'unused-comparison@mac.io', 'excitement') ;
INSERT INTO commentreaction values('BJ5XV4ASzKl', 'giving-quartz@icloud.co', 'excitement') ;
INSERT INTO commentreaction values('rkpwgX4RrfYx', 'giving-quartz@icloud.co', 'happiness') ;
INSERT INTO commentreaction values('HJ5_g7NCrzYe', 'helpless-oil@gmail.fr', 'anger') ;
INSERT INTO commentreaction values('BkUteQECrftg', 'minor-cable@me.ca', 'like') ;
INSERT INTO commentreaction values('r1r-N4RHGFx', 'cruel-chin@yahoo.uk', 'like') ;
INSERT INTO commentreaction values('ryx944CHzKx', 'unused-comparison@mac.io', 'anger') ;
INSERT INTO commentreaction values('H1QZV4ASGYg', 'unused-comparison@mac.io', 'happiness') ;
INSERT INTO commentreaction values('H1RxVVABzte', 'tiresome-rule@mac.ca', 'sadness') ;
INSERT INTO commentreaction values('rJkHxQECrzYx', 'mute-dime@sympatico.net', 'happiness') ;
INSERT INTO commentreaction values('rJGqE4RSzKl', 'intelligent-earth@hotmail.net', 'sadness') ;
INSERT INTO commentreaction values('HyDZ44CrzFe', 'responsible-crib@gmail.us', 'excitement') ;
INSERT INTO commentreaction values('ByJW4VAHftl', 'smooth-price@sympatico.fr', 'happiness') ;
INSERT INTO commentreaction values('HkIFEECSftx', 'warlike-bubble@icloud.us', 'happiness') ;
INSERT INTO commentreaction values('H17K440SGKe', 'prompt-wrench@hotmail.net', 'excitement') ;
INSERT INTO commentreaction values('rJvLeX4CrzYg', 'tiresome-rule@mac.ca', 'like') ;
INSERT INTO commentreaction values('HypUN4RHGKe', 'unused-comparison@mac.io', 'happiness') ;
INSERT INTO commentreaction values('BJ9g4ECBzYx', 'spiky-air@yahoo.uk', 'like') ;
INSERT INTO commentreaction values('r11e44AHMKx', 'abstracted-authority@hotmail.fr', 'like') ;
INSERT INTO commentreaction values('rysmE4RHMYl', 'giving-quartz@icloud.co', 'sadness') ;
INSERT INTO commentreaction values('SyI9VNRHfYx', 'incredible-week@me.io', 'happiness') ;
INSERT INTO commentreaction values('SkeiVV0SGtl', 'equal-letter@yahoo.io', 'excitement') ;
INSERT INTO commentreaction values('Syhwg74CrMFg', 'loose-pancake@hotmail.us', 'excitement') ;
INSERT INTO commentreaction values('rkJ34NCHftl', 'smooth-price@sympatico.fr', 'anger') ;
INSERT INTO commentreaction values('ryKLeXERSMtg', 'abstracted-authority@hotmail.fr', 'anger') ;
INSERT INTO commentreaction values('S1iVNEAHGtx', 'helpless-oil@gmail.fr', 'happiness') ;
INSERT INTO commentreaction values('S1jvE4CSMKe', 'pink-shop@sympatico.com', 'sadness') ;
INSERT INTO commentreaction values('HkqUxm4RBzKg', 'jolly-sign@me.fr', 'like') ;
INSERT INTO commentreaction values('HyDZ44CrzFe', 'burly-cheese@me.uk', 'happiness') ;
INSERT INTO commentreaction values('SJDul7VASMYl', 'nondescript-doll@videotron.ca', 'excitement') ;
INSERT INTO commentreaction values('Hk4FlQVCSfYg', 'heavy-language@icloud.us', 'happiness') ;
INSERT INTO commentreaction values('BkteVNRrGFg', 'burly-cheese@me.uk', 'excitement') ;
INSERT INTO commentreaction values('Hyq4ENRBzFx', 'unused-comparison@mac.io', 'anger') ;
INSERT INTO commentreaction values('Syu2N40rMYg', 'prompt-wrench@hotmail.net', 'happiness') ;
INSERT INTO commentreaction values('By17NV0rzFg', 'minor-cable@me.ca', 'excitement') ;
INSERT INTO commentreaction values('SyjSE4ASGte', 'obnoxious-basin@yahoo.net', 'sadness') ;
INSERT INTO commentreaction values('rJPreQE0HMKe', 'outstanding-pig@icloud.uk', 'anger') ;
INSERT INTO commentreaction values('H1mmEN0BGYe', 'mute-dime@sympatico.net', 'sadness') ;
INSERT INTO commentreaction values('ByiUlXNRrGtx', 'obnoxious-basin@yahoo.net', 'excitement') ;
INSERT INTO commentreaction values('rJGIN40BMte', 'incredible-week@me.io', 'happiness') ;
INSERT INTO commentreaction values('S1j8440HMFl', 'wakeful-quarter@me.us', 'sadness') ;
INSERT INTO commentreaction values('rkrfNECSMYg', 'mighty-fuel@mac.net', 'excitement') ;
INSERT INTO commentreaction values('BJIdlmV0Hztl', 'heavy-language@icloud.us', 'sadness') ;
INSERT INTO commentreaction values('Sk_KEVCSzYg', 'nimble-honey@videotron.io', 'happiness') ;
INSERT INTO commentreaction values('Byt-4NCHMFx', 'loose-pancake@hotmail.us', 'like') ;
INSERT INTO commentreaction values('rk9IENCrfte', 'urbane-health@mac.co', 'anger') ;
INSERT INTO commentreaction values('S1iVNEAHGtx', 'spiky-air@yahoo.uk', 'like') ;
INSERT INTO commentreaction values('BysWNV0HGte', 'native-form@yahoo.uk', 'sadness') ;
INSERT INTO commentreaction values('ByF_e7VCrfYl', 'brief-sheet@videotron.fr', 'happiness') ;
/* Script generated Wed Feb 15 2017 16:54:52 GMT-0500 (Eastern Standard Time)*/

INSERT INTO postreaction values('BkThmVAHztx', 'giving-quartz@icloud.co', 'excitement') ;
INSERT INTO postreaction values('SyVMlQ40BfYe', 'helpless-oil@gmail.fr', 'sadness') ;
INSERT INTO postreaction values('Sk9meQVRBfYe', 'learned-carpenter@me.net', 'sadness') ;
INSERT INTO postreaction values('Sy4374CrfFl', 'minor-cable@me.ca', 'like') ;
INSERT INTO postreaction values('rJWge74ArGYe', 'urbane-health@mac.co', 'anger') ;
INSERT INTO postreaction values('ry0zlXVAHMFe', 'loose-pancake@hotmail.us', 'anger') ;
INSERT INTO postreaction values('ry0zlXVAHMFe', 'obnoxious-basin@yahoo.net', 'sadness') ;
INSERT INTO postreaction values('B1kMxQNRrzFg', 'giving-quartz@icloud.co', 'sadness') ;
INSERT INTO postreaction values('Bkb4x740rMFx', 'smooth-price@sympatico.fr', 'happiness') ;
INSERT INTO postreaction values('HyGWxXE0BGtl', 'sneaky-fold@yahoo.us', 'happiness') ;
INSERT INTO postreaction values('SklNgm4RrfKe', 'helpless-oil@gmail.fr', 'like') ;
INSERT INTO postreaction values('HJ5CX4ArGtl', 'known-toothbrush@yahoo.uk', 'like') ;
INSERT INTO postreaction values('Syu2QECrzte', 'helpless-oil@gmail.fr', 'sadness') ;
INSERT INTO postreaction values('Hyb-lXN0rMFx', 'painstaking-aunt@icloud.com', 'anger') ;
INSERT INTO postreaction values('H1CylXECrzYl', 'prompt-wrench@hotmail.net', 'happiness') ;
INSERT INTO postreaction values('ryT07V0SGKx', 'outstanding-pig@icloud.uk', 'excitement') ;
INSERT INTO postreaction values('S16JgmEABfKe', 'tiresome-rule@mac.ca', 'happiness') ;
INSERT INTO postreaction values('HyqhmVCHGYg', 'ample-railway@icloud.ca', 'happiness') ;
INSERT INTO postreaction values('r13QgmVCBfFx', 'brief-sheet@videotron.fr', 'sadness') ;
INSERT INTO postreaction values('BJemxQECSGFl', 'unbiased-tub@gmail.io', 'excitement') ;
INSERT INTO postreaction values('SJo4lQE0rMYx', 'burly-cheese@me.uk', 'happiness') ;
INSERT INTO postreaction values('Hk2NxXN0Sfte', 'pink-shop@sympatico.com', 'happiness') ;
INSERT INTO postreaction values('rJNgeXNCBztx', 'remarkable-suit@me.uk', 'sadness') ;
INSERT INTO postreaction values('S18gemERSMKx', 'uttermost-weather@hotmail.co', 'like') ;
INSERT INTO postreaction values('H1j0QV0Szte', 'important-mass@videotron.io', 'like') ;
INSERT INTO postreaction values('r1do74RBGFg', 'helpless-oil@gmail.fr', 'like') ;
INSERT INTO postreaction values('r1KsXVRSzYe', 'teeny-crowd@mac.com', 'sadness') ;
INSERT INTO postreaction values('BJlpmEAHMYx', 'spiky-air@yahoo.uk', 'happiness') ;
INSERT INTO postreaction values('SklNgm4RrfKe', 'wakeful-quarter@me.us', 'excitement') ;
INSERT INTO postreaction values('SJo4lQE0rMYx', 'learned-carpenter@me.net', 'excitement') ;
INSERT INTO postreaction values('H1FhX4RrMKe', 'spotty-finger@me.fr', 'happiness') ;
INSERT INTO postreaction values('HJRblm4RSGFx', 'smooth-price@sympatico.fr', 'happiness') ;
INSERT INTO postreaction values('S1joX4ASfKx', 'helpless-oil@gmail.fr', 'anger') ;
INSERT INTO postreaction values('HJCRQ40rMKg', 'obnoxious-basin@yahoo.net', 'happiness') ;
INSERT INTO postreaction values('S18ylmNABMYl', 'wakeful-quarter@me.us', 'like') ;
INSERT INTO postreaction values('SkHVemV0rGFe', 'native-form@yahoo.uk', 'anger') ;
INSERT INTO postreaction values('rkA3mNRBfte', 'smooth-price@sympatico.fr', 'anger') ;
INSERT INTO postreaction values('rk2blQVRSftl', 'learned-carpenter@me.net', 'sadness') ;
INSERT INTO postreaction values('HJCRQ40rMKg', 'spiky-air@yahoo.uk', 'anger') ;
INSERT INTO postreaction values('rJZAX40BfYx', 'obnoxious-basin@yahoo.net', 'like') ;
INSERT INTO postreaction values('HJvNlQEArzFe', 'uttermost-weather@hotmail.co', 'sadness') ;
INSERT INTO postreaction values('rJb1l740HMtg', 'giving-quartz@icloud.co', 'anger') ;
INSERT INTO postreaction values('BJUam40HMKx', 'remarkable-suit@me.uk', 'sadness') ;
INSERT INTO postreaction values('HJ5CX4ArGtl', 'obnoxious-basin@yahoo.net', 'happiness') ;
INSERT INTO postreaction values('ry0zlXVAHMFe', 'warlike-bubble@icloud.us', 'happiness') ;
INSERT INTO postreaction values('HJCRQ40rMKg', 'brief-sheet@videotron.fr', 'like') ;
INSERT INTO postreaction values('rkggg7E0rGKe', 'warlike-bubble@icloud.us', 'like') ;
INSERT INTO postreaction values('H1j0QV0Szte', 'canny-voyage@gmail.uk', 'anger') ;
INSERT INTO postreaction values('HyVWem4CBGYl', 'irritating-taste@videotron.com', 'like') ;
INSERT INTO postreaction values('SyJ2XECBztg', 'equal-letter@yahoo.io', 'sadness') ;
INSERT INTO postreaction values('S18ylmNABMYl', 'native-form@yahoo.uk', 'like') ;
INSERT INTO postreaction values('Sypfx74RBfKg', 'burly-cheese@me.uk', 'sadness') ;
INSERT INTO postreaction values('SkHVemV0rGFe', 'important-mass@videotron.io', 'anger') ;
INSERT INTO postreaction values('ryz4gXE0SMKl', 'sharp-crate@hotmail.net', 'happiness') ;
INSERT INTO postreaction values('HJ-nQVRrfFg', 'wakeful-quarter@me.us', 'happiness') ;
INSERT INTO postreaction values('SklNgm4RrfKe', 'intelligent-earth@hotmail.net', 'anger') ;
INSERT INTO postreaction values('HknGxXVCBfYe', 'intelligent-earth@hotmail.net', 'anger') ;
INSERT INTO postreaction values('H1cJxmVCrMKl', 'brief-sheet@videotron.fr', 'happiness') ;
INSERT INTO postreaction values('rJ7Am4CBfFe', 'sneaky-fold@yahoo.us', 'like') ;
INSERT INTO postreaction values('H1CylXECrzYl', 'burly-cheese@me.uk', 'like') ;
INSERT INTO postreaction values('r1do74RBGFg', 'smooth-price@sympatico.fr', 'sadness') ;
INSERT INTO postreaction values('Skj1lXERBfKl', 'jolly-sign@me.fr', 'happiness') ;
INSERT INTO postreaction values('B1u4gmVRBMKe', 'minor-cable@me.ca', 'sadness') ;
INSERT INTO postreaction values('H1cJxmVCrMKl', 'native-form@yahoo.uk', 'like') ;
INSERT INTO postreaction values('ry-fxXNRBGYe', 'unbiased-tub@gmail.io', 'excitement') ;
INSERT INTO postreaction values('HyqhmVCHGYg', 'flagrant-can@sympatico.us', 'sadness') ;
INSERT INTO postreaction values('ry0zlXVAHMFe', 'untidy-teaching@sympatico.io', 'sadness') ;
INSERT INTO postreaction values('BJAam4CSMYe', 'heavy-language@icloud.us', 'excitement') ;
INSERT INTO postreaction values('S1XyeXECHfYe', 'prompt-wrench@hotmail.net', 'happiness') ;
INSERT INTO postreaction values('rkA3mNRBfte', 'canny-voyage@gmail.uk', 'excitement') ;
INSERT INTO postreaction values('Sk9meQVRBfYe', 'uttermost-weather@hotmail.co', 'excitement') ;
INSERT INTO postreaction values('S1x1eQV0Bfte', 'teeny-crowd@mac.com', 'happiness') ;
INSERT INTO postreaction values('HkOMgmECSMKl', 'teeny-crowd@mac.com', 'excitement') ;
INSERT INTO postreaction values('H120mVCHfYl', 'uttermost-weather@hotmail.co', 'excitement') ;
INSERT INTO postreaction values('SJn6QERrzte', 'painstaking-aunt@icloud.com', 'happiness') ;
INSERT INTO postreaction values('rJFVemERrGFe', 'sharp-crate@hotmail.net', 'sadness') ;
INSERT INTO postreaction values('H1CylXECrzYl', 'flagrant-can@sympatico.us', 'anger') ;
INSERT INTO postreaction values('Hyt7lQ4CBMte', 'obnoxious-basin@yahoo.net', 'happiness') ;
INSERT INTO postreaction values('rkK1xQNCSzFg', 'known-toothbrush@yahoo.uk', 'like') ;
INSERT INTO postreaction values('Hyb-lXN0rMFx', 'important-mass@videotron.io', 'sadness') ;
INSERT INTO postreaction values('S1B3XEABMte', 'sharp-crate@hotmail.net', 'happiness') ;
INSERT INTO postreaction values('rJb1l740HMtg', 'irritating-taste@videotron.com', 'excitement') ;
INSERT INTO postreaction values('B1mflm4ArfFx', 'spotty-finger@me.fr', 'excitement') ;
INSERT INTO postreaction values('Hyt7lQ4CBMte', 'urbane-health@mac.co', 'like') ;
INSERT INTO postreaction values('r1pi74AHGKx', 'native-form@yahoo.uk', 'anger') ;
INSERT INTO postreaction values('Skk1e7VRSGtg', 'responsible-crib@gmail.us', 'anger') ;
INSERT INTO postreaction values('ryz1lXN0SfYl', 'nondescript-doll@videotron.ca', 'anger') ;
INSERT INTO postreaction values('ryfTQ4RrfKl', 'uttermost-weather@hotmail.co', 'anger') ;
INSERT INTO postreaction values('HJ1ZgX4RHGFg', 'unused-comparison@mac.io', 'excitement') ;
INSERT INTO postreaction values('HJ5CX4ArGtl', 'deeply-achiever@gmail.uk', 'excitement') ;
INSERT INTO postreaction values('HkDRXNRBzFl', 'burly-cheese@me.uk', 'happiness') ;
INSERT INTO postreaction values('rJNgeXNCBztx', 'brief-sheet@videotron.fr', 'sadness') ;
INSERT INTO postreaction values('SkHVemV0rGFe', 'warlike-bubble@icloud.us', 'anger') ;
INSERT INTO postreaction values('Sk8Ve7ECrzFx', 'nondescript-doll@videotron.ca', 'excitement') ;
INSERT INTO postreaction values('H1hh74CBzte', 'warlike-bubble@icloud.us', 'anger') ;
INSERT INTO postreaction values('r1do74RBGFg', 'responsible-crib@gmail.us', 'anger') ;
INSERT INTO postreaction values('SyqoQNCHGFe', 'wakeful-quarter@me.us', 'happiness') ;
INSERT INTO postreaction values('r1KsXVRSzYe', 'mute-dime@sympatico.net', 'sadness') ;
INSERT INTO postreaction values('ry0zlXVAHMFe', 'onerous-beef@yahoo.com', 'sadness') ;
INSERT INTO postreaction values('rkYCmEArfFe', 'incredible-week@me.io', 'excitement') ;
INSERT INTO postreaction values('HyqhmVCHGYg', 'native-form@yahoo.uk', 'sadness') ;
INSERT INTO postreaction values('rkDom4CBGtx', 'pink-shop@sympatico.com', 'sadness') ;
INSERT INTO postreaction values('r1OexQVCrGKx', 'uttermost-weather@hotmail.co', 'like') ;
INSERT INTO postreaction values('ryfTQ4RrfKl', 'prompt-wrench@hotmail.net', 'happiness') ;
INSERT INTO postreaction values('H1HpmVRBGYg', 'outstanding-pig@icloud.uk', 'excitement') ;
INSERT INTO postreaction values('rys6XV0BMYx', 'tiresome-rule@mac.ca', 'sadness') ;
INSERT INTO postreaction values('ByP67ECBzKl', 'cruel-chin@yahoo.uk', 'anger') ;
INSERT INTO postreaction values('rkvzlX40rMYx', 'ample-railway@icloud.ca', 'excitement') ;
INSERT INTO postreaction values('S18ylmNABMYl', 'onerous-beef@yahoo.com', 'anger') ;
INSERT INTO postreaction values('HkOMgmECSMKl', 'incredible-week@me.io', 'excitement') ;
INSERT INTO postreaction values('HyqVx7NRHMFe', 'minor-cable@me.ca', 'anger') ;
INSERT INTO postreaction values('BJUam40HMKx', 'painstaking-aunt@icloud.com', 'like') ;
INSERT INTO postreaction values('rJUbgmNCSzFe', 'ample-railway@icloud.ca', 'happiness') ;
INSERT INTO postreaction values('S18ylmNABMYl', 'obeisant-cars@videotron.us', 'excitement') ;
INSERT INTO postreaction values('SkV0m4ABzFe', 'remarkable-suit@me.uk', 'excitement') ;
INSERT INTO postreaction values('Hkd1g7NCSftl', 'ashamed-join@videotron.uk', 'happiness') ;
INSERT INTO postreaction values('HyqhmVCHGYg', 'minor-cable@me.ca', 'happiness') ;
INSERT INTO postreaction values('Skk1e7VRSGtg', 'mute-dime@sympatico.net', 'anger') ;
INSERT INTO postreaction values('r1do74RBGFg', 'pink-shop@sympatico.com', 'excitement') ;
INSERT INTO postreaction values('S1MAXN0Bzte', 'mighty-fuel@mac.net', 'like') ;
INSERT INTO postreaction values('H1hh74CBzte', 'remarkable-suit@me.uk', 'excitement') ;
INSERT INTO postreaction values('Hk2NxXN0Sfte', 'abstracted-authority@hotmail.fr', 'excitement') ;
INSERT INTO postreaction values('HJ1ZgX4RHGFg', 'abstracted-authority@hotmail.fr', 'happiness') ;
INSERT INTO postreaction values('HkkpmNCrfYe', 'obeisant-cars@videotron.us', 'like') ;
INSERT INTO postreaction values('SyVMlQ40BfYe', 'sneaky-fold@yahoo.us', 'sadness') ;
INSERT INTO postreaction values('Byt-l7V0HMYx', 'important-mass@videotron.io', 'sadness') ;
INSERT INTO postreaction values('SJr1xQV0BMtx', 'flagrant-can@sympatico.us', 'sadness') ;
INSERT INTO postreaction values('HyEXxQECSMFe', 'pink-shop@sympatico.com', 'sadness') ;
INSERT INTO postreaction values('SkyVg740BMtx', 'cruel-chin@yahoo.uk', 'anger') ;
INSERT INTO postreaction values('BkDlgXERHftx', 'smooth-price@sympatico.fr', 'excitement') ;
INSERT INTO postreaction values('ry-fxXNRBGYe', 'tiresome-rule@mac.ca', 'happiness') ;
INSERT INTO postreaction values('SyVMlQ40BfYe', 'equal-letter@yahoo.io', 'anger') ;
INSERT INTO postreaction values('HyqhmVCHGYg', 'loose-pancake@hotmail.us', 'like') ;
INSERT INTO postreaction values('HkffxmEArGte', 'spiky-air@yahoo.uk', 'sadness') ;
INSERT INTO postreaction values('SJ1xxXV0BzKg', 'loose-pancake@hotmail.us', 'sadness') ;
INSERT INTO postreaction values('rJFVemERrGFe', 'equal-letter@yahoo.io', 'happiness') ;
INSERT INTO postreaction values('SyVMlQ40BfYe', 'obeisant-cars@videotron.us', 'excitement') ;
INSERT INTO postreaction values('Syv-lQNCBzYx', 'untidy-teaching@sympatico.io', 'happiness') ;
INSERT INTO postreaction values('HJ-nQVRrfFg', 'pink-shop@sympatico.com', 'happiness') ;
INSERT INTO postreaction values('r12sQVCSzKl', 'giving-quartz@icloud.co', 'excitement') ;
INSERT INTO postreaction values('SklNgm4RrfKe', 'abstracted-authority@hotmail.fr', 'happiness') ;
INSERT INTO postreaction values('rkogxXN0BGFe', 'smooth-price@sympatico.fr', 'excitement') ;
INSERT INTO postreaction values('rJAiQN0SzYg', 'giving-quartz@icloud.co', 'anger') ;
INSERT INTO postreaction values('Hyt7lQ4CBMte', 'heavy-language@icloud.us', 'anger') ;
INSERT INTO postreaction values('H1HpmVRBGYg', 'heavy-language@icloud.us', 'anger') ;
INSERT INTO postreaction values('rJnJgQVCSztg', 'nimble-honey@videotron.io', 'like') ;
INSERT INTO postreaction values('SyVMlQ40BfYe', 'heavy-language@icloud.us', 'happiness') ;
INSERT INTO postreaction values('rygCQE0SGYx', 'learned-carpenter@me.net', 'like') ;
INSERT INTO postreaction values('r1do74RBGFg', 'mute-dime@sympatico.net', 'sadness') ;
INSERT INTO postreaction values('S1MAXN0Bzte', 'flagrant-can@sympatico.us', 'excitement') ;
INSERT INTO postreaction values('rkYCmEArfFe', 'spiky-air@yahoo.uk', 'excitement') ;
INSERT INTO postreaction values('ByP67ECBzKl', 'sharp-crate@hotmail.net', 'anger') ;
INSERT INTO postreaction values('ryT07V0SGKx', 'untidy-teaching@sympatico.io', 'happiness') ;
INSERT INTO postreaction values('S1OamEASfFl', 'unused-comparison@mac.io', 'like') ;
INSERT INTO postreaction values('HJ1ZgX4RHGFg', 'obeisant-cars@videotron.us', 'anger') ;
INSERT INTO postreaction values('B15pmVRBfFl', 'jolly-sign@me.fr', 'like') ;
INSERT INTO postreaction values('Hyb-lXN0rMFx', 'brief-sheet@videotron.fr', 'anger') ;
INSERT INTO postreaction values('BkDlgXERHftx', 'giving-quartz@icloud.co', 'anger') ;
INSERT INTO postreaction values('SkV0m4ABzFe', 'giving-quartz@icloud.co', 'happiness') ;
INSERT INTO postreaction values('HJRXlXE0rfKl', 'learned-carpenter@me.net', 'sadness') ;
INSERT INTO postreaction values('HyqhmVCHGYg', 'mighty-fuel@mac.net', 'excitement') ;
INSERT INTO postreaction values('HkcflQNABfKg', 'helpless-oil@gmail.fr', 'sadness') ;
INSERT INTO postreaction values('HyvJgmEABzFe', 'pink-shop@sympatico.com', 'anger') ;
INSERT INTO postreaction values('Sy4374CrfFl', 'important-mass@videotron.io', 'like') ;
INSERT INTO postreaction values('ryznQN0rzte', 'native-form@yahoo.uk', 'excitement') ;
INSERT INTO postreaction values('H1CylXECrzYl', 'remarkable-suit@me.uk', 'anger') ;
INSERT INTO postreaction values('r1do74RBGFg', 'known-toothbrush@yahoo.uk', 'sadness') ;
INSERT INTO postreaction values('HyqhmVCHGYg', 'cruel-chin@yahoo.uk', 'happiness') ;
INSERT INTO postreaction values('BJKpXNCrGtg', 'untidy-teaching@sympatico.io', 'happiness') ;
INSERT INTO postreaction values('BkThmVAHztx', 'onerous-beef@yahoo.com', 'happiness') ;
INSERT INTO postreaction values('rJAiQN0SzYg', 'cruel-chin@yahoo.uk', 'sadness') ;
INSERT INTO postreaction values('ryznQN0rzte', 'ashamed-join@videotron.uk', 'excitement') ;
INSERT INTO postreaction values('rJnJgQVCSztg', 'smooth-price@sympatico.fr', 'excitement') ;
INSERT INTO postreaction values('HkkpmNCrfYe', 'important-mass@videotron.io', 'excitement') ;
INSERT INTO postreaction values('Bkb4x740rMFx', 'obeisant-cars@videotron.us', 'happiness') ;
INSERT INTO postreaction values('rJZAX40BfYx', 'burly-cheese@me.uk', 'like') ;
INSERT INTO postreaction values('B1LnXEArftg', 'uttermost-weather@hotmail.co', 'happiness') ;
INSERT INTO postreaction values('HJz7eQVRSGFe', 'unused-comparison@mac.io', 'anger') ;
INSERT INTO postreaction values('ByFxg7ERrztg', 'tiresome-rule@mac.ca', 'like') ;
INSERT INTO postreaction values('ByXbgQN0BMYg', 'unbiased-tub@gmail.io', 'anger') ;
INSERT INTO postreaction values('r1OexQVCrGKx', 'onerous-beef@yahoo.com', 'excitement') ;
INSERT INTO postreaction values('Syu2QECrzte', 'canny-voyage@gmail.uk', 'sadness') ;
INSERT INTO postreaction values('ryT07V0SGKx', 'incredible-week@me.io', 'happiness') ;
INSERT INTO postreaction values('ry0zlXVAHMFe', 'flagrant-can@sympatico.us', 'like') ;
INSERT INTO postreaction values('r1do74RBGFg', 'brief-sheet@videotron.fr', 'happiness') ;
INSERT INTO postreaction values('ByFxg7ERrztg', 'heavy-language@icloud.us', 'like') ;
INSERT INTO postreaction values('SkV0m4ABzFe', 'minor-cable@me.ca', 'like') ;
INSERT INTO postreaction values('B1kMxQNRrzFg', 'canny-voyage@gmail.uk', 'anger') ;
INSERT INTO postreaction values('Hyx3m40BzKx', 'obeisant-cars@videotron.us', 'sadness') ;
INSERT INTO postreaction values('SklNgm4RrfKe', 'important-mass@videotron.io', 'happiness') ;
INSERT INTO postreaction values('HyvJgmEABzFe', 'flagrant-can@sympatico.us', 'happiness') ;
INSERT INTO postreaction values('ryfTQ4RrfKl', 'spiky-air@yahoo.uk', 'anger') ;
INSERT INTO postreaction values('Byp7eXVArztx', 'loose-pancake@hotmail.us', 'like') ;
INSERT INTO postreaction values('SJm7xQVCHGKl', 'uttermost-weather@hotmail.co', 'sadness') ;
INSERT INTO postreaction values('HyqVx7NRHMFe', 'giving-quartz@icloud.co', 'excitement') ;
INSERT INTO postreaction values('ryTWlXECrzKe', 'abstracted-authority@hotmail.fr', 'excitement') ;
INSERT INTO postreaction values('rkK1xQNCSzFg', 'warlike-bubble@icloud.us', 'sadness') ;
INSERT INTO postreaction values('BJlpmEAHMYx', 'prompt-wrench@hotmail.net', 'anger') ;
INSERT INTO postreaction values('SklNgm4RrfKe', 'spotty-finger@me.fr', 'anger') ;
INSERT INTO postreaction values('rJNNeXN0HfKg', 'sneaky-fold@yahoo.us', 'excitement') ;
INSERT INTO postreaction values('r1KsXVRSzYe', 'warlike-bubble@icloud.us', 'happiness') ;
INSERT INTO postreaction values('ry0zlXVAHMFe', 'minor-cable@me.ca', 'happiness') ;
INSERT INTO postreaction values('HyqVx7NRHMFe', 'teeny-crowd@mac.com', 'anger') ;
INSERT INTO postreaction values('HyvJgmEABzFe', 'obeisant-cars@videotron.us', 'sadness') ;
INSERT INTO postreaction values('Syu2QECrzte', 'nondescript-doll@videotron.ca', 'sadness') ;
INSERT INTO postreaction values('HyqhmVCHGYg', 'urbane-health@mac.co', 'sadness') ;
INSERT INTO postreaction values('rkL7l7N0SfFl', 'unbiased-tub@gmail.io', 'excitement') ;
INSERT INTO postreaction values('B1YGg74Rrztx', 'painstaking-aunt@icloud.com', 'happiness') ;
INSERT INTO postreaction values('B1WTXNCBMFl', 'giving-quartz@icloud.co', 'excitement') ;
INSERT INTO postreaction values('BJKpXNCrGtg', 'pink-shop@sympatico.com', 'sadness') ;
INSERT INTO postreaction values('r1KsXVRSzYe', 'nondescript-doll@videotron.ca', 'excitement') ;
INSERT INTO postreaction values('r1rMgQECHfFx', 'important-mass@videotron.io', 'excitement') ;
INSERT INTO postreaction values('HkDRXNRBzFl', 'unused-comparison@mac.io', 'sadness') ;
INSERT INTO postreaction values('BJKpXNCrGtg', 'obnoxious-basin@yahoo.net', 'anger') ;
INSERT INTO postreaction values('Syu2QECrzte', 'responsible-crib@gmail.us', 'anger') ;
INSERT INTO postreaction values('ByXbgQN0BMYg', 'obeisant-cars@videotron.us', 'anger') ;
INSERT INTO postreaction values('r1rMgQECHfFx', 'sharp-crate@hotmail.net', 'anger') ;
INSERT INTO postreaction values('rkvzlX40rMYx', 'painstaking-aunt@icloud.com', 'happiness') ;
INSERT INTO postreaction values('HkffxmEArGte', 'learned-carpenter@me.net', 'anger') ;
INSERT INTO postreaction values('Hyt7lQ4CBMte', 'onerous-beef@yahoo.com', 'happiness') ;
INSERT INTO postreaction values('ryz1lXN0SfYl', 'obnoxious-basin@yahoo.net', 'excitement') ;
INSERT INTO postreaction values('HyVWem4CBGYl', 'spiky-air@yahoo.uk', 'sadness') ;
INSERT INTO postreaction values('ryz4gXE0SMKl', 'jolly-sign@me.fr', 'excitement') ;
INSERT INTO postreaction values('H1cJxmVCrMKl', 'cruel-chin@yahoo.uk', 'sadness') ;
INSERT INTO postreaction values('HkkpmNCrfYe', 'deeply-achiever@gmail.uk', 'anger') ;
INSERT INTO postreaction values('HJ-nQVRrfFg', 'unused-comparison@mac.io', 'anger') ;
INSERT INTO postreaction values('ryTWlXECrzKe', 'ample-railway@icloud.ca', 'anger') ;
INSERT INTO postreaction values('S1OamEASfFl', 'helpless-oil@gmail.fr', 'sadness') ;
INSERT INTO postreaction values('HJIR7V0BzYx', 'giving-quartz@icloud.co', 'happiness') ;
INSERT INTO postreaction values('SJMelX4ArfKx', 'teeny-crowd@mac.com', 'happiness') ;
INSERT INTO postreaction values('H1FhX4RrMKe', 'native-form@yahoo.uk', 'excitement') ;
INSERT INTO postreaction values('HyQVx7ERHGtx', 'abstracted-authority@hotmail.fr', 'anger') ;
INSERT INTO postreaction values('rkK1xQNCSzFg', 'painstaking-aunt@icloud.com', 'happiness') ;
INSERT INTO postreaction values('ByFxg7ERrztg', 'mighty-fuel@mac.net', 'anger') ;
INSERT INTO postreaction values('H1PQe7ECHGFl', 'remarkable-suit@me.uk', 'sadness') ;
INSERT INTO postreaction values('ryz1lXN0SfYl', 'jolly-sign@me.fr', 'sadness') ;
INSERT INTO postreaction values('rkYCmEArfFe', 'tiresome-rule@mac.ca', 'anger') ;
INSERT INTO postreaction values('rkA3mNRBfte', 'sharp-crate@hotmail.net', 'happiness') ;
INSERT INTO postreaction values('ryqbeQ40BzKg', 'spiky-air@yahoo.uk', 'happiness') ;
INSERT INTO postreaction values('rkDom4CBGtx', 'unused-comparison@mac.io', 'happiness') ;
INSERT INTO postreaction values('B1WTXNCBMFl', 'tiresome-rule@mac.ca', 'like') ;
INSERT INTO postreaction values('SkHVemV0rGFe', 'ashamed-join@videotron.uk', 'anger') ;
INSERT INTO postreaction values('S1OamEASfFl', 'giving-quartz@icloud.co', 'sadness') ;
INSERT INTO postreaction values('BkThmVAHztx', 'ashamed-join@videotron.uk', 'sadness') ;
INSERT INTO postreaction values('rJWge74ArGYe', 'tiresome-rule@mac.ca', 'sadness') ;
INSERT INTO postreaction values('S1VamERBfFe', 'mighty-fuel@mac.net', 'happiness') ;
INSERT INTO postreaction values('rJnJgQVCSztg', 'intelligent-earth@hotmail.net', 'sadness') ;
INSERT INTO postreaction values('HyEXxQECSMFe', 'remarkable-suit@me.uk', 'excitement') ;
INSERT INTO postreaction values('ryTWlXECrzKe', 'obeisant-cars@videotron.us', 'like') ;
INSERT INTO postreaction values('B1r-lXVCBzFl', 'untidy-teaching@sympatico.io', 'happiness') ;
INSERT INTO postreaction values('r1do74RBGFg', 'loose-pancake@hotmail.us', 'anger') ;
INSERT INTO postreaction values('Sypfx74RBfKg', 'prompt-wrench@hotmail.net', 'sadness') ;
INSERT INTO postreaction values('rJb1l740HMtg', 'warlike-bubble@icloud.us', 'anger') ;
INSERT INTO postreaction values('Hkd1g7NCSftl', 'tiresome-rule@mac.ca', 'anger') ;
INSERT INTO postreaction values('B1r-lXVCBzFl', 'mute-dime@sympatico.net', 'happiness') ;
INSERT INTO postreaction values('SkxfeQ4RSMtg', 'heavy-language@icloud.us', 'like') ;
INSERT INTO postreaction values('rkA3mNRBfte', 'mighty-fuel@mac.net', 'excitement') ;
INSERT INTO postreaction values('BkThmVAHztx', 'spotty-finger@me.fr', 'excitement') ;
INSERT INTO postreaction values('ByP67ECBzKl', 'responsible-crib@gmail.us', 'anger') ;
INSERT INTO postreaction values('S18gemERSMKx', 'giving-quartz@icloud.co', 'sadness') ;
INSERT INTO postreaction values('SJo4lQE0rMYx', 'known-toothbrush@yahoo.uk', 'sadness') ;
INSERT INTO postreaction values('HkOMgmECSMKl', 'irritating-taste@videotron.com', 'excitement') ;
INSERT INTO postreaction values('Sy_QlXNRSMYl', 'tiresome-rule@mac.ca', 'excitement') ;
INSERT INTO postreaction values('Byt-l7V0HMYx', 'abstracted-authority@hotmail.fr', 'happiness') ;
INSERT INTO postreaction values('BkDlgXERHftx', 'tiresome-rule@mac.ca', 'sadness') ;
INSERT INTO postreaction values('rJb1l740HMtg', 'abstracted-authority@hotmail.fr', 'happiness') ;
INSERT INTO postreaction values('rkYCmEArfFe', 'nondescript-doll@videotron.ca', 'happiness') ;
INSERT INTO postreaction values('BJlpmEAHMYx', 'obeisant-cars@videotron.us', 'excitement') ;
INSERT INTO postreaction values('HkOMgmECSMKl', 'outstanding-pig@icloud.uk', 'anger') ;
INSERT INTO postreaction values('SyqoQNCHGFe', 'intelligent-earth@hotmail.net', 'anger') ;
INSERT INTO postreaction values('SyqoQNCHGFe', 'remarkable-suit@me.uk', 'anger') ;
INSERT INTO postreaction values('rJXnQNAHzFe', 'flagrant-can@sympatico.us', 'sadness') ;
INSERT INTO postreaction values('S1joX4ASfKx', 'mute-dime@sympatico.net', 'sadness') ;
INSERT INTO postreaction values('rkYCmEArfFe', 'responsible-crib@gmail.us', 'anger') ;
INSERT INTO postreaction values('rywhQEArMFx', 'spotty-finger@me.fr', 'like') ;
INSERT INTO postreaction values('B1YGg74Rrztx', 'urbane-health@mac.co', 'sadness') ;
INSERT INTO postreaction values('r13QgmVCBfFx', 'intelligent-earth@hotmail.net', 'anger') ;
INSERT INTO postreaction values('HkrAQVABztg', 'spotty-finger@me.fr', 'like') ;
INSERT INTO postreaction values('rywhQEArMFx', 'onerous-beef@yahoo.com', 'sadness') ;
INSERT INTO postreaction values('S1x1eQV0Bfte', 'sharp-crate@hotmail.net', 'sadness') ;
INSERT INTO postreaction values('ryTWlXECrzKe', 'obnoxious-basin@yahoo.net', 'sadness') ;
INSERT INTO postreaction values('HyGWxXE0BGtl', 'minor-cable@me.ca', 'anger') ;
INSERT INTO postreaction values('BJAam4CSMYe', 'abstracted-authority@hotmail.fr', 'like') ;
INSERT INTO postreaction values('Hko27NABGFg', 'sharp-crate@hotmail.net', 'anger') ;
INSERT INTO postreaction values('rJFVemERrGFe', 'smooth-price@sympatico.fr', 'anger') ;
INSERT INTO postreaction values('HyQVx7ERHGtx', 'responsible-crib@gmail.us', 'like') ;
INSERT INTO postreaction values('HknGxXVCBfYe', 'remarkable-suit@me.uk', 'sadness') ;
INSERT INTO postreaction values('rJZAX40BfYx', 'nimble-honey@videotron.io', 'happiness') ;
INSERT INTO postreaction values('SkyVg740BMtx', 'smooth-price@sympatico.fr', 'sadness') ;
INSERT INTO postreaction values('r1LMemNRBfte', 'burly-cheese@me.uk', 'happiness') ;
INSERT INTO postreaction values('S1joX4ASfKx', 'learned-carpenter@me.net', 'happiness') ;
INSERT INTO postreaction values('HJ1ZgX4RHGFg', 'onerous-beef@yahoo.com', 'anger') ;
INSERT INTO postreaction values('HyvJgmEABzFe', 'wakeful-quarter@me.us', 'excitement') ;
INSERT INTO postreaction values('HknGxXVCBfYe', 'prompt-wrench@hotmail.net', 'sadness') ;
INSERT INTO postreaction values('r12sQVCSzKl', 'canny-voyage@gmail.uk', 'happiness') ;
INSERT INTO postreaction values('rkogxXN0BGFe', 'spiky-air@yahoo.uk', 'happiness') ;
INSERT INTO postreaction values('r1OexQVCrGKx', 'outstanding-pig@icloud.uk', 'like') ;
INSERT INTO postreaction values('r1szlmVASGYx', 'equal-letter@yahoo.io', 'anger') ;
INSERT INTO postreaction values('S1x1eQV0Bfte', 'incredible-week@me.io', 'anger') ;
INSERT INTO postreaction values('BJemxQECSGFl', 'irritating-taste@videotron.com', 'excitement') ;
INSERT INTO postreaction values('Bkb4x740rMFx', 'nondescript-doll@videotron.ca', 'sadness') ;
INSERT INTO postreaction values('rkDom4CBGtx', 'sharp-crate@hotmail.net', 'sadness') ;
INSERT INTO postreaction values('SJMelX4ArfKx', 'loose-pancake@hotmail.us', 'sadness') ;
INSERT INTO postreaction values('ryz1lXN0SfYl', 'onerous-beef@yahoo.com', 'happiness') ;
INSERT INTO postreaction values('HJvNlQEArzFe', 'cruel-chin@yahoo.uk', 'like') ;
INSERT INTO postreaction values('HJCRQ40rMKg', 'helpless-oil@gmail.fr', 'anger') ;
INSERT INTO postreaction values('rkogxXN0BGFe', 'ashamed-join@videotron.uk', 'happiness') ;
INSERT INTO postreaction values('HyEXxQECSMFe', 'tiresome-rule@mac.ca', 'happiness') ;
INSERT INTO postreaction values('rJNgeXNCBztx', 'canny-voyage@gmail.uk', 'happiness') ;
INSERT INTO postreaction values('r1KsXVRSzYe', 'painstaking-aunt@icloud.com', 'sadness') ;
INSERT INTO postreaction values('rJUbgmNCSzFe', 'obeisant-cars@videotron.us', 'like') ;
INSERT INTO postreaction values('rJnJgQVCSztg', 'ashamed-join@videotron.uk', 'excitement') ;
INSERT INTO postreaction values('Hyx3m40BzKx', 'native-form@yahoo.uk', 'like') ;
INSERT INTO postreaction values('B15pmVRBfFl', 'minor-cable@me.ca', 'anger') ;
INSERT INTO postreaction values('HkXa7VArzFe', 'obnoxious-basin@yahoo.net', 'sadness') ;
INSERT INTO postreaction values('BJlpmEAHMYx', 'mute-dime@sympatico.net', 'like') ;
INSERT INTO postreaction values('HyGWxXE0BGtl', 'intelligent-earth@hotmail.net', 'sadness') ;
INSERT INTO postreaction values('SkHVemV0rGFe', 'unbiased-tub@gmail.io', 'like') ;
INSERT INTO postreaction values('S1XyeXECHfYe', 'brief-sheet@videotron.fr', 'sadness') ;
INSERT INTO postreaction values('rkogxXN0BGFe', 'tiresome-rule@mac.ca', 'happiness') ;
INSERT INTO postreaction values('r1rMgQECHfFx', 'jolly-sign@me.fr', 'excitement') ;
INSERT INTO postreaction values('S1joX4ASfKx', 'brief-sheet@videotron.fr', 'happiness') ;
INSERT INTO postreaction values('rygCQE0SGYx', 'jolly-sign@me.fr', 'like') ;
INSERT INTO postreaction values('HknGxXVCBfYe', 'canny-voyage@gmail.uk', 'like') ;
INSERT INTO postreaction values('BJKpXNCrGtg', 'irritating-taste@videotron.com', 'like') ;
INSERT INTO postreaction values('ryznQN0rzte', 'wakeful-quarter@me.us', 'excitement') ;
INSERT INTO postreaction values('rygCQE0SGYx', 'helpless-oil@gmail.fr', 'happiness') ;
INSERT INTO postreaction values('Byt-l7V0HMYx', 'loose-pancake@hotmail.us', 'anger') ;
INSERT INTO postreaction values('ryTWlXECrzKe', 'sneaky-fold@yahoo.us', 'like') ;
INSERT INTO postreaction values('ByXbgQN0BMYg', 'responsible-crib@gmail.us', 'like') ;
INSERT INTO postreaction values('rkK1xQNCSzFg', 'abstracted-authority@hotmail.fr', 'like') ;
INSERT INTO postreaction values('HkOMgmECSMKl', 'deeply-achiever@gmail.uk', 'sadness') ;
INSERT INTO postreaction values('BJAam4CSMYe', 'smooth-price@sympatico.fr', 'happiness') ;
INSERT INTO postreaction values('r1TTX4ASMtg', 'abstracted-authority@hotmail.fr', 'happiness') ;
INSERT INTO postreaction values('HkkpmNCrfYe', 'tiresome-rule@mac.ca', 'anger') ;
INSERT INTO postreaction values('HyvJgmEABzFe', 'native-form@yahoo.uk', 'sadness') ;
INSERT INTO postreaction values('rJXnQNAHzFe', 'heavy-language@icloud.us', 'happiness') ;
INSERT INTO postreaction values('HkXa7VArzFe', 'ample-railway@icloud.ca', 'excitement') ;
INSERT INTO postreaction values('ryqbeQ40BzKg', 'abstracted-authority@hotmail.fr', 'anger') ;
INSERT INTO postreaction values('B1kMxQNRrzFg', 'heavy-language@icloud.us', 'excitement') ;
INSERT INTO postreaction values('S1B3XEABMte', 'irritating-taste@videotron.com', 'like') ;
INSERT INTO postreaction values('Sk-mlm40HzKx', 'nimble-honey@videotron.io', 'happiness') ;
INSERT INTO postreaction values('BJemxQECSGFl', 'burly-cheese@me.uk', 'happiness') ;
INSERT INTO postreaction values('ryNyeQERBMFx', 'known-toothbrush@yahoo.uk', 'anger') ;
INSERT INTO postreaction values('HJIR7V0BzYx', 'jolly-sign@me.fr', 'sadness') ;
INSERT INTO postreaction values('SyVMlQ40BfYe', 'native-form@yahoo.uk', 'sadness') ;
INSERT INTO postreaction values('ryfTQ4RrfKl', 'warlike-bubble@icloud.us', 'happiness') ;
INSERT INTO postreaction values('ryz1lXN0SfYl', 'responsible-crib@gmail.us', 'happiness') ;
INSERT INTO postreaction values('rJXnQNAHzFe', 'nimble-honey@videotron.io', 'happiness') ;
INSERT INTO postreaction values('SkV0m4ABzFe', 'outstanding-pig@icloud.uk', 'excitement') ;
INSERT INTO postreaction values('ByFxg7ERrztg', 'wakeful-quarter@me.us', 'anger') ;
INSERT INTO postreaction values('S1VamERBfFe', 'onerous-beef@yahoo.com', 'sadness') ;
INSERT INTO postreaction values('HkOMgmECSMKl', 'spiky-air@yahoo.uk', 'anger') ;
INSERT INTO postreaction values('ByXbgQN0BMYg', 'painstaking-aunt@icloud.com', 'sadness') ;
INSERT INTO postreaction values('ryznQN0rzte', 'loose-pancake@hotmail.us', 'anger') ;
INSERT INTO postreaction values('Sk8Ve7ECrzFx', 'remarkable-suit@me.uk', 'like') ;
INSERT INTO postreaction values('ry-fxXNRBGYe', 'native-form@yahoo.uk', 'like') ;
INSERT INTO postreaction values('HJ5CX4ArGtl', 'ample-railway@icloud.ca', 'sadness') ;
INSERT INTO postreaction values('rJWge74ArGYe', 'pink-shop@sympatico.com', 'anger') ;
INSERT INTO postreaction values('HJvNlQEArzFe', 'remarkable-suit@me.uk', 'like') ;
INSERT INTO postreaction values('rJXnQNAHzFe', 'spiky-air@yahoo.uk', 'happiness') ;
INSERT INTO postreaction values('r11QgmNAHfFx', 'equal-letter@yahoo.io', 'excitement') ;
INSERT INTO postreaction values('B15pmVRBfFl', 'brief-sheet@videotron.fr', 'sadness') ;
INSERT INTO postreaction values('Sk9meQVRBfYe', 'responsible-crib@gmail.us', 'like') ;
INSERT INTO postreaction values('ryBxx7VABGYe', 'burly-cheese@me.uk', 'happiness') ;
INSERT INTO postreaction values('B1kMxQNRrzFg', 'intelligent-earth@hotmail.net', 'like') ;
INSERT INTO postreaction values('SyqoQNCHGFe', 'canny-voyage@gmail.uk', 'happiness') ;
INSERT INTO postreaction values('Hyb-lXN0rMFx', 'unused-comparison@mac.io', 'sadness') ;
INSERT INTO postreaction values('H1hh74CBzte', 'abstracted-authority@hotmail.fr', 'like') ;
INSERT INTO postreaction values('HJ-nQVRrfFg', 'learned-carpenter@me.net', 'like') ;
INSERT INTO postreaction values('HJ5CX4ArGtl', 'equal-letter@yahoo.io', 'excitement') ;
INSERT INTO postreaction values('ryqbeQ40BzKg', 'ample-railway@icloud.ca', 'anger') ;
INSERT INTO postreaction values('rJuWg7NCrztg', 'flagrant-can@sympatico.us', 'like') ;
INSERT INTO postreaction values('Syu2QECrzte', 'flagrant-can@sympatico.us', 'sadness') ;
INSERT INTO postreaction values('HyvJgmEABzFe', 'nimble-honey@videotron.io', 'sadness') ;
INSERT INTO postreaction values('BkThmVAHztx', 'painstaking-aunt@icloud.com', 'like') ;
INSERT INTO postreaction values('rJNgeXNCBztx', 'teeny-crowd@mac.com', 'anger') ;
INSERT INTO postreaction values('Sy_QlXNRSMYl', 'native-form@yahoo.uk', 'anger') ;
INSERT INTO postreaction values('SyJ2XECBztg', 'spotty-finger@me.fr', 'anger') ;
INSERT INTO postreaction values('r12sQVCSzKl', 'warlike-bubble@icloud.us', 'happiness') ;
INSERT INTO postreaction values('HknGxXVCBfYe', 'pink-shop@sympatico.com', 'like') ;
INSERT INTO postreaction values('SJn6QERrzte', 'giving-quartz@icloud.co', 'excitement') ;
INSERT INTO postreaction values('HJ-nQVRrfFg', 'equal-letter@yahoo.io', 'like') ;
INSERT INTO postreaction values('BJUam40HMKx', 'teeny-crowd@mac.com', 'sadness') ;
INSERT INTO postreaction values('BJKpXNCrGtg', 'responsible-crib@gmail.us', 'anger') ;
INSERT INTO postreaction values('rkL7l7N0SfFl', 'unused-comparison@mac.io', 'like') ;
INSERT INTO postreaction values('S1XyeXECHfYe', 'unused-comparison@mac.io', 'anger') ;
INSERT INTO postreaction values('HyEXxQECSMFe', 'unused-comparison@mac.io', 'like') ;
INSERT INTO postreaction values('Bkb4x740rMFx', 'flagrant-can@sympatico.us', 'anger') ;
INSERT INTO postreaction values('ryz4gXE0SMKl', 'smooth-price@sympatico.fr', 'sadness') ;
INSERT INTO postreaction values('HJ-nQVRrfFg', 'ample-railway@icloud.ca', 'like') ;
INSERT INTO postreaction values('Skk1e7VRSGtg', 'spiky-air@yahoo.uk', 'excitement') ;
INSERT INTO postreaction values('SkHVemV0rGFe', 'irritating-taste@videotron.com', 'like') ;
INSERT INTO postreaction values('ryqbeQ40BzKg', 'pink-shop@sympatico.com', 'anger') ;
INSERT INTO postreaction values('HkOMgmECSMKl', 'untidy-teaching@sympatico.io', 'excitement') ;
INSERT INTO postreaction values('HJrQlQE0BfYx', 'abstracted-authority@hotmail.fr', 'excitement') ;
INSERT INTO postreaction values('rJWge74ArGYe', 'obnoxious-basin@yahoo.net', 'anger') ;
INSERT INTO postreaction values('BJAam4CSMYe', 'ashamed-join@videotron.uk', 'excitement') ;
INSERT INTO postreaction values('HJRXlXE0rfKl', 'incredible-week@me.io', 'excitement') ;
INSERT INTO postreaction values('r1TTX4ASMtg', 'sneaky-fold@yahoo.us', 'anger') ;
INSERT INTO postreaction values('S1Cgem4ABzte', 'pink-shop@sympatico.com', 'like') ;
INSERT INTO postreaction values('H1j0QV0Szte', 'pink-shop@sympatico.com', 'like') ;
INSERT INTO postreaction values('rywhQEArMFx', 'burly-cheese@me.uk', 'happiness') ;
INSERT INTO postreaction values('HkrAQVABztg', 'loose-pancake@hotmail.us', 'excitement') ;
INSERT INTO postreaction values('S1Cgem4ABzte', 'ample-railway@icloud.ca', 'sadness') ;
INSERT INTO postreaction values('BJlpmEAHMYx', 'deeply-achiever@gmail.uk', 'happiness') ;
INSERT INTO postreaction values('ByXbgQN0BMYg', 'spiky-air@yahoo.uk', 'anger') ;
INSERT INTO postreaction values('Sy4374CrfFl', 'obeisant-cars@videotron.us', 'sadness') ;
INSERT INTO postreaction values('SJ1xxXV0BzKg', 'brief-sheet@videotron.fr', 'excitement') ;
INSERT INTO postreaction values('S1x1eQV0Bfte', 'onerous-beef@yahoo.com', 'like') ;
INSERT INTO postreaction values('r12sQVCSzKl', 'spiky-air@yahoo.uk', 'like') ;
INSERT INTO postreaction values('BkThmVAHztx', 'burly-cheese@me.uk', 'sadness') ;
INSERT INTO postreaction values('ByXbgQN0BMYg', 'spotty-finger@me.fr', 'happiness') ;
INSERT INTO postreaction values('rJXnQNAHzFe', 'native-form@yahoo.uk', 'anger') ;
INSERT INTO postreaction values('rJuWg7NCrztg', 'smooth-price@sympatico.fr', 'anger') ;
INSERT INTO postreaction values('ryznQN0rzte', 'sneaky-fold@yahoo.us', 'excitement') ;
INSERT INTO postreaction values('HJ5CX4ArGtl', 'obeisant-cars@videotron.us', 'excitement') ;
INSERT INTO postreaction values('BJlpmEAHMYx', 'outstanding-pig@icloud.uk', 'anger') ;
INSERT INTO postreaction values('SJn6QERrzte', 'obeisant-cars@videotron.us', 'anger') ;
INSERT INTO postreaction values('HkDRXNRBzFl', 'teeny-crowd@mac.com', 'anger') ;
INSERT INTO postreaction values('rkggg7E0rGKe', 'teeny-crowd@mac.com', 'sadness') ;
INSERT INTO postreaction values('Hkd1g7NCSftl', 'outstanding-pig@icloud.uk', 'happiness') ;
INSERT INTO postreaction values('rkogxXN0BGFe', 'known-toothbrush@yahoo.uk', 'excitement') ;
INSERT INTO postreaction values('SkjWl7N0HMYl', 'nondescript-doll@videotron.ca', 'sadness') ;
INSERT INTO postreaction values('SklNgm4RrfKe', 'brief-sheet@videotron.fr', 'anger') ;
INSERT INTO postreaction values('Sk8Ve7ECrzFx', 'abstracted-authority@hotmail.fr', 'sadness') ;
INSERT INTO postreaction values('HkrAQVABztg', 'abstracted-authority@hotmail.fr', 'like') ;
INSERT INTO postreaction values('HJ1ZgX4RHGFg', 'cruel-chin@yahoo.uk', 'sadness') ;
INSERT INTO postreaction values('S1Cgem4ABzte', 'brief-sheet@videotron.fr', 'like') ;
INSERT INTO postreaction values('HkkpmNCrfYe', 'prompt-wrench@hotmail.net', 'excitement') ;
INSERT INTO postreaction values('H1FhX4RrMKe', 'important-mass@videotron.io', 'excitement') ;
INSERT INTO postreaction values('SJ1xxXV0BzKg', 'mighty-fuel@mac.net', 'happiness') ;
INSERT INTO postreaction values('r12sQVCSzKl', 'sneaky-fold@yahoo.us', 'sadness') ;
INSERT INTO postreaction values('BkDlgXERHftx', 'wakeful-quarter@me.us', 'like') ;
INSERT INTO postreaction values('BJemxQECSGFl', 'cruel-chin@yahoo.uk', 'like') ;
INSERT INTO postreaction values('HyVWem4CBGYl', 'tiresome-rule@mac.ca', 'excitement') ;
INSERT INTO postreaction values('SkV0m4ABzFe', 'unused-comparison@mac.io', 'sadness') ;
INSERT INTO postreaction values('HyqhmVCHGYg', 'wakeful-quarter@me.us', 'anger') ;
INSERT INTO postreaction values('SyJ2XECBztg', 'ashamed-join@videotron.uk', 'excitement') ;
INSERT INTO postreaction values('HkcflQNABfKg', 'giving-quartz@icloud.co', 'happiness') ;
INSERT INTO postreaction values('HyVWem4CBGYl', 'intelligent-earth@hotmail.net', 'happiness') ;
INSERT INTO postreaction values('HyqhmVCHGYg', 'mute-dime@sympatico.net', 'sadness') ;
INSERT INTO postreaction values('rywhQEArMFx', 'remarkable-suit@me.uk', 'excitement') ;
INSERT INTO postreaction values('ry-fxXNRBGYe', 'burly-cheese@me.uk', 'anger') ;
INSERT INTO postreaction values('HyEXxQECSMFe', 'untidy-teaching@sympatico.io', 'anger') ;
INSERT INTO postreaction values('rJnJgQVCSztg', 'obeisant-cars@videotron.us', 'anger') ;
INSERT INTO postreaction values('ryz1lXN0SfYl', 'remarkable-suit@me.uk', 'happiness') ;
INSERT INTO postreaction values('Hkd1g7NCSftl', 'known-toothbrush@yahoo.uk', 'happiness') ;
INSERT INTO postreaction values('HyGWxXE0BGtl', 'irritating-taste@videotron.com', 'excitement') ;
INSERT INTO postreaction values('r1KsXVRSzYe', 'untidy-teaching@sympatico.io', 'sadness') ;
/* Script generated Wed Feb 15 2017 16:54:52 GMT-0500 (Eastern Standard Time)*/

INSERT INTO workperiod values('spotty-finger@me.fr', 'BJNl7ECHzYg', 'Sat Nov 03 2096','Mon Dec 05 2095','In-House Dreamweaver RockStar') ;
INSERT INTO workperiod values('native-form@yahoo.uk', 'SJLZm4ABftl', 'Thu Sep 21 2017','Sat Dec 02 2113','Senior Phone Operator') ;
INSERT INTO workperiod values('unbiased-tub@gmail.io', 'r1t7EArGFe', 'Sat Mar 13 2027','Thu Aug 16 2018','Qualitative Photoshop Designer') ;
INSERT INTO workperiod values('native-form@yahoo.uk', 'SkTgQ4RrzKe', 'Mon Jan 22 2114','Mon May 23 2072','Ninja Wizard File Uploader') ;
INSERT INTO workperiod values('minor-cable@me.ca', 'SyeGX40SMYx', 'Tue Jan 27 2026','Mon Feb 20 2017','Expert Bullshit Recruteer') ;
INSERT INTO workperiod values('important-mass@videotron.io', 'r1t7EArGFe', 'Thu Jul 01 2060','Mon Jun 29 2054','Virtuous E-Mail Composer') ;
INSERT INTO workperiod values('intelligent-earth@hotmail.net', 'SJLZm4ABftl', 'Fri Oct 02 2026','Sun Aug 07 2033','Powerful Crack & Ecstasy Organizer') ;
INSERT INTO workperiod values('giving-quartz@icloud.co', 'BJNl7ECHzYg', 'Fri Jun 05 2026','Tue Feb 13 2024','First Class Shizzlifier') ;
INSERT INTO workperiod values('mighty-fuel@mac.net', 'H19WXV0rGYe', 'Sat May 07 2112','Fri May 08 2037','Lead M.Dot Superhero') ;
INSERT INTO workperiod values('spiky-air@yahoo.uk', 'BJPg7NCBGKg', 'Sat Feb 13 2094','Thu Sep 03 2054','Quantum Future Millionaire') ;
INSERT INTO workperiod values('flagrant-can@sympatico.us', 'BJPg7NCBGKg', 'Tue Sep 30 2036','Mon Apr 27 2037','Ninja Wizard E-Mail Composer') ;
INSERT INTO workperiod values('spotty-finger@me.fr', 'r1t7EArGFe', 'Sun May 22 2061','Fri Feb 21 2053','In-House Web Experience Manager') ;
INSERT INTO workperiod values('tiresome-rule@mac.ca', 'H17XNABGFe', 'Mon Jun 11 2046','Thu Feb 28 2069','Volunteer Response Administrator') ;
INSERT INTO workperiod values('unused-comparison@mac.io', 'S1wXEABzKl', 'Thu Jun 06 2109','Fri Mar 09 2074','Evolutionary Mindmap Designer') ;
INSERT INTO workperiod values('ashamed-join@videotron.uk', 'S1Aem40rzYg', 'Sat Dec 20 2104','Fri Jun 28 2097','Amazing Internet Expert') ;
INSERT INTO workperiod values('cruel-chin@yahoo.uk', 'S1PbmERBMFx', 'Mon Oct 07 2019','Sat Apr 29 2084','National Phone Answerer') ;
INSERT INTO workperiod values('heavy-language@icloud.us', 'ryaWQNASGtx', 'Sun Apr 21 2030','Tue Nov 05 2019','In-House Crack & Ecstasy Organizer') ;
INSERT INTO workperiod values('uttermost-weather@hotmail.co', 'H1CQVRHGFl', 'Wed Jun 19 2041','Sat Aug 07 2100','Expert CSS-layout Spec Designer') ;
INSERT INTO workperiod values('teeny-crowd@mac.com', 'SkTgQ4RrzKe', 'Wed Jan 31 2052','Thu Nov 25 2083','Superhero of Post-Privacy Guru') ;
INSERT INTO workperiod values('remarkable-suit@me.uk', 'S1r74RrfKe', 'Thu Sep 01 2072','Sun Aug 29 2066','Legend Java Junky') ;
INSERT INTO workperiod values('cruel-chin@yahoo.uk', 'S1wXEABzKl', 'Mon Jul 18 2050','Sun Jul 15 2096','Creative Philosopher') ;
INSERT INTO workperiod values('outstanding-pig@icloud.uk', 'SJLZm4ABftl', 'Fri Mar 28 2110','Tue Mar 03 2054','Legend Web Experience Manager') ;
INSERT INTO workperiod values('native-form@yahoo.uk', 'BJp74RSGYx', 'Tue Oct 22 2069','Fri Aug 20 2055','Ninja Wizard Facebook Quality Controller') ;
INSERT INTO workperiod values('irritating-taste@videotron.com', 'ByOgmVCrzFe', 'Tue Aug 10 2055','Tue Jul 09 2115','Volunteer TweetDeck Monitorerer') ;
INSERT INTO workperiod values('known-toothbrush@yahoo.uk', 'ByOgmVCrzFe', 'Thu Oct 05 2056','Thu May 19 2061','Informal WordPress Admin') ;
INSERT INTO workperiod values('helpless-oil@gmail.fr', 'Bk87NRSfKl', 'Fri Dec 02 2067','Fri May 06 2107','Chief Security Resarcher') ;
INSERT INTO workperiod values('deeply-achiever@gmail.uk', 'S1Aem40rzYg', 'Tue Oct 20 2054','Sun Dec 30 2096','Freaking Joomla Hacker') ;
INSERT INTO workperiod values('minor-cable@me.ca', 'S1wXEABzKl', 'Thu Mar 17 2050','Sun Sep 18 2078','Superhero of Virtuous Visualiser') ;
INSERT INTO workperiod values('painstaking-aunt@icloud.com', 'S1PbmERBMFx', 'Thu Feb 02 2102','Sat Dec 09 2073','Expert Prophet') ;
INSERT INTO workperiod values('unused-comparison@mac.io', 'Sy3-QERHftx', 'Tue Nov 17 2043','Fri Aug 20 2100','Chief Homepage Designer') ;
INSERT INTO workperiod values('obeisant-cars@videotron.us', 'SkTgQ4RrzKe', 'Wed Jan 16 2064','Wed Nov 30 2061','Professional Innovation Sherpa') ;
INSERT INTO workperiod values('heavy-language@icloud.us', 'Bk87NRSfKl', 'Wed Dec 23 2105','Tue Aug 20 2097','Amazing HTML5 Gangster') ;
INSERT INTO workperiod values('prompt-wrench@hotmail.net', 'SJLZm4ABftl', 'Sun May 02 2032','Wed Jun 23 2038','Pro Bottomless Pit of Awesome Name Ideas') ;
INSERT INTO workperiod values('canny-voyage@gmail.uk', 'H1yZXVRHGtg', 'Sat May 16 2071','Sun Dec 20 2026','Quantum Photoshop Designer') ;
INSERT INTO workperiod values('jolly-sign@me.fr', 'H17XNABGFe', 'Sun Jul 02 2034','Sun May 03 2111','Uber "Researcher"') ;
INSERT INTO workperiod values('burly-cheese@me.uk', 'S1Aem40rzYg', 'Wed Jun 14 2079','Sun Sep 15 2030','Senior Visual Jockey') ;
INSERT INTO workperiod values('smooth-price@sympatico.fr', 'Byhm4AHMFl', 'Sat Jul 07 2096','Wed Aug 13 2036','Legend Frameset Endorser') ;
INSERT INTO workperiod values('incredible-week@me.io', 'BJp74RSGYx', 'Mon Apr 13 2105','Mon May 02 2050','In-House Graphical Manager') ;
INSERT INTO workperiod values('mighty-fuel@mac.net', 'S1PbmERBMFx', 'Fri Feb 13 2037','Thu Feb 13 2098','Volunteer Webmaster') ;
INSERT INTO workperiod values('painstaking-aunt@icloud.com', 'BkzX4RrGte', 'Tue Dec 01 2111','Sat Nov 06 2106','Volunteer Meme Meister') ;
INSERT INTO workperiod values('sharp-crate@hotmail.net', 'S1PbmERBMFx', 'Mon Jul 09 2096','Wed Aug 05 2105','Virtuous HTML Slut') ;
INSERT INTO workperiod values('warlike-bubble@icloud.us', 'Sy3-QERHftx', 'Thu Nov 12 2037','Sun Oct 29 2017','In-House Philosopher') ;
INSERT INTO workperiod values('warlike-bubble@icloud.us', 'S1PbmERBMFx', 'Fri Sep 15 2073','Sun Dec 24 2051','Powerful HTML5 Gangster') ;
INSERT INTO workperiod values('heavy-language@icloud.us', 'Byhm4AHMFl', 'Sat Feb 28 2071','Sun Nov 05 2023','Future Source Code Explorer') ;
INSERT INTO workperiod values('giving-quartz@icloud.co', 'H19WXV0rGYe', 'Wed Sep 29 2094','Tue Mar 02 2100','Professional Executive Ravioli Code Chef') ;
INSERT INTO workperiod values('giving-quartz@icloud.co', 'Sy3-QERHftx', 'Fri Jul 15 2022','Thu Mar 04 2038','Independent Table Layout King') ;
INSERT INTO workperiod values('jolly-sign@me.fr', 'H19WXV0rGYe', 'Mon Oct 21 2075','Sat Jan 15 2067','Manual SASS Tweeter') ;
INSERT INTO workperiod values('urbane-health@mac.co', 'BJNl7ECHzYg', 'Mon Feb 24 2020','Tue Apr 18 2079','Manual Keyboard Presser') ;
INSERT INTO workperiod values('canny-voyage@gmail.uk', 'ByOgmVCrzFe', 'Sat Oct 18 2070','Thu Nov 17 2033','Quantum Jekyll Static Site Specialist') ;
INSERT INTO workperiod values('burly-cheese@me.uk', 'BJp74RSGYx', 'Mon Feb 05 2063','Tue Sep 08 2054','Expert Webmaster') ;
INSERT INTO workperiod values('jolly-sign@me.fr', 'BJp74RSGYx', 'Mon Dec 20 2027','Sun Sep 25 2039','Junior Pizza Reheater') ;
INSERT INTO workperiod values('heavy-language@icloud.us', 'S1r74RrfKe', 'Tue Oct 16 2114','Sat Dec 12 2020','Ninja Wizard SASS SLUT') ;
INSERT INTO workperiod values('learned-carpenter@me.net', 'BJIgmNRBGFg', 'Fri Aug 22 2070','Mon Sep 29 2070','Volunteer Community Data Guerrilla') ;
INSERT INTO workperiod values('deeply-achiever@gmail.uk', 'H17XNABGFe', 'Mon Feb 28 2022','Mon Oct 05 2065','Quantum File Uploader') ;
INSERT INTO workperiod values('remarkable-suit@me.uk', 'H19WXV0rGYe', 'Tue Apr 17 2074','Wed Oct 01 2098','In-House Shizzlifier') ;
INSERT INTO workperiod values('unused-comparison@mac.io', 'Byhm4AHMFl', 'Sat Oct 22 2039','Tue Jul 10 2040','Future Prophet') ;
INSERT INTO workperiod values('nondescript-doll@videotron.ca', 'Bk87NRSfKl', 'Mon Jul 02 2029','Mon Jan 11 2117','Chief Variables Lord Master') ;
INSERT INTO workperiod values('ample-railway@icloud.ca', 'r1t7EArGFe', 'Wed Jul 28 2088','Fri Sep 20 2109','Chief Closed Source Evangelist') ;
INSERT INTO workperiod values('obeisant-cars@videotron.us', 'Sy3-QERHftx', 'Thu Mar 01 2057','Fri May 03 2075','Quantum Newsletter Unsubscriber') ;
INSERT INTO workperiod values('giving-quartz@icloud.co', 'BJNl7ECHzYg', 'Sun Oct 25 2026','Tue Jul 02 2030','Informal Wikipedia Content Quality Supervisor') ;
INSERT INTO workperiod values('ashamed-join@videotron.uk', 'BJNl7ECHzYg', 'Tue Apr 24 2063','Thu Apr 07 2095','Junior Early Morning Late Adopter') ;
INSERT INTO workperiod values('ashamed-join@videotron.uk', 'SyeGX40SMYx', 'Mon Jan 25 2049','Sat Jun 08 2080','Informal Virtuous Visualiser') ;
INSERT INTO workperiod values('mute-dime@sympatico.net', 'BJNl7ECHzYg', 'Sun Nov 06 2078','Wed Sep 13 2084','Senior Pizza Reheater') ;
INSERT INTO workperiod values('nimble-honey@videotron.io', 'Byhm4AHMFl', 'Fri Apr 10 2105','Sun Oct 08 2090','Junior Phone Answerer') ;
INSERT INTO workperiod values('mighty-fuel@mac.net', 'ryaWQNASGtx', 'Tue Nov 20 2114','Sun Jul 09 2028','Legend Web Experience Manager') ;
INSERT INTO workperiod values('native-form@yahoo.uk', 'ByOgmVCrzFe', 'Tue Apr 13 2077','Fri Oct 31 2087','Junior Coffee Maker') ;
INSERT INTO workperiod values('pink-shop@sympatico.com', 'H19WXV0rGYe', 'Tue Jun 28 2033','Tue Dec 20 2022','Viral Executive Ravioli Code Chef') ;
INSERT INTO workperiod values('obnoxious-basin@yahoo.net', 'SkTgQ4RrzKe', 'Tue Nov 20 2018','Fri Apr 05 2052','Quantum File Uploader') ;
INSERT INTO workperiod values('remarkable-suit@me.uk', 'S1Aem40rzYg', 'Fri Feb 06 2105','Sat Jun 16 2108','Complete CSS Tamer') ;
INSERT INTO workperiod values('onerous-beef@yahoo.com', 'BJNl7ECHzYg', 'Wed Sep 22 2032','Fri Jun 14 2069','Informal Facebook Quality Controller') ;
INSERT INTO workperiod values('painstaking-aunt@icloud.com', 'S1Aem40rzYg', 'Tue Nov 12 2019','Sun Jun 22 2025','Qualitative CSS Programmer') ;
INSERT INTO workperiod values('brief-sheet@videotron.fr', 'BJNl7ECHzYg', 'Wed Aug 11 2066','Wed May 12 2055','4 Stages WYSIWYG Maker') ;
INSERT INTO workperiod values('ashamed-join@videotron.uk', 'S1Aem40rzYg', 'Sun Sep 06 2065','Thu Sep 19 2086','Professional Webmaster') ;
INSERT INTO workperiod values('minor-cable@me.ca', 'Byhm4AHMFl', 'Mon Oct 22 2035','Wed Sep 07 2022','Senior Pizza Reheater') ;
INSERT INTO workperiod values('outstanding-pig@icloud.uk', 'SyeGX40SMYx', 'Mon Jun 23 2110','Tue Oct 03 2090','Viral Flash Guru') ;
INSERT INTO workperiod values('nondescript-doll@videotron.ca', 'BJPg7NCBGKg', 'Wed Nov 10 2117','Fri Jun 21 2047','Coolest Joomla Celebrity') ;
INSERT INTO workperiod values('painstaking-aunt@icloud.com', 'H19WXV0rGYe', 'Wed Jan 06 2066','Sun Jul 18 2088','Expert WYSIWYG Maker') ;
INSERT INTO workperiod values('prompt-wrench@hotmail.net', 'SkTgQ4RrzKe', 'Wed Jun 10 2020','Sat Oct 27 2040','Ninja Wizard Joomla Hacker') ;
INSERT INTO workperiod values('flagrant-can@sympatico.us', 'S1PbmERBMFx', 'Fri Sep 12 2098','Wed Jun 14 2113','Manual Web Experience Manager') ;
INSERT INTO workperiod values('flagrant-can@sympatico.us', 'BkzX4RrGte', 'Tue Aug 14 2046','Tue Aug 12 2042','Informal Mindmap Designer') ;
INSERT INTO workperiod values('ashamed-join@videotron.uk', 'Bk87NRSfKl', 'Sun Feb 24 2058','Tue Feb 11 2059','Virtuous Response Administrator') ;
INSERT INTO workperiod values('intelligent-earth@hotmail.net', 'BJp74RSGYx', 'Tue Dec 19 2073','Thu Jan 24 2036','Ninja Wizard Job Title Generator') ;
INSERT INTO workperiod values('pink-shop@sympatico.com', 'SkTgQ4RrzKe', 'Thu Jun 09 2072','Tue Sep 23 2098','Viral Early Morning Late Adopter') ;
INSERT INTO workperiod values('teeny-crowd@mac.com', 'BkzX4RrGte', 'Sun Aug 11 2047','Tue Jul 10 2114','Pro Website Building Warrior') ;
INSERT INTO workperiod values('deeply-achiever@gmail.uk', 'BJPg7NCBGKg', 'Sun Oct 17 2088','Sat Jun 13 2065','Professional WordPress Admin') ;
INSERT INTO workperiod values('warlike-bubble@icloud.us', 'BJp74RSGYx', 'Fri Nov 05 2106','Thu Aug 18 2061','Visionary Coffee Analist') ;
INSERT INTO workperiod values('urbane-health@mac.co', 'BJNl7ECHzYg', 'Tue Dec 04 2063','Mon Jul 16 2103','Amazing Fax Machine User') ;
INSERT INTO workperiod values('minor-cable@me.ca', 'SyeGX40SMYx', 'Thu Jul 01 2038','Mon Feb 14 2039','Volunteer Prophet') ;
INSERT INTO workperiod values('loose-pancake@hotmail.us', 'S1wXEABzKl', 'Fri Jan 18 2019','Fri Aug 21 2065','Independent Rapid Prototype Developer') ;
INSERT INTO workperiod values('obnoxious-basin@yahoo.net', 'BJIgmNRBGFg', 'Sun Jan 24 2077','Thu Jan 04 2024','Independent Minimum Viable Product Developer') ;
INSERT INTO workperiod values('irritating-taste@videotron.com', 'H17XNABGFe', 'Mon Apr 17 2017','Mon Jul 18 2050','Future GUI User') ;
INSERT INTO workperiod values('unbiased-tub@gmail.io', 'BkzX4RrGte', 'Fri Jan 14 2022','Fri Jul 11 2036','Superhero of Frameset Endorser') ;
INSERT INTO workperiod values('smooth-price@sympatico.fr', 'ByOgmVCrzFe', 'Sun Apr 02 2090','Fri Nov 06 2065','Amazing Drag & Drop Hero') ;
INSERT INTO workperiod values('obnoxious-basin@yahoo.net', 'r1t7EArGFe', 'Sat Mar 29 2031','Thu Dec 16 2055','Legend Closed Source Evangelist') ;
INSERT INTO workperiod values('responsible-crib@gmail.us', 'H1CQVRHGFl', 'Wed Dec 27 2113','Wed Apr 13 2072','Senior Virtual Horsedriver') ;
INSERT INTO workperiod values('wakeful-quarter@me.us', 'SyeGX40SMYx', 'Wed Nov 11 2093','Sat Dec 17 2107','Senior Google Analytics Expert') ;
INSERT INTO workperiod values('minor-cable@me.ca', 'ryaWQNASGtx', 'Wed Feb 14 2103','Fri Dec 04 2099','Freaking Phone Answerer') ;
INSERT INTO workperiod values('prompt-wrench@hotmail.net', 'BJIgmNRBGFg', 'Fri Mar 22 2052','Sat Apr 18 2071','Informal CSS-managing-system Developer') ;
INSERT INTO workperiod values('mighty-fuel@mac.net', 'H1yZXVRHGtg', 'Wed Aug 20 2104','Sat Apr 11 2105','Junior Researcher Hacker') ;
INSERT INTO workperiod values('burly-cheese@me.uk', 'BJNl7ECHzYg', 'Tue Aug 21 2018','Mon Feb 05 2074','In-House Phone Operator') ;
INSERT INTO workperiod values('teeny-crowd@mac.com', 'H17XNABGFe', 'Sun May 12 2075','Thu Aug 30 2096','Professional CSS Tamer') ;
INSERT INTO workperiod values('irritating-taste@videotron.com', 'H17XNABGFe', 'Wed Apr 25 2035','Fri Dec 15 2051','Master Mindmap Designer') ;
INSERT INTO workperiod values('intelligent-earth@hotmail.net', 'Bk87NRSfKl', 'Sun Jun 24 2108','Fri Oct 08 2038','Professional StackExchange Research Assistant') ;
INSERT INTO workperiod values('native-form@yahoo.uk', 'ryaWQNASGtx', 'Thu May 21 2111','Fri Jul 04 2053','National CSS Programmer') ;
INSERT INTO workperiod values('cruel-chin@yahoo.uk', 'ByOgmVCrzFe', 'Sat Sep 17 2107','Thu Nov 08 2114','Qualitative Photoshop Designer') ;
INSERT INTO workperiod values('unused-comparison@mac.io', 'S1wXEABzKl', 'Sun Oct 09 2101','Tue May 14 2041','Chief Future Millionaire') ;
INSERT INTO workperiod values('pink-shop@sympatico.com', 'S1PbmERBMFx', 'Sat Nov 20 2100','Sat Feb 20 2094','First Class Virtual Horsedriver') ;
INSERT INTO workperiod values('native-form@yahoo.uk', 'BJp74RSGYx', 'Sun Nov 17 2075','Tue Jan 26 2066','Legend Facebook Quality Controller') ;
INSERT INTO workperiod values('known-toothbrush@yahoo.uk', 'H17XNABGFe', 'Tue Mar 13 2091','Sat Dec 18 2055','Superhero of Webmaster') ;
INSERT INTO workperiod values('painstaking-aunt@icloud.com', 'BkzX4RrGte', 'Thu Dec 10 2093','Sat Sep 28 2047','Manual Researcher Hacker') ;
INSERT INTO workperiod values('irritating-taste@videotron.com', 'S1wXEABzKl', 'Mon Aug 15 2107','Tue Apr 28 2082','First Class Table Layout King') ;
INSERT INTO workperiod values('loose-pancake@hotmail.us', 'H19WXV0rGYe', 'Wed Sep 23 2054','Sat May 02 2099','Direct Bug Hunting as a Service') ;
INSERT INTO workperiod values('cruel-chin@yahoo.uk', 'S1Aem40rzYg', 'Tue Jun 30 2048','Fri Jan 21 2107','Beautiful Google Analytics Expert') ;
INSERT INTO workperiod values('onerous-beef@yahoo.com', 'SyeGX40SMYx', 'Tue Aug 02 2112','Fri Aug 11 2017','Independent Job Title Generator') ;
INSERT INTO workperiod values('learned-carpenter@me.net', 'BJNl7ECHzYg', 'Tue Feb 11 2031','Tue Jul 24 2108','Pro Innovation Sherpa') ;
INSERT INTO workperiod values('obnoxious-basin@yahoo.net', 'ByOgmVCrzFe', 'Sat Apr 07 2068','Sun Oct 10 2038','Ninja Wizard Code Artisan') ;
INSERT INTO workperiod values('sneaky-fold@yahoo.us', 'SkTgQ4RrzKe', 'Fri Mar 26 2100','Wed Sep 09 2048','Professional Response Administrator') ;
INSERT INTO workperiod values('wakeful-quarter@me.us', 'Bk87NRSfKl', 'Sun Sep 05 2055','Mon Jun 25 2035','Independent Visual Jockey') ;
INSERT INTO workperiod values('urbane-health@mac.co', 'BkzX4RrGte', 'Sat Jul 05 2104','Fri May 21 2100','Complete Internet Expert') ;
INSERT INTO workperiod values('equal-letter@yahoo.io', 'BJNl7ECHzYg', 'Mon May 15 2062','Sat Dec 26 2071','Ninja Wizard HTML Artist') ;
INSERT INTO workperiod values('warlike-bubble@icloud.us', 'H19WXV0rGYe', 'Fri Aug 06 2021','Sun Mar 01 2076','Freaking Innovation Sherpa') ;
INSERT INTO workperiod values('smooth-price@sympatico.fr', 'SJLZm4ABftl', 'Tue Mar 10 2093','Fri Apr 30 2117','Superhero of Response Administrator') ;
INSERT INTO workperiod values('learned-carpenter@me.net', 'S1Aem40rzYg', 'Mon Jun 06 2022','Fri Apr 22 2112','Viral Prophet') ;
INSERT INTO workperiod values('learned-carpenter@me.net', 'S1PbmERBMFx', 'Tue Jan 27 2099','Fri Jun 05 2071','Chief Joomla Celebrity') ;
INSERT INTO workperiod values('native-form@yahoo.uk', 'BJPg7NCBGKg', 'Wed Jan 04 2079','Tue Jun 11 2030','Visionary Web Experience Manager') ;
INSERT INTO workperiod values('ashamed-join@videotron.uk', 'H1yZXVRHGtg', 'Mon May 14 2103','Sat Jan 26 2036','Beautiful Videographer') ;
INSERT INTO workperiod values('flagrant-can@sympatico.us', 'SkTgQ4RrzKe', 'Mon Jun 23 2064','Sat May 22 2027','Maginficent CSS Programmer') ;
INSERT INTO workperiod values('spotty-finger@me.fr', 'S1wXEABzKl', 'Thu Dec 18 2025','Wed Sep 05 2096','Senior Executive Ravioli Code Chef') ;
INSERT INTO workperiod values('untidy-teaching@sympatico.io', 'SkTgQ4RrzKe', 'Fri Jun 15 2068','Sat Jul 25 2065','National Google Searcher') ;
INSERT INTO workperiod values('warlike-bubble@icloud.us', 'H1yZXVRHGtg', 'Tue Feb 19 2047','Sun Feb 25 2052','Informal JavaScript Giant') ;
INSERT INTO workperiod values('flagrant-can@sympatico.us', 'SyeGX40SMYx', 'Mon May 15 2051','Fri Dec 20 2075','Superhero of Copy Cat') ;
INSERT INTO workperiod values('remarkable-suit@me.uk', 'H17XNABGFe', 'Sun Jul 08 2096','Mon Dec 23 2115','Ninja Wizard PHP CEO') ;
INSERT INTO workperiod values('deeply-achiever@gmail.uk', 'Bk87NRSfKl', 'Sun Jan 10 2027','Fri Oct 08 2100','Evolutionary HTML Slut') ;
INSERT INTO workperiod values('painstaking-aunt@icloud.com', 'Sy3-QERHftx', 'Wed Mar 05 2087','Fri Aug 16 2115','Creative Shizzlifier') ;
INSERT INTO workperiod values('important-mass@videotron.io', 'Sy3-QERHftx', 'Thu Apr 17 2070','Thu Mar 17 2078','4 Stages Innovation Sherpa') ;
INSERT INTO workperiod values('flagrant-can@sympatico.us', 'H19WXV0rGYe', 'Fri May 18 2103','Tue Oct 19 2083','In-House Make it Fucking Run Officer') ;
INSERT INTO workperiod values('cruel-chin@yahoo.uk', 'BJNl7ECHzYg', 'Fri Sep 03 2055','Fri Dec 18 2043','Professional Code Artisan') ;
INSERT INTO workperiod values('heavy-language@icloud.us', 'H19WXV0rGYe', 'Sun Jan 15 2113','Thu Jul 25 2080','Coolest Java Junky') ;
INSERT INTO workperiod values('deeply-achiever@gmail.uk', 'Bk87NRSfKl', 'Tue Jul 21 2054','Wed Jan 22 2110','Amazing CSS-layout Spec Designer') ;
INSERT INTO workperiod values('learned-carpenter@me.net', 'S1Aem40rzYg', 'Thu Jul 01 2038','Mon Sep 11 2028','Qualitative Spam Reader') ;
INSERT INTO workperiod values('painstaking-aunt@icloud.com', 'S1Aem40rzYg', 'Sat Aug 24 2058','Wed Mar 22 2102','Direct Security Resarcher') ;
INSERT INTO workperiod values('abstracted-authority@hotmail.fr', 'H1yZXVRHGtg', 'Tue May 29 2085','Sat Nov 06 2077','Quantum Java Junky') ;
INSERT INTO workperiod values('spiky-air@yahoo.uk', 'SJLZm4ABftl', 'Thu Aug 21 2104','Wed Nov 07 2018','Beautiful Phone Operator') ;
INSERT INTO workperiod values('obnoxious-basin@yahoo.net', 'BJIgmNRBGFg', 'Mon May 03 2060','Wed Aug 02 2045','Senior M.Dot Superhero') ;
INSERT INTO workperiod values('unused-comparison@mac.io', 'Byhm4AHMFl', 'Wed Feb 09 2078','Mon Sep 06 2049','Future Drag & Drop Hero') ;
INSERT INTO workperiod values('intelligent-earth@hotmail.net', 'S1Aem40rzYg', 'Tue Jan 04 2089','Sun Sep 30 2046','Creative Community Data Guerrilla') ;
INSERT INTO workperiod values('mute-dime@sympatico.net', 'S1PbmERBMFx', 'Fri Jul 24 2093','Fri Nov 30 2085','Complete PHP CEO') ;
INSERT INTO workperiod values('wakeful-quarter@me.us', 'BJNl7ECHzYg', 'Sun May 26 2030','Mon Jun 05 2023','Ninja Wizard Table Layout King') ;
INSERT INTO workperiod values('painstaking-aunt@icloud.com', 'r1t7EArGFe', 'Wed Mar 24 2021','Fri Aug 11 2073','Visionary HTML Slut') ;
INSERT INTO workperiod values('minor-cable@me.ca', 'S1r74RrfKe', 'Fri Apr 19 2058','Sun Feb 27 2028','Beautiful GUI User') ;
INSERT INTO workperiod values('wakeful-quarter@me.us', 'H19WXV0rGYe', 'Sun Mar 28 2032','Mon Dec 25 2102','National HTML Artist') ;
INSERT INTO workperiod values('pink-shop@sympatico.com', 'Byhm4AHMFl', 'Fri Apr 19 2086','Sun Jun 02 2047','Virtuous Newsletter Unsubscriber') ;
INSERT INTO workperiod values('nondescript-doll@videotron.ca', 'S1r74RrfKe', 'Thu Mar 10 2033','Mon May 30 2078','Uber HTML Artist') ;
INSERT INTO workperiod values('jolly-sign@me.fr', 'ryaWQNASGtx', 'Wed Jun 23 2055','Sun Dec 01 2069','Evolutionary Thinker of Free Code') ;
INSERT INTO workperiod values('flagrant-can@sympatico.us', 'H17XNABGFe', 'Sun Sep 19 2088','Tue Feb 21 2102','Qualitative HTML5 Gangster') ;
INSERT INTO workperiod values('untidy-teaching@sympatico.io', 'SJLZm4ABftl', 'Sat Jul 10 2106','Sun May 27 2074','Professional JavaScript Giant') ;
INSERT INTO workperiod values('mute-dime@sympatico.net', 'BJp74RSGYx', 'Sun Jan 20 2075','Sun Apr 19 2105','Creative Brand Champion') ;
INSERT INTO workperiod values('ample-railway@icloud.ca', 'BJNl7ECHzYg', 'Sat Mar 18 2051','Sat Jun 24 2073','Junior Pizza Reheater') ;
INSERT INTO workperiod values('tiresome-rule@mac.ca', 'Byhm4AHMFl', 'Sat Feb 08 2025','Mon Jan 06 2070','Master Joomla Hacker') ;
INSERT INTO workperiod values('brief-sheet@videotron.fr', 'S1PbmERBMFx', 'Tue Sep 09 2110','Thu Jan 04 2074','Master Twittererer') ;
INSERT INTO workperiod values('sharp-crate@hotmail.net', 'ryaWQNASGtx', 'Fri Dec 22 2090','Wed Mar 30 2022','Junior SASS Tweeter') ;
INSERT INTO workperiod values('warlike-bubble@icloud.us', 'H1yZXVRHGtg', 'Tue Jun 26 2040','Fri Mar 15 2030','Professional Joomla Celebrity') ;
INSERT INTO workperiod values('intelligent-earth@hotmail.net', 'Bk87NRSfKl', 'Fri Aug 05 2112','Mon Sep 11 2051','Professional Early Morning Late Adopter') ;
INSERT INTO workperiod values('canny-voyage@gmail.uk', 'S1PbmERBMFx', 'Fri Nov 15 2024','Thu Feb 25 2055','Informal Joomla Celebrity') ;
INSERT INTO workperiod values('painstaking-aunt@icloud.com', 'SJLZm4ABftl', 'Sun Dec 20 2082','Thu Jan 02 2098','Superhero of CSS Warrior') ;
INSERT INTO workperiod values('heavy-language@icloud.us', 'BkzX4RrGte', 'Mon Feb 14 2089','Mon Oct 16 2017','Maginficent Twittererer') ;
INSERT INTO workperiod values('heavy-language@icloud.us', 'H19WXV0rGYe', 'Sun Jan 23 2033','Mon Dec 02 2069','Visionary CSS Programmer') ;
INSERT INTO workperiod values('prompt-wrench@hotmail.net', 'ByOgmVCrzFe', 'Thu Jun 11 2065','Tue Feb 11 2110','National Fax Machine User') ;
INSERT INTO workperiod values('responsible-crib@gmail.us', 'Byhm4AHMFl', 'Sun Sep 22 2115','Mon Feb 20 2073','Master Prophet') ;
INSERT INTO workperiod values('teeny-crowd@mac.com', 'H17XNABGFe', 'Sun Dec 06 2111','Thu Aug 13 2111','Creative M.Dot Superhero') ;
INSERT INTO workperiod values('flagrant-can@sympatico.us', 'BJp74RSGYx', 'Tue Aug 04 2037','Sat Sep 23 2028','Uber M.Dot Superhero') ;
INSERT INTO workperiod values('known-toothbrush@yahoo.uk', 'Byhm4AHMFl', 'Wed Aug 07 2086','Tue Mar 13 2108','Uber Fax Machine User') ;
INSERT INTO workperiod values('helpless-oil@gmail.fr', 'BJIgmNRBGFg', 'Wed Jun 19 2041','Sat Jul 19 2087','Independent Wordpress Expert') ;
INSERT INTO workperiod values('equal-letter@yahoo.io', 'BkzX4RrGte', 'Mon Jun 02 2098','Fri May 30 2104','First Class Make it Fucking Run Officer') ;
INSERT INTO workperiod values('unbiased-tub@gmail.io', 'H1yZXVRHGtg', 'Mon Nov 03 2031','Sat Nov 03 2114','Superhero of PHP CEO') ;
INSERT INTO workperiod values('mighty-fuel@mac.net', 'S1wXEABzKl', 'Mon Apr 27 2105','Sun Jun 11 2023','In-House Joomla Hacker') ;
INSERT INTO workperiod values('untidy-teaching@sympatico.io', 'Byhm4AHMFl', 'Fri Jan 18 2115','Sat Mar 30 2019','Senior Virtuous Visualiser') ;
INSERT INTO workperiod values('responsible-crib@gmail.us', 'ByOgmVCrzFe', 'Fri Jul 22 2089','Sat Jul 02 2067','Chief Facebook Quality Controller') ;
INSERT INTO workperiod values('painstaking-aunt@icloud.com', 'H1CQVRHGFl', 'Mon Nov 20 2051','Sun Aug 29 2021','Volunteer Community Data Guerrilla') ;
INSERT INTO workperiod values('jolly-sign@me.fr', 'BJNl7ECHzYg', 'Sun Dec 21 2053','Sun Jan 11 2026','Legend HTML Artist') ;
INSERT INTO workperiod values('sneaky-fold@yahoo.us', 'SkTgQ4RrzKe', 'Sat Jul 03 2060','Sun Mar 04 2114','Powerful Brand Champion') ;
INSERT INTO workperiod values('smooth-price@sympatico.fr', 'SJLZm4ABftl', 'Thu Sep 29 2039','Tue Jun 04 2019','Junior Crack & Ecstasy Organizer') ;
INSERT INTO workperiod values('unbiased-tub@gmail.io', 'BJNl7ECHzYg', 'Mon Jun 10 2075','Fri Dec 09 2044','Legend "Researcher"') ;
INSERT INTO workperiod values('canny-voyage@gmail.uk', 'BJNl7ECHzYg', 'Wed Apr 07 2038','Sat Apr 23 2061','Volunteer Dreamweaver RockStar') ;
INSERT INTO workperiod values('spotty-finger@me.fr', 'S1r74RrfKe', 'Thu Jun 06 2115','Fri Apr 25 2070','Informal Videographer') ;
INSERT INTO workperiod values('giving-quartz@icloud.co', 'Byhm4AHMFl', 'Fri Dec 17 2117','Fri Aug 15 2070','Senior Virtual Horsedriver') ;
INSERT INTO workperiod values('brief-sheet@videotron.fr', 'Byhm4AHMFl', 'Sun Aug 24 2042','Sun Jul 02 2023','Qualitative Sexual Social Media Professor') ;
INSERT INTO workperiod values('wakeful-quarter@me.us', 'BJp74RSGYx', 'Sun Oct 12 2070','Sun Oct 26 2053','Pro Google Analytics Expert') ;
INSERT INTO workperiod values('pink-shop@sympatico.com', 'SkTgQ4RrzKe', 'Sun Dec 26 2066','Tue Jun 01 2094','Pro Multiple Files Deleter') ;
INSERT INTO workperiod values('urbane-health@mac.co', 'Sy3-QERHftx', 'Tue Jan 24 2096','Sun Jun 20 2077','Creative GUI User') ;
INSERT INTO workperiod values('obnoxious-basin@yahoo.net', 'SkTgQ4RrzKe', 'Tue Jun 26 2063','Wed Dec 14 2095','Freaking Meme Meister') ;
INSERT INTO workperiod values('urbane-health@mac.co', 'BJPg7NCBGKg', 'Thu Jun 11 2048','Sun Feb 11 2103','Chief Virtuous Visualiser') ;
INSERT INTO workperiod values('mighty-fuel@mac.net', 'H1yZXVRHGtg', 'Sun Dec 10 2028','Sat Jun 16 2114','Independent Webmaster') ;
INSERT INTO workperiod values('unbiased-tub@gmail.io', 'Byhm4AHMFl', 'Tue Dec 05 2017','Tue Jun 04 2109','National CSS Warrior') ;
INSERT INTO workperiod values('wakeful-quarter@me.us', 'H1yZXVRHGtg', 'Fri Dec 19 2053','Mon Dec 14 2054','National CSS Programmer') ;
INSERT INTO workperiod values('burly-cheese@me.uk', 'Bk87NRSfKl', 'Wed Apr 11 2074','Wed Aug 20 2081','Evolutionary Product Owner') ;
INSERT INTO workperiod values('painstaking-aunt@icloud.com', 'ByOgmVCrzFe', 'Sun Sep 10 2113','Mon Jun 22 2076','4 Stages StackExchange Research Assistant') ;
INSERT INTO workperiod values('spiky-air@yahoo.uk', 'BJIgmNRBGFg', 'Thu Jan 01 2088','Sat May 02 2099','Junior Rapid Prototype Developer') ;
INSERT INTO workperiod values('minor-cable@me.ca', 'SJLZm4ABftl', 'Thu Dec 08 2072','Tue Jul 05 2044','Beautiful Frameset Endorser') ;
INSERT INTO workperiod values('deeply-achiever@gmail.uk', 'H19WXV0rGYe', 'Mon Jun 09 2064','Fri Apr 20 2018','Expert Bullshit Recruteer') ;
INSERT INTO workperiod values('flagrant-can@sympatico.us', 'SyeGX40SMYx', 'Tue Apr 30 2080','Sat Apr 14 2114','Quantum Coffee Analist') ;
INSERT INTO workperiod values('giving-quartz@icloud.co', 'BJp74RSGYx', 'Thu Jun 27 2075','Fri Jan 24 2110','Freaking Bottomless Pit of Awesome Name Ideas') ;
INSERT INTO workperiod values('outstanding-pig@icloud.uk', 'ByOgmVCrzFe', 'Mon Jul 29 2115','Thu Jul 22 2027','In-House Sexual Social Media Professor') ;
INSERT INTO workperiod values('untidy-teaching@sympatico.io', 'ByOgmVCrzFe', 'Wed Nov 09 2112','Sat Oct 19 2030','Powerful Table Layout King') ;
INSERT INTO workperiod values('equal-letter@yahoo.io', 'BkzX4RrGte', 'Fri Dec 24 2077','Thu Mar 05 2076','Ninja Wizard HTML Artist') ;
INSERT INTO workperiod values('irritating-taste@videotron.com', 'Bk87NRSfKl', 'Fri Apr 25 2104','Mon Jul 24 2056','King of Closed Source Evangelist') ;
INSERT INTO workperiod values('cruel-chin@yahoo.uk', 'SkTgQ4RrzKe', 'Fri Sep 08 2028','Thu Dec 08 2078','Viral Frameset Endorser') ;
INSERT INTO workperiod values('burly-cheese@me.uk', 'H19WXV0rGYe', 'Thu Dec 05 2019','Fri Sep 28 2035','Senior JavaScript Injectioneer') ;
INSERT INTO workperiod values('giving-quartz@icloud.co', 'BJp74RSGYx', 'Sun Nov 19 2017','Tue Jul 05 2044','Qualitative King Slayer') ;
INSERT INTO workperiod values('burly-cheese@me.uk', 'SyeGX40SMYx', 'Thu Feb 24 2078','Sat May 08 2094','Legend Jekyll Static Site Specialist') ;
INSERT INTO workperiod values('native-form@yahoo.uk', 'H17XNABGFe', 'Mon Sep 07 2111','Sat Nov 26 2022','Visionary Website Building Warrior') ;
INSERT INTO workperiod values('deeply-achiever@gmail.uk', 'S1wXEABzKl', 'Tue Jun 15 2055','Sun Jun 05 2095','Creative Response Administrator') ;
INSERT INTO workperiod values('unbiased-tub@gmail.io', 'ByOgmVCrzFe', 'Fri Apr 24 2043','Mon Feb 09 2111','Future SASS Tweeter') ;
INSERT INTO workperiod values('spiky-air@yahoo.uk', 'S1PbmERBMFx', 'Tue Jan 08 2115','Mon Mar 25 2075','Virtuous Philosopher') ;
INSERT INTO workperiod values('flagrant-can@sympatico.us', 'BJPg7NCBGKg', 'Sat Jul 24 2032','Wed Nov 07 2074','Independent HTML Slut') ;
INSERT INTO workperiod values('equal-letter@yahoo.io', 'BJIgmNRBGFg', 'Wed Mar 30 2050','Mon Sep 11 2062','King of Bottomless Pit of Awesome Name Ideas') ;
INSERT INTO workperiod values('pink-shop@sympatico.com', 'r1t7EArGFe', 'Sat Jan 17 2099','Thu Sep 17 2082','Direct Community Data Guerrilla') ;
INSERT INTO workperiod values('responsible-crib@gmail.us', 'H19WXV0rGYe', 'Wed Aug 14 2115','Mon Oct 22 2040','Coolest HTML Slut') ;
INSERT INTO workperiod values('mighty-fuel@mac.net', 'ByOgmVCrzFe', 'Sat Jul 31 2106','Sun Dec 10 2056','Virtuous CSS Programmer') ;
INSERT INTO workperiod values('native-form@yahoo.uk', 'S1wXEABzKl', 'Sun May 19 2052','Tue Oct 31 2051','Professional CSS Warrior') ;
INSERT INTO workperiod values('outstanding-pig@icloud.uk', 'H17XNABGFe', 'Thu May 05 2061','Thu Nov 02 2023','Chief M.Dot Superhero') ;
INSERT INTO workperiod values('pink-shop@sympatico.com', 'ryaWQNASGtx', 'Mon Jun 03 2052','Mon May 31 2032','King of TweetDeck Monitorerer') ;
INSERT INTO workperiod values('obeisant-cars@videotron.us', 'ByOgmVCrzFe', 'Wed Oct 20 2077','Wed Aug 10 2039','First Class HTML5 Gangster') ;
INSERT INTO workperiod values('nimble-honey@videotron.io', 'SkTgQ4RrzKe', 'Mon Jul 27 2076','Tue Feb 16 2049','Creative WYSIWYG Maker') ;
INSERT INTO workperiod values('unbiased-tub@gmail.io', 'BJPg7NCBGKg', 'Fri Jan 13 2045','Wed Jan 24 2035','Senior Prophet') ;
INSERT INTO workperiod values('equal-letter@yahoo.io', 'BJIgmNRBGFg', 'Wed Aug 04 2060','Sat Jan 28 2096','First Class Keyboard Presser') ;
INSERT INTO workperiod values('giving-quartz@icloud.co', 'ryaWQNASGtx', 'Sat Jul 13 2109','Mon Oct 08 2085','Powerful Pizza Reheater') ;
INSERT INTO workperiod values('unbiased-tub@gmail.io', 'Byhm4AHMFl', 'Sun Mar 21 2088','Tue Feb 06 2035','Quantum Fax Machine User') ;
INSERT INTO workperiod values('remarkable-suit@me.uk', 'ryaWQNASGtx', 'Fri Sep 07 2018','Thu Apr 12 2096','Master CSS Warrior') ;
INSERT INTO workperiod values('unbiased-tub@gmail.io', 'BJPg7NCBGKg', 'Wed Jun 06 2046','Thu Jan 03 2075','Pro Drag & Drop Hero') ;
INSERT INTO workperiod values('irritating-taste@videotron.com', 'BJp74RSGYx', 'Sat Dec 01 2029','Fri Jan 30 2105','Future Java Junky') ;
INSERT INTO workperiod values('cruel-chin@yahoo.uk', 'S1r74RrfKe', 'Tue Apr 03 2091','Fri Aug 11 2113','Senior HTML Artist') ;
INSERT INTO workperiod values('learned-carpenter@me.net', 'H17XNABGFe', 'Sat Jun 17 2051','Tue May 10 2050','Viral HTML5 Gangster') ;
INSERT INTO workperiod values('smooth-price@sympatico.fr', 'BJp74RSGYx', 'Thu Jan 17 2036','Tue Jan 08 2092','Maginficent Newsletter Unsubscriber') ;
INSERT INTO workperiod values('urbane-health@mac.co', 'Sy3-QERHftx', 'Sun Sep 30 2018','Sat Aug 26 2051','Informal Thinker of Free Code') ;
INSERT INTO workperiod values('uttermost-weather@hotmail.co', 'BJIgmNRBGFg', 'Fri Sep 21 2085','Tue Apr 21 2037','Ninja Wizard Source Code Explorer') ;
INSERT INTO workperiod values('burly-cheese@me.uk', 'SJLZm4ABftl', 'Wed Jul 10 2019','Thu Jun 24 2077','Informal Redditor') ;
INSERT INTO workperiod values('deeply-achiever@gmail.uk', 'BJNl7ECHzYg', 'Sun Jun 04 2079','Sun Jun 27 2117','Creative JavaScript Injectioneer') ;
INSERT INTO workperiod values('known-toothbrush@yahoo.uk', 'BkzX4RrGte', 'Thu Aug 01 2086','Thu Jan 08 2111','Virtuous WYSIWYG Maker') ;
INSERT INTO workperiod values('remarkable-suit@me.uk', 'SJLZm4ABftl', 'Tue Apr 10 2040','Wed Jan 09 2047','In-House .BMP Optimizer') ;
INSERT INTO workperiod values('equal-letter@yahoo.io', 'SkTgQ4RrzKe', 'Thu Nov 27 2104','Tue Sep 09 2110','Uber Coffee Maker') ;
INSERT INTO workperiod values('smooth-price@sympatico.fr', 'r1t7EArGFe', 'Mon Jan 11 2027','Tue Feb 21 2073','King of Happiness Officer') ;
INSERT INTO workperiod values('uttermost-weather@hotmail.co', 'S1wXEABzKl', 'Mon Dec 24 2114','Tue Feb 23 2021','4 Stages HTML Artist') ;
INSERT INTO workperiod values('loose-pancake@hotmail.us', 'ByOgmVCrzFe', 'Tue May 21 2097','Fri Aug 07 2054','Master Redditor') ;
INSERT INTO workperiod values('sharp-crate@hotmail.net', 'S1r74RrfKe', 'Fri Mar 01 2047','Thu Nov 27 2081','Senior Google Searcher') ;
INSERT INTO workperiod values('intelligent-earth@hotmail.net', 'H17XNABGFe', 'Tue Dec 21 2094','Fri Dec 12 2059','Informal CSS-layout Spec Designer') ;
INSERT INTO workperiod values('deeply-achiever@gmail.uk', 'SJLZm4ABftl', 'Sat May 07 2033','Sat Dec 31 2022','Senior Copy Cat') ;
INSERT INTO workperiod values('native-form@yahoo.uk', 'Bk87NRSfKl', 'Tue Jun 07 2061','Sun Aug 24 2053','Virtuous Twittererer') ;
INSERT INTO workperiod values('flagrant-can@sympatico.us', 'S1PbmERBMFx', 'Mon Apr 01 2086','Sat Dec 07 2041','Senior Community Data Guerrilla') ;
INSERT INTO workperiod values('unbiased-tub@gmail.io', 'ByOgmVCrzFe', 'Wed Oct 16 2058','Wed Nov 12 2098','Pro Minimum Viable Product Developer') ;
INSERT INTO workperiod values('jolly-sign@me.fr', 'BJIgmNRBGFg', 'Mon May 17 2021','Wed Jan 11 2034','Complete Virtual Horsedriver') ;
INSERT INTO workperiod values('outstanding-pig@icloud.uk', 'BJPg7NCBGKg', 'Sun Apr 09 2028','Thu Nov 09 2090','Uber Phone Answerer') ;
INSERT INTO workperiod values('sharp-crate@hotmail.net', 'SyeGX40SMYx', 'Fri Apr 24 2111','Mon Oct 17 2044','Virtuous Mindmap Designer') ;
INSERT INTO workperiod values('sharp-crate@hotmail.net', 'BJNl7ECHzYg', 'Sat Dec 28 2109','Sat Feb 22 2070','In-House Coffee Maker') ;
INSERT INTO workperiod values('painstaking-aunt@icloud.com', 'H1yZXVRHGtg', 'Thu Sep 06 2057','Fri Jan 27 2079','Manual WordPress Admin') ;
INSERT INTO workperiod values('burly-cheese@me.uk', 'Sy3-QERHftx', 'Tue Nov 02 2027','Tue May 19 2071','Virtuous Bottomless Pit of Awesome Name Ideas') ;
INSERT INTO workperiod values('untidy-teaching@sympatico.io', 'H1CQVRHGFl', 'Mon Oct 26 2020','Fri Nov 06 2105','Qualitative Bullshit Recruteer') ;
INSERT INTO workperiod values('obnoxious-basin@yahoo.net', 'ByOgmVCrzFe', 'Sat Dec 22 2040','Wed Dec 27 2023','Master Variables Lord Master') ;
INSERT INTO workperiod values('spotty-finger@me.fr', 'BJIgmNRBGFg', 'Mon Aug 17 2043','Fri Jul 28 2028','Amazing Markdown Hacker') ;
INSERT INTO workperiod values('prompt-wrench@hotmail.net', 'H1CQVRHGFl', 'Sat Mar 16 2097','Tue Jun 11 2115','In-House Flash Guru') ;
INSERT INTO workperiod values('burly-cheese@me.uk', 'S1r74RrfKe', 'Wed Sep 05 2103','Mon Oct 01 2085','Uber CSS Tamer') ;
INSERT INTO workperiod values('smooth-price@sympatico.fr', 'BkzX4RrGte', 'Sat Mar 03 2085','Thu Apr 26 2046','Viral Table Layout King') ;
INSERT INTO workperiod values('nondescript-doll@videotron.ca', 'r1t7EArGFe', 'Mon Jul 23 2108','Mon Oct 01 2040','Quantum Post-Privacy Guru') ;
INSERT INTO workperiod values('giving-quartz@icloud.co', 'SkTgQ4RrzKe', 'Sat Mar 25 2113','Thu Dec 08 2044','Lead Frameset Endorser') ;
INSERT INTO workperiod values('irritating-taste@videotron.com', 'BJNl7ECHzYg', 'Tue Aug 11 2065','Tue Nov 29 2095','Evolutionary Minimum Viable Product Developer') ;
INSERT INTO workperiod values('sneaky-fold@yahoo.us', 'BkzX4RrGte', 'Thu Jun 24 2088','Tue Apr 21 2082','Beautiful Make it Fucking Run Officer') ;
INSERT INTO workperiod values('irritating-taste@videotron.com', 'Sy3-QERHftx', 'Tue Jan 07 2081','Thu Aug 26 2032','National Wikipedia Content Quality Supervisor') ;
INSERT INTO workperiod values('irritating-taste@videotron.com', 'r1t7EArGFe', 'Tue Jul 21 2111','Thu Feb 26 2088','Creative Developer') ;
INSERT INTO workperiod values('burly-cheese@me.uk', 'ByOgmVCrzFe', 'Thu Dec 15 2112','Wed Jan 22 2059','Direct Mindmap Designer') ;
INSERT INTO workperiod values('heavy-language@icloud.us', 'H1yZXVRHGtg', 'Wed Oct 03 2091','Mon Sep 22 2081','Coolest TYPO3 Installer') ;
INSERT INTO workperiod values('known-toothbrush@yahoo.uk', 'r1t7EArGFe', 'Thu May 16 2075','Tue Sep 05 2028','Volunteer Facebook Quality Controller') ;
INSERT INTO workperiod values('heavy-language@icloud.us', 'BJIgmNRBGFg', 'Thu Nov 30 2056','Sun Apr 17 2078','Superhero of Frontpage Expert') ;
INSERT INTO workperiod values('mute-dime@sympatico.net', 'r1t7EArGFe', 'Fri Dec 23 2044','Mon Oct 31 2078','Direct Social Media Assistant') ;
INSERT INTO workperiod values('onerous-beef@yahoo.com', 'Sy3-QERHftx', 'Tue Nov 23 2094','Fri Jul 30 2032','Direct CSS Warrior') ;
INSERT INTO workperiod values('giving-quartz@icloud.co', 'BJp74RSGYx', 'Tue Aug 25 2026','Fri Mar 24 2102','Visionary Happiness Officer') ;
INSERT INTO workperiod values('nimble-honey@videotron.io', 'S1wXEABzKl', 'Fri Mar 11 2095','Wed Oct 10 2057','Chief Frontpage Expert') ;
INSERT INTO workperiod values('nondescript-doll@videotron.ca', 'H1CQVRHGFl', 'Tue Jan 31 2034','Sun Dec 23 2074','Senior TweetDeck Monitorerer') ;
INSERT INTO workperiod values('spotty-finger@me.fr', 'r1t7EArGFe', 'Wed Nov 04 2048','Wed Nov 29 2028','Viral .BMP Optimizer') ;
INSERT INTO workperiod values('ashamed-join@videotron.uk', 'S1Aem40rzYg', 'Sat Jul 03 2066','Tue Oct 30 2096','Expert Google Searcher') ;
INSERT INTO workperiod values('warlike-bubble@icloud.us', 'BJNl7ECHzYg', 'Tue Aug 29 2073','Sun Feb 27 2050','Legend Prophet') ;
INSERT INTO workperiod values('incredible-week@me.io', 'SJLZm4ABftl', 'Sat Feb 28 2105','Wed Jul 09 2081','Powerful Website Building Warrior') ;
INSERT INTO workperiod values('outstanding-pig@icloud.uk', 'ryaWQNASGtx', 'Wed May 10 2034','Sun Jul 25 2100','Powerful Hashtag Manager') ;
INSERT INTO workperiod values('equal-letter@yahoo.io', 'r1t7EArGFe', 'Thu Jan 16 2025','Wed Aug 05 2076','Volunteer Phone Operator') ;
INSERT INTO workperiod values('urbane-health@mac.co', 'ByOgmVCrzFe', 'Sun Apr 29 2029','Fri Apr 12 2019','Junior Homepage Designer') ;
INSERT INTO workperiod values('native-form@yahoo.uk', 'H1CQVRHGFl', 'Sun Oct 03 2038','Thu Jun 24 2117','Viral Adobe Acrobat Updater') ;
INSERT INTO workperiod values('spiky-air@yahoo.uk', 'r1t7EArGFe', 'Sat Sep 28 2086','Wed Sep 25 2069','Manual Frontpage Expert') ;
INSERT INTO workperiod values('pink-shop@sympatico.com', 'Bk87NRSfKl', 'Sat Feb 18 2040','Tue May 01 2057','Freaking StackExchange Research Assistant') ;
INSERT INTO workperiod values('prompt-wrench@hotmail.net', 'ByOgmVCrzFe', 'Wed Jul 24 2041','Mon Oct 02 2023','Visionary Sexual Social Media Professor') ;
INSERT INTO workperiod values('outstanding-pig@icloud.uk', 'BJPg7NCBGKg', 'Tue Dec 07 2038','Thu May 17 2091','Complete Adobe Acrobat Updater') ;
INSERT INTO workperiod values('uttermost-weather@hotmail.co', 'S1Aem40rzYg', 'Sun Oct 18 2105','Fri Dec 27 2052','Senior Sublime Text Evangelist') ;
INSERT INTO workperiod values('nimble-honey@videotron.io', 'S1wXEABzKl', 'Tue Mar 19 2024','Sun Aug 06 2034','First Class CSS Programmer') ;
INSERT INTO workperiod values('native-form@yahoo.uk', 'S1wXEABzKl', 'Tue Aug 19 2031','Fri Jan 03 2070','Professional Developer') ;
INSERT INTO workperiod values('deeply-achiever@gmail.uk', 'ryaWQNASGtx', 'Sat Sep 25 2021','Tue Nov 18 2070','King of Usability Director') ;
INSERT INTO workperiod values('incredible-week@me.io', 'Byhm4AHMFl', 'Sat Feb 07 2082','Thu Jun 11 2048','Qualitative WYSIWYG Maker') ;
INSERT INTO workperiod values('onerous-beef@yahoo.com', 'H1CQVRHGFl', 'Fri Apr 19 2097','Thu Sep 03 2099','Legend Coffee Analist') ;
INSERT INTO workperiod values('uttermost-weather@hotmail.co', 'r1t7EArGFe', 'Sun Apr 04 2083','Fri Aug 22 2092','In-House Photoshop Designer') ;
INSERT INTO workperiod values('smooth-price@sympatico.fr', 'SJLZm4ABftl', 'Fri Oct 28 2072','Sat Jul 22 2073','Beautiful Wordpress Expert') ;
INSERT INTO workperiod values('uttermost-weather@hotmail.co', 'S1Aem40rzYg', 'Tue Mar 17 2082','Tue Feb 15 2089','Virtuous HTML Slut') ;
INSERT INTO workperiod values('mute-dime@sympatico.net', 'H19WXV0rGYe', 'Thu Sep 19 2058','Tue Feb 25 2031','Ninja Wizard Mobile Phone Photographer') ;
INSERT INTO workperiod values('remarkable-suit@me.uk', 'H17XNABGFe', 'Tue Feb 05 2115','Sun Oct 19 2025','Qualitative Researcher Hacker') ;
/* Script generated Wed Feb 15 2017 16:54:52 GMT-0500 (Eastern Standard Time)*/

INSERT INTO studyperiod values('brief-sheet@videotron.fr', 'rk5mVRrMYl', 'Wed May 01 2052','Mon Jul 20 2111','Bachelor degree') ;
INSERT INTO studyperiod values('spiky-air@yahoo.uk', 'H13xQVAHMYl', 'Fri Dec 01 2017','Sat Sep 23 2102','Less than secondary school graduation') ;
INSERT INTO studyperiod values('untidy-teaching@sympatico.io', 'HkWlXN0SGFg', 'Fri Aug 20 2106','Thu Sep 24 2065','Less than secondary school graduation') ;
INSERT INTO studyperiod values('flagrant-can@sympatico.us', 'Sks-QN0rztg', 'Fri Jul 14 2090','Thu Dec 18 2081','Master degree') ;
INSERT INTO studyperiod values('heavy-language@icloud.us', 'B1qgmEAHGYx', 'Sun Nov 17 2075','Thu Jul 31 2104','Less than secondary school graduation') ;
INSERT INTO studyperiod values('giving-quartz@icloud.co', 'Hkfg7VCSGKg', 'Thu Aug 25 2078','Fri Nov 08 2080','Less than secondary school graduation') ;
INSERT INTO studyperiod values('important-mass@videotron.io', 'Sks-QN0rztg', 'Sat Jan 01 2107','Fri Aug 19 2089','Bachelor degree') ;
INSERT INTO studyperiod values('sneaky-fold@yahoo.us', 'r1rWQ4ArGKe', 'Wed Jun 18 2081','Sun Sep 01 2097','Cegep Diploma') ;
INSERT INTO studyperiod values('heavy-language@icloud.us', 'rk5mVRrMYl', 'Thu Nov 24 2107','Tue Apr 03 2057','Secondary school diploma') ;
INSERT INTO studyperiod values('untidy-teaching@sympatico.io', 'B1qgmEAHGYx', 'Thu May 10 2018','Wed Apr 01 2020','Secondary school diploma') ;
INSERT INTO studyperiod values('heavy-language@icloud.us', 'r1eW7VCHGFe', 'Tue Dec 06 2078','Wed May 25 2101','Master degree') ;
INSERT INTO studyperiod values('spiky-air@yahoo.uk', 'BkzbQECBzKg', 'Thu Aug 03 2090','Wed Jan 03 2052','Bachelor degree') ;
INSERT INTO studyperiod values('abstracted-authority@hotmail.fr', 'SJyGQE0HzFg', 'Sun Jun 13 2088','Sun Jun 13 2077','Doctorate') ;
INSERT INTO studyperiod values('loose-pancake@hotmail.us', 'HyZWmERHMYl', 'Fri Aug 16 2052','Thu Apr 07 2067','Bachelor degree') ;
INSERT INTO studyperiod values('spotty-finger@me.fr', 'r1eW7VCHGFe', 'Wed Apr 14 2066','Tue Oct 08 2086','Bachelor degree') ;
INSERT INTO studyperiod values('spiky-air@yahoo.uk', 'rJolX4CrfYe', 'Tue Mar 09 2032','Sat Jan 17 2060','Some postsecondary education') ;
INSERT INTO studyperiod values('heavy-language@icloud.us', 'HyZWmERHMYl', 'Sun Jan 03 2077','Wed Mar 22 2062','Doctorate') ;
INSERT INTO studyperiod values('helpless-oil@gmail.fr', 'r1eW7VCHGFe', 'Mon Nov 14 2112','Fri Oct 13 2113','Secondary school diploma') ;
INSERT INTO studyperiod values('canny-voyage@gmail.uk', 'H13xQVAHMYl', 'Thu Sep 16 2088','Mon Dec 17 2029','Doctorate') ;
INSERT INTO studyperiod values('known-toothbrush@yahoo.uk', 'r1rWQ4ArGKe', 'Thu Jul 23 2048','Tue Dec 27 2107','Less than secondary school graduation') ;
INSERT INTO studyperiod values('brief-sheet@videotron.fr', 'SJye7N0SfKx', 'Sun Jan 06 2075','Sun Oct 20 2019','Master degree') ;
INSERT INTO studyperiod values('ample-railway@icloud.ca', 'Sks-QN0rztg', 'Tue Aug 26 2064','Fri Jun 14 2069','Master degree') ;
INSERT INTO studyperiod values('nondescript-doll@videotron.ca', 'rk5mVRrMYl', 'Thu Feb 27 2087','Mon Dec 06 2055','Doctorate') ;
INSERT INTO studyperiod values('warlike-bubble@icloud.us', 'H1eXERBGtl', 'Tue Oct 09 2046','Tue Aug 25 2099','Less than secondary school graduation') ;
INSERT INTO studyperiod values('uttermost-weather@hotmail.co', 'B1EWm4CBGKx', 'Mon Jun 09 2036','Fri May 02 2098','Cegep Diploma') ;
INSERT INTO studyperiod values('sharp-crate@hotmail.net', 'ryeg740rfKg', 'Sun Mar 25 2018','Sun Apr 12 2043','Master degree') ;
INSERT INTO studyperiod values('sneaky-fold@yahoo.us', 'H1KWmVCrfFl', 'Fri Aug 22 2053','Sun Jul 11 2021','Cegep Diploma') ;
INSERT INTO studyperiod values('responsible-crib@gmail.us', 'B1EWm4CBGKx', 'Thu Aug 13 2116','Wed Jan 27 2117','Secondary school diploma') ;
INSERT INTO studyperiod values('mighty-fuel@mac.net', 'HkWlXN0SGFg', 'Wed Sep 02 2105','Tue Jan 21 2059','Some postsecondary education') ;
INSERT INTO studyperiod values('brief-sheet@videotron.fr', 'rJolX4CrfYe', 'Tue Oct 16 2029','Fri Jan 24 2025','Doctorate') ;
INSERT INTO studyperiod values('spiky-air@yahoo.uk', 'rk5mVRrMYl', 'Wed Apr 24 2019','Wed Dec 29 2088','Secondary school diploma') ;
INSERT INTO studyperiod values('smooth-price@sympatico.fr', 'S1A-QERrMte', 'Tue Jan 09 2091','Thu Oct 14 2066','Master degree') ;
INSERT INTO studyperiod values('irritating-taste@videotron.com', 'H1eXERBGtl', 'Tue Feb 10 2105','Wed Mar 11 2111','Doctorate') ;
INSERT INTO studyperiod values('canny-voyage@gmail.uk', 'By_-Q40HMKx', 'Mon Aug 23 2038','Thu May 27 2032','Master degree') ;
INSERT INTO studyperiod values('intelligent-earth@hotmail.net', 'ByBg7VRBztg', 'Thu Feb 20 2048','Mon Jul 21 2110','Doctorate') ;
INSERT INTO studyperiod values('irritating-taste@videotron.com', 'HkWlXN0SGFg', 'Tue Mar 07 2102','Mon Jan 14 2069','Less than secondary school graduation') ;
INSERT INTO studyperiod values('abstracted-authority@hotmail.fr', 'SkWXVRSGFl', 'Mon Feb 06 2017','Tue Nov 30 2038','Less than secondary school graduation') ;
INSERT INTO studyperiod values('wakeful-quarter@me.us', 'S1A-QERrMte', 'Mon Aug 20 2103','Sun Jun 24 2074','Less than secondary school graduation') ;
INSERT INTO studyperiod values('minor-cable@me.ca', 'ByBg7VRBztg', 'Thu Sep 12 2024','Sat Oct 31 2043','Cegep Diploma') ;
INSERT INTO studyperiod values('obeisant-cars@videotron.us', 'ryeg740rfKg', 'Wed Sep 26 2029','Sun Feb 25 2035','Cegep Diploma') ;
INSERT INTO studyperiod values('mighty-fuel@mac.net', 'Hkfg7VCSGKg', 'Fri Nov 19 2055','Sat Jul 06 2075','Doctorate') ;
INSERT INTO studyperiod values('nondescript-doll@videotron.ca', 'SJye7N0SfKx', 'Mon Sep 20 2027','Tue Oct 17 2113','Doctorate') ;
INSERT INTO studyperiod values('sneaky-fold@yahoo.us', 'H17eXNCrftl', 'Mon Sep 05 2101','Wed Sep 24 2025','Bachelor degree') ;
INSERT INTO studyperiod values('learned-carpenter@me.net', 'B1EWm4CBGKx', 'Fri Nov 22 2024','Tue Oct 11 2067','Less than secondary school graduation') ;
INSERT INTO studyperiod values('sneaky-fold@yahoo.us', 'S1_74AHztl', 'Tue Sep 23 2081','Tue May 05 2020','Cegep Diploma') ;
INSERT INTO studyperiod values('canny-voyage@gmail.uk', 'ryj7N0rztg', 'Thu Aug 28 2031','Wed Sep 05 2096','Doctorate') ;
INSERT INTO studyperiod values('obnoxious-basin@yahoo.net', 'B1qgmEAHGYx', 'Mon Jun 21 2117','Sun Nov 19 2045','Less than secondary school graduation') ;
INSERT INTO studyperiod values('ashamed-join@videotron.uk', 'r1rWQ4ArGKe', 'Fri Dec 17 2060','Fri Sep 27 2047','Cegep Diploma') ;
INSERT INTO studyperiod values('prompt-wrench@hotmail.net', 'r1rWQ4ArGKe', 'Sun Jul 10 2022','Tue Mar 16 2032','Bachelor degree') ;
INSERT INTO studyperiod values('mute-dime@sympatico.net', 'SJye7N0SfKx', 'Sat Apr 19 2081','Mon Feb 03 2087','Bachelor degree') ;
INSERT INTO studyperiod values('teeny-crowd@mac.com', 'r1eW7VCHGFe', 'Sun Mar 16 2053','Sun Mar 23 2092','Less than secondary school graduation') ;
INSERT INTO studyperiod values('teeny-crowd@mac.com', 'HJ7ECSfFg', 'Fri Mar 11 2078','Sat Jul 15 2017','Master degree') ;
INSERT INTO studyperiod values('painstaking-aunt@icloud.com', 'r1rWQ4ArGKe', 'Thu Sep 26 2041','Thu Nov 28 2115','Doctorate') ;
INSERT INTO studyperiod values('burly-cheese@me.uk', 'HkWlXN0SGFg', 'Fri Jun 03 2078','Sun Sep 12 2066','Cegep Diploma') ;
INSERT INTO studyperiod values('intelligent-earth@hotmail.net', 'ByBg7VRBztg', 'Mon Jun 11 2063','Sun Feb 18 2046','Cegep Diploma') ;
INSERT INTO studyperiod values('canny-voyage@gmail.uk', 'r1eW7VCHGFe', 'Wed Aug 04 2038','Sat Jul 06 2097','Some postsecondary education') ;
INSERT INTO studyperiod values('unused-comparison@mac.io', 'SJyGQE0HzFg', 'Mon Apr 19 2100','Wed Dec 21 2078','Master degree') ;
INSERT INTO studyperiod values('equal-letter@yahoo.io', 'H1eXERBGtl', 'Fri Sep 30 2078','Mon Apr 08 2047','Doctorate') ;
INSERT INTO studyperiod values('cruel-chin@yahoo.uk', 'ByBg7VRBztg', 'Wed Jul 23 2087','Sat Jun 10 2079','Cegep Diploma') ;
INSERT INTO studyperiod values('native-form@yahoo.uk', 'S1A-QERrMte', 'Tue Dec 03 2019','Mon May 22 2079','Secondary school diploma') ;
INSERT INTO studyperiod values('unused-comparison@mac.io', 'S1A-QERrMte', 'Mon Jun 04 2096','Mon Jun 01 2076','Bachelor degree') ;
INSERT INTO studyperiod values('spiky-air@yahoo.uk', 'rJ7-XECrfFe', 'Wed Apr 19 2062','Fri May 02 2098','Bachelor degree') ;
INSERT INTO studyperiod values('helpless-oil@gmail.fr', 'B1qgmEAHGYx', 'Tue Apr 05 2101','Fri May 21 2066','Bachelor degree') ;
INSERT INTO studyperiod values('burly-cheese@me.uk', 'ByBg7VRBztg', 'Fri Apr 12 2115','Thu Mar 09 2056','Doctorate') ;
INSERT INTO studyperiod values('mute-dime@sympatico.net', 'Sks-QN0rztg', 'Tue Nov 15 2107','Wed Nov 23 2061','Secondary school diploma') ;
INSERT INTO studyperiod values('giving-quartz@icloud.co', 'By_-Q40HMKx', 'Tue Aug 27 2109','Mon Aug 11 2081','Doctorate') ;
INSERT INTO studyperiod values('prompt-wrench@hotmail.net', 'S1A-QERrMte', 'Wed Nov 25 2093','Wed Jun 17 2093','Master degree') ;
INSERT INTO studyperiod values('incredible-week@me.io', 'HyZWmERHMYl', 'Tue Mar 30 2100','Tue Dec 08 2071','Master degree') ;
INSERT INTO studyperiod values('deeply-achiever@gmail.uk', 'H1eXERBGtl', 'Sun Oct 20 2058','Tue Jun 28 2095','Secondary school diploma') ;
INSERT INTO studyperiod values('prompt-wrench@hotmail.net', 'rk5mVRrMYl', 'Thu Aug 26 2100','Mon Jan 16 2062','Doctorate') ;
INSERT INTO studyperiod values('unused-comparison@mac.io', 'rJolX4CrfYe', 'Sun Jan 29 2040','Sat May 08 2066','Cegep Diploma') ;
INSERT INTO studyperiod values('outstanding-pig@icloud.uk', 'B1qgmEAHGYx', 'Mon Nov 01 2100','Thu Dec 27 2057','Doctorate') ;
INSERT INTO studyperiod values('onerous-beef@yahoo.com', 'By_-Q40HMKx', 'Thu Jul 09 2020','Thu Sep 21 2056','Bachelor degree') ;
INSERT INTO studyperiod values('mighty-fuel@mac.net', 'ryeg740rfKg', 'Sat Jan 29 2067','Fri Dec 29 2073','Secondary school diploma') ;
INSERT INTO studyperiod values('unbiased-tub@gmail.io', 'H1eXERBGtl', 'Wed May 08 2019','Tue Feb 06 2063','Secondary school diploma') ;
INSERT INTO studyperiod values('sneaky-fold@yahoo.us', 'ryeg740rfKg', 'Wed Mar 29 2045','Sun Jan 16 2101','Some postsecondary education') ;
INSERT INTO studyperiod values('intelligent-earth@hotmail.net', 'BkzbQECBzKg', 'Wed Nov 30 2107','Mon Apr 22 2115','Bachelor degree') ;
INSERT INTO studyperiod values('warlike-bubble@icloud.us', 'rJolX4CrfYe', 'Mon Aug 11 2025','Sat Mar 10 2063','Less than secondary school graduation') ;
INSERT INTO studyperiod values('remarkable-suit@me.uk', 'HyZWmERHMYl', 'Mon Jul 26 2021','Fri Mar 03 2102','Cegep Diploma') ;
INSERT INTO studyperiod values('urbane-health@mac.co', 'S1_74AHztl', 'Tue Jan 27 2065','Thu Nov 05 2037','Bachelor degree') ;
INSERT INTO studyperiod values('native-form@yahoo.uk', 'r1eW7VCHGFe', 'Fri Mar 22 2069','Tue Mar 01 2107','Cegep Diploma') ;
INSERT INTO studyperiod values('incredible-week@me.io', 'SkWXVRSGFl', 'Sun Nov 30 2059','Wed Mar 06 2047','Doctorate') ;
INSERT INTO studyperiod values('ample-railway@icloud.ca', 'r1eW7VCHGFe', 'Tue Apr 04 2034','Fri Jul 19 2019','Less than secondary school graduation') ;
INSERT INTO studyperiod values('sneaky-fold@yahoo.us', 'SJyGQE0HzFg', 'Mon Sep 24 2046','Mon Apr 23 2108','Doctorate') ;
INSERT INTO studyperiod values('onerous-beef@yahoo.com', 'HJ7ECSfFg', 'Fri Jul 24 2082','Thu Dec 14 2102','Master degree') ;
INSERT INTO studyperiod values('incredible-week@me.io', 'H13xQVAHMYl', 'Mon Mar 20 2034','Wed May 30 2068','Some postsecondary education') ;
INSERT INTO studyperiod values('irritating-taste@videotron.com', 'BkzbQECBzKg', 'Wed Oct 02 2109','Fri Jul 07 2090','Doctorate') ;
INSERT INTO studyperiod values('ashamed-join@videotron.uk', 'BkzbQECBzKg', 'Mon Mar 04 2109','Thu Mar 26 2043','Doctorate') ;
INSERT INTO studyperiod values('brief-sheet@videotron.fr', 'By_-Q40HMKx', 'Tue Jan 26 2094','Tue Oct 05 2066','Doctorate') ;
INSERT INTO studyperiod values('onerous-beef@yahoo.com', 'SJye7N0SfKx', 'Sun Jul 12 2093','Fri Feb 20 2099','Bachelor degree') ;
INSERT INTO studyperiod values('responsible-crib@gmail.us', 'HJ7ECSfFg', 'Sat Apr 02 2095','Fri Dec 21 2046','Master degree') ;
INSERT INTO studyperiod values('mighty-fuel@mac.net', 'Sks-QN0rztg', 'Sat Apr 20 2075','Fri May 04 2085','Less than secondary school graduation') ;
INSERT INTO studyperiod values('remarkable-suit@me.uk', 'HyZWmERHMYl', 'Wed Feb 24 2106','Wed Feb 22 2034','Some postsecondary education') ;
INSERT INTO studyperiod values('intelligent-earth@hotmail.net', 'BkzbQECBzKg', 'Mon Aug 07 2023','Fri May 06 2112','Secondary school diploma') ;
INSERT INTO studyperiod values('canny-voyage@gmail.uk', 'r1eW7VCHGFe', 'Sat Dec 05 2037','Thu Oct 23 2070','Cegep Diploma') ;
INSERT INTO studyperiod values('helpless-oil@gmail.fr', 'HJ7ECSfFg', 'Wed Jul 26 2073','Mon Oct 26 2020','Less than secondary school graduation') ;
INSERT INTO studyperiod values('wakeful-quarter@me.us', 'rJolX4CrfYe', 'Fri Nov 24 2051','Sun Sep 29 2052','Cegep Diploma') ;
INSERT INTO studyperiod values('jolly-sign@me.fr', 'HJ7ECSfFg', 'Thu Mar 29 2035','Fri Jan 02 2093','Cegep Diploma') ;
INSERT INTO studyperiod values('equal-letter@yahoo.io', 'ByBg7VRBztg', 'Mon Nov 05 2108','Tue Aug 02 2061','Secondary school diploma') ;
INSERT INTO studyperiod values('irritating-taste@videotron.com', 'rJ7-XECrfFe', 'Mon Nov 06 2090','Sun Mar 08 2043','Some postsecondary education') ;
INSERT INTO studyperiod values('flagrant-can@sympatico.us', 'rJ7-XECrfFe', 'Thu Dec 03 2099','Sun Dec 17 2090','Less than secondary school graduation') ;
INSERT INTO studyperiod values('unused-comparison@mac.io', 'HyZWmERHMYl', 'Sun Jun 25 2028','Fri Mar 12 2049','Doctorate') ;
INSERT INTO studyperiod values('canny-voyage@gmail.uk', 'rJolX4CrfYe', 'Sun Dec 01 2052','Mon Aug 20 2046','Bachelor degree') ;
INSERT INTO studyperiod values('known-toothbrush@yahoo.uk', 'ByBg7VRBztg', 'Wed Oct 15 2031','Tue Jan 07 2110','Doctorate') ;
INSERT INTO studyperiod values('equal-letter@yahoo.io', 'By_-Q40HMKx', 'Mon Jul 27 2093','Thu May 26 2107','Bachelor degree') ;
INSERT INTO studyperiod values('unbiased-tub@gmail.io', 'S1_74AHztl', 'Thu May 25 2017','Fri Sep 04 2048','Some postsecondary education') ;
INSERT INTO studyperiod values('loose-pancake@hotmail.us', 'H1eXERBGtl', 'Sun Jul 09 2062','Sat Nov 24 2114','Cegep Diploma') ;
INSERT INTO studyperiod values('equal-letter@yahoo.io', 'SJye7N0SfKx', 'Tue Jul 04 2062','Fri Mar 15 2030','Secondary school diploma') ;
INSERT INTO studyperiod values('outstanding-pig@icloud.uk', 'r1eW7VCHGFe', 'Wed Aug 04 2117','Fri Jan 06 2079','Some postsecondary education') ;
INSERT INTO studyperiod values('known-toothbrush@yahoo.uk', 'B1EWm4CBGKx', 'Sat Jan 03 2111','Wed Feb 07 2035','Bachelor degree') ;
INSERT INTO studyperiod values('deeply-achiever@gmail.uk', 'By_-Q40HMKx', 'Fri Jan 20 2068','Mon Sep 27 2117','Cegep Diploma') ;
INSERT INTO studyperiod values('smooth-price@sympatico.fr', 'S1A-QERrMte', 'Mon Jun 11 2091','Wed Jul 27 2050','Cegep Diploma') ;
INSERT INTO studyperiod values('intelligent-earth@hotmail.net', 'HkWlXN0SGFg', 'Mon Nov 23 2020','Wed Oct 02 2109','Some postsecondary education') ;
INSERT INTO studyperiod values('responsible-crib@gmail.us', 'H1eXERBGtl', 'Wed Sep 17 2070','Thu Oct 30 2042','Cegep Diploma') ;
INSERT INTO studyperiod values('brief-sheet@videotron.fr', 'rJolX4CrfYe', 'Tue Mar 12 2080','Sun Jul 15 2040','Less than secondary school graduation') ;
INSERT INTO studyperiod values('mute-dime@sympatico.net', 'S14XEABGtl', 'Sat Apr 30 2089','Thu Apr 07 2112','Doctorate') ;
INSERT INTO studyperiod values('tiresome-rule@mac.ca', 'H17eXNCrftl', 'Sun Jan 24 2055','Sat Apr 17 2117','Cegep Diploma') ;
INSERT INTO studyperiod values('obnoxious-basin@yahoo.net', 'S1A-QERrMte', 'Thu Mar 11 2100','Mon Jun 27 2039','Secondary school diploma') ;
INSERT INTO studyperiod values('onerous-beef@yahoo.com', 'r1rWQ4ArGKe', 'Sat Mar 07 2111','Thu Jun 27 2019','Some postsecondary education') ;
INSERT INTO studyperiod values('tiresome-rule@mac.ca', 'SkWXVRSGFl', 'Mon May 15 2045','Mon Feb 07 2078','Doctorate') ;
INSERT INTO studyperiod values('known-toothbrush@yahoo.uk', 'rk5mVRrMYl', 'Mon Jun 30 2031','Fri Jul 14 2028','Less than secondary school graduation') ;
INSERT INTO studyperiod values('intelligent-earth@hotmail.net', 'rkFlXN0SfFx', 'Mon Jan 23 2073','Sun Oct 11 2037','Cegep Diploma') ;
INSERT INTO studyperiod values('spiky-air@yahoo.uk', 'H13xQVAHMYl', 'Fri May 02 2036','Tue Apr 14 2020','Secondary school diploma') ;
INSERT INTO studyperiod values('minor-cable@me.ca', 'r1eW7VCHGFe', 'Mon Jan 30 2017','Tue Feb 02 2038','Secondary school diploma') ;
INSERT INTO studyperiod values('tiresome-rule@mac.ca', 'rkFlXN0SfFx', 'Sun Jul 12 2054','Wed Jan 02 2104','Less than secondary school graduation') ;
INSERT INTO studyperiod values('wakeful-quarter@me.us', 'H1KWmVCrfFl', 'Wed Jun 22 2112','Wed Jun 20 2096','Master degree') ;
INSERT INTO studyperiod values('teeny-crowd@mac.com', 'B1EWm4CBGKx', 'Thu May 15 2025','Fri Feb 20 2037','Bachelor degree') ;
INSERT INTO studyperiod values('incredible-week@me.io', 'SJyGQE0HzFg', 'Tue Jul 14 2099','Thu Apr 28 2044','Secondary school diploma') ;
INSERT INTO studyperiod values('ashamed-join@videotron.uk', 'ryj7N0rztg', 'Thu Apr 25 2080','Tue Jun 30 2054','Some postsecondary education') ;
INSERT INTO studyperiod values('flagrant-can@sympatico.us', 'r1rWQ4ArGKe', 'Mon Sep 26 2095','Sun Dec 02 2091','Cegep Diploma') ;
INSERT INTO studyperiod values('ample-railway@icloud.ca', 'ByBg7VRBztg', 'Sat Sep 06 2098','Thu Oct 02 2070','Cegep Diploma') ;
INSERT INTO studyperiod values('learned-carpenter@me.net', 'S1_74AHztl', 'Wed Aug 26 2054','Sun Oct 31 2049','Doctorate') ;
INSERT INTO studyperiod values('native-form@yahoo.uk', 'r1rWQ4ArGKe', 'Thu Sep 08 2078','Thu Aug 25 2078','Doctorate') ;
INSERT INTO studyperiod values('mighty-fuel@mac.net', 'B1EWm4CBGKx', 'Mon Mar 15 2055','Tue Jul 03 2091','Master degree') ;
INSERT INTO studyperiod values('remarkable-suit@me.uk', 'S1A-QERrMte', 'Sat Mar 26 2033','Tue Oct 15 2080','Bachelor degree') ;
INSERT INTO studyperiod values('prompt-wrench@hotmail.net', 'HkWlXN0SGFg', 'Thu Aug 13 2116','Fri Apr 28 2056','Secondary school diploma') ;
INSERT INTO studyperiod values('giving-quartz@icloud.co', 'H1KWmVCrfFl', 'Mon Mar 13 2056','Sat Sep 08 2063','Doctorate') ;
INSERT INTO studyperiod values('learned-carpenter@me.net', 'H13xQVAHMYl', 'Mon Dec 10 2103','Sun Feb 19 2073','Master degree') ;
INSERT INTO studyperiod values('loose-pancake@hotmail.us', 'HkWlXN0SGFg', 'Sun Jan 12 2042','Tue Oct 29 2047','Secondary school diploma') ;
INSERT INTO studyperiod values('canny-voyage@gmail.uk', 'rkFlXN0SfFx', 'Fri Feb 04 2089','Sun Jan 22 2023','Doctorate') ;
INSERT INTO studyperiod values('sharp-crate@hotmail.net', 'ryj7N0rztg', 'Sat Aug 30 2110','Wed Sep 18 2097','Some postsecondary education') ;
INSERT INTO studyperiod values('spiky-air@yahoo.uk', 'r1rWQ4ArGKe', 'Wed Apr 21 2066','Mon Feb 07 2039','Bachelor degree') ;
INSERT INTO studyperiod values('spiky-air@yahoo.uk', 'Hkfg7VCSGKg', 'Fri Sep 19 2042','Tue Oct 14 2070','Cegep Diploma') ;
INSERT INTO studyperiod values('canny-voyage@gmail.uk', 'H1KWmVCrfFl', 'Sat Feb 27 2117','Sun Jun 18 2017','Some postsecondary education') ;
INSERT INTO studyperiod values('helpless-oil@gmail.fr', 'S14XEABGtl', 'Mon Nov 12 2068','Thu Nov 29 2035','Bachelor degree') ;
INSERT INTO studyperiod values('painstaking-aunt@icloud.com', 'H17eXNCrftl', 'Mon Apr 30 2046','Sun Feb 15 2111','Secondary school diploma') ;
INSERT INTO studyperiod values('minor-cable@me.ca', 'S1A-QERrMte', 'Mon Oct 28 2097','Tue Jan 13 2093','Some postsecondary education') ;
INSERT INTO studyperiod values('pink-shop@sympatico.com', 'SkWXVRSGFl', 'Wed Aug 27 2036','Mon Oct 19 2037','Some postsecondary education') ;
INSERT INTO studyperiod values('learned-carpenter@me.net', 'Sks-QN0rztg', 'Thu Jun 28 2091','Mon Jan 29 2057','Secondary school diploma') ;
INSERT INTO studyperiod values('important-mass@videotron.io', 'H1KWmVCrfFl', 'Sun Sep 06 2111','Tue Nov 05 2080','Less than secondary school graduation') ;
INSERT INTO studyperiod values('minor-cable@me.ca', 'Hkfg7VCSGKg', 'Sun Mar 31 2041','Mon Jan 23 2073','Bachelor degree') ;
INSERT INTO studyperiod values('unused-comparison@mac.io', 'Hkfg7VCSGKg', 'Mon Jun 13 2050','Wed Nov 15 2051','Less than secondary school graduation') ;
INSERT INTO studyperiod values('onerous-beef@yahoo.com', 'ryeg740rfKg', 'Tue Jul 13 2038','Tue Feb 08 2078','Less than secondary school graduation') ;
INSERT INTO studyperiod values('prompt-wrench@hotmail.net', 'HkWlXN0SGFg', 'Thu May 29 2059','Tue Apr 14 2099','Some postsecondary education') ;
INSERT INTO studyperiod values('abstracted-authority@hotmail.fr', 'HkWlXN0SGFg', 'Wed Oct 06 2060','Sat Jun 24 2073','Less than secondary school graduation') ;
INSERT INTO studyperiod values('mute-dime@sympatico.net', 'ryeg740rfKg', 'Tue Oct 26 2077','Thu Oct 08 2105','Some postsecondary education') ;
INSERT INTO studyperiod values('obnoxious-basin@yahoo.net', 'H1eXERBGtl', 'Fri May 21 2038','Sun Apr 29 2018','Doctorate') ;
INSERT INTO studyperiod values('helpless-oil@gmail.fr', 'ByBg7VRBztg', 'Fri Sep 14 2091','Mon May 29 2017','Some postsecondary education') ;
INSERT INTO studyperiod values('loose-pancake@hotmail.us', 'rk5mVRrMYl', 'Wed Aug 08 2029','Fri May 27 2089','Bachelor degree') ;
INSERT INTO studyperiod values('urbane-health@mac.co', 'rJolX4CrfYe', 'Fri Aug 01 2059','Wed Oct 06 2032','Master degree') ;
INSERT INTO studyperiod values('wakeful-quarter@me.us', 'r1eW7VCHGFe', 'Wed Aug 14 2075','Sun Jan 08 2040','Cegep Diploma') ;
INSERT INTO studyperiod values('smooth-price@sympatico.fr', 'By_-Q40HMKx', 'Sun Apr 07 2024','Tue Jun 22 2094','Secondary school diploma') ;
INSERT INTO studyperiod values('giving-quartz@icloud.co', 'H1KWmVCrfFl', 'Sat Mar 15 2070','Sat Nov 09 2041','Master degree') ;
INSERT INTO studyperiod values('minor-cable@me.ca', 'ryeg740rfKg', 'Sat May 22 2049','Mon Aug 13 2068','Master degree') ;
INSERT INTO studyperiod values('smooth-price@sympatico.fr', 'BkzbQECBzKg', 'Mon May 29 2073','Thu Jun 28 2096','Some postsecondary education') ;
INSERT INTO studyperiod values('flagrant-can@sympatico.us', 'B1EWm4CBGKx', 'Sat Nov 04 2045','Sun Aug 30 2026','Doctorate') ;
INSERT INTO studyperiod values('nimble-honey@videotron.io', 'ByBg7VRBztg', 'Tue Dec 26 2051','Tue Jan 24 2090','Doctorate') ;
INSERT INTO studyperiod values('brief-sheet@videotron.fr', 'ryj7N0rztg', 'Sun Nov 23 2098','Wed Jul 13 2107','Doctorate') ;
INSERT INTO studyperiod values('spotty-finger@me.fr', 'S1_74AHztl', 'Tue Jul 11 2073','Sun Sep 16 2091','Secondary school diploma') ;
INSERT INTO studyperiod values('important-mass@videotron.io', 'HJ7ECSfFg', 'Tue Jun 06 2056','Sun Dec 17 2084','Some postsecondary education') ;
INSERT INTO studyperiod values('urbane-health@mac.co', 'S1A-QERrMte', 'Mon Dec 17 2035','Fri Aug 24 2085','Secondary school diploma') ;
INSERT INTO studyperiod values('sneaky-fold@yahoo.us', 'H13xQVAHMYl', 'Wed Mar 03 2100','Mon Apr 14 2064','Master degree') ;
INSERT INTO studyperiod values('pink-shop@sympatico.com', 'Hkfg7VCSGKg', 'Wed Jun 26 2019','Fri Dec 25 2048','Doctorate') ;
INSERT INTO studyperiod values('native-form@yahoo.uk', 'H13xQVAHMYl', 'Sun May 21 2090','Wed Apr 10 2024','Master degree') ;
INSERT INTO studyperiod values('incredible-week@me.io', 'rJ7-XECrfFe', 'Thu Mar 05 2043','Wed Dec 24 2104','Some postsecondary education') ;
INSERT INTO studyperiod values('intelligent-earth@hotmail.net', 'S1A-QERrMte', 'Wed Apr 22 2037','Fri Aug 24 2057','Less than secondary school graduation') ;
INSERT INTO studyperiod values('warlike-bubble@icloud.us', 'rJolX4CrfYe', 'Thu Dec 20 2035','Tue Feb 01 2095','Doctorate') ;
INSERT INTO studyperiod values('mute-dime@sympatico.net', 'rk5mVRrMYl', 'Fri Dec 26 2059','Mon Apr 08 2097','Cegep Diploma') ;
INSERT INTO studyperiod values('native-form@yahoo.uk', 'ryj7N0rztg', 'Thu Nov 17 2039','Mon Dec 04 2084','Master degree') ;
INSERT INTO studyperiod values('sharp-crate@hotmail.net', 'SkWXVRSGFl', 'Sun Jun 25 2113','Sat Dec 18 2049','Master degree') ;
INSERT INTO studyperiod values('obnoxious-basin@yahoo.net', 'rJ7-XECrfFe', 'Thu Jun 28 2035','Wed May 16 2046','Doctorate') ;
INSERT INTO studyperiod values('ample-railway@icloud.ca', 'SJye7N0SfKx', 'Thu Sep 01 2067','Tue Jan 26 2055','Master degree') ;
INSERT INTO studyperiod values('brief-sheet@videotron.fr', 'ryeg740rfKg', 'Mon Jan 01 2035','Tue Jun 22 2117','Bachelor degree') ;
INSERT INTO studyperiod values('warlike-bubble@icloud.us', 'ByBg7VRBztg', 'Mon Mar 01 2032','Sun Apr 15 2040','Doctorate') ;
INSERT INTO studyperiod values('nimble-honey@videotron.io', 'B1qgmEAHGYx', 'Sun Aug 07 2101','Tue Apr 25 2062','Doctorate') ;
INSERT INTO studyperiod values('important-mass@videotron.io', 'r1eW7VCHGFe', 'Sat Jan 10 2043','Tue Jan 13 2071','Less than secondary school graduation') ;
INSERT INTO studyperiod values('ashamed-join@videotron.uk', 'HyZWmERHMYl', 'Sat Dec 07 2080','Wed Nov 09 2050','Master degree') ;
INSERT INTO studyperiod values('untidy-teaching@sympatico.io', 'S14XEABGtl', 'Fri Aug 21 2116','Fri Sep 16 2101','Master degree') ;
INSERT INTO studyperiod values('nondescript-doll@videotron.ca', 'H1eXERBGtl', 'Sat Jun 01 2024','Wed Sep 26 2074','Cegep Diploma') ;
INSERT INTO studyperiod values('unbiased-tub@gmail.io', 'SkWXVRSGFl', 'Wed Nov 07 2046','Mon Nov 14 2112','Master degree') ;
INSERT INTO studyperiod values('unused-comparison@mac.io', 'BkzbQECBzKg', 'Mon Sep 13 2088','Fri Jun 18 2032','Cegep Diploma') ;
INSERT INTO studyperiod values('brief-sheet@videotron.fr', 'rkFlXN0SfFx', 'Sat Sep 26 2037','Mon Nov 07 2033','Master degree') ;
INSERT INTO studyperiod values('equal-letter@yahoo.io', 'S1_74AHztl', 'Thu Mar 17 2061','Wed Jul 07 2027','Cegep Diploma') ;
INSERT INTO studyperiod values('sneaky-fold@yahoo.us', 'r1eW7VCHGFe', 'Fri Oct 19 2103','Fri Feb 10 2096','Doctorate') ;
INSERT INTO studyperiod values('ashamed-join@videotron.uk', 'BkzbQECBzKg', 'Sat Apr 02 2101','Sat Apr 02 2101','Bachelor degree') ;
INSERT INTO studyperiod values('prompt-wrench@hotmail.net', 'BkzbQECBzKg', 'Mon Dec 16 2075','Tue Feb 28 2096','Doctorate') ;
INSERT INTO studyperiod values('obnoxious-basin@yahoo.net', 'Sks-QN0rztg', 'Sun Sep 01 2041','Fri Dec 31 2055','Less than secondary school graduation') ;
INSERT INTO studyperiod values('wakeful-quarter@me.us', 'ryj7N0rztg', 'Sat Jan 12 2109','Thu Dec 08 2039','Doctorate') ;
INSERT INTO studyperiod values('spiky-air@yahoo.uk', 'H1eXERBGtl', 'Wed May 26 2077','Mon Nov 01 2117','Secondary school diploma') ;
INSERT INTO studyperiod values('canny-voyage@gmail.uk', 'SJyGQE0HzFg', 'Fri Oct 12 2029','Wed Mar 09 2033','Cegep Diploma') ;
INSERT INTO studyperiod values('learned-carpenter@me.net', 'ryeg740rfKg', 'Tue Apr 02 2115','Wed Apr 10 2041','Some postsecondary education') ;
INSERT INTO studyperiod values('unused-comparison@mac.io', 'S1_74AHztl', 'Wed Jan 27 2066','Fri Jun 10 2089','Doctorate') ;
INSERT INTO studyperiod values('known-toothbrush@yahoo.uk', 'Sks-QN0rztg', 'Sun Feb 02 2116','Fri Aug 17 2035','Doctorate') ;
INSERT INTO studyperiod values('native-form@yahoo.uk', 'HkWlXN0SGFg', 'Mon Apr 09 2114','Tue Mar 17 2071','Secondary school diploma') ;
INSERT INTO studyperiod values('remarkable-suit@me.uk', 'BkzbQECBzKg', 'Thu Jul 28 2050','Wed Dec 16 2099','Master degree') ;
INSERT INTO studyperiod values('deeply-achiever@gmail.uk', 'rJolX4CrfYe', 'Wed Nov 16 2112','Sat May 10 2110','Cegep Diploma') ;
INSERT INTO studyperiod values('incredible-week@me.io', 'rJolX4CrfYe', 'Wed Nov 14 2035','Wed Jul 18 2057','Secondary school diploma') ;
INSERT INTO studyperiod values('wakeful-quarter@me.us', 'ryj7N0rztg', 'Mon Dec 06 2049','Wed Feb 07 2057','Master degree') ;
INSERT INTO studyperiod values('sharp-crate@hotmail.net', 'Hkfg7VCSGKg', 'Sat Sep 02 2017','Tue Dec 22 2111','Master degree') ;
INSERT INTO studyperiod values('remarkable-suit@me.uk', 'r1eW7VCHGFe', 'Wed Jan 12 2028','Wed Dec 23 2026','Doctorate') ;
INSERT INTO studyperiod values('jolly-sign@me.fr', 'HJ7ECSfFg', 'Sat May 02 2020','Sat May 17 2025','Secondary school diploma') ;
INSERT INTO studyperiod values('warlike-bubble@icloud.us', 'rJ7-XECrfFe', 'Sat Jun 20 2105','Thu May 07 2111','Doctorate') ;
INSERT INTO studyperiod values('abstracted-authority@hotmail.fr', 'ByBg7VRBztg', 'Sat Nov 28 2065','Sat Feb 26 2078','Doctorate') ;
INSERT INTO studyperiod values('incredible-week@me.io', 'HyZWmERHMYl', 'Thu Jun 02 2112','Mon Jan 06 2076','Cegep Diploma') ;
INSERT INTO studyperiod values('abstracted-authority@hotmail.fr', 'r1eW7VCHGFe', 'Thu Jan 02 2110','Wed Jul 28 2055','Bachelor degree') ;
INSERT INTO studyperiod values('responsible-crib@gmail.us', 'SJyGQE0HzFg', 'Mon Mar 15 2060','Sat Nov 19 2078','Bachelor degree') ;
INSERT INTO studyperiod values('important-mass@videotron.io', 'ryj7N0rztg', 'Mon Oct 07 2047','Tue Jul 03 2046','Cegep Diploma') ;
INSERT INTO studyperiod values('untidy-teaching@sympatico.io', 'rk5mVRrMYl', 'Sun Apr 14 2075','Wed Apr 11 2114','Cegep Diploma') ;
INSERT INTO studyperiod values('obnoxious-basin@yahoo.net', 'SkWXVRSGFl', 'Mon Aug 22 2101','Tue Nov 11 2070','Secondary school diploma') ;
INSERT INTO studyperiod values('remarkable-suit@me.uk', 'H17eXNCrftl', 'Fri Jul 28 2045','Thu Oct 27 2101','Master degree') ;
INSERT INTO studyperiod values('intelligent-earth@hotmail.net', 'ryj7N0rztg', 'Sat Feb 28 2093','Wed Jun 02 2032','Doctorate') ;
INSERT INTO studyperiod values('tiresome-rule@mac.ca', 'H13xQVAHMYl', 'Wed Nov 18 2099','Thu Oct 20 2107','Cegep Diploma') ;
INSERT INTO studyperiod values('untidy-teaching@sympatico.io', 'ryj7N0rztg', 'Tue Aug 07 2068','Sat Jul 01 2045','Some postsecondary education') ;
INSERT INTO studyperiod values('tiresome-rule@mac.ca', 'B1EWm4CBGKx', 'Sat May 26 2068','Mon Jun 18 2040','Master degree') ;
INSERT INTO studyperiod values('painstaking-aunt@icloud.com', 'r1eW7VCHGFe', 'Tue Sep 12 2028','Fri Mar 21 2059','Secondary school diploma') ;
INSERT INTO studyperiod values('heavy-language@icloud.us', 'H13xQVAHMYl', 'Mon Nov 30 2037','Tue Apr 17 2063','Secondary school diploma') ;
INSERT INTO studyperiod values('native-form@yahoo.uk', 'H1eXERBGtl', 'Mon Feb 11 2115','Wed Sep 29 2094','Doctorate') ;
INSERT INTO studyperiod values('native-form@yahoo.uk', 'SJye7N0SfKx', 'Fri Jul 12 2080','Mon Feb 18 2097','Less than secondary school graduation') ;
INSERT INTO studyperiod values('remarkable-suit@me.uk', 'r1eW7VCHGFe', 'Sun Aug 26 2068','Fri Jun 07 2097','Some postsecondary education') ;
INSERT INTO studyperiod values('remarkable-suit@me.uk', 'S1_74AHztl', 'Mon Aug 19 2080','Sat Feb 06 2112','Doctorate') ;
INSERT INTO studyperiod values('ashamed-join@videotron.uk', 'S1_74AHztl', 'Sat Apr 28 2103','Fri Aug 19 2095','Cegep Diploma') ;
INSERT INTO studyperiod values('warlike-bubble@icloud.us', 'ByBg7VRBztg', 'Mon Dec 12 2050','Tue Feb 18 2081','Master degree') ;
INSERT INTO studyperiod values('burly-cheese@me.uk', 'SJyGQE0HzFg', 'Sat Aug 02 2059','Mon Dec 15 2104','Some postsecondary education') ;
INSERT INTO studyperiod values('onerous-beef@yahoo.com', 'H1KWmVCrfFl', 'Tue Mar 29 2112','Sat Jul 27 2019','Secondary school diploma') ;
INSERT INTO studyperiod values('sneaky-fold@yahoo.us', 'H1eXERBGtl', 'Sat Nov 11 2056','Fri May 08 2111','Some postsecondary education') ;
INSERT INTO studyperiod values('outstanding-pig@icloud.uk', 'HkWlXN0SGFg', 'Wed Feb 26 2048','Wed Apr 14 2032','Cegep Diploma') ;
INSERT INTO studyperiod values('prompt-wrench@hotmail.net', 'r1rWQ4ArGKe', 'Mon Jan 28 2069','Sun Jan 27 2092','Secondary school diploma') ;
INSERT INTO studyperiod values('pink-shop@sympatico.com', 'H17eXNCrftl', 'Sun May 21 2017','Mon Feb 04 2036','Less than secondary school graduation') ;
INSERT INTO studyperiod values('spiky-air@yahoo.uk', 'H1KWmVCrfFl', 'Sat Dec 19 2048','Wed Feb 21 2024','Doctorate') ;
INSERT INTO studyperiod values('intelligent-earth@hotmail.net', 'H1eXERBGtl', 'Mon Sep 15 2064','Wed Nov 19 2110','Less than secondary school graduation') ;
INSERT INTO studyperiod values('spotty-finger@me.fr', 'B1EWm4CBGKx', 'Fri Jul 11 2031','Thu Jan 21 2112','Some postsecondary education') ;
INSERT INTO studyperiod values('tiresome-rule@mac.ca', 'By_-Q40HMKx', 'Fri Aug 12 2095','Tue Oct 14 2092','Less than secondary school graduation') ;
INSERT INTO studyperiod values('tiresome-rule@mac.ca', 'Sks-QN0rztg', 'Fri May 17 2086','Mon Jul 23 2085','Cegep Diploma') ;
INSERT INTO studyperiod values('nondescript-doll@videotron.ca', 'B1EWm4CBGKx', 'Tue Oct 02 2074','Wed Jul 29 2065','Some postsecondary education') ;
INSERT INTO studyperiod values('outstanding-pig@icloud.uk', 'S1_74AHztl', 'Wed Oct 15 2098','Thu Jan 05 2090','Bachelor degree') ;
INSERT INTO studyperiod values('mighty-fuel@mac.net', 'HkWlXN0SGFg', 'Sun Apr 07 2075','Fri Oct 26 2068','Cegep Diploma') ;
INSERT INTO studyperiod values('urbane-health@mac.co', 'ByBg7VRBztg', 'Fri May 19 2073','Sun May 09 2066','Cegep Diploma') ;
INSERT INTO studyperiod values('flagrant-can@sympatico.us', 'S1A-QERrMte', 'Mon Jul 14 2070','Wed Apr 11 2085','Less than secondary school graduation') ;
INSERT INTO studyperiod values('obnoxious-basin@yahoo.net', 'HJ7ECSfFg', 'Tue Jul 23 2080','Tue Jul 05 2061','Secondary school diploma') ;
INSERT INTO studyperiod values('spotty-finger@me.fr', 'rkFlXN0SfFx', 'Mon Mar 24 2098','Tue Apr 06 2077','Secondary school diploma') ;
INSERT INTO studyperiod values('burly-cheese@me.uk', 'S1_74AHztl', 'Fri Oct 07 2089','Wed Mar 23 2112','Bachelor degree') ;
INSERT INTO studyperiod values('sharp-crate@hotmail.net', 'S1A-QERrMte', 'Thu Aug 13 2054','Fri May 05 2113','Master degree') ;
INSERT INTO studyperiod values('ample-railway@icloud.ca', 'ByBg7VRBztg', 'Wed Jul 30 2064','Wed Jun 28 2102','Secondary school diploma') ;
INSERT INTO studyperiod values('canny-voyage@gmail.uk', 'ryeg740rfKg', 'Wed Mar 27 2097','Sun Jul 11 2100','Secondary school diploma') ;
INSERT INTO studyperiod values('incredible-week@me.io', 'rk5mVRrMYl', 'Fri Oct 28 2078','Wed Feb 15 2040','Bachelor degree') ;
INSERT INTO studyperiod values('native-form@yahoo.uk', 'BkzbQECBzKg', 'Tue Jul 06 2100','Mon Mar 24 2059','Doctorate') ;
INSERT INTO studyperiod values('mute-dime@sympatico.net', 'S14XEABGtl', 'Thu May 28 2048','Mon Dec 21 2065','Bachelor degree') ;
INSERT INTO studyperiod values('ashamed-join@videotron.uk', 'rk5mVRrMYl', 'Wed Nov 21 2035','Wed Oct 01 2042','Cegep Diploma') ;
INSERT INTO studyperiod values('sneaky-fold@yahoo.us', 'Hkfg7VCSGKg', 'Tue Sep 07 2032','Thu Jan 05 2040','Doctorate') ;
INSERT INTO studyperiod values('flagrant-can@sympatico.us', 'S1_74AHztl', 'Thu Jan 08 2093','Fri May 30 2031','Secondary school diploma') ;
INSERT INTO studyperiod values('deeply-achiever@gmail.uk', 'H13xQVAHMYl', 'Mon Jul 26 2032','Thu Mar 25 2117','Less than secondary school graduation') ;
INSERT INTO studyperiod values('teeny-crowd@mac.com', 'H1KWmVCrfFl', 'Wed Apr 23 2104','Sat Jun 27 2076','Doctorate') ;
INSERT INTO studyperiod values('flagrant-can@sympatico.us', 'rJolX4CrfYe', 'Thu Nov 03 2107','Sat Oct 06 2068','Doctorate') ;
INSERT INTO studyperiod values('ashamed-join@videotron.uk', 'S14XEABGtl', 'Mon May 28 2046','Thu Oct 12 2113','Secondary school diploma') ;
INSERT INTO studyperiod values('remarkable-suit@me.uk', 'Hkfg7VCSGKg', 'Fri Sep 24 2021','Sat Jun 15 2097','Doctorate') ;
INSERT INTO studyperiod values('painstaking-aunt@icloud.com', 'BkzbQECBzKg', 'Wed Feb 28 2029','Wed Apr 13 2039','Bachelor degree') ;
INSERT INTO studyperiod values('pink-shop@sympatico.com', 'H1eXERBGtl', 'Thu Aug 24 2073','Sat Nov 13 2038','Secondary school diploma') ;
INSERT INTO studyperiod values('native-form@yahoo.uk', 'H1eXERBGtl', 'Sun Aug 25 2075','Tue Sep 05 2045','Some postsecondary education') ;
INSERT INTO studyperiod values('unused-comparison@mac.io', 'Sks-QN0rztg', 'Wed Feb 13 2097','Sat Jun 05 2027','Secondary school diploma') ;
INSERT INTO studyperiod values('brief-sheet@videotron.fr', 'r1eW7VCHGFe', 'Sun Jan 30 2089','Tue Jul 31 2046','Secondary school diploma') ;
INSERT INTO studyperiod values('tiresome-rule@mac.ca', 'BkzbQECBzKg', 'Fri Sep 19 2036','Wed Jul 28 2055','Secondary school diploma') ;
INSERT INTO studyperiod values('jolly-sign@me.fr', 'B1EWm4CBGKx', 'Fri Jun 16 2079','Thu May 29 2036','Secondary school diploma') ;
INSERT INTO studyperiod values('spotty-finger@me.fr', 'SJye7N0SfKx', 'Mon Apr 22 2030','Fri Jan 09 2088','Cegep Diploma') ;
INSERT INTO studyperiod values('loose-pancake@hotmail.us', 'S14XEABGtl', 'Sat Apr 28 2018','Mon Jan 17 2067','Less than secondary school graduation') ;
INSERT INTO studyperiod values('remarkable-suit@me.uk', 'rJolX4CrfYe', 'Wed Jan 17 2018','Thu Jul 27 2051','Some postsecondary education') ;
INSERT INTO studyperiod values('nimble-honey@videotron.io', 'r1rWQ4ArGKe', 'Tue Apr 10 2096','Tue May 05 2026','Doctorate') ;
INSERT INTO studyperiod values('outstanding-pig@icloud.uk', 'ryeg740rfKg', 'Fri Feb 21 2087','Thu May 31 2029','Less than secondary school graduation') ;
INSERT INTO studyperiod values('mighty-fuel@mac.net', 'r1rWQ4ArGKe', 'Sun Apr 12 2071','Mon Jan 16 2062','Cegep Diploma') ;
INSERT INTO studyperiod values('incredible-week@me.io', 'SJyGQE0HzFg', 'Sat Feb 01 2048','Tue Feb 19 2075','Doctorate') ;
INSERT INTO studyperiod values('outstanding-pig@icloud.uk', 'r1eW7VCHGFe', 'Sun Aug 09 2043','Fri Oct 06 2056','Bachelor degree') ;
INSERT INTO studyperiod values('important-mass@videotron.io', 'HkWlXN0SGFg', 'Fri Nov 28 2081','Mon Jan 10 2033','Bachelor degree') ;
INSERT INTO studyperiod values('smooth-price@sympatico.fr', 'SkWXVRSGFl', 'Tue Sep 14 2077','Fri Apr 17 2071','Master degree') ;
INSERT INTO studyperiod values('cruel-chin@yahoo.uk', 'Sks-QN0rztg', 'Sun Nov 22 2116','Mon Sep 06 2055','Cegep Diploma') ;
INSERT INTO studyperiod values('mute-dime@sympatico.net', 'rk5mVRrMYl', 'Sat Apr 28 2068','Fri Sep 21 2108','Master degree') ;
INSERT INTO studyperiod values('uttermost-weather@hotmail.co', 'SJyGQE0HzFg', 'Mon Feb 02 2099','Tue Jan 31 2045','Some postsecondary education') ;
INSERT INTO studyperiod values('urbane-health@mac.co', 'B1EWm4CBGKx', 'Mon Oct 09 2102','Mon May 27 2075','Some postsecondary education') ;
INSERT INTO studyperiod values('unused-comparison@mac.io', 'rJolX4CrfYe', 'Fri Mar 31 2056','Sun Jul 10 2078','Secondary school diploma') ;
INSERT INTO studyperiod values('smooth-price@sympatico.fr', 'B1qgmEAHGYx', 'Tue Sep 26 2102','Sun Jul 30 2073','Bachelor degree') ;
INSERT INTO studyperiod values('jolly-sign@me.fr', 'rk5mVRrMYl', 'Sat Nov 13 2055','Wed Oct 26 2095','Bachelor degree') ;
INSERT INTO studyperiod values('brief-sheet@videotron.fr', 'rJolX4CrfYe', 'Tue Jun 22 2066','Thu Sep 01 2095','Some postsecondary education') ;
INSERT INTO studyperiod values('spotty-finger@me.fr', 'rkFlXN0SfFx', 'Thu Dec 21 2034','Tue Mar 08 2039','Doctorate') ;
INSERT INTO studyperiod values('smooth-price@sympatico.fr', 'B1EWm4CBGKx', 'Thu Apr 09 2111','Thu Oct 30 2059','Some postsecondary education') ;
INSERT INTO studyperiod values('known-toothbrush@yahoo.uk', 'HJ7ECSfFg', 'Mon Oct 07 2080','Wed Sep 15 2100','Cegep Diploma') ;
INSERT INTO studyperiod values('sneaky-fold@yahoo.us', 'SkWXVRSGFl', 'Mon Apr 09 2091','Wed Aug 22 2046','Some postsecondary education') ;
INSERT INTO studyperiod values('known-toothbrush@yahoo.uk', 'S14XEABGtl', 'Thu May 29 2098','Fri Feb 17 2113','Doctorate') ;
INSERT INTO studyperiod values('ashamed-join@videotron.uk', 'S1A-QERrMte', 'Tue Aug 26 2059','Fri Dec 12 2092','Less than secondary school graduation') ;
INSERT INTO studyperiod values('tiresome-rule@mac.ca', 'S1_74AHztl', 'Sun Sep 04 2067','Sat Nov 09 2069','Secondary school diploma') ;
INSERT INTO studyperiod values('unbiased-tub@gmail.io', 'rkFlXN0SfFx', 'Mon Oct 11 2021','Thu Sep 15 2078','Master degree') ;
INSERT INTO studyperiod values('flagrant-can@sympatico.us', 'HkWlXN0SGFg', 'Mon Jun 29 2054','Sun Oct 07 2108','Less than secondary school graduation') ;
INSERT INTO studyperiod values('spotty-finger@me.fr', 'H13xQVAHMYl', 'Thu Feb 20 2098','Wed Jul 13 2044','Master degree') ;
