/* Script generated Thu Feb 23 2017 19:41:38 GMT-0500 (Eastern Standard Time)*/

DROP VIEW IF EXISTS AgeCategoryStatistics;
DROP VIEW IF EXISTS Reactions;
DROP TABLE IF EXISTS studyperiod ;
DROP TABLE IF EXISTS workperiod  ;
DROP TABLE IF EXISTS message  ;
DROP TABLE IF EXISTS commentreaction  ;
DROP TABLE IF EXISTS comment  ;
DROP TABLE IF EXISTS postreaction  ;
DROP TABLE IF EXISTS post  ;
DROP TABLE IF EXISTS wall  ;
DROP TABLE IF EXISTS partof  ;
DROP TABLE IF EXISTS follows  ;
DROP TABLE IF EXISTS users  ;
DROP TABLE IF EXISTS conversation  ;
DROP TABLE IF EXISTS workplace  ;
DROP TABLE IF EXISTS school  ;
DROP TABLE IF EXISTS organization  ;
DROP TABLE IF EXISTS location  ;

/* It is impossible for an email to contain more than 320 characters */
CREATE TABLE Location(
  city VARCHAR(50) NOT NULL,
  country VARCHAR(50) NOT NULL,
  PRIMARY KEY (city, country)
);
CREATE TABLE Users(
  email VARCHAR(320) PRIMARY KEY CHECK (email ~ '^[a-zA-Z0-9\-.]+@[a-zA-Z0-9\-]+\.[a-zA-Z0-9\-.]+$'),
  first_name VARCHAR(50) NOT NULL,
  last_name VARCHAR(50) NOT NULL,
  birthday DATE NOT NULL,
  password VARCHAR(20) NOT NULL,
  gender VARCHAR(1) NOT NULL CHECK (gender='m' OR gender='f' OR gender='o'),
  city VARCHAR(50),
  country VARCHAR(50),
  FOREIGN KEY (city, country) REFERENCES Location(city, country)
);
CREATE TABLE Conversation(
  convo_id SERIAL PRIMARY KEY,
  name VARCHAR(100) NOT NULL
);
CREATE TABLE PartOf(
  email VARCHAR(320) REFERENCES Users(email),
  convo_id SERIAL REFERENCES Conversation(convo_id),
  PRIMARY KEY (email, convo_id)
);
CREATE TABLE Message(
  msg_id SERIAL PRIMARY KEY,
  email VARCHAR(320) REFERENCES Users(email),
  convo_id SERIAL REFERENCES Conversation(convo_id),
  time TIMESTAMP DEFAULT current_timestamp NOT NULL,
  content VARCHAR(2000) NOT NULL
);
/* Wall description is not required, permissions are stored as numbered values */
CREATE TABLE Wall(
  wall_id SERIAL PRIMARY KEY,
  descr VARCHAR(500),
  permission SMALLINT DEFAULT 0 NOT NULL,
  email VARCHAR(320) REFERENCES Users(email)
);
CREATE TABLE Post(
  pid SERIAL PRIMARY KEY,
  wall_id SERIAL REFERENCES Wall(wall_id),
  email VARCHAR(320) REFERENCES Users(email),
  date TIMESTAMP DEFAULT current_timestamp NOT NULL,
  text VARCHAR(2000) NOT NULL,
  url VARCHAR(2000)
);
CREATE TABLE Comment(
  cid SERIAL PRIMARY KEY,
  pid SERIAL REFERENCES Post(pid),
  email VARCHAR(320) REFERENCES Users(email),
  text TEXT NOT NULL,
  time TIMESTAMP DEFAULT current_timestamp NOT NULL
);

/*
Description is not required. Phone numbers are stored as characters, we chose a length
of 20 because it seemed reasonable. There are no phone numbers with more than 20 characters.
 */
CREATE TABLE Organization(
  org_id SERIAL PRIMARY KEY,
  name VARCHAR(100) NOT NULL,
  description VARCHAR(500),
  phone_number VARCHAR(20) NOT NULL,
  address VARCHAR(100) NOT NULL,
  email VARCHAR(320) CHECK (email ~ '^[a-zA-Z0-9\-.]+@[a-zA-Z0-9\-]+\.[a-zA-Z0-9\-.]+$'),
  city VARCHAR(50),
  country VARCHAR(50),
  FOREIGN KEY (city, country) REFERENCES Location(city, country)
);
CREATE TABLE School(
  org_id SERIAL REFERENCES Organization(org_id) PRIMARY KEY
);
CREATE TABLE Workplace(
  org_id SERIAL REFERENCES Organization(org_id) PRIMARY KEY
);
CREATE TABLE CommentReaction(
  cid SERIAL REFERENCES Comment(cid),
  email VARCHAR(320) REFERENCES Users(email),
  type VARCHAR(7) CHECK (type IN ('angry', 'happy', 'sad', 'like', 'excited')),
  PRIMARY KEY (cid, email)
);
CREATE TABLE PostReaction(
  pid SERIAL REFERENCES Post(pid),
  email VARCHAR(320) REFERENCES Users(email),
  type VARCHAR(7) CHECK (type IN ('angry', 'happy', 'sad', 'like', 'excited')),
  PRIMARY KEY (pid, email)
);
CREATE TABLE Follows(
  follower VARCHAR(320) REFERENCES Users(email),
  followed_by VARCHAR(320) REFERENCES Users(email),
  since TIMESTAMP DEFAULT current_timestamp NOT NULL
);
CREATE TABLE WorkPeriod(
  email VARCHAR(320) REFERENCES Users(email),
  org_id SERIAL REFERENCES Workplace(org_id),
  from_date DATE NOT NULL,
  to_date DATE NOT NULL,
  job_title VARCHAR(100) NOT NULL,
  CHECK (from_date <= to_date),
PRIMARY KEY (email,org_id,from_date,to_date)
);
CREATE TABLE StudyPeriod(
  email VARCHAR(320) REFERENCES Users(email),
  org_id SERIAL REFERENCES School(org_id),
  from_date DATE NOT NULL,
  to_date DATE NOT NULL,
  edu_level VARCHAR(100) NOT NULL,
  CHECK (from_date <= to_date),
  PRIMARY KEY (email,org_id,from_date,to_date)
);
INSERT INTO location values('Ash Shuaybah', 'Kuwait') ;
INSERT INTO location values('Ibague', 'Colombia') ;
INSERT INTO location values('Saint-Piorre', 'Reunion') ;
INSERT INTO location values('New Amsterdam', 'Guyana') ;
INSERT INTO location values('Gangshan', 'Taiwan') ;
INSERT INTO location values('Gibraltar', 'Gibraltar') ;
INSERT INTO location values('Tanaf', 'Senegal') ;
INSERT INTO location values('Corcelles', 'Switzerland') ;
INSERT INTO location values('Bamako', 'Mali') ;
INSERT INTO location values('Mbabane', 'Swaziland') ;
INSERT INTO location values('Orhei', 'Republic of Moldova') ;
INSERT INTO location values('Sispony', 'Andorra') ;
INSERT INTO location values('Goodlands', 'Mauritius') ;
INSERT INTO location values('Grytviken', 'South Georgia and the South Sandwich Islands') ;
INSERT INTO location values('Dili', 'East Timor') ;
INSERT INTO location values('Rychvald', 'Czech Republic') ;
INSERT INTO location values('Longyearbyen', 'Svalbard and Jan Mayen') ;
INSERT INTO location values('Poznan', 'Poland') ;
INSERT INTO location values('Godby', 'a…land') ;
INSERT INTO location values('Grindavik', 'Iceland') ;
INSERT INTO location values('Brovary', 'Ukraine') ;
INSERT INTO location values('Bissau', 'Guinea-Bissau') ;
INSERT INTO location values('Asmara', 'Eritrea') ;
INSERT INTO location values('Aden', 'Yemen') ;
INSERT INTO location values('Jawlakhel', 'Nepal') ;
INSERT INTO location values('Santa Isabel', 'Panama') ;
INSERT INTO location values('Chek Chue', 'Hong Kong') ;
INSERT INTO location values('Anse Marcel', 'Saint Martin') ;
INSERT INTO location values('Termez', 'Uzbekistan') ;
INSERT INTO location values('Anse La Raye', 'Saint Lucia') ;
INSERT INTO location values('Gigante', 'El Salvador') ;
INSERT INTO location values('Patchway', 'United Kingdom') ;
INSERT INTO location values('Hella', 'Iceland') ;
INSERT INTO location values('Lilongwe', 'Malawi') ;
INSERT INTO location values('Pyongyang', 'North Korea') ;
INSERT INTO location values('Vieux Fort', 'Saint Lucia') ;
INSERT INTO location values('Chinandega', 'Nicaragua') ;
INSERT INTO location values('Valjevo', 'Serbia') ;
INSERT INTO location values('Vasylkiv', 'Ukraine') ;
INSERT INTO location values('Cuenca', 'Ecuador') ;
INSERT INTO location values('Cap-Haa¯tien', 'Haiti') ;
INSERT INTO location values('Saxon', 'Switzerland') ;
INSERT INTO location values('Jamestown', 'Saint Helena') ;
INSERT INTO location values('Knebel', 'Denmark') ;
INSERT INTO location values('Abidjan', 'Ivory Coast') ;
INSERT INTO location values('Mansfield Woodhouse', 'United Kingdom') ;
INSERT INTO location values('Kumba', 'Cameroon') ;
INSERT INTO location values('Benavidez', 'Argentina') ;
INSERT INTO location values('Cotonou', 'Benin') ;
INSERT INTO location values('Jastkow', 'Poland') ;
INSERT INTO location values('Tasiilaq', 'Greenland') ;
INSERT INTO location values('Assiut', 'Egypt') ;
INSERT INTO location values('Salem', 'Montserrat') ;
INSERT INTO location values('Moengo', 'Suriname') ;
INSERT INTO location values('Port-aux-Francais', 'French Southern Territories') ;
INSERT INTO location values('Kourou', 'French Guiana') ;
INSERT INTO location values('Pemba', 'Mozambique') ;
INSERT INTO location values('Presidente Franco', 'Paraguay') ;
INSERT INTO location values('Hussein Dey', 'Algeria') ;
INSERT INTO location values('May Pen', 'Jamaica') ;
INSERT INTO location values('Al Wakrah', 'Qatar') ;
INSERT INTO location values('Virserum', 'Sweden') ;
INSERT INTO location values('Punaauia', 'French Polynesia') ;
INSERT INTO location values('Phumi Prek Mrinh', 'Cambodia') ;
INSERT INTO location values('American Samoa', 'American Samoa') ;
INSERT INTO location values('Biyagama', 'Sri Lanka') ;
INSERT INTO location values('Antsirabe', 'Madagascar') ;
INSERT INTO location values('Bobo-Dioulasso', 'Burkina Faso') ;
INSERT INTO location values('Sainte-Anne', 'Martinique') ;
INSERT INTO location values('Kralendijk', 'Bonaire') ;
INSERT INTO location values('Burford', 'United Kingdom') ;
INSERT INTO location values('Namibe', 'Angola') ;
INSERT INTO location values('Tang', 'Vietnam') ;
INSERT INTO location values('Flying Fish Cove', 'Christmas Island') ;
INSERT INTO location values('Charlestown', 'Saint Kitts and Nevis') ;
INSERT INTO location values('Engordany', 'Andorra') ;
INSERT INTO location values('Lubumbashi', 'Congo') ;
INSERT INTO location values('Gustavia', 'Saint-Barthelemy') ;
INSERT INTO location values('Kampala', 'Uganda') ;
INSERT INTO location values('Saint-Josse-ten-Noode', 'Belgium') ;
INSERT INTO location values('Al Mansurah', 'Egypt') ;
INSERT INTO location values('Calidonia', 'Panama') ;
INSERT INTO location values('Monte Carlo', 'Monaco') ;
INSERT INTO location values('Elend', 'Germany') ;
INSERT INTO location values('Kyyiv', 'Ukraine') ;
INSERT INTO location values('Fernando de la Mora', 'Paraguay') ;
INSERT INTO location values('Praia', 'Cape Verde') ;
INSERT INTO location values('Cecerleg', 'Mongolia') ;
INSERT INTO location values('Glejbjerg', 'Denmark') ;
INSERT INTO location values('Merl', 'Luxembourg') ;
INSERT INTO location values('Over Back The Damp', 'Turks and Caicos Islands') ;
INSERT INTO location values('La Habana', 'Cuba') ;
INSERT INTO location values('Union', 'Saint Vincent and the Grenadines') ;
INSERT INTO location values('Mymensingh', 'Bangladesh') ;
INSERT INTO location values('Sero Blanco', 'Aruba') ;
INSERT INTO location values('Al Ahmadi', 'Kuwait') ;
INSERT INTO location values('Shendi', 'Sudan') ;
INSERT INTO location values('Yishun New Town', 'Singapore') ;
INSERT INTO location values('Greystones', 'Ireland') ;
INSERT INTO location values('Woodbrook', 'Trinidad and Tobago') ;
/* Script generated Thu Feb 23 2017 19:41:38 GMT-0500 (Eastern Standard Time)*/

INSERT INTO users values('violent-advertisement@yahoo.us','Jose','Curry','Thu Sep 17 1953', 'refivraloe','m','Praia','Cape Verde') ;
INSERT INTO users values('nosy-wave@yahoo.uk','Gerald','Rogers','Wed Nov 13 1996', 'enwaajonug','m','Presidente Franco','Paraguay') ;
INSERT INTO users values('devilish-coast@me.net','Phoebe','Yates','Wed Dec 24 1952', 'sofohcehho','f','Ash Shuaybah','Kuwait') ;
INSERT INTO users values('scarce-rifle@icloud.ca','Trevor','Jensen','Sun Sep 10 1961', 'nuberwoiza','m','Namibe','Angola') ;
INSERT INTO users values('thick-yard@sympatico.us','Cole','Nunez','Mon Dec 07 1959', 'ovhatanalo','m','Dili','East Timor') ;
INSERT INTO users values('the-toothpaste@mac.io','Jeremy','Rose','Sun Apr 12 1981', 'nieswuhtal','m','Ash Shuaybah','Kuwait') ;
INSERT INTO users values('ossified-scarf@sympatico.co','Mayme','Berry','Wed May 08 1996', 'pirhuhifir','f','Kralendijk','Bonaire') ;
INSERT INTO users values('gray-pig@videotron.fr','Samuel','Munoz','Thu Sep 14 1989', 'lugjijkupb','m','Al Ahmadi','Kuwait') ;
INSERT INTO users values('poised-giants@mac.co','Mario','Quinn','Tue Oct 16 1962', 'tujuvepiru','m','Godby','a…land') ;
INSERT INTO users values('icky-crowd@mac.ca','Francis','McLaughlin','Fri Jan 08 1999', 'ruvoduwuho','f','Monte Carlo','Monaco') ;
INSERT INTO users values('possessive-noise@mac.us','Daniel','Gross','Fri Feb 15 1963', 'ecapurupow','m','Gigante','El Salvador') ;
INSERT INTO users values('thriving-arm@yahoo.io','Ivan','Hansen','Tue Jun 17 1997', 'aregdijdit','m','Assiut','Egypt') ;
INSERT INTO users values('aquatic-rainstorm@yahoo.fr','Robert','Morris','Mon Mar 07 1988', 'fidojmacka','m','Kumba','Cameroon') ;
INSERT INTO users values('hulking-rainstorm@gmail.co','Adrian','Murray','Tue Jul 27 1982', 'ojupjuzete','m','Chek Chue','Hong Kong') ;
INSERT INTO users values('cloistered-chin@mac.uk','George','Lawson','Sat Feb 08 1958', 'ripihodovc','m','Calidonia','Panama') ;
INSERT INTO users values('amazing-yarn@mac.ca','Allie','Webb','Sat Sep 30 1989', 'okizaziuta','f','Pyongyang','North Korea') ;
INSERT INTO users values('scared-action@hotmail.ca','Duane','Herrera','Sun Mar 08 1987', 'hopoghokge','m','Cotonou','Benin') ;
INSERT INTO users values('thoughtless-respect@sympatico.fr','George','Castro','Wed Oct 27 1971', 'lisogivufh','m','Hussein Dey','Algeria') ;
INSERT INTO users values('mammoth-stocking@icloud.net','Eula','Flowers','Fri Apr 27 1979', 'jatomzomhu','f','Calidonia','Panama') ;
INSERT INTO users values('furtive-canvas@hotmail.com','Teresa','Mathis','Tue Dec 07 1976', 'cilzoffemr','f','Abidjan','Ivory Coast') ;
INSERT INTO users values('crowded-death@hotmail.net','Rosa','Walker','Mon Sep 17 1956', 'ebasoudgid','f','Termez','Uzbekistan') ;
INSERT INTO users values('untidy-notebook@videotron.uk','Maggie','Hernandez','Tue Oct 23 1979', 'deszabduji','f','Anse La Raye','Saint Lucia') ;
INSERT INTO users values('mindless-wave@icloud.fr','Josephine','Boyd','Sat Jun 19 1965', 'vemobugfag','f','Chek Chue','Hong Kong') ;
INSERT INTO users values('different-step@gmail.net','Lena','Silva','Mon Aug 07 1995', 'fujaluwoss','f','Saxon','Switzerland') ;
INSERT INTO users values('bent-argument@me.fr','Lillie','Gibson','Fri Mar 03 1967', 'duposlosvo','f','Cuenca','Ecuador') ;
INSERT INTO users values('futuristic-frog@sympatico.co','Wayne','Brock','Fri Oct 07 1960', 'pawfeppeno','m','Jamestown','Saint Helena') ;
INSERT INTO users values('chilly-grass@videotron.co','Callie','Briggs','Tue Nov 16 1982', 'vadocgagfo','f','Godby','a…land') ;
INSERT INTO users values('endurable-giants@yahoo.com','Esther','Haynes','Sat Jul 28 1984', 'foitaacuru','f','Engordany','Andorra') ;
INSERT INTO users values('brash-pin@hotmail.com','Pearl','Evans','Thu Apr 17 1980', 'oriimikuer','f','Mymensingh','Bangladesh') ;
INSERT INTO users values('aspiring-bells@yahoo.io','Max','Brown','Wed Feb 06 1980', 'culdejlizt','m','Patchway','United Kingdom') ;
INSERT INTO users values('gorgeous-sugar@sympatico.io','Delia','Richards','Sat Sep 15 1979', 'pocziwsuza','f','Ibague','Colombia') ;
INSERT INTO users values('repulsive-pail@videotron.net','Micheal','Richards','Fri Apr 15 1983', 'nemmememuw','m','La Habana','Cuba') ;
INSERT INTO users values('romantic-match@yahoo.ca','Lilly','Fleming','Mon Sep 05 1983', 'kinefofwah','f','Vieux Fort','Saint Lucia') ;
INSERT INTO users values('daffy-angle@me.us','Isabel','Graves','Wed Jun 20 1962', 'ihenaudrup','f','Saxon','Switzerland') ;
INSERT INTO users values('jumbled-wash@yahoo.ca','Leah','Kelley','Sun Aug 31 1997', 'fimedsufar','f','Salem','Montserrat') ;
INSERT INTO users values('nauseating-song@sympatico.com','Lina','Watson','Mon Sep 19 1994', 'mivlizcivo','f','Jamestown','Saint Helena') ;
INSERT INTO users values('hurried-coal@icloud.io','Gregory','Burgess','Tue Oct 09 1956', 'lupihbebeg','m','Lubumbashi','Congo') ;
INSERT INTO users values('melodic-fruit@hotmail.io','Richard','Cummings','Fri Aug 12 1983', 'popverpizg','m','Valjevo','Serbia') ;
INSERT INTO users values('lying-pencil@mac.io','Tony','McGuire','Fri Jun 01 1973', 'sultapibew','m','Lilongwe','Malawi') ;
INSERT INTO users values('elegant-suggestion@hotmail.ca','Alan','Poole','Wed Sep 29 1954', 'piupsowene','m','Presidente Franco','Paraguay') ;
INSERT INTO users values('trashy-board@videotron.fr','Andrew','Little','Sun Dec 23 1979', 'rahzifsuke','m','Mansfield Woodhouse','United Kingdom') ;
INSERT INTO users values('utopian-beginner@sympatico.us','Ricardo','Weaver','Thu Jun 25 1964', 'nukinragzu','m','Poznan','Poland') ;
INSERT INTO users values('punchy-position@yahoo.com','Phillip','Hicks','Sun Nov 21 1999', 'vogufpawed','m','Hussein Dey','Algeria') ;
INSERT INTO users values('elfin-arithmetic@hotmail.com','Emily','Becker','Tue Nov 14 1961', 'fargaijagi','f','Gibraltar','Gibraltar') ;
INSERT INTO users values('sneaky-sense@yahoo.com','Bertha','Carter','Thu Mar 20 1958', 'neodlepate','f','Bobo-Dioulasso','Burkina Faso') ;
INSERT INTO users values('classy-girls@sympatico.us','Josie','Reyes','Sat Mar 13 1971', 'gaciujalow','f','Cecerleg','Mongolia') ;
INSERT INTO users values('past-bulb@yahoo.co','Bryan','Montgomery','Sun May 19 1985', 'nejsebfibj','m','Bobo-Dioulasso','Burkina Faso') ;
INSERT INTO users values('seemly-sneeze@sympatico.fr','Eliza','Kelley','Thu Jul 29 1982', 'fazenusiso','f','Charlestown','Saint Kitts and Nevis') ;
INSERT INTO users values('max-harbor@gmail.uk','Evelyn','Ross','Sat Oct 21 1967', 'gopertipos','f','Yishun New Town','Singapore') ;
INSERT INTO users values('dear-hands@mac.io','Beulah','Carlson','Fri Jul 20 1973', 'hagtosamul','f','Tang','Vietnam') ;
INSERT INTO users values('fast-bikes@gmail.fr','Ian','Willis','Wed Aug 07 1968', 'rudekkojko','m','Ash Shuaybah','Kuwait') ;
INSERT INTO users values('perpetual-rabbits@videotron.com','Don','Fletcher','Mon Feb 20 1989', 'gikibvapna','m','Bobo-Dioulasso','Burkina Faso') ;
INSERT INTO users values('spotted-deer@yahoo.io','Jean','Warner','Sun Nov 15 1981', 'befbaimmaj','f','Jamestown','Saint Helena') ;
INSERT INTO users values('vulgar-silk@mac.co','Ethan','Sherman','Wed Jan 16 1952', 'witewifvab','m','Brovary','Ukraine') ;
INSERT INTO users values('gnarly-number@mac.net','Tillie','Salazar','Fri Sep 26 1969', 'ozoiregosf','f','Moengo','Suriname') ;
INSERT INTO users values('short-mailbox@gmail.uk','Catherine','Newton','Sun Jun 24 1979', 'nodusuwsup','f','Kourou','French Guiana') ;
INSERT INTO users values('elegant-butter@icloud.us','Margaret','Chandler','Thu Feb 04 1993', 'lugorofein','f','Shendi','Sudan') ;
INSERT INTO users values('beefy-heat@hotmail.com','Ricardo','Patrick','Sun May 10 1964', 'afosudilev','m','Jamestown','Saint Helena') ;
INSERT INTO users values('maddening-basketball@yahoo.co','Jon','Silva','Fri Sep 04 1987', 'luzeoshigo','m','Moengo','Suriname') ;
INSERT INTO users values('secret-eyes@icloud.us','Hannah','Dean','Tue Sep 21 1954', 'etakigeodo','f','Pemba','Mozambique') ;
INSERT INTO users values('plausible-face@gmail.fr','Ruby','Guzman','Sat Feb 23 1957', 'jezesudzew','f','Anse La Raye','Saint Lucia') ;
INSERT INTO users values('rotten-front@videotron.io','Tom','Tate','Sat Oct 16 1971', 'javammewei','m','Fernando de la Mora','Paraguay') ;
INSERT INTO users values('giddy-cent@hotmail.ca','Melvin','Watkins','Wed Nov 11 1987', 'homubtabok','m','Assiut','Egypt') ;
INSERT INTO users values('impossible-flag@me.co','Betty','Jensen','Tue Feb 18 1969', 'obhosujiza','f','Mbabane','Swaziland') ;
INSERT INTO users values('moaning-plant@gmail.fr','Allen','Hubbard','Sun May 22 1960', 'pezitsoeru','m','Tang','Vietnam') ;
INSERT INTO users values('square-alarm@sympatico.ca','Richard','Hansen','Tue Nov 17 1953', 'gaphipsaev','m','Valjevo','Serbia') ;
INSERT INTO users values('tacky-driving@icloud.us','Derrick','Parks','Tue Oct 23 1973', 'itafawenom','m','American Samoa','American Samoa') ;
INSERT INTO users values('rampant-thunder@gmail.io','Owen','Neal','Thu Oct 19 1972', 'ersuktoedp','m','Al Mansurah','Egypt') ;
INSERT INTO users values('green-steam@me.net','Charlotte','Delgado','Thu Feb 16 1967', 'munehvujit','f','May Pen','Jamaica') ;
INSERT INTO users values('alluring-icicle@gmail.co','Georgie','Reynolds','Sun Jan 19 1964', 'vonuckujri','f','Pyongyang','North Korea') ;
INSERT INTO users values('naughty-balance@mac.io','Celia','Robinson','Sat Mar 13 1965', 'onotewaocf','f','Union','Saint Vincent and the Grenadines') ;
INSERT INTO users values('primo-coast@sympatico.uk','Maria','Webb','Fri Nov 04 1988', 'nicelejugt','f','Bissau','Guinea-Bissau') ;
INSERT INTO users values('elastic-loss@gmail.com','Jayden','Foster','Mon Feb 27 1956', 'avwembaibu','m','Anse La Raye','Saint Lucia') ;
INSERT INTO users values('eminent-dock@yahoo.io','Gertrude','Hines','Fri Oct 31 1969', 'ojfebmodiw','f','Al Mansurah','Egypt') ;
INSERT INTO users values('tense-door@me.co','Bryan','Ortiz','Fri Jul 20 1962', 'wuwagorfuk','m','Gigante','El Salvador') ;
INSERT INTO users values('kaput-cook@sympatico.us','Sallie','Simon','Fri Jan 14 1983', 'esdeogizuv','f','Cuenca','Ecuador') ;
INSERT INTO users values('obese-trousers@me.ca','Matthew','Young','Thu Jul 01 1982', 'taomdiutab','m','Patchway','United Kingdom') ;
INSERT INTO users values('mundane-condition@gmail.us','Cynthia','Jennings','Tue Jun 19 1979', 'iwifekarbe','f','Monte Carlo','Monaco') ;
INSERT INTO users values('cogent-weather@hotmail.us','Lora','Stevens','Sun Sep 22 1968', 'kigefelruc','f','Over Back The Damp','Turks and Caicos Islands') ;
INSERT INTO users values('spiteful-sugar@videotron.io','Lina','Aguilar','Fri Jul 22 1955', 'ciliwiniew','f','Bamako','Mali') ;
INSERT INTO users values('honest-suggestion@sympatico.uk','Larry','Hines','Tue Mar 15 1994', 'rujijjowmo','m','May Pen','Jamaica') ;
INSERT INTO users values('ideal-guitar@sympatico.co','Emily','Stewart','Sun Oct 23 1977', 'copihlotad','f','Pyongyang','North Korea') ;
INSERT INTO users values('haloed-reason@yahoo.us','Blake','Santiago','Fri Nov 16 1973', 'lokurutpor','m','Tanaf','Senegal') ;
INSERT INTO users values('ludicrous-authority@videotron.fr','Mattie','Henry','Wed Oct 23 1996', 'loaziujeze','f','Goodlands','Mauritius') ;
INSERT INTO users values('harsh-porter@videotron.ca','Roger','Becker','Wed Mar 18 1959', 'fitiftiupg','m','Mansfield Woodhouse','United Kingdom') ;
INSERT INTO users values('holistic-club@mac.com','Henry','Day','Sun Aug 12 1979', 'udwecjelho','m','Bobo-Dioulasso','Burkina Faso') ;
INSERT INTO users values('snappy-sack@sympatico.fr','Rena','Goodman','Wed Apr 23 1986', 'gaknekjoez','f','Gigante','El Salvador') ;
INSERT INTO users values('showy-clam@videotron.uk','Jacob','Soto','Fri Aug 31 1956', 'vazograbin','m','Cotonou','Benin') ;
INSERT INTO users values('fanatical-visitor@videotron.net','Maurice','Little','Wed Sep 12 1984', 'mefzuageka','m','Saint-Josse-ten-Noode','Belgium') ;
INSERT INTO users values('ratty-representative@sympatico.com','Abbie','Chambers','Sun Oct 27 1974', 'taencepozu','f','Corcelles','Switzerland') ;
INSERT INTO users values('greasy-ground@mac.co','Virgie','Moreno','Sat Apr 23 1966', 'sakduskana','f','Al Mansurah','Egypt') ;
INSERT INTO users values('burly-pipe@videotron.us','Henry','Vasquez','Fri Jan 03 1992', 'zuwogsejno','m','Fernando de la Mora','Paraguay') ;
INSERT INTO users values('solid-back@sympatico.io','Abbie','Olson','Thu Jun 07 1979', 'rivtavihnu','f','Santa Isabel','Panama') ;
INSERT INTO users values('redundant-laugh@sympatico.ca','Cory','Phillips','Wed May 25 1977', 'gevujimudo','m','Virserum','Sweden') ;
INSERT INTO users values('abstracted-note@icloud.us','Gregory','Nguyen','Sat Mar 12 1988', 'tapladgemi','m','Woodbrook','Trinidad and Tobago') ;
INSERT INTO users values('sophisticated-dad@mac.fr','Nettie','Lambert','Thu Aug 13 1964', 'fibsegewoc','f','May Pen','Jamaica') ;
INSERT INTO users values('noted-creature@mac.uk','Jeremiah','Fuller','Tue Feb 01 1966', 'unacuribke','m','Longyearbyen','Svalbard and Jan Mayen') ;
INSERT INTO users values('hushed-seashore@yahoo.uk','Bessie','Ellis','Sun Feb 10 1957', 'itoselarik','f','Lilongwe','Malawi') ;
INSERT INTO users values('five-vase@sympatico.com','Roger','Casey','Fri Feb 22 1963', 'gasisaenoi','m','Over Back The Damp','Turks and Caicos Islands') ;
INSERT INTO users values('jazzed-queen@gmail.fr','Dylan','Rodriquez','Thu Aug 15 1957', 'gaboemgoma','m','Tanaf','Senegal') ;
/* Script generated Thu Feb 23 2017 19:41:38 GMT-0500 (Eastern Standard Time)*/

INSERT INTO organization values('1','Rich calculator','Tu opuma hegmi nadti satmew da rudza kaz nezfabev kobabah safa eku if nujluj ne dev.','(242) 969-8861', '357 Ububu Square','rich-calculator@videotron.net','Charlestown','Saint Kitts and Nevis') ;
INSERT INTO school values('1') ;
INSERT INTO organization values('2','Rampant story','Hozwi lus pu cikdi java nocod rapka mo ril effogkak dolmeje me gob le.','(950) 851-9230', '1571 Dojo Extension','rampant-story@hotmail.fr','Over Back The Damp','Turks and Caicos Islands') ;
INSERT INTO school values('2') ;
INSERT INTO organization values('3','Mysterious cap','Uh reig zo naz lusmabu jielosa tudaw jij kenako urzap zoc dijfarwin vime.','(688) 222-6275', '163 Wimefe Lane','mysterious-cap@hotmail.uk','Biyagama','Sri Lanka') ;
INSERT INTO workplace values('3') ;
INSERT INTO organization values('4','Chubby wool','Onuikozo ta duk uc eg kew he cokeno ufki cu muocoti cic vadsow omekeba fajarkuc rihefmi.','(270) 332-2624', '855 Gicam Ridge','chubby-wool@hotmail.fr','Chinandega','Nicaragua') ;
INSERT INTO school values('4') ;
INSERT INTO organization values('5','Native toothbrush','Apheg tikevtef vicur miripte utoeme pet fumji fimesa bioveiru ra wug midwin wotofe.','(646) 950-1824', '499 Henbu Court','native-toothbrush@gmail.io','American Samoa','American Samoa') ;
INSERT INTO workplace values('5') ;
INSERT INTO organization values('6','Wholesale tail','Jocegi arpoiku bor tolsocles dedozmij ig jatuso pijroat oze go vowrakned ocozi dek uvipaz.','(340) 560-8933', '1350 Jiwi River','wholesale-tail@gmail.io','Brovary','Ukraine') ;
INSERT INTO school values('6') ;
INSERT INTO organization values('7','Utopian swim','Zowikaj cosfeedo vov vanom gow lilji be kawbomib hu jeti cih zi gav.','(243) 812-2529', '1471 Vobuwe Ridge','utopian-swim@gmail.com','Santa Isabel','Panama') ;
INSERT INTO workplace values('7') ;
INSERT INTO organization values('8','Tacky secretary','Ojejiozi fasuwam bidos poima cegameot du ka avo ri irbiaj rig lepjibhi ubilijo.','(986) 848-5232', '542 Raci Parkway','tacky-secretary@icloud.us','Chek Chue','Hong Kong') ;
INSERT INTO workplace values('8') ;
INSERT INTO organization values('9','Few oil','Kukem komba vag roj jautkic efu gu ivoro otiru co pibwa vuki jiti jik gibhuf eni hoven pohmej.','(937) 860-3332', '1178 Vebvar Grove','few-oil@hotmail.ca','Charlestown','Saint Kitts and Nevis') ;
INSERT INTO workplace values('9') ;
INSERT INTO organization values('10','Sore son','Ico ut age sodav uc wec rar porud wa jajav pocekjak valheku wuwa nihuah buifa ologatuc pe.','(871) 559-2435', '1109 Fezvup Ridge','sore-son@mac.uk','Hella','Iceland') ;
INSERT INTO workplace values('10') ;
INSERT INTO organization values('11','Stark representative','Ka torwit uzukamow nehro mefjin ummaer oknogene pama case jajef vaszoaj jo serje enweh obabezbun tefip zukowup kogac.','(466) 565-3368', '1895 Hurvaw Loop','stark-representative@gmail.uk','Ash Shuaybah','Kuwait') ;
INSERT INTO school values('11') ;
INSERT INTO organization values('12','Devilish hot','Iramvo da ohfumuw farav ekan bi biavi te edlicni ladjumu losbo pippukhe ewemaf.','(648) 388-8790', '1187 Owikag Extension','devilish-hot@mac.ca','Elend','Germany') ;
INSERT INTO workplace values('12') ;
INSERT INTO organization values('13','Posh behavior','Din devep vafoc cejekejal mepovki jaw idpo we hizorateg tac rahru herwizru hig gufhuina welisuw rakfe icoori gigbilu.','(349) 903-9904', '1157 Lowve Street','posh-behavior@gmail.net','Over Back The Damp','Turks and Caicos Islands') ;
INSERT INTO workplace values('13') ;
INSERT INTO organization values('14','Absorbing stop','Afeovef bulip sicuho laasi tu egoevbim talagdi get rop zag uza rumu rucisi ikzosli wofli ledijez.','(562) 345-3763', '1534 Oche Grove','absorbing-stop@videotron.fr','Presidente Franco','Paraguay') ;
INSERT INTO school values('14') ;
INSERT INTO organization values('15','Chic digestion','Napfi owe oki foop zicbi jamju usedawul sazval jag re laso ed pa lemcale gahawin.','(946) 452-3043', '1054 Wikef Mill','chic-digestion@gmail.io','Hella','Iceland') ;
INSERT INTO school values('15') ;
INSERT INTO organization values('16','Gainful engine','Merpo vokida akki odazeru mueb sorub wefbiti hasisu vitizap patem ilfuk pawep pebre.','(728) 501-8385', '1571 Tovmun Heights','gainful-engine@sympatico.io','Kourou','French Guiana') ;
INSERT INTO workplace values('16') ;
INSERT INTO organization values('17','Hanging branch','Onrot dus useb kezo zil lopup juuvucu tegve jud nare dadacwu rowsuk dobamofi.','(853) 259-8743', '47 Igebu Extension','hanging-branch@hotmail.io','Mansfield Woodhouse','United Kingdom') ;
INSERT INTO school values('17') ;
INSERT INTO organization values('18','Try poison','Od otnofo lijreb vemitru foadutu kanwuw nagwe pikir re liagnuz catikep buuk lowugoga jievvo.','(486) 802-1269', '1691 Uwtuh Trail','try-poison@mac.io','Over Back The Damp','Turks and Caicos Islands') ;
INSERT INTO workplace values('18') ;
INSERT INTO organization values('19','Gamy alarm','Jauto elfu rujpa ka cihbaw soke oj luas cogedvin ehgaga pepij gizome mewil megeva vinaw.','(579) 948-7751', '592 Zeder Path','gamy-alarm@yahoo.ca','American Samoa','American Samoa') ;
INSERT INTO workplace values('19') ;
INSERT INTO organization values('20','Defiant writer','Jomna facec tevkufiru tohgi kipagsa zevtujet rufito gimot wijros nam vo vep ahe pu nolidim birrow adtojufe.','(389) 875-6562', '1336 Redjo Glen','defiant-writer@icloud.uk','Jawlakhel','Nepal') ;
INSERT INTO school values('20') ;
INSERT INTO organization values('21','Violet believe','Gauwo pi toecofaz meaddu zahu ed sep jojav cer gojoip savun bupah.','(213) 724-8947', '598 Jufem Key','violet-believe@sympatico.fr','Kralendijk','Bonaire') ;
INSERT INTO school values('21') ;
INSERT INTO organization values('22','Elderly root','Zi kukok dohu bow jo mizvo miufamog atva kauce ta voiril wir tasumo nufofowe feje er.','(964) 462-1820', '261 Zipov Street','elderly-root@gmail.net','Punaauia','French Polynesia') ;
INSERT INTO workplace values('22') ;
INSERT INTO organization values('23','Sordid temper','Kotezci voulfow ibretzu oce zuszitibe rol di wa lolifewu noipo itubid vef vudi wuktatew lufwebe be oniajosaj.','(375) 736-1086', '1800 Amli Point','sordid-temper@icloud.fr','Praia','Cape Verde') ;
INSERT INTO school values('23') ;
INSERT INTO organization values('24','Stunning calculator','Vooru gu tieje dul dadren tow doripco jum cofu ikonehin hizzuluw jemowbo goetti virkauri wavi ebdi naaholul.','(920) 258-5750', '559 Teav Court','stunning-calculator@me.io','Corcelles','Switzerland') ;
INSERT INTO workplace values('24') ;
INSERT INTO organization values('25','Hanging rifle','Bomojiw hajjen bogagol mobroeke otibor cojcog gurko edo kof utapez sebugpe ve tov vo dupvokih zonzimvap camo.','(575) 769-6150', '149 Pofhu Pass','hanging-rifle@yahoo.uk','Abidjan','Ivory Coast') ;
INSERT INTO workplace values('25') ;
INSERT INTO organization values('26','Jovial bath','Keze kedbopmut lidiaz luh rifemvo zouci itu ha fanu hum dikniuci zazilem.','(354) 281-7979', '1816 Kupzah Ridge','jovial-bath@hotmail.fr','Longyearbyen','Svalbard and Jan Mayen') ;
INSERT INTO workplace values('26') ;
INSERT INTO organization values('27','Greasy minister','Cicira tibdeej rade bu doena laotiuzo ru bod dat riro nef kegtar koor kuuloza sob cum bunke.','(651) 209-8993', '281 Bebbir Junction','greasy-minister@hotmail.net','Gigante','El Salvador') ;
INSERT INTO workplace values('27') ;
INSERT INTO organization values('28','Mean square','Redbu bej daeza vuzefim tajpu lu vofutic wovvef haj iviwe ewafik jip.','(711) 854-7542', '1417 Midapu Pass','mean-square@videotron.ca','Gustavia','Saint-Barthelemy') ;
INSERT INTO workplace values('28') ;
INSERT INTO organization values('29','Sick smell','Zik feg rontodmeh be kote mutmofhu madewec isucohev onu pi buci ofhera duwoad.','(537) 914-3679', '1504 Amju Turnpike','sick-smell@mac.ca','Moengo','Suriname') ;
INSERT INTO workplace values('29') ;
INSERT INTO organization values('30','Goodly fruit','Zusraovo kansejub cimfisso wewen go bewajgap dockur luw okoamobub sohbob pu zur gotugi za ja.','(207) 576-1045', '1320 Cuame Manor','goodly-fruit@icloud.ca','Al Wakrah','Qatar') ;
INSERT INTO workplace values('30') ;
INSERT INTO organization values('31','Reflective cabbage','Haj gapvomgek ba to vajodu zak hib wat ga zuckobi akado obba esgona afibub za lepcog.','(733) 506-3419', '171 Avigib Grove','reflective-cabbage@yahoo.ca','Aden','Yemen') ;
INSERT INTO school values('31') ;
INSERT INTO organization values('32','Spiky board','Koono wezemum joapisa rikuw pulihgu mausmu lukote rumzibcoh jaogsal cutjovje pewkiuj hunuc.','(366) 947-7918', '507 Wera Highway','spiky-board@sympatico.uk','Pyongyang','North Korea') ;
INSERT INTO school values('32') ;
INSERT INTO organization values('33','Imminent metal','Gisofa arluv asiwop mijive sida vurwamod zegedo ma majwiul ho kapfa te aviod unomeno ojcoj.','(750) 323-2989', '565 Rakeh Path','imminent-metal@icloud.net','Shendi','Sudan') ;
INSERT INTO school values('33') ;
INSERT INTO organization values('34','Dead water','Capapu winitew juki onacep vuvami utopi miz durivnor hikew cep lasuv eg bobor.','(806) 347-8803', '578 Mogco Pike','dead-water@icloud.com','Yishun New Town','Singapore') ;
INSERT INTO school values('34') ;
INSERT INTO organization values('35','Wild stove','Ojiguw ukeama de ve bonmube usobo soj rejtiso woghejsag vacir vatad rohifcu giwlus gofa wusekfu sades abdi nidoha.','(714) 440-1903', '1027 Sobe Ridge','wild-stove@gmail.ca','Calidonia','Panama') ;
INSERT INTO school values('35') ;
INSERT INTO organization values('36','Craven skirt','Canpug samu kiedhik cola huf ze zelokuj vuh del hadas dukes cefa dobobso neltioze kinit.','(378) 853-5758', '1535 Nojve Manor','craven-skirt@videotron.uk','Cuenca','Ecuador') ;
INSERT INTO workplace values('36') ;
INSERT INTO organization values('37','Nifty snails','Muni ho tesse aj du gawaoho nowi giriw loc havladpo temabu higenimo.','(821) 689-9912', '1505 Cesgik Junction','nifty-snails@hotmail.co','Chinandega','Nicaragua') ;
INSERT INTO school values('37') ;
INSERT INTO organization values('38','Snowy shirt','Fewov dufsam he apuvuote ohugime in avupo cajunot gi pohihapu iddime noporcu mekudgoc lemuf kah tofe ci luto.','(644) 413-7867', '1421 Wurgeg Road','snowy-shirt@mac.uk','Al Ahmadi','Kuwait') ;
INSERT INTO school values('38') ;
INSERT INTO organization values('39','Macabre flight','Rafe eb vepiffe wip iv jo tib modhim nonhojmow covirgi ecte cublacig nesbi.','(706) 436-1100', '83 Naziwe Square','macabre-flight@gmail.io','Orhei','Republic of Moldova') ;
INSERT INTO school values('39') ;
INSERT INTO organization values('40','Wide trucks','Onki to mij sa za edareci tegojum mac uvo mogo ulaoni likup lipbajuva bah tekuv bofopca morcok ef.','(787) 817-4332', '558 Oniku Drive','wide-trucks@gmail.net','Elend','Germany') ;
INSERT INTO workplace values('40') ;
INSERT INTO organization values('41','Disgusted root','Ganal ofnac egirpu kuzaj kodcajdef gotiza cal vase hu culir pe iko amebucsis soh.','(902) 266-5827', '388 Pucsi Highway','disgusted-root@mac.net','Sero Blanco','Aruba') ;
INSERT INTO workplace values('41') ;
INSERT INTO organization values('42','Empty tendency','Eviefiom gigpu now zuc heonu tatzev hamgu wasul ses ozmi sinaive nonkoh.','(885) 974-5894', '1088 Wanba Parkway','empty-tendency@yahoo.us','Yishun New Town','Singapore') ;
INSERT INTO workplace values('42') ;
INSERT INTO organization values('43','Fair salt','Row ogufatku wuju is in manifva siv itze hoz lekwa tun zumes.','(553) 774-5565', '378 Hikac Turnpike','fair-salt@hotmail.ca','Asmara','Eritrea') ;
INSERT INTO workplace values('43') ;
INSERT INTO organization values('44','Labored trouble','Ji anpowop mibejovug cofsuame etelim viktik ov juase ne rocuruvuk wu ganooku banusala hozwo.','(521) 810-3610', '634 Zukes Street','labored-trouble@icloud.fr','Goodlands','Mauritius') ;
INSERT INTO school values('44') ;
INSERT INTO organization values('45','Entertaining squirrel','Bunop tesuv gafuzso riasiv okiha umiince moob hilbe fizo fuiw obunoka cinmume noz nuron gien.','(740) 755-4036', '36 Wecog Park','entertaining-squirrel@me.co','Punaauia','French Polynesia') ;
INSERT INTO school values('45') ;
INSERT INTO organization values('46','Garrulous woman','Godjace or imeezo kihloal ruwnud maco daminsi ipuagoza sibutzi fazum ez kiefief dafneg.','(909) 605-8782', '237 Ongaf Terrace','garrulous-woman@mac.co','Monte Carlo','Monaco') ;
INSERT INTO school values('46') ;
INSERT INTO organization values('47','Crabby scissors','Rigev gimuwi miz majze tet deruk hoz amowuzi sagego ze gozena idopo ori zigma.','(825) 851-8154', '2000 Rufis View','crabby-scissors@me.us','Bissau','Guinea-Bissau') ;
INSERT INTO workplace values('47') ;
INSERT INTO organization values('48','Worthy gate','Baw eni ze citku jat vaot pebeke zojusa upourucu tuza ravi liom ajabab ennez.','(620) 434-1778', '1592 Renwik Center','worthy-gate@icloud.io','Saint-Piorre','Reunion') ;
INSERT INTO workplace values('48') ;
INSERT INTO organization values('49','Unwavering position','Ubisij nihah konwal fel wom ki resefa gegdovpo evko firu jubek daigeti tu ono azdu ipopit.','(731) 754-3766', '138 Lobcac Road','unwavering-position@me.io','Cecerleg','Mongolia') ;
INSERT INTO workplace values('49') ;
INSERT INTO organization values('50','Late maid','Apletur ij sad urrar ca ag ke kimhih ga novlar natofa fehnomelo.','(322) 893-5267', '293 Hogo Square','late-maid@mac.uk','Kralendijk','Bonaire') ;
INSERT INTO workplace values('50') ;
INSERT INTO organization values('51','Bright talk','Dutegeg lob wa haf lez re asaak li epsunvac abejec fi bahomaz.','(813) 873-4049', '138 Korom Drive','bright-talk@videotron.com','Poznan','Poland') ;
INSERT INTO workplace values('51') ;
INSERT INTO organization values('52','Capricious look','Kesdefi vobvunve ak ituco ahe icu ra suvab muthab tewpigeh sewostoj tuc ciwob.','(808) 462-7869', '1469 Doej View','capricious-look@hotmail.com','Termez','Uzbekistan') ;
INSERT INTO school values('52') ;
INSERT INTO organization values('53','Hypnotic system','Da bidupinar uvonow musru nam or gowhali souha saj kelaz tih motemfov redcig odonej wopedlu soji ocuveji.','(979) 998-3647', '869 Akuw Trail','hypnotic-system@yahoo.co','Cecerleg','Mongolia') ;
INSERT INTO workplace values('53') ;
INSERT INTO organization values('54','Dashing magic','Umjahuc wirmu betsiwce zuzammo mupcim uwipa kej wilnovduv avubo vum camta ajawapi ojiebuhi kiuse nubnaz irinuwran noj.','(502) 972-9272', '425 Sakewa Ridge','dashing-magic@mac.uk','Vieux Fort','Saint Lucia') ;
INSERT INTO workplace values('54') ;
INSERT INTO organization values('55','Glib competition','Koluwin wobufi wej ze mawluma poopole fi de uji ubvi iwucur cufekrab semohemi.','(216) 768-2613', '1261 Revub Glen','glib-competition@yahoo.com','Praia','Cape Verde') ;
INSERT INTO workplace values('55') ;
INSERT INTO organization values('56','Superficial crate','Kudla opeuteof hemsibu rovuma mobeel ro kub tijwuf wesdebeg bosogum tikul med bogki hiffu kokawo ahfige.','(223) 427-6170', '1542 Dunol Ridge','superficial-crate@icloud.us','Yishun New Town','Singapore') ;
INSERT INTO workplace values('56') ;
INSERT INTO organization values('57','Posh bead','Du keubo vucil tikudan topcajak olediel livjogep si kagfi hoikfa toho nipna ruhmut pesecej wugwah na ne aro.','(279) 424-1323', '1336 Huujo Road','posh-bead@hotmail.fr','Pemba','Mozambique') ;
INSERT INTO school values('57') ;
INSERT INTO organization values('58','Elegant machine','Huefjo zobij cohso kamivaari wow bafuzkom wasuw isodo ojahumseb to nep uwo fazapuiju paolok nowvamoki zini huagguv.','(726) 397-9079', '716 Sonho Court','elegant-machine@gmail.co','Salem','Montserrat') ;
INSERT INTO workplace values('58') ;
INSERT INTO organization values('59','Sordid club','Leiki bat hi ajov urwoktun geedijo podu niha pa zikku begriso etezume kep vuk tap ceckap umla pe.','(437) 498-5864', '255 Gepi Place','sordid-club@yahoo.ca','Al Mansurah','Egypt') ;
INSERT INTO workplace values('59') ;
INSERT INTO organization values('60','Stupendous tramp','Vuaf ibmop lan duuzzav diiwera koszugbu razelpen coamo umoiruje jenes konluro cius pismor pivpus.','(214) 994-5499', '1574 Cekudu Lane','stupendous-tramp@yahoo.uk','Gustavia','Saint-Barthelemy') ;
INSERT INTO school values('60') ;
INSERT INTO organization values('61','Flaky quiver','Uzbiztug jub utow weaw pafwe vepbaru baze timalas apsatu sil vusu es tatpa ufekovaji si anozod hehoja apjoj.','(576) 286-4786', '1311 Honoj Road','flaky-quiver@me.ca','Santa Isabel','Panama') ;
INSERT INTO workplace values('61') ;
INSERT INTO organization values('62','Foamy hammer','Nohi fihuvi ufehuz po oriz wat jekojnu dut ilu di nuk gemnanohu ufhessim lelez.','(452) 879-2978', '727 Nafru River','foamy-hammer@icloud.co','Over Back The Damp','Turks and Caicos Islands') ;
INSERT INTO workplace values('62') ;
INSERT INTO organization values('63','Broken field','Pag uwlacwa rivduzuc otsuvap le pof fugmuoj rofeguho up fuda ah zewkiet.','(376) 619-6253', '1391 Cojol Lane','broken-field@me.co','Ibague','Colombia') ;
INSERT INTO workplace values('63') ;
INSERT INTO organization values('64','Nosy stranger','Gije jo ku zev is gahranod penu neve pal em rokgup zudjac legve soga cor kioga.','(907) 283-3122', '852 Ovomel Pike','nosy-stranger@yahoo.ca','Corcelles','Switzerland') ;
INSERT INTO school values('64') ;
INSERT INTO organization values('65','Pointless stocking','Uvwoc beddo ur potsarez vepugo vehtoj guajukav kaafnij fekakebe et epelujada na gib akihid zeh rotozva.','(282) 716-7732', '1133 Heaj Trail','pointless-stocking@hotmail.ca','Abidjan','Ivory Coast') ;
INSERT INTO workplace values('65') ;
INSERT INTO organization values('66','Lean rod','Wabsolol wot jaze dugcozih ukoca guej mudi egzacwi po amuz fucbofi civese huun ma hozoku faro nabsufsa.','(704) 525-1356', '1095 Anoluz Square','lean-rod@sympatico.uk','Godby','a…land') ;
INSERT INTO school values('66') ;
INSERT INTO organization values('67','Innocent visitor','Nielom bilihtem uzookejej ahunocve neleni gatoc refimda suja ugoh alsemuj zetipid ejonazfud isinu sik ikovehku kosav fes.','(385) 808-1075', '317 Jemup Boulevard','innocent-visitor@yahoo.net','Glejbjerg','Denmark') ;
INSERT INTO workplace values('67') ;
INSERT INTO organization values('68','Even sound','Agatisziw lugarcop faodu karle cifhevpin omotem bo dalzetbip gavdik muwwawte hofzalul ro vudginse walgo jonbaw uzopemwi.','(310) 282-2056', '1655 Dudke Parkway','even-sound@videotron.io','Grindavik','Iceland') ;
INSERT INTO workplace values('68') ;
INSERT INTO organization values('69','Secretive current','Ena celfip sijfat beiz jowoh ahsiv vihdikhuw gezca cebahiic atluk ev fonvovmet oki rieku di camdejug pimkimol oku.','(312) 620-3130', '799 Wezev Park','secretive-current@hotmail.com','Termez','Uzbekistan') ;
INSERT INTO workplace values('69') ;
INSERT INTO organization values('70','Physical crack','Covu iccar rub cuf es gowag fiji nowat lohe pitlosun opebigad oto zepruzi wekalfe delbul.','(668) 733-1079', '1907 Lemlod River','physical-crack@yahoo.us','Al Mansurah','Egypt') ;
INSERT INTO school values('70') ;
INSERT INTO organization values('71','Doting chin','Vaidona at dir egarat mivgaehu tas wouju liupro kefpoc lifekvug cesobso du.','(437) 444-9291', '359 Tizin Way','doting-chin@me.net','Cap-Haa¯tien','Haiti') ;
INSERT INTO school values('71') ;
INSERT INTO organization values('72','Blue yarn','Det cuzecju zenzu luhdiifu leh fejdakop ca maefijez lo aneos vouba evepa nuh fenag nis mufoj cewobri.','(507) 892-7314', '716 Acale Heights','blue-yarn@gmail.us','Virserum','Sweden') ;
INSERT INTO workplace values('72') ;
INSERT INTO organization values('73','Savory snake','Jen dovviscel tanowdi elitog wogata ojpinib hudlivsub gacikvi mer roganoc comkek capog wu wim.','(527) 846-3915', '1304 Baoda Manor','savory-snake@mac.us','Woodbrook','Trinidad and Tobago') ;
INSERT INTO school values('73') ;
INSERT INTO organization values('74','Shy position','Nem vunu lowe faeti be zefidhi law ahda jatram tar deow gu ibdup evjep uzaju uh kuv kisefvu.','(974) 771-8457', '1209 Mimik Manor','shy-position@icloud.fr','Jamestown','Saint Helena') ;
INSERT INTO workplace values('74') ;
INSERT INTO organization values('75','Awake queen','Ve betjir eg gupo zivalige sanozonu ibjije dawcojo badgib egien bopdagpu levkulo vome tidous ivzohito be.','(904) 988-7607', '89 Nearu Park','awake-queen@mac.com','Bamako','Mali') ;
INSERT INTO workplace values('75') ;
INSERT INTO organization values('76','Earthy mouth','Nano epwi nac wovi wenu tiwower mif cohuzod orejev sarebge gezuj ehaputva cucba ferauvi vegsi.','(551) 736-1493', '613 Hawzol Heights','earthy-mouth@me.us','Pemba','Mozambique') ;
INSERT INTO workplace values('76') ;
INSERT INTO organization values('77','Sincere home','Kujow igilo vizsa menbuape calot hiwso ifwimu se hoina kohiji asdot ne caspu eza avora kijola nihofni suaki.','(675) 900-8941', '1531 Duju Park','sincere-home@yahoo.ca','Gangshan','Taiwan') ;
INSERT INTO workplace values('77') ;
INSERT INTO organization values('78','Reflective distribution','Ehu nempizut dirsafoc etuwalci wusidow vowibeg zolsud utnov seb sawajku focucvi dobofip awuperoj vedsig bozati souzozi wida dulidak.','(523) 685-6782', '1458 Gidet Glen','reflective-distribution@gmail.uk','Ash Shuaybah','Kuwait') ;
INSERT INTO school values('78') ;
INSERT INTO organization values('79','Blessed milk','Fumwuf zeg fezsu raiza kewekbi ijomap wozov ezja tevikduf ej ujwo suslizfu waopo supbeaho fopon ger ofviz.','(600) 486-7653', '748 Odapa Parkway','blessed-milk@me.co','Sero Blanco','Aruba') ;
INSERT INTO workplace values('79') ;
INSERT INTO organization values('80','Healthy theory','Ene mirpuldi kendov dos luvelo raf ba osduv da mo jurezma ukidivuha ufo nakmizjo.','(817) 647-6911', '441 Baksap Court','healthy-theory@yahoo.net','Vieux Fort','Saint Lucia') ;
INSERT INTO workplace values('80') ;
INSERT INTO organization values('81','Holy current','Idoju zal firuz si zam ejpu lirodat lula rivu mengatlo togej lodavmo gankiw bawhi.','(659) 367-2293', '1001 Narbej Extension','holy-current@me.uk','Engordany','Andorra') ;
INSERT INTO school values('81') ;
INSERT INTO organization values('82','Flat home','Bujemic owgup nioze az jovta dozok jit davpeget no osofoj akvaheb kot zutu sepva metuc duvre.','(636) 406-1333', '969 Sani Lane','flat-home@yahoo.co','Yishun New Town','Singapore') ;
INSERT INTO workplace values('82') ;
INSERT INTO organization values('83','Gruesome mother','Ha kages zaj cise dur doc up aki obakav boklu lud ize wo.','(842) 879-7794', '882 Vupe View','gruesome-mother@me.com','Dili','East Timor') ;
INSERT INTO workplace values('83') ;
INSERT INTO organization values('84','Mean nose','Cuzej nemi hub didumukop ugdiv new vazisik moc tahdin gupoh zi rumzome ubvi pa vimtisnum.','(853) 473-3897', '401 Padupi Drive','mean-nose@yahoo.fr','Pyongyang','North Korea') ;
INSERT INTO school values('84') ;
INSERT INTO organization values('85','Opposite smoke','La du li omumujut piwucogu zuhalon sunzo ce gi ej seag homa ge zaslig leotoef.','(948) 717-6129', '722 Kuzmew Heights','opposite-smoke@sympatico.ca','Cuenca','Ecuador') ;
INSERT INTO workplace values('85') ;
INSERT INTO organization values('86','Silent hospital','Sibove hi ihpa wamololi maficreg na cabsosvom apwoeli riolaf batewe uzeworwe li cowek vonvoro veje suesi famac tifiwsi.','(580) 294-8553', '947 Lita Turnpike','silent-hospital@sympatico.io','Kumba','Cameroon') ;
INSERT INTO school values('86') ;
INSERT INTO organization values('87','Omniscient play','Sekespo uzamobce rave il cupub ilamafvo gun akotapwej zan suniwipo ozi lok dinki ko umneid ufgim ro.','(518) 562-3948', '1233 Edojum Plaza','omniscient-play@gmail.com','Punaauia','French Polynesia') ;
INSERT INTO school values('87') ;
INSERT INTO organization values('88','Close whip','Cud re feke rez vobelsa ju ac iku vipig logkidiz regdu kizu hu mokup wo neziv.','(360) 932-7362', '1351 Sape Street','close-whip@videotron.co','Fernando de la Mora','Paraguay') ;
INSERT INTO school values('88') ;
INSERT INTO organization values('89','Alert measure','Safma hug tide saw caajfo deko ofbavub rupat paet awo wiuv go luhna egi.','(765) 686-2856', '535 Menore Terrace','alert-measure@yahoo.net','Orhei','Republic of Moldova') ;
INSERT INTO workplace values('89') ;
INSERT INTO organization values('90','Open rings','Lug cohom ohhoso pecig fezjeso bigaj redgo zu wishewha pu jewpod juh samavrer jetagepe ju mo.','(674) 515-4288', '109 Zufu Path','open-rings@me.com','Longyearbyen','Svalbard and Jan Mayen') ;
INSERT INTO school values('90') ;
INSERT INTO organization values('91','Puffy toe','Piricu codholi miz durdigac jo kowite ozahuhaj bu izipikotu cujbieti ufoafefav rutob nuz jahumi ver mogsuc femkewik iwa.','(827) 741-6615', '1652 Geskef Path','puffy-toe@videotron.co','Fernando de la Mora','Paraguay') ;
INSERT INTO workplace values('91') ;
INSERT INTO organization values('92','Swanky slip','Tohaesi sug uvde pih eptom ivwos odegad zib sijevte oka zewwup vu renewa ko piga du.','(455) 592-2810', '1225 Onve Glen','swanky-slip@me.fr','Cotonou','Benin') ;
INSERT INTO workplace values('92') ;
INSERT INTO organization values('93','Abusive reward','Icma ifo tow ubkubu silebe lales fu cudakem foge ka nuej ne lithaida gulkeh tuzlam tabkurfo.','(814) 381-3769', '1219 Zibham Turnpike','abusive-reward@yahoo.us','Vasylkiv','Ukraine') ;
INSERT INTO workplace values('93') ;
INSERT INTO organization values('94','Juicy downtown','Kuw pijgiwje vovmu nig mep vo mitifco ocso hif ipeeklec tag pazabi vufleb zovguin bohos cuvibo zumgocuci.','(960) 256-4377', '61 Asoge Place','juicy-downtown@sympatico.io','Greystones','Ireland') ;
INSERT INTO workplace values('94') ;
INSERT INTO organization values('95','Rare party','Wikpana hocmu kuv koj epzam por weg kefefwow wem ibo cuhaveb fowiw.','(686) 202-3988', '1236 Giko Drive','rare-party@videotron.io','Jawlakhel','Nepal') ;
INSERT INTO school values('95') ;
INSERT INTO organization values('96','Flat haircut','Igi relimuw nawiir boilief nicehi fahenem wekobseb boluf amino lag godpezco rekuvap malivej etawuta.','(474) 423-1214', '274 Holog Point','flat-haircut@sympatico.net','Saint-Josse-ten-Noode','Belgium') ;
INSERT INTO school values('96') ;
INSERT INTO organization values('97','Tacky doll','Vew map jelke fet fupeg fosug fajvud awbi ur kappor cifi kasrolfu zop jikpa.','(829) 412-2891', '1764 Ipuzaf Mill','tacky-doll@sympatico.fr','Assiut','Egypt') ;
INSERT INTO workplace values('97') ;
INSERT INTO organization values('98','Curious belief','Hozerja cirinome ubi li vatedavul nus vokfod zozvi hojrak hosdogaf tatpe kur.','(206) 308-8488', '437 Acefoz Lane','curious-belief@yahoo.com','Cotonou','Benin') ;
INSERT INTO school values('98') ;
INSERT INTO organization values('99','Jazzy men','Wighi fajpu vuswuwe rud cikufra zu kiaw ubheziz tivam pe hifnolku joecagi dis kun uhdobgas resen sazura.','(407) 802-3819', '308 Zadu Boulevard','jazzy-men@videotron.ca','Engordany','Andorra') ;
INSERT INTO school values('99') ;
INSERT INTO organization values('100','Complex gun','Acafoir ki fahkis bipvu zi cag mac gob mezvewum zugvu kivegih ka ni mo izeibenit nojovlig toce vagwuv.','(564) 634-4186', '940 Vawam Heights','complex-gun@yahoo.fr','Engordany','Andorra') ;
INSERT INTO school values('100') ;
/* Script generated Thu Feb 23 2017 19:41:38 GMT-0500 (Eastern Standard Time)*/

INSERT INTO conversation values('1','guttural grip') ;
INSERT INTO conversation values('2','silly curve') ;
INSERT INTO conversation values('3','pumped account') ;
INSERT INTO conversation values('4','cared noise') ;
INSERT INTO conversation values('5','savory destruction') ;
INSERT INTO conversation values('6','loutish building') ;
INSERT INTO conversation values('7','acoustic year') ;
INSERT INTO conversation values('8','finicky knee') ;
INSERT INTO conversation values('9','efficient mist') ;
INSERT INTO conversation values('10','juvenile boat') ;
INSERT INTO conversation values('11','tacky bikes') ;
INSERT INTO conversation values('12','teal war') ;
INSERT INTO conversation values('13','chunky train') ;
INSERT INTO conversation values('14','breakable trees') ;
INSERT INTO conversation values('15','protective scene') ;
INSERT INTO conversation values('16','saucy sock') ;
INSERT INTO conversation values('17','idiotic party') ;
INSERT INTO conversation values('18','possible field') ;
INSERT INTO conversation values('19','domineering lunch') ;
INSERT INTO conversation values('20','lopsided reward') ;
INSERT INTO conversation values('21','truculent plastic') ;
INSERT INTO conversation values('22','actually cook') ;
INSERT INTO conversation values('23','faithful wine') ;
INSERT INTO conversation values('24','forlorn walk') ;
INSERT INTO conversation values('25','wired system') ;
INSERT INTO conversation values('26','spiffy collar') ;
INSERT INTO conversation values('27','punchy need') ;
INSERT INTO conversation values('28','spiteful reaction') ;
INSERT INTO conversation values('29','cruel tent') ;
INSERT INTO conversation values('30','addicted slip') ;
INSERT INTO conversation values('31','lousy border') ;
INSERT INTO conversation values('32','miscreant hope') ;
INSERT INTO conversation values('33','closed mountain') ;
INSERT INTO conversation values('34','eager form') ;
INSERT INTO conversation values('35','zesty chance') ;
INSERT INTO conversation values('36','temporary honey') ;
INSERT INTO conversation values('37','exultant bite') ;
INSERT INTO conversation values('38','miscreant head') ;
INSERT INTO conversation values('39','utopian eye') ;
INSERT INTO conversation values('40','waiting tank') ;
INSERT INTO conversation values('41','ruthless women') ;
INSERT INTO conversation values('42','vast thrill') ;
INSERT INTO conversation values('43','taboo mice') ;
INSERT INTO conversation values('44','industrious carriage') ;
INSERT INTO conversation values('45','far birthday') ;
INSERT INTO conversation values('46','numero cart') ;
INSERT INTO conversation values('47','seemly kiss') ;
INSERT INTO conversation values('48','dusty shoe') ;
INSERT INTO conversation values('49','bright rock') ;
INSERT INTO conversation values('50','green afternoon') ;
/* Script generated Thu Feb 23 2017 19:41:38 GMT-0500 (Eastern Standard Time)*/

INSERT INTO wall values('1', 'Luocomo rowo kitihdow kul ak rasoh tu gezjo lumweguw dulcij be wofluvof kur javja vosiz he ose uga.','6','utopian-beginner@sympatico.us') ;
INSERT INTO wall values('2', 'Ojusagjir intikja lap amcegho vas cagpol asocaf ap leras fiche his rolmi mazoma jo jovezguw.','8','alluring-icicle@gmail.co') ;
INSERT INTO wall values('3', 'Kavgilsib solfiaca ehe biv te il faofumar jo jite pidvem fiwa bunezod miw sokver pazem.','3','thriving-arm@yahoo.io') ;
INSERT INTO wall values('4', 'Wegincob vetrezip fej zuce jenabmed nozzufewa kapic rimu janizug joafo liktuhan ni ji amcaub upu liflow zobu.','9','five-vase@sympatico.com') ;
INSERT INTO wall values('5', 'Ewpiwaz zagowa cipijet joif ive zozraj kieda haczeb jaewe fovjok totode mi su newaake ojo.','4','classy-girls@sympatico.us') ;
INSERT INTO wall values('6', 'Ad borocub tizzanwur waisbo ico ku je is beb him dafhuku wul wevoz worevfu dera pebaro si ivewemu.','7','nosy-wave@yahoo.uk') ;
INSERT INTO wall values('7', 'Uk muh fabpap uduecuf ah re bac degki ecizo ikoweap gav ahebu ticnut mervu du.','2','devilish-coast@me.net') ;
INSERT INTO wall values('8', 'Taoltid favugi pooro ep hij tifigot kufputga zibta ilo vipignot rirkefu ti ba ud ohrag kak.','8','gray-pig@videotron.fr') ;
INSERT INTO wall values('9', 'Fasusnoj saz cejcive giakgic bib do puv wac ise ewheb sowak gic etoonnup dibupse pe.','5','elfin-arithmetic@hotmail.com') ;
INSERT INTO wall values('10', 'Fi jobtode pubzo pitjon cunenfad ebtalov ce inuila oweohu ku ho tol usubesci orile sawvowo urnupak.','0','spiteful-sugar@videotron.io') ;
INSERT INTO wall values('11', 'Vaka talaga zu kalbugru non minifofe zeure bav vubu tizuf se agci owu we liwu ok.','7','daffy-angle@me.us') ;
INSERT INTO wall values('12', 'Su nuche eba dogodune vervag ni zuhed mafezdih ren darute zumgopti pozulag vuhifom.','3','eminent-dock@yahoo.io') ;
INSERT INTO wall values('13', 'Kupu kalebnac punin loziof betsalpef suffobaw focecab ofoawu ibometmef bodu dinpih nakeweju tafwudset.','7','romantic-match@yahoo.ca') ;
INSERT INTO wall values('14', 'Zubig mogogo peja supfa tajrodo usvo migpa adwufu wumiw zowofgah lojerevu pih rahla vogzi jogejkip iwjuz.','9','mindless-wave@icloud.fr') ;
INSERT INTO wall values('15', 'Roihu uce pim tozujezil ze emazo vuk susaw ome pu voczivo geebu wo wiuriin dojav.','1','elfin-arithmetic@hotmail.com') ;
INSERT INTO wall values('16', 'Kamkil nahagde de voat uti rivon zozkalbo te wo gap zesfevsa buv er pi niufi ugmo.','1','bent-argument@me.fr') ;
INSERT INTO wall values('17', 'Vosojlen ri hi rit onuvuipe weh tuzove kija awi newas pe deg lo jore hen.','0','abstracted-note@icloud.us') ;
INSERT INTO wall values('18', 'Wef bahatago joizo ehkor bizopu pu ut joluco suv ivpe bu nihpev didakeke suv.','6','sneaky-sense@yahoo.com') ;
INSERT INTO wall values('19', 'Oc muhviba lumad ri nokkig oldero saabokuk he ri riuluhi ema epe cac zu.','5','maddening-basketball@yahoo.co') ;
INSERT INTO wall values('20', 'Seshajuc inubor hignehan fufna masgunon omubupe ji piso rarcaole piwet giuso zoh fegnebedu ig mekuro ran.','4','tacky-driving@icloud.us') ;
INSERT INTO wall values('21', 'Hotna cih si lizostu igi kencu jegoga hub pi izimi soku zaero jerirto pif marhuep sepuuzu igikevis.','7','icky-crowd@mac.ca') ;
INSERT INTO wall values('22', 'We iri mum fov sop obi purdufago otofeceb kukwofbef jubre nauwi ocakimit.','7','utopian-beginner@sympatico.us') ;
INSERT INTO wall values('23', 'Kokeb fup vomuw ok som juh vuriti gewkor wa kadok je wo mad peg ret.','3','ludicrous-authority@videotron.fr') ;
INSERT INTO wall values('24', 'Fov wiojkab upcarka vore vuj ha ewi vibikoja lasah lu vafa hinak ogmemaj kuboz gemdut im ihuji ajajun.','7','beefy-heat@hotmail.com') ;
INSERT INTO wall values('25', 'Ri fi rihoav me afzacifi zejwaajo so tubko lunus pa utco tog ozzuhuh pan ci iw zimcabe aruol.','6','nosy-wave@yahoo.uk') ;
INSERT INTO wall values('26', 'Ale up zoiluda satgum sa kesuri mevbopa wivof lekvazov lipalvuw ozco pebmek ras wodmib ro tazmu mul erhanuce.','10','different-step@gmail.net') ;
INSERT INTO wall values('27', 'Viso ba arosirila fuhuz wa combec donap jah vaifoaz gat lu idbujge voje ovo uniloin nevbuzi cugobaw.','9','solid-back@sympatico.io') ;
INSERT INTO wall values('28', 'Vinfuve ade neba akohaer gaifenu tumenca la lora mandaf vajsimav lilu ososo.','0','mundane-condition@gmail.us') ;
INSERT INTO wall values('29', 'Foaweco ri ziz sevkig fovjawja keta norafo reta houcicef ipecuip mebli ataoguole tun ci.','7','elastic-loss@gmail.com') ;
INSERT INTO wall values('30', 'Tid fit beguiw woz pi us odo zilfa jilavaso al mo mono nuklo jare guv nof.','0','primo-coast@sympatico.uk') ;
INSERT INTO wall values('31', 'Wudpimcok boneg hej pimoh hu orro col iti jisaglit lalruro he operujbo jibel kokec.','3','impossible-flag@me.co') ;
INSERT INTO wall values('32', 'Agaon og op rilne wesi ube ucupe puojbo jo ru pukgu cecti weubo neot gubufgis no bukiice.','3','holistic-club@mac.com') ;
INSERT INTO wall values('33', 'Paurjas ekihoof bud uminucak nujnep ikeken cuvivsob gak pevunemo gumur mek ju ja muov.','11','max-harbor@gmail.uk') ;
INSERT INTO wall values('34', 'Caw cafacdu dime doz cizowid ke agosulvu pinzulhic afitotolo oku todutwuc maksidiv udonobi ewi kaddeko neezizab.','1','cogent-weather@hotmail.us') ;
INSERT INTO wall values('35', 'Udmione hi howu ceak bu rutazpaf puczicu rof geumu vulpeaz ewevu hibvu mi vilwisus so.','7','gnarly-number@mac.net') ;
INSERT INTO wall values('36', 'Fa ducu uwu fodfodha sevfaku wanuhi fafutoj gigduizi ru pengo uvunumuv ohe se ek seava gurito.','8','short-mailbox@gmail.uk') ;
INSERT INTO wall values('37', 'So mor degi utudete vatoico amipez jeob fu hembikej vo rizapu red kuje roripol inpued lanabif vuwmi.','0','sneaky-sense@yahoo.com') ;
INSERT INTO wall values('38', 'Dus aboza ivituep wawuli pa fordi febub rani puhasi lerecaf taessov sohop.','1','mammoth-stocking@icloud.net') ;
INSERT INTO wall values('39', 'Digame fo ohi ci natwes tih omguto denihot gizhosvag wehuvo esufaz sun wafhag.','5','classy-girls@sympatico.us') ;
INSERT INTO wall values('40', 'Napiuma temos miwvofur baugu pahpah meev befhace afvul gikobve obrouli cufibuz rek wenfow nugemvil zulewseg wa walnuw.','6','fast-bikes@gmail.fr') ;
INSERT INTO wall values('41', 'Re sip jicjuzu lipruf bul sikuz ri wuhutvo hal hebe anize cotaz oka ce.','4','nauseating-song@sympatico.com') ;
INSERT INTO wall values('42', 'Tumigo woipa rag sauw pe holsar rircitil toorunif zimner muuruco duwioni ripa sadas vofe agiher wucipeg ba.','5','mammoth-stocking@icloud.net') ;
INSERT INTO wall values('43', 'Idejo fuz mut seluwe ceb livel oni kuz pejedaz fiet pe got bulu ladi.','2','trashy-board@videotron.fr') ;
INSERT INTO wall values('44', 'Le kininbov lahako dojmoro wagav nin adre rezalogo ucno pambim loj obuju kikeal fofnako la.','5','moaning-plant@gmail.fr') ;
INSERT INTO wall values('45', 'Un jebegagi lo bo osgenot veunu af nig dil ijaw ugbi zado nobew pe fo ovhog.','2','eminent-dock@yahoo.io') ;
INSERT INTO wall values('46', 'Boj juju amwe hovov egucema weliki ro iwo nab ob duztagwu irali cukihok co dov vuj.','3','cogent-weather@hotmail.us') ;
INSERT INTO wall values('47', 'Bewudbe ha keczaga wepop lucse nekukka ti pesmedfom unajikiw bidule irelu ametib ciruka atunedvif dok.','10','mammoth-stocking@icloud.net') ;
INSERT INTO wall values('48', 'Voodco saf vigaz ika fugo guv uk vucgetbi wug so nucolle gowpa ewbovub befze ub dot peleri.','11','scarce-rifle@icloud.ca') ;
INSERT INTO wall values('49', 'Vahfo piwzu zathioc man pacsucbit natcem izi huk zutum deciuf falvaiju awguvso kapunupu bit ev ihpolis uka ajato.','11','burly-pipe@videotron.us') ;
INSERT INTO wall values('50', 'Duzawlop jud bouv tidwan hon duhi vi saibeta cobaf vot bapve ubbebiv tuc ga laton tinakupi di puzas.','8','ideal-guitar@sympatico.co') ;
INSERT INTO wall values('51', 'Izesu tisiafa epnofetu cud bigu rejiner lige cag cew lin bev une tamib zulsoli imu.','2','violent-advertisement@yahoo.us') ;
INSERT INTO wall values('52', 'Bucmo bug cog fapele diad ufe cejun turbatji oprahiva ra ut bupesuvu kulacoj kedul.','1','nosy-wave@yahoo.uk') ;
INSERT INTO wall values('53', 'Ridtotnaw iv pomkiwvu zaciki zeusiifi la uweve wuk zawuzsu upimpus ivuzafleg ujifup.','7','devilish-coast@me.net') ;
INSERT INTO wall values('54', 'Zu golkemol dislah gipengo hi ubabegnub kipbi leconfeb job pihani woadohef ho.','7','scarce-rifle@icloud.ca') ;
INSERT INTO wall values('55', 'Ucrum voofa amfet zoltiv siaba vit ge buozason owiti zolwodna cabwujow nap.','10','thick-yard@sympatico.us') ;
INSERT INTO wall values('56', 'Webcezuk gekgu ravij ehu ganum fuhopo aruje wi limzansuf dezravru rabtinur wudve kiwfalab baadajo.','0','the-toothpaste@mac.io') ;
INSERT INTO wall values('57', 'Ka eba baawe botin wazbor karrascu sebucufa de gaw tazigohe saj ca tevibel ev ulico kec.','3','ossified-scarf@sympatico.co') ;
INSERT INTO wall values('58', 'Mugnolrek vi rengur relsupri cudfedaca hopoj sag mahoboki zi kujmo ono hafoccu iwi.','0','gray-pig@videotron.fr') ;
INSERT INTO wall values('59', 'Lekojece loofco olauh keefeaki baha oduogi jussiunu vatekon pujuzner seh orti mis lam rimzu savaw.','4','poised-giants@mac.co') ;
INSERT INTO wall values('60', 'Abta urotur kiosaru unadune huratda inseoz lecew alare mihgeviw wi ji gefpatuv geda neltaoho dowe.','0','icky-crowd@mac.ca') ;
INSERT INTO wall values('61', 'Modaot waoca ew ohsisoj fumne do asu olizus ejipeh lim jodnu nalbutnik bototzof tuwvi.','4','possessive-noise@mac.us') ;
INSERT INTO wall values('62', 'Bajrig kodugonu niz polu itdi buc ce ove kumigiv gutgutkam ba sotep omuwmuf da.','3','thriving-arm@yahoo.io') ;
INSERT INTO wall values('63', 'Vuhi rep lezca hewi ufnob alebikwa zofajlo tiefa vof gibpehbih ka jeperup wazluswe cel.','3','aquatic-rainstorm@yahoo.fr') ;
INSERT INTO wall values('64', 'Mumdi tika gi du juhwi dowimir dawcap su baati worirahab ve gidithip utlup.','8','hulking-rainstorm@gmail.co') ;
INSERT INTO wall values('65', 'Lu lonergul fapefro ganbol mubfo rubpuh dovmej etba su ut zobzih behip.','6','cloistered-chin@mac.uk') ;
INSERT INTO wall values('66', 'Wawuktu kesogo fius ananafnon vu giohtop kogorozac meori le sil hewni zid rehifrov.','6','amazing-yarn@mac.ca') ;
INSERT INTO wall values('67', 'Ro fare cuvih giwishow hirik wovu tacnonuju mu zacbes gognonep biskegmi zunru uneiw iduwu bokrog.','2','scared-action@hotmail.ca') ;
INSERT INTO wall values('68', 'Jup riv te civiar zepic kefwif fobgimga lehi ilujafci fukvasgo bili abguswaj diduv bef fulsuavo hacse uhnit fiffawte.','7','thoughtless-respect@sympatico.fr') ;
INSERT INTO wall values('69', 'Ifciwof sownasbab iv nom penirmu hiap ohkocma paev pol pe kihuc rivis li jaspu izme co edurudki naj.','6','mammoth-stocking@icloud.net') ;
INSERT INTO wall values('70', 'Teaze pibmu ni dujibo muvu vumzifmuf fejzoc jivid orjaba zacvo rejom jiujiwo lam.','1','furtive-canvas@hotmail.com') ;
INSERT INTO wall values('71', 'Vekdaes sedrewuw de agge sik wulere riigefoc uviwelze waugwi sum bo mebvi rojion.','0','crowded-death@hotmail.net') ;
INSERT INTO wall values('72', 'Onigilo lo oz ciret woudva ehiem gugceko eselak ubaboru ug hepa hahzeh.','6','untidy-notebook@videotron.uk') ;
INSERT INTO wall values('73', 'Horesni megpezcen bi gobvujah al mebadu tiiv gip zasek wac ijkam ukoow zo anlibuz ja uwivu gotpuj.','8','mindless-wave@icloud.fr') ;
INSERT INTO wall values('74', 'Ud denobfo muipo wa wabuwo igsoro bal red loloktur fu aggi dak inigaw ce ovmuca.','9','different-step@gmail.net') ;
INSERT INTO wall values('75', 'Hi sunucne fud jo vedraddob ita ebjeih fusibnud hikujcuf ocaicepe jihu fu de.','6','bent-argument@me.fr') ;
INSERT INTO wall values('76', 'Rekomu kuk pacge fodwok pob mociaje cinurpis keap je ju umeato owfefve sarur zegnugezo rir ojjecbim sa coawgus.','2','futuristic-frog@sympatico.co') ;
INSERT INTO wall values('77', 'Pot hiwuh lakuuva le sat naj ibugekez fut ej ripim ejupopsot maposo.','2','chilly-grass@videotron.co') ;
INSERT INTO wall values('78', 'Hulurniw nirtotom rugufa zajwu gitcok alcul et edpaf dipde isu tifjem impim.','7','endurable-giants@yahoo.com') ;
INSERT INTO wall values('79', 'Ekeodo uv lozzur bizjuwu sut komav rir it ge ricer jaf mo beusivo sotep nibfij bifceg zommidgeg.','1','brash-pin@hotmail.com') ;
INSERT INTO wall values('80', 'Huduzbu rutaw pewevajuk agwo vehta tis ca tut fak ki muutin anawi jorfepuw.','6','aspiring-bells@yahoo.io') ;
INSERT INTO wall values('81', 'Rikkesru re bomlimseb buzsu eksa cin bidja fappov waho sowukaru kupjozah acekhac hiop zonefud mi negkibpov zahsew vadwig.','6','gorgeous-sugar@sympatico.io') ;
INSERT INTO wall values('82', 'Movizfo depure cef riuvdom rivoj to ovcew om fuse ibupazob ezovhif rehomi nanipor.','4','repulsive-pail@videotron.net') ;
INSERT INTO wall values('83', 'Tep rip mu mul nuwgi wuna tuzegujel tam ace mu hulhapos izooloca.','1','romantic-match@yahoo.ca') ;
INSERT INTO wall values('84', 'Ku bi uw wojunu winvedi josek eba ju nalreuwi doagobav foabve ji.','5','daffy-angle@me.us') ;
INSERT INTO wall values('85', 'Sasice gozap osjolse gewe rasjekez arlesuv nuv wene pimloke uw wuwi co.','7','jumbled-wash@yahoo.ca') ;
INSERT INTO wall values('86', 'Ogpir ifupeb nojomo bozuzje loler gekudu hupu supi emi hen totnusehu zis sabun ug dusauv ifida ukwez rodopir.','0','nauseating-song@sympatico.com') ;
INSERT INTO wall values('87', 'Razdiz kebekbi paemujum rof mufe cawod ibo afsizig livor faadaku zuh ci gaewoc vu.','11','hurried-coal@icloud.io') ;
INSERT INTO wall values('88', 'Me hac fuf mohapfog edo fivatfo jignid orajahip lalneapu nocu fe suw.','4','melodic-fruit@hotmail.io') ;
INSERT INTO wall values('89', 'Ju mir cison gah uko eseuku vez go sowze le ge mipapeg ofvuhvu bosat.','8','lying-pencil@mac.io') ;
INSERT INTO wall values('90', 'Dawgaz godkij warneg ezzut soig uga nerfo fajuhsok narviz lirega hirje zukake zepih giw wamive zumho run za.','4','elegant-suggestion@hotmail.ca') ;
INSERT INTO wall values('91', 'Pulrudnu fesrullil kafcirhi ju otepado ru ufceigu molbi nimfo hupip asi nubsom acu vuhbirhu diokuwas guf decvod.','0','trashy-board@videotron.fr') ;
INSERT INTO wall values('92', 'Iziwipdu subipzu abawuwit or poglotub rej ki ti igevak le iboziusa mu.','10','utopian-beginner@sympatico.us') ;
INSERT INTO wall values('93', 'Nupun bausesi jihi suni apefo ev bas sezisepe led lamujito api dun.','11','punchy-position@yahoo.com') ;
INSERT INTO wall values('94', 'Ovo opo dugobez obmunuw gulta itaog jokgak siaf luah hojepe kilcuwtas da zib cita.','7','elfin-arithmetic@hotmail.com') ;
INSERT INTO wall values('95', 'Powumi hunno nibe cowko nipbeta kaviahi za nakabimu je asdodco idjeb wiive rosrejije hohilja waloh lo murho nij.','10','sneaky-sense@yahoo.com') ;
INSERT INTO wall values('96', 'Zimcuz poguwabaw wikobva aw haluz ivasohro zuizezu ba pabatuh uwovwi veh to pa vome ceg pek.','8','classy-girls@sympatico.us') ;
INSERT INTO wall values('97', 'Sezuw nuglu ridonil cosede up woh mic johevwev esowali gapzo ujgi mut idwacih pam fejas cogote udja.','5','past-bulb@yahoo.co') ;
INSERT INTO wall values('98', 'Huli bozcoane sezfog ifda laehga ab fino elo be to uk vubri ju cucap wotepa.','8','seemly-sneeze@sympatico.fr') ;
INSERT INTO wall values('99', 'Hiike mol nijdipuwe noltav okego na zumovbi fibcepziv tifinif den su ovu me safoz.','6','max-harbor@gmail.uk') ;
INSERT INTO wall values('100', 'Somuc paenodic lufif ejego vebpih of rod pomi borka nam kusve lij fohnij.','10','dear-hands@mac.io') ;
INSERT INTO wall values('101', 'Sew alrodihu to upotod akavoure daban vurrejaz mujit honulfe tugu mosu jefcunu vowe cuw ifiawuta vo siafabu.','5','fast-bikes@gmail.fr') ;
INSERT INTO wall values('102', 'Cumube bub fijzah boram jig cosar izra ogaanodi ehev cajmugpe fuhet lufikko igiuvuwa zapufa.','1','perpetual-rabbits@videotron.com') ;
INSERT INTO wall values('103', 'Vijikfug iwa ekezot bokucah izsefna fem cor uwebawfig ig cutewdi fitkas jadba et.','5','spotted-deer@yahoo.io') ;
INSERT INTO wall values('104', 'Sorurowu ozur ruhuom ku murmurnez mepralrid ro horihu noeh eg juvos udogulul basmur isosuca vudpa az zes abazako.','7','vulgar-silk@mac.co') ;
INSERT INTO wall values('105', 'Cupop ji sokeka gij cisid feafa uhnip jumgul rak duce pe bup bepe neabe gon susnuj esusewe ga.','1','gnarly-number@mac.net') ;
INSERT INTO wall values('106', 'Cav resas koig hegzoh gidadu ivwagi retjidah mivtehog ca juanga ib odoje bu.','9','short-mailbox@gmail.uk') ;
INSERT INTO wall values('107', 'Uh rajap ti vaasraz fadu ufu ni nagemik pizafos itiduolo do inojo.','6','elegant-butter@icloud.us') ;
INSERT INTO wall values('108', 'Efo bumudu cif wiri juwcul oguvu ma voli mojbej omhohta ti kofdu ubzuet ti zom hikmaen dispu etenoczi.','6','beefy-heat@hotmail.com') ;
INSERT INTO wall values('109', 'Rup cineot wi kabcorum ozbazi pepaj cuanu ujku vu fabut ziajaepo nalobo.','5','maddening-basketball@yahoo.co') ;
INSERT INTO wall values('110', 'Jedzop kuzacoce dofegzo wem amu nok eguduhi daavka cet ko ag vodbov.','5','secret-eyes@icloud.us') ;
INSERT INTO wall values('111', 'Kimoti apze hipif sog suklevuk in pecuhar suecuber gi eni rughu zaosjeg bu ow.','5','plausible-face@gmail.fr') ;
INSERT INTO wall values('112', 'Gahelnoh apifaf ap hekecbus rab afuhil cikev ju bungi cu mitzazo avrud gove.','7','rotten-front@videotron.io') ;
INSERT INTO wall values('113', 'Kiic uzupad ub huevu coomuvu ben tutij dizozu mihukvu ejaefi ceb ulali aprik gihuwfi fidutaj kaiga.','10','giddy-cent@hotmail.ca') ;
INSERT INTO wall values('114', 'Bi we ake isude ochuse megez bajzu ciaga dafji agu jewbokohu geira sivafdep tizatap ile pun jahwi kuzdon.','6','impossible-flag@me.co') ;
INSERT INTO wall values('115', 'Lu kid pun mavicre purzaco awwi idje cat bohaj ti fuwo remlubwes kivdohi ciewoes cisrac ru.','3','moaning-plant@gmail.fr') ;
INSERT INTO wall values('116', 'Vusiwbi nubev he daugtup fil magoj mahje bemaf keuv til ogupez nuhalju vinufe daig.','1','square-alarm@sympatico.ca') ;
INSERT INTO wall values('117', 'Pi viv ra negimuju zofses kadere akucuaja fizriz nethauv tovu wonzoter cuf jam ahdun ikmugi ukeaj ko.','8','tacky-driving@icloud.us') ;
INSERT INTO wall values('118', 'Nulmujagu dawhigub zi pouju an nopofog suofi nipip pelihaf curutti ezarumho jir cew ibpehe.','4','rampant-thunder@gmail.io') ;
INSERT INTO wall values('119', 'Nel pez ikhogva lofaz poac pucca abvip pule darge zid ler jenras ziita ig ciwfet.','11','green-steam@me.net') ;
INSERT INTO wall values('120', 'Egahihhi vepgumuc darubi unupupiba cadadni citek vu buajofen gi wo vu un.','2','alluring-icicle@gmail.co') ;
INSERT INTO wall values('121', 'Lutow ip mudef hi nojfag cev ve amegusuv comefgeh teruiso reilusev guurosuz utdeoh fina.','10','naughty-balance@mac.io') ;
INSERT INTO wall values('122', 'Arafic ko ivajevko ehurocav zagimu dokzoj ba en rezriho tojec poj onki penu peb sopefe nit.','5','primo-coast@sympatico.uk') ;
INSERT INTO wall values('123', 'Fogipu soedzuk kig cicider gu zem fe weorfab vodadgu jezgusbe zazgaz rukaz solar.','5','elastic-loss@gmail.com') ;
INSERT INTO wall values('124', 'Ucne mic docuhwe bejludaco ga nagez awnawu ikizuje ro imsuepo ogipacca eveliw da ku omdeca vijukme ewwe cu.','2','eminent-dock@yahoo.io') ;
INSERT INTO wall values('125', 'Nurad ji nacopta ku lin rat nemcuozu to apocupu tezzuz zukkaew pe hinrak udiici.','6','tense-door@me.co') ;
INSERT INTO wall values('126', 'Atuka rug heuvu fodofu bovo jut ruhdiva tez wathat lidfan ocmo tusco hiaruad cihez co etnazse relhoz.','9','kaput-cook@sympatico.us') ;
INSERT INTO wall values('127', 'Lerrihiz mo uze ni macim jeuw cozeg jorohka ihu eznew tuumecib tibowuz ezuruju hivivazu nolawpa.','6','obese-trousers@me.ca') ;
INSERT INTO wall values('128', 'Vih enufa ror samihopa ageseez socno supor ip ni wafofini envojop ishe olocez cukneul lavo ohozegvet.','3','mundane-condition@gmail.us') ;
INSERT INTO wall values('129', 'Gowowiw win wovacosu oharhes zinil miak rod te hupu gancopwo amnep ebaiwapon tu pofwewut cof jihehu hunig dejfagog.','5','cogent-weather@hotmail.us') ;
INSERT INTO wall values('130', 'Utuji mofip lardiwem noce jogbufzu wib tag puda faktuibi ca fozu gubcepi aju fiko ze.','5','spiteful-sugar@videotron.io') ;
INSERT INTO wall values('131', 'Citad lo so navnihe ror wajup uf isa zorsadawu ru ifaac gen lobasof.','11','honest-suggestion@sympatico.uk') ;
INSERT INTO wall values('132', 'Cuh eh jujuj jupok kub mawecebaz nuz cuw tulfi kub tivwipir hasa wub uhadef.','4','ideal-guitar@sympatico.co') ;
INSERT INTO wall values('133', 'Ho zeuj tejadnaf fiwik femoh iptoek lujabewe uni hewavu suw lojomob pobta alaevos aw cizu okjo.','3','haloed-reason@yahoo.us') ;
INSERT INTO wall values('134', 'Kod batigi bem va jo ze vo ako tal reta apjecin leseba vudcejme motal suutulad.','8','ludicrous-authority@videotron.fr') ;
INSERT INTO wall values('135', 'Ijo tok itepzap fatmu nil induk di javfa dodac luhoki ka foveur miowecul.','1','harsh-porter@videotron.ca') ;
INSERT INTO wall values('136', 'Vehis anuip infavhek gi fubpoziza enowu wiw radazve refe uzbi zegbarto osra tanobon.','9','holistic-club@mac.com') ;
INSERT INTO wall values('137', 'Lac ufi onombom veic gafajbo cu mihcu owsosew rojsolef zar jo wovre cok.','1','snappy-sack@sympatico.fr') ;
INSERT INTO wall values('138', 'Ili kiziseuw tiz tehredhas vul uho dorgajalu wuf ipuna atawa tuama rek po vedup.','7','showy-clam@videotron.uk') ;
INSERT INTO wall values('139', 'Jo ralpehzoh ipe opeidake onacid zi ho in fivap sok mul al jifsiv.','10','fanatical-visitor@videotron.net') ;
INSERT INTO wall values('140', 'Lawin zuwim ew desha reva timi telo lislasi owjokguk mug lojdiw muwanzul okivotu fidoji rufejeh bifanuoj esusut.','0','ratty-representative@sympatico.com') ;
INSERT INTO wall values('141', 'Zubga lavsabut pa egovu biardor vet efge ma ruh raco vahizji hizaplu.','9','greasy-ground@mac.co') ;
INSERT INTO wall values('142', 'Wifuze leiredub adoiz deci zehu oc si muzite bajdekji cu bucubso os biw lom.','4','burly-pipe@videotron.us') ;
INSERT INTO wall values('143', 'Jav pefgus ezi pevaju kid jinvi poco laebmi wufe ji gusumkon fapla.','2','solid-back@sympatico.io') ;
INSERT INTO wall values('144', 'Tefrozo fe rop po osaosza cer devogi iboomta bohwevan vohwo rogrik hu.','8','redundant-laugh@sympatico.ca') ;
INSERT INTO wall values('145', 'Ot goj taljo uz her bomuz nasi ziibcaz ma sef wapnaw bijda molwi unbep an hozufac eloulomo.','8','abstracted-note@icloud.us') ;
INSERT INTO wall values('146', 'Uvlaruz uvo bekbos dar nozomtas gowjad zu mimvaf pivkaze sovek meev ornobul cedo kipo fabdupem.','1','sophisticated-dad@mac.fr') ;
INSERT INTO wall values('147', 'Dibov cov wakika vude kav jutal zobgiglac ze fu uzsur tuifne goseb lephavise.','4','noted-creature@mac.uk') ;
INSERT INTO wall values('148', 'Jew dezuno lehat uk wi ci lohgelfu gajnospip al linidoc uzibiuca tej ud suddosmod.','1','hushed-seashore@yahoo.uk') ;
INSERT INTO wall values('149', 'Soozdot behgafip hekjepim jiwosu ocasuh abca udebkuv bifik mamkuj nopwe lobwiwmi inana.','1','five-vase@sympatico.com') ;
INSERT INTO wall values('150', 'Fafmecuh fitaveepi zem mo dapev sevneh kacob fuzedima dofvab co netji bacajleg itjeljiw.','11','jazzed-queen@gmail.fr') ;
/* Script generated Thu Feb 23 2017 19:41:38 GMT-0500 (Eastern Standard Time)*/

INSERT INTO partof values('spiteful-sugar@videotron.io', '18') ;
INSERT INTO partof values('eminent-dock@yahoo.io', '29') ;
INSERT INTO partof values('tense-door@me.co', '28') ;
INSERT INTO partof values('crowded-death@hotmail.net', '50') ;
INSERT INTO partof values('scarce-rifle@icloud.ca', '50') ;
INSERT INTO partof values('repulsive-pail@videotron.net', '33') ;
INSERT INTO partof values('brash-pin@hotmail.com', '42') ;
INSERT INTO partof values('hulking-rainstorm@gmail.co', '15') ;
INSERT INTO partof values('square-alarm@sympatico.ca', '40') ;
INSERT INTO partof values('possessive-noise@mac.us', '25') ;
INSERT INTO partof values('utopian-beginner@sympatico.us', '9') ;
INSERT INTO partof values('solid-back@sympatico.io', '20') ;
INSERT INTO partof values('possessive-noise@mac.us', '44') ;
INSERT INTO partof values('repulsive-pail@videotron.net', '49') ;
INSERT INTO partof values('the-toothpaste@mac.io', '36') ;
INSERT INTO partof values('fast-bikes@gmail.fr', '49') ;
INSERT INTO partof values('square-alarm@sympatico.ca', '34') ;
INSERT INTO partof values('ratty-representative@sympatico.com', '41') ;
INSERT INTO partof values('furtive-canvas@hotmail.com', '36') ;
INSERT INTO partof values('giddy-cent@hotmail.ca', '21') ;
INSERT INTO partof values('showy-clam@videotron.uk', '22') ;
INSERT INTO partof values('thoughtless-respect@sympatico.fr', '10') ;
INSERT INTO partof values('ideal-guitar@sympatico.co', '45') ;
INSERT INTO partof values('eminent-dock@yahoo.io', '23') ;
INSERT INTO partof values('hushed-seashore@yahoo.uk', '1') ;
INSERT INTO partof values('sophisticated-dad@mac.fr', '28') ;
INSERT INTO partof values('haloed-reason@yahoo.us', '31') ;
INSERT INTO partof values('rampant-thunder@gmail.io', '25') ;
INSERT INTO partof values('green-steam@me.net', '49') ;
INSERT INTO partof values('obese-trousers@me.ca', '18') ;
INSERT INTO partof values('gray-pig@videotron.fr', '34') ;
INSERT INTO partof values('scarce-rifle@icloud.ca', '16') ;
INSERT INTO partof values('bent-argument@me.fr', '11') ;
INSERT INTO partof values('solid-back@sympatico.io', '49') ;
INSERT INTO partof values('melodic-fruit@hotmail.io', '37') ;
INSERT INTO partof values('primo-coast@sympatico.uk', '50') ;
INSERT INTO partof values('futuristic-frog@sympatico.co', '13') ;
INSERT INTO partof values('dear-hands@mac.io', '27') ;
INSERT INTO partof values('tacky-driving@icloud.us', '33') ;
INSERT INTO partof values('scarce-rifle@icloud.ca', '19') ;
INSERT INTO partof values('primo-coast@sympatico.uk', '25') ;
INSERT INTO partof values('eminent-dock@yahoo.io', '14') ;
INSERT INTO partof values('abstracted-note@icloud.us', '45') ;
INSERT INTO partof values('naughty-balance@mac.io', '10') ;
INSERT INTO partof values('fanatical-visitor@videotron.net', '11') ;
INSERT INTO partof values('aquatic-rainstorm@yahoo.fr', '41') ;
INSERT INTO partof values('poised-giants@mac.co', '19') ;
INSERT INTO partof values('icky-crowd@mac.ca', '47') ;
INSERT INTO partof values('endurable-giants@yahoo.com', '30') ;
INSERT INTO partof values('ideal-guitar@sympatico.co', '13') ;
INSERT INTO partof values('cloistered-chin@mac.uk', '11') ;
INSERT INTO partof values('scared-action@hotmail.ca', '15') ;
INSERT INTO partof values('hulking-rainstorm@gmail.co', '16') ;
INSERT INTO partof values('thriving-arm@yahoo.io', '8') ;
INSERT INTO partof values('rampant-thunder@gmail.io', '48') ;
INSERT INTO partof values('ludicrous-authority@videotron.fr', '31') ;
INSERT INTO partof values('honest-suggestion@sympatico.uk', '28') ;
INSERT INTO partof values('giddy-cent@hotmail.ca', '36') ;
INSERT INTO partof values('possessive-noise@mac.us', '12') ;
INSERT INTO partof values('hulking-rainstorm@gmail.co', '1') ;
INSERT INTO partof values('ossified-scarf@sympatico.co', '32') ;
INSERT INTO partof values('ludicrous-authority@videotron.fr', '12') ;
INSERT INTO partof values('icky-crowd@mac.ca', '11') ;
INSERT INTO partof values('sneaky-sense@yahoo.com', '14') ;
INSERT INTO partof values('showy-clam@videotron.uk', '31') ;
INSERT INTO partof values('untidy-notebook@videotron.uk', '22') ;
INSERT INTO partof values('holistic-club@mac.com', '27') ;
INSERT INTO partof values('mindless-wave@icloud.fr', '50') ;
INSERT INTO partof values('burly-pipe@videotron.us', '3') ;
INSERT INTO partof values('rampant-thunder@gmail.io', '36') ;
INSERT INTO partof values('gorgeous-sugar@sympatico.io', '19') ;
INSERT INTO partof values('impossible-flag@me.co', '12') ;
INSERT INTO partof values('hurried-coal@icloud.io', '34') ;
INSERT INTO partof values('showy-clam@videotron.uk', '8') ;
INSERT INTO partof values('max-harbor@gmail.uk', '2') ;
INSERT INTO partof values('dear-hands@mac.io', '47') ;
INSERT INTO partof values('moaning-plant@gmail.fr', '39') ;
INSERT INTO partof values('abstracted-note@icloud.us', '1') ;
INSERT INTO partof values('spotted-deer@yahoo.io', '47') ;
INSERT INTO partof values('obese-trousers@me.ca', '9') ;
INSERT INTO partof values('harsh-porter@videotron.ca', '49') ;
INSERT INTO partof values('cogent-weather@hotmail.us', '12') ;
INSERT INTO partof values('elfin-arithmetic@hotmail.com', '23') ;
INSERT INTO partof values('untidy-notebook@videotron.uk', '26') ;
INSERT INTO partof values('scarce-rifle@icloud.ca', '10') ;
INSERT INTO partof values('mundane-condition@gmail.us', '49') ;
INSERT INTO partof values('naughty-balance@mac.io', '45') ;
INSERT INTO partof values('melodic-fruit@hotmail.io', '25') ;
INSERT INTO partof values('utopian-beginner@sympatico.us', '47') ;
INSERT INTO partof values('maddening-basketball@yahoo.co', '11') ;
INSERT INTO partof values('holistic-club@mac.com', '5') ;
INSERT INTO partof values('fast-bikes@gmail.fr', '26') ;
INSERT INTO partof values('ludicrous-authority@videotron.fr', '1') ;
INSERT INTO partof values('hushed-seashore@yahoo.uk', '29') ;
INSERT INTO partof values('gorgeous-sugar@sympatico.io', '24') ;
INSERT INTO partof values('the-toothpaste@mac.io', '4') ;
INSERT INTO partof values('seemly-sneeze@sympatico.fr', '16') ;
INSERT INTO partof values('impossible-flag@me.co', '29') ;
INSERT INTO partof values('thick-yard@sympatico.us', '2') ;
INSERT INTO partof values('eminent-dock@yahoo.io', '18') ;
INSERT INTO partof values('impossible-flag@me.co', '10') ;
INSERT INTO partof values('haloed-reason@yahoo.us', '32') ;
INSERT INTO partof values('ludicrous-authority@videotron.fr', '38') ;
INSERT INTO partof values('dear-hands@mac.io', '31') ;
INSERT INTO partof values('ratty-representative@sympatico.com', '8') ;
INSERT INTO partof values('mammoth-stocking@icloud.net', '44') ;
INSERT INTO partof values('amazing-yarn@mac.ca', '19') ;
INSERT INTO partof values('spiteful-sugar@videotron.io', '28') ;
INSERT INTO partof values('showy-clam@videotron.uk', '5') ;
INSERT INTO partof values('icky-crowd@mac.ca', '6') ;
INSERT INTO partof values('untidy-notebook@videotron.uk', '12') ;
INSERT INTO partof values('perpetual-rabbits@videotron.com', '45') ;
INSERT INTO partof values('cogent-weather@hotmail.us', '18') ;
INSERT INTO partof values('max-harbor@gmail.uk', '10') ;
INSERT INTO partof values('untidy-notebook@videotron.uk', '14') ;
INSERT INTO partof values('trashy-board@videotron.fr', '44') ;
INSERT INTO partof values('aquatic-rainstorm@yahoo.fr', '7') ;
INSERT INTO partof values('beefy-heat@hotmail.com', '8') ;
INSERT INTO partof values('thick-yard@sympatico.us', '46') ;
INSERT INTO partof values('five-vase@sympatico.com', '18') ;
INSERT INTO partof values('repulsive-pail@videotron.net', '27') ;
INSERT INTO partof values('dear-hands@mac.io', '19') ;
INSERT INTO partof values('greasy-ground@mac.co', '46') ;
INSERT INTO partof values('aquatic-rainstorm@yahoo.fr', '8') ;
INSERT INTO partof values('untidy-notebook@videotron.uk', '4') ;
INSERT INTO partof values('moaning-plant@gmail.fr', '14') ;
INSERT INTO partof values('burly-pipe@videotron.us', '4') ;
INSERT INTO partof values('hurried-coal@icloud.io', '31') ;
INSERT INTO partof values('haloed-reason@yahoo.us', '6') ;
INSERT INTO partof values('brash-pin@hotmail.com', '36') ;
INSERT INTO partof values('futuristic-frog@sympatico.co', '8') ;
INSERT INTO partof values('sophisticated-dad@mac.fr', '12') ;
INSERT INTO partof values('ludicrous-authority@videotron.fr', '40') ;
INSERT INTO partof values('mammoth-stocking@icloud.net', '43') ;
INSERT INTO partof values('abstracted-note@icloud.us', '13') ;
INSERT INTO partof values('fanatical-visitor@videotron.net', '25') ;
INSERT INTO partof values('noted-creature@mac.uk', '19') ;
INSERT INTO partof values('abstracted-note@icloud.us', '19') ;
INSERT INTO partof values('ratty-representative@sympatico.com', '30') ;
INSERT INTO partof values('mindless-wave@icloud.fr', '40') ;
INSERT INTO partof values('crowded-death@hotmail.net', '10') ;
INSERT INTO partof values('bent-argument@me.fr', '1') ;
INSERT INTO partof values('jazzed-queen@gmail.fr', '41') ;
INSERT INTO partof values('spotted-deer@yahoo.io', '20') ;
INSERT INTO partof values('moaning-plant@gmail.fr', '47') ;
INSERT INTO partof values('haloed-reason@yahoo.us', '10') ;
INSERT INTO partof values('elastic-loss@gmail.com', '16') ;
INSERT INTO partof values('secret-eyes@icloud.us', '9') ;
INSERT INTO partof values('trashy-board@videotron.fr', '46') ;
INSERT INTO partof values('rotten-front@videotron.io', '28') ;
/* Script generated Thu Feb 23 2017 19:41:38 GMT-0500 (Eastern Standard Time)*/

INSERT INTO post values('1', '91', 'rotten-front@videotron.io','Wed Apr 25 2091','Musle ladel nifmume hodnaj bi tambumon butnibe zuvwusvo in nu siehi edu cabzev catjezil aw kojasvu wi zasvipje. Batapa juf uneves pew itu dusive tirceaf onhow ma befroj olte lujot veg pid hahoczoh cunouz eccogvus ehi.','') ;
INSERT INTO post values('2', '19', 'jazzed-queen@gmail.fr','Thu Feb 27 2116','Lugimoz vobafenef deni gorjir zo cuzu gilermuz rivuke dafepzoj fu widbo joepo doetoho ejumop ha ihepatkuc ro letno. Wodpihta ke vuhafij sizahe jizela jizud wilum lahcu seutireh wusbiero pi nav ihrauji zoidker gasa vim.','') ;
INSERT INTO post values('3', '56', 'short-mailbox@gmail.uk','Thu Nov 08 2074','Vuc caejiv wazdutfi faegeupu ved deje rucur hucef coed wiefa di et.','') ;
INSERT INTO post values('4', '15', 'mundane-condition@gmail.us','Wed May 27 2020','Natessod ovogadef eluhuzas wubutnep emerig okikais cokerok sugsuki ipiuki usazeg beg jisfuara litophoz. Rugesso boharobi he ludcuc je haba me deguglo vagunu wose huz kaod zujjeluh cehosimo. Galso wo gubev cuf indogo vef du pi pumo bolagu muvfa ezala vozzub sajen cub cufdaj. Bigar gisojupu riafehel zolo kiepsu mukgic ob rid deahi vahavuf vag fatnijil pazoztac ilecuwuk otjuuba. Ozu donze osuad nefko si boluvda upeto wacecita ja jo iz voco juevgel kojmozda olme ve bivadsi.','') ;
INSERT INTO post values('5', '45', 'the-toothpaste@mac.io','Mon Aug 31 2026','Kipra nadag higig ule sah fedolaw fimgicjej tochobset nibon zorrugna co nobsi lahuzciv duffo repup wuraow.','') ;
INSERT INTO post values('6', '35', 'icky-crowd@mac.ca','Sun Apr 11 2117','Petbejar ecvil comraovo jej tiwti fodocukic sop fehvovog mebebat majuse suk pajaw tej. Nu on ohi row fuon bafibi lo jelvus hizvuk liuva tuduc roz haf mik el.','') ;
INSERT INTO post values('7', '40', 'solid-back@sympatico.io','Mon Jul 20 2111','Hed hul lelnavdo ligbidril wazro jasub jalal beehos vu azi fop sibegsej gij posniranu aniij begi lezji. Sous cunnur dejuzka epfeko gek ublac ka biwgi we joho sab nuvodka wufjogel rufiwaw jel.','http://nelajus.cd/nebki') ;
INSERT INTO post values('8', '131', 'eminent-dock@yahoo.io','Fri May 18 2068','Anara pubwa jica nu ral wepkew zidajpa ubotunom wi lefu ra ohe ulpejbi susofji remipi jo. Owsujmo ne vuvi wic vifasbib mi takce zi fevsajmo cec tiufipu tedehov. Boup hodat divnilsat ewo diglid wacziw cowaico uhoze heshi humud pebteva rel pewosi zepki gu fikvubah de wis. Jetcagkam ulugewe hisfeh dej tuotsuf ac tohi mojova obroj azwela nufajud jasel achose fewrurnib ho diwom.','http://imete.mo/rufod') ;
INSERT INTO post values('9', '143', 'furtive-canvas@hotmail.com','Fri Oct 22 2094','Voomje lab omitaoja jikwe lak pan jenkilbod wugooz tevji wobabzi far gozkiuj zedipe. Ub nub mic virokete idob waf camrupjo gum zenhiug amepihe su has jukol to ure vuge babuf dozemelo. Mi wu gevena ikse asowa goku winpioj zemowhak kiwef pijditze utesetrol oroudazu gu cauf. Jo ba uwozewase ku aja gumata natepi mufbuspeg ter hazujjow daj muhikop.','') ;
INSERT INTO post values('10', '3', 'cogent-weather@hotmail.us','Mon Jul 10 2056','Rohcuboh zihatop pev pudotja zataj nus pewujtin ci cohuwpuz letso zakihpi hah nonobaruw sujkabnot bowul ride puaf. Lonfu kerot duwwagvel mug ugharom fizcove uvjidav goraca zobohgip fuh nus si ce ele eneco cujleun ticus vuuja. Jileg iwemeva dum foz zupu batubif ru hamhocpew vocana namariiz jiucpu ponbuhof le.','') ;
INSERT INTO post values('11', '3', 'dear-hands@mac.io','Sat Oct 01 2089','Vakpamkuf nemozosod ca bibcuhu ujociwi soh guj zad nurdudeh tumopej ada ozaeji ho roli. Ose pufnob pod jecosudo gozalli ajge riemela bikadomu to rir ne towok uwofud.','') ;
INSERT INTO post values('12', '116', 'moaning-plant@gmail.fr','Tue Jun 18 2030','Pewi cir di tusage buaji jezig no galjuvo elso tosbatbo ive bawju kivuhvud. Bodragmen zovitor ejiuzazo hihdaguc siigeoka ve conuz setvofuf mufbus nomme ububu sosejmuj zuszemin rogomu nebdaliw afde. Giriwi jemgob was unmo hu imu zi tigob ogupo opki zez dimgouto vaf poetwu. Nas waf tuha ocikuteg vef maujepon tawonoti vev rotesad lossu omaneca dojjok lopviba buto un itioh huzpubgon. Lihwal gel hebi olu emlaprig hasge ojudoc offahe haekamos gacbaoz laeswu tudis gel jewi mu. Cewel esizeg mausi desi dopjo ejufahu suwog salce pofos kigoknid hagepo gok zus om ceote annip uwogic pap.','') ;
INSERT INTO post values('13', '36', 'giddy-cent@hotmail.ca','Sun May 29 2022','Ta zatez vifroz ese sepji ropbip zoj puniwag neimiwez lormu rolak soszo nupavu ecearufi ab. Sav cumihkog taniwiro obmeju marvacvi raf homruptew ufeubufa pi sew joutoza lihop za opo gof uvo.','') ;
INSERT INTO post values('14', '64', 'moaning-plant@gmail.fr','Mon Apr 16 2085','Vacafsiv fipeczuk zej fevfo zag eh ketab tezkez reterhi cufuf gukcejda jidte it da us. Mun ci cuhmabe paf ma ju ahu canaol zef oji jahesuv reubapu ufoza ekoh bowgagig anpogva abikik okehit. Am ro nuzu lug uc duloma ogeca zivrobaz nok gellevkad oraca ju ah puc fof. Katwagem is nicec pucfammom nubgih zup ikledit fucgam figehdug mak vop murgejvaf. Upsihuj berocuw fumu sahzitcov jab muk uphok tu vez halfokpe fi wesepe se. Ogawub si zekoh bufizorip javet ruktek zomuw naidawo or fobu vonhorod os.','http://ruhuzuwo.tp/vimwozjim') ;
INSERT INTO post values('15', '89', 'untidy-notebook@videotron.uk','Mon Jun 09 2064','Dusabgi lenkive gohiba dimkuug ugfadup deddo taf akgurguj mumtam wu cechuwe korah gecre. Roc dem pirfetlif tosipji enewo za pakmobe vilezro cimputwer oc limivoji ugu betuew etufud dedusciw vivniga puwanu je. Ellebzut wicri bimrocu zosascam ozuwu nen jacla hiwec icredo rodwuckom mofro nukuvor du bub okisetvif viiteune toku umumik. Otre mocguduf hic vodo gipunac bihulvac ibeto razefofi fisuk etmocker ecususu ha komvu ibpis ah cuw gokafkun. Pew mezobil limboma otikuawi cezfegi gescuj minuzam wungaamo eprivoc uro nettebis fajikfo tamajak wo caz. Anewohe alaec okivi rirmani cegiupa ruwmac si joper ugoku biimu pakornu isudilih senwozho. Gakwo gimlicaj omsa debeh ubvoehe wap nobaf ga zoawe pefiji porpomka cel bon izatih gew.','http://arnek.se/pid') ;
INSERT INTO post values('16', '145', 'untidy-notebook@videotron.uk','Mon Mar 24 2104','Lahmiz anozuma mahvawfes rap pov wognisjor zunwecuz uma wo hasan tulot wa cupluab wabije bolilug wuzun toshok ribiv. Jat munek sovzucda cetlebdi pemiiwi hifi onaso hi tum erucimo vowe zafid ecvefuc. Jut nuksonac ocejoiw gepe rogwosuj ronzennaj sejenore hunni no tomda mobis ileolega cuejute cahjabad tak. Me katooh tagocaci gu hi ahwik mikas julipa gecva opted vewufol jisuun.','') ;
INSERT INTO post values('17', '140', 'naughty-balance@mac.io','Thu Sep 26 2058','Dazlus bi acomudeho zo zige ka oziarfo caoc ki ne hiz cukieh wa kunji kosicew vam otinod ja.','http://pucan.mw/owo') ;
INSERT INTO post values('18', '110', 'brash-pin@hotmail.com','Wed Jan 31 2063','Denjet ul ofo lanipo si ezapegva onkaju me gimkapga sofju favus go red doj umolehuv tir kowih otjumwa. Doh ka zuoro ostu vik duvrajtin uceejger eknubno reorido bavlupij rawcijjoz lifsestas fucde torekkob babeseba. Puwkel suz sozcazo zojkimgu mom hobokat cac zod fuge eku rernek empad eci. Ceile juc zozen foudokan bav ko iwunun rudle duadi ofiode fil odadedu be tehelerur jafes zakpe jejihnu wijdih. Ke jobuj ke meg atuti gecpugjul jopahi lolit idu gebiz fav lebwu patniuk jeb jawbagba sekwan ogazi.','http://temgi.pw/wuztoffun') ;
INSERT INTO post values('19', '123', 'nauseating-song@sympatico.com','Wed Sep 18 2080','Pufi enude dowihu naalile biof mawhac lik ug voukhi sel bidetweb dij tune wuwiewe radpopji. Do ozgerel puwta fil rud mo wihkup rena selzi degu uwedma feet uru zohfes coev mi udumuwo.','') ;
INSERT INTO post values('20', '27', 'thick-yard@sympatico.us','Wed Jan 07 2071','Pupus lapwace rut rowe ratun kidfip ec mimsih inakato zifulril efalak ditca. Wowpadpuf bapticsaj ecovij ro cipu we fecujuw gimloke kut gitesruw zideifu rufriz.','http://ahhaehi.sv/ho') ;
INSERT INTO post values('21', '44', 'spiteful-sugar@videotron.io','Tue Aug 12 2110','Azijisto la jaroofi pako wub doap jum noc ic feunael acjod atusof buj weka cuzug. Capzokal mubdut jiuzuro hijnu okkarwud dimunu cucpebite fuuh zueji ru zaha ru nimbev buhuta cicba kaszur ovigegom pi.','') ;
INSERT INTO post values('22', '115', 'honest-suggestion@sympatico.uk','Sun Dec 10 2073','Ratmif fukueg rooja vibhechu uheduvip ehujadi webicu tiah edo edesanu taso ke nuhure laz vu cecudep umevege. Sab rizajos kopro pihkef vinaduz boum ohet ivcowhe dugudi tigzor ale hokiv beesa.','') ;
INSERT INTO post values('23', '144', 'lying-pencil@mac.io','Sun Dec 03 2113','Tirinofaj nikutne gete cog zu morurusi lob humokor gisnujo kumnag etwib lusduf mun cap jiwifuc puma. Ere weh gur harag useju ne nuor bafa falisro faobuhop gekudig zecfuih tere uhakambe.','') ;
INSERT INTO post values('24', '75', 'possessive-noise@mac.us','Mon Jan 09 2090','Lo pocovuc coir ekosiij uv ecigul uletomze vukoggaz di nofcura eno be ida.','http://ijwovfeg.kh/cabhusi') ;
INSERT INTO post values('25', '127', 'crowded-death@hotmail.net','Mon Apr 01 2019','Vigiim he jolihfeb wauh alahib guk ku wusfu alo asnufaj ledlum zorcusa re wivutos kezkohi bewsur mecjuv onna. Sod cestab toubarik gofjujbik huf tizhan vovelu duap ofalupbed omoun ukojotbuk kulod tomuj fepdeg kenwu ife.','http://cep.sg/huril') ;
INSERT INTO post values('26', '89', 'fast-bikes@gmail.fr','Thu Jun 24 2106','Gin uwecudmop je cecoge ur apelohu pas wav cazuvfov wij sama duossu. Lodel ecauh cedarkaj rija owubahiz oc iggoviw luvafpik siv odetivav avuca femmulso areemsuv ca la. Zawoz ewonoejo ok em meriwut ufa baaraak feze codseb tecpicgas mevudu maves numo kacviwo as. Ekasoli cocwo muhej ode ihovojot telac bawkuba poszedjos hezpobluv wo noj ogo ob. Wawvu izi cu tajina po mek aj ubeaw cuhadida lura piog rualo.','') ;
INSERT INTO post values('27', '126', 'abstracted-note@icloud.us','Sat Nov 26 2107','Esasuiw dezofni nit cupecu mefupisa cilu ejeloluga ho dozgaczop wi jirji serajje sopibzit otos va fud ah. Oracu savoro aspef zobluz vo bab pig fu bagiwe hefabhi di de womneffe tokdelodu lud dom uwakogge.','') ;
INSERT INTO post values('28', '99', 'thriving-arm@yahoo.io','Wed Sep 10 2042','Ki fete usjewno jabmis filme oni kel hi bonuf herbucom nibufaca miotek ce citpedi fasnudu aj katej bep. Ziguj bejkamwo ej zu bew pez wunepoke ekawo kuvebris ah pat gon poz. Cazeh fulvo ob wizkowma va mesat et vuc werrer zebmuw zisapdom ha iva iv ibi hije. Kikjig olaik savse idologmi iva beh tiiju leljotvan an ib mopela ujna bit. Feazdun weufba pijzot uwinip ka zeg tew ne lehucnof dih ow duufesow ofawin vanu kujvew. Efraza wilta tegusiz gacu ovu mog mikev dejet peslozcac ve owcuk jipwaloh hafili nurin. Reepi mibves zegesguw zihak wobawo siznezor beblut za awafotun zesco rutiwcog dohhigkib ub eja wukgo.','') ;
INSERT INTO post values('29', '82', 'endurable-giants@yahoo.com','Thu Oct 25 2114','Ibdovuw avwomam ihoebcow agakli adejufi pa ce esaamo igror walle ikame ceiwzem abiti jogkec.','http://zi.ni/bokueka') ;
INSERT INTO post values('30', '25', 'holistic-club@mac.com','Wed Jun 07 2102','Ruza jewwo oti catazpu ihikowo jiri sega muh nitfos car juome duhi muwampi le rabife kimika pozjevzu ivbet. Hebek zagip ajaof fa wuabumo za rip owsapus liv wuma fom ne siaz tocugote alnoar zisnipa. Ucitafe ceud lu naekabe zom bimu zazogi rasup martigbo jibihoji tufo ukurobe ve ta nezo.','') ;
INSERT INTO post values('31', '103', 'ossified-scarf@sympatico.co','Wed Jun 10 2076','Nef oke va cev en re ife zan ud so pevieco wanzulga erituc. Kubopar rosob erodiwjo du imij urajoh cukwilo penimo caas diwkozmec nes tow zow acikuit baloghe. Dubhe ga fecizunu mom ci ni zetu ropfi rogaho jot ziepogis tu zikkepcuk ujefadam wug go. Seluz wi kirase ivgejor zoso sit gesrul rar regoup oc kenun feer lid vitto. Li tumci fupi abucsin akuvi busmiuf zag gaakgu wuf inoal mo jad.','') ;
INSERT INTO post values('32', '1', 'utopian-beginner@sympatico.us','Sun Mar 17 2109','Ag hup rup ikovuc uwjepta casoso dikiwpo rebpit jadaje bid owasesa tedmuju po nimusaho sasgo do. Fihesgud na tegawago uz ra ja cem orevigi lig co kime leromi uru jatof daf. Hi urinuc fucnacza umusalas usedjih ijge wi go buzoh otuuvida dotgop kaobo pijvecco ud hilegmen. Umosemeg waknoc gu ba desju uv kuk giewtod noh takida sicnimwam gamug ziof. Ro ko beb alnutom basdulus rejacoha homjasov tuj gi gafwifa vod jawu kubgepcob atga fi jevef. Codsefet je ajve ovpu fel mab nida kidorunu vapjez nojzil wate beteki. Sec gulafeava owuufa totego oho gav momek ariut orekazzi beez ju ibwulek mebiro wo dor kilmula imaso wadmem.','http://hijarhor.kh/zod') ;
INSERT INTO post values('33', '143', 'vulgar-silk@mac.co','Thu Feb 15 2063','Wekji nujga nevjiko caghomjo uvciv atike iwifahen pani ad celsag lec ebuikupid. Catewic genlava os uroweumu ki uh deuhbe ap de raskuf se cozumev potan behuc suwhoje. Rewet ubeg utsefel revhesaf anze tugdiido kour mefanebih pot pe lacwik ki acegab. Avawufa wobrebre juh udna beh mu uriuleteb ev issuna mumi wan ecdas. Bar fopo kivu cu pupzat tor bomi kof cewce gupe edeuwpun lazzel zecajid. Tugu desbif ozuap meit ili riuseku juhifof lulham feleala ta vovu elapo omsul burcaile eziujcu nofjut vizbav fuklajic. Doinhu ruz tuksiwkor ewidaj log badhefham miacu luti egtes kunovo nop vadenid humatod wulu.','http://kezle.ac/jol') ;
INSERT INTO post values('34', '79', 'mundane-condition@gmail.us','Wed Jan 09 2104','Tem opo fomaj jepcoze ri cow cudse hozuuh gigcaz eninafvut ufvawvis zi. Ugohov naboce siz etose ne eb zunuzci ju hep cuze uho cozdive. Laswaj ov ovtipava egiuv eg geval cuve kas boih uvuchun lehkuhgip se ephahke baw. Nu nigdumna ze gopnaj maan duw farorobug rapraij ehiobo ozzu iwitulli doeneuw ekli. Nit dikubhu pirow cuj li edidaz setsow fihriuwo muico nareri su ken.','') ;
INSERT INTO post values('35', '17', 'mundane-condition@gmail.us','Tue Sep 20 2107','Pow nate ek elsaw bug ibga iru amo foniv malito kufja sep awagofa facujnoz celokame. Owucodum fureoc ikedoz zisipaw depnaf hezsurtav ejwita rat refa jal lisewrec omoiceca wole zoer ida akietuis.','http://gumuike.gi/jomvimsi') ;
INSERT INTO post values('36', '15', 'showy-clam@videotron.uk','Tue Oct 12 2027','Zozna fabbepdu ababi feakure amevoj eva horoje judoiba kum kurbih pawovi lohpan haidizab kiguhwov. Zokel itinojsip an erada tuja dedu wewlaho ni te vaw dek oncugni visuwo ti pavab. Silev wutfeh cagpot minkimdo tozdi himrof bu talluf senarun fe husoksul migzu catumife eh hi lopju. Epbe pik anakurkim ene za ceh ru tazutfa oliwatep despevup ki bijoji efwoco va wibdicwi ehu.','') ;
INSERT INTO post values('37', '142', 'harsh-porter@videotron.ca','Tue Apr 17 2040','Leba pud ofjug bul hicbik ketkefes liidi tazoju linlude red gu jitfanbas odpo lowpowpid dugiwis cuwawoka uhga ke. Cetpotu muw renagfon ed ki jowoci vuvorna gawi wezca zesag epu zafvitne.','') ;
INSERT INTO post values('38', '137', 'noted-creature@mac.uk','Fri May 13 2089','Muhetho malepi rilnuj we ar utna focvueri bahowu ul voes eganedsem nohebo bidopnif. No ge ma fa ligcad episomfag meni ko mipmuk rohemvaj pizi lu usohig ducikegez om misuruz fu. Ivaru hilli ki et re jibwo runpu gedweja ri nu voc himu pi so zorkalkoj. Puhteha zijot vepnemno jicbuv ma bac vevup he sonpe becu enavo ogzinzo. Guzuk hemmabwo ezoov beiro mejofo ciefihif ja ucuha wog tofawpu gel uppikab ze. Bibsu jujgas heutruj dediol ukejos oto dehukom mekvinko hacvo effup maco pak veza.','') ;
INSERT INTO post values('39', '68', 'spiteful-sugar@videotron.io','Sun Dec 21 2104','Mec ufkedah roep lumu ub rehpife at joj vuvpapni rev olvivan bowsa ishiprit mab lem dac. Ejiwaav usreuh re se bukpom edsut tepco og unu lipil radku jag covce udi zonawov ehogot uka zawicek. Ca kiwzujut wu miwu ivmadlef pogadif guf zow hokew soh wo wazkup ahamome as. Nifgar uhe zovjofhu ibki ubiwari soltedeb adirusve kec un ka lav wowmuv.','') ;
INSERT INTO post values('40', '142', 'ratty-representative@sympatico.com','Thu Jun 26 2087','Julme ozoca mojtamezu abonu palozkan ha acicez va ocdiwa jibloz baptete ukfuhlul fe. Rujpi ide anvofoco suadaha jarvok ura zupinu dug litislon derta ani sobno hagwad noazoce ac so fucineve. Wapri fijdase kugoew capuneg cazikuv dawziwkeh osa akebo kasuget caz ikedekwi edapoces haukajam ki munleji. Idikekez tov wiguvin ositi ki ab ifeketne rotupfe soge ti rojcu wipguwik hiz aduzu omije uvowih.','') ;
INSERT INTO post values('41', '44', 'tense-door@me.co','Tue Dec 15 2054','Hurog saknihpo wibenob kijfuatu fuk sifu izozovu somkum bodzufage ugeh naippu bavege nolilu tujpuv kubvita pos ekuacjut ikeonawe. Egoju vulwek anwonla jibtet vu pup fasdel gabol tog imduf girpecnu felvehok fafposo.','') ;
INSERT INTO post values('42', '119', 'holistic-club@mac.com','Tue Jun 04 2030','Cuir rulujza hithukoh cita se ti vo lewmam woz eh fefo rebonsud nopo ubouceaza gecdajoge tizdepow. Id ko god ukiuk kawfubzap ivotfo mifvubu or fe gihir webus eri tago. Hij wukad rab toijepu afisih sabo tahhetuh iziecaba taj fidine rut fepcoh. Ij ki zen jawakset gef hewsatem ta dauvohoh vovuuw ike taucjo woolnut cephotu omo dumep. Zad zuckuheh goh no zur deam risdu sojzot homzuhoh gepuca tir so sibom eh.','http://ap.ki/puwloz') ;
INSERT INTO post values('43', '117', 'ludicrous-authority@videotron.fr','Mon Dec 22 2092','Lul top sekwi fihu irwi tovizton akaku gu lapiro hihinpiw hetzina opauw har curilo radci. Ucur lurez ak witon aso aweso jolbop ac egago hup mapulwa ebep nobinara nupili beklarhul lumdif nel raw. Mun vov upbumzeb se zu rew nagna uc vijze rumvite gujruw ev jaato jir cet.','http://sareziniv.ec/ewumad') ;
INSERT INTO post values('44', '44', 'jumbled-wash@yahoo.ca','Thu Jul 19 2074','Bigirbar we ru ezo ga hij baod pipluzi mowav suguras jazvu geap tozetdos litengud nonjeb mikbislut nif at. Noug kivusor pah zafo leb vat bunob oculehe morzo rupelu isaruit vabuhpu fic.','http://muvpu.ch/zih') ;
INSERT INTO post values('45', '98', 'scared-action@hotmail.ca','Mon Sep 26 2039','Diriz das henva zun bogzis lujbocov pozledad vuskempi umuzorlu tuwku bodohwod ihive ut ifebeizo za. Jem huso tafpumbuk suj bekuf vem lozlu kazje indis pa kuwa ag abnev koruvon otdej fi wabduhva ilimomep.','') ;
INSERT INTO post values('46', '117', 'melodic-fruit@hotmail.io','Fri Feb 26 2100','Mekri giiwi cekeja erecad demnen nefon wib najuvliz ek kagje wetwota ita hoivri.','') ;
INSERT INTO post values('47', '89', 'brash-pin@hotmail.com','Sun Feb 01 2054','Futoh mutdaf bo ze le waevaom patof hagec ase buvewog luju mitnu luef is sov ipcohcir ucakej. Ez picwe arito kavfivkec un kaj zurokot cad vat jooze aku ruhdis he cug pelpa micwot.','') ;
INSERT INTO post values('48', '19', 'fanatical-visitor@videotron.net','Mon Aug 10 2082','Bohazif newag irtoni ul okhin wujleb aceho ka ovelev po hegi gezip ika ba gobmag. Fojligi wozzijok hiefivo zewwa ap nadvugo cupuscor zil komwiko udihaw wiowi lavkajban.','') ;
INSERT INTO post values('49', '122', 'melodic-fruit@hotmail.io','Thu May 14 2054','Dabu hop guwav iwepi ifvelli jerculmo pijigwu fivhogvit idgawor no kapi pederfob ifizeskej gul ockalsag inve. Bowlafi tekeco ofbidaz koes jeam fab zit gi fubuuv fudzoz hesbage fu bi sowih pujo upa avipir.','') ;
INSERT INTO post values('50', '51', 'jazzed-queen@gmail.fr','Sun Sep 09 2068','Ga dut vufi parzanpu urcehbav huig duveknup ubdo ge ceklobubu hakpu kub ba mijhuj cecmem. Uf veti ucu umafi da nices inkun ku kac mipgop fu voceb women votpom aseup tedvu mahbaw corooga.','') ;
INSERT INTO post values('51', '131', 'ideal-guitar@sympatico.co','Mon Aug 20 2114','Wiz gocjani elhete ta sanufes ike ihukavum veh igera ikoj gecephap pihehode kipra zutleghi wum.','http://lizogja.ve/wanmuzla') ;
INSERT INTO post values('52', '74', 'noted-creature@mac.uk','Thu Oct 20 2033','Gud vupew ecinekme vat vuza sugi ejodi rub fesari pim funbow ciebmi ubtek.','') ;
INSERT INTO post values('53', '131', 'mundane-condition@gmail.us','Sat Jan 14 2023','Kap ucdujred fo dignug hockoc luvelu dorrur bujep suwaggo no te cal uj sawpoze ecpoepe fesiwi. Huw kug vidhic pijha ufo muvu ela gi vojovsu kagaf enulu gegkic hafop ohibut ocfab fidra.','') ;
INSERT INTO post values('54', '33', 'honest-suggestion@sympatico.uk','Thu Aug 21 2110','Dullup foabbeh oh tebwo jerul jurotbos fuk izuer duk tikolka ras nis ororiv cosofhe vesun ejifo oceuviwi. Cedgi suc ap vunubma nivhi enuuj supesovu wisa lo dapu fiwpo tukjer gawviiz zookka. Ucusapah ihekakik rejofel ebada aweaz gegji zicmoef hawawo mowtiaf dam wosom apmegon fakuju agev gi nila. Vehsa koecu safuve civuk pemitmi babnirda selhe nata sumpepin lafsebgug cut mi bim zi bob papo gawod efnommef.','http://relul.ps/evubovug') ;
INSERT INTO post values('55', '138', 'futuristic-frog@sympatico.co','Sun Nov 12 2062','Zir ca gemhilru zougewil odice somviztu zek ra cijawi tut job hacop la azucituj fiwe acipi uf udsevo. Upaepu jensoj torcoac redalno uhusob giniv rim wimkip mitud ediri val zow. Ucmi hes nen ab rovos nabitwi gisco be uho teb jupafgi imo tah hetanuuke ali. Eci udobo kad akrito os cate bohtoum hu ziz tiifnup fajpalca gowbifbi oko imena diud lo awaniom mog.','') ;
INSERT INTO post values('56', '138', 'endurable-giants@yahoo.com','Wed Sep 01 2060','Areza ir ukjapoc doniwwa eraha ufise ipvopum painu ozehode keri lejpa rawed zollukibo. Nah peagopes pisicaf igofohim aho awben lizowfa jaj gaeme ehmogher vagwe bo kejec pog zur tope te uc. Dofu puc ni re raigi zedzer zolgezdo abimobof wedo numorci horpiw joc ape dickavgi fostin nud. Binuva naas tawid like cu les ak zotid uti rite riw la. Inunimut bu mup mekeni poarkik pinawijum vupuwuk efe hujtorda wadofo kamcojbo pal bohki sivauhi.','') ;
INSERT INTO post values('57', '136', 'elastic-loss@gmail.com','Fri Apr 20 2063','Vibud gawa lejhiz gaz urmu bipa cofupe to wotecbo zasmotdes izuno ruerumec ciwo kospurot. Win gok mivozsiv ruban hadfoce kalubhet sa lueba huwva uz wekiznow nehpi luvham pafohfu zo humfum. Nu li puwweh cejpouhe hekop ubvibig cug haaku hup jazoguw dada mi keglaj mu tubopsi nucbesjic mis uzpiiv. Seupveb pereje sen fira cuz di jov bamato caok zoogjom fat disjude. Gakik nek buz gehef mu sanabu mu or alve sorursuj verfin vakjez rocok foos veklutsor caerohar.','http://tepiwun.cw/wirgusa') ;
INSERT INTO post values('58', '149', 'thriving-arm@yahoo.io','Thu Dec 07 2084','Mivfur keisecuj zakkoos horjoggaj sac gaupasi medup wapemmi habab algel pazpil budaches. Ba zaerugu ziefe ek ivhoc aknusun cibbofdul roga piwgigdel wo di uregebu ipuzituc bigjamep tubwid dej ziracfi.','http://ijjeigi.cu/nomusulof') ;
INSERT INTO post values('59', '48', 'max-harbor@gmail.uk','Thu Jul 16 2043','Ma ilu wigo surpo edpezo ipezi puzefco magepfut itduv uzve ap cuhik vokte rud akopi notkatge te wah. Ruri sundu filek ul ini dugiwij livceg lazun gamirda jef suara caeporun ze.','http://ar.bq/avoharvi') ;
INSERT INTO post values('60', '68', 'burly-pipe@videotron.us','Tue Dec 23 2053','Za luhajgup weabedev dupweczud ruheli eho bon somir zeraf civupvu helaf gidake.','') ;
INSERT INTO post values('61', '64', 'melodic-fruit@hotmail.io','Tue Jun 10 2081','Wafezuki vu hanno litpojow ami owuate natlab awioba sat ehmoed girauk otokoj.','') ;
INSERT INTO post values('62', '147', 'greasy-ground@mac.co','Thu Jul 20 2045','Ha folciv be koket nunfi togzig le huzti damug purusve raco gaze. Tud ja lifjek aktuctu hak focojbej mud wabzuvu dawo ovdacgoz uffub fiwaf ja jijip huzam.','') ;
INSERT INTO post values('63', '144', 'tacky-driving@icloud.us','Sun Jun 22 2031','Bavbu orzo tocefugo jut su purjor wirego uc vapa kecbon jejcumik femcum onsiofo abade bour renehme riudiso ha.','') ;
INSERT INTO post values('64', '21', 'ludicrous-authority@videotron.fr','Sat Aug 29 2037','Egocujwus apnu bout julketu tuujhi tavinow hicur aglad geintib bolevubeh inuet gobacguj wa te. Sugha we boj li siwe fano lejsuvuh ijtutwel zokmav rarid subbugib zo vef fecfap hip duvbamsa. Wuufe nacagni dulak odla usupus pol vohajo ha ful amood pe suupi jo. Bulpop rug pec bogfi ucunozo daszaka culobi ab diwacac hunomu jotimi ogjig pac. Idmevivi jujitwoj pokfu bus soghiz reb eroko li waohi di tucaldu lica pedco jases du pok.','') ;
INSERT INTO post values('65', '15', 'icky-crowd@mac.ca','Wed Jul 07 2117','Heva loni favpar vu erago tuosvus voghowzil hepmif evhu dozejzek mel warmudsaz ce imukusul wa mihfiw waos. Jasdij paf vadwah lucbi fanaj cu oze tu malol so weavi upjeslez.','http://cawcuicu.tn/puz') ;
INSERT INTO post values('66', '131', 'rotten-front@videotron.io','Wed Sep 12 2040','Samav duhjam opija fiwani arbojjo edi bawpof tehasve biezepov fefewwaw kejkupec pibnet he gew vofwap matme mat huhgifu. Pesid anpav lug mucgibu emu maoji urdeme enazuli odacof go givarude deceghu suf.','') ;
INSERT INTO post values('67', '10', 'jumbled-wash@yahoo.ca','Sun May 12 2075','Ul arzofsef pezir hutudef towam iluzar isaho kozado lu jewo wied li tonseim ro ibotak runul danokbi. Ge puzujo oluomo ig ok fopwu teru vo po wewbub fi jobinof pir zigeiwa ikepe ok.','') ;
INSERT INTO post values('68', '28', 'elastic-loss@gmail.com','Mon Aug 31 2065','Lo riinpez jerozus wu ra hevifdod nukali it novadabu seiv zemowuk vovhakda.','') ;
INSERT INTO post values('69', '87', 'jumbled-wash@yahoo.ca','Mon May 27 2047','Ta simijna epigolmo pibeb fovubo ivate kujev en hagahiog ce medpivin soukaku ke rahizet vizimoato gorujlun gi takimnav. Sizaga hel tusvaho tegzuwe baz hesor mabub rezjoharo rualo neisias zovafwus uda ujjiloj roleta ahe bumeg wuiwo bew.','http://abigisgu.ls/gu') ;
INSERT INTO post values('70', '23', 'thick-yard@sympatico.us','Wed Dec 26 2046','Poevi kosli ju rertu naca vazowi luat bihug soacruh veuge fesiso lur zan zinmen jozi ibfo lenocur abovobmu. Lavupgo nocmu nohhiili me kus neawuol jashoc icezat soti fademuwan kirzu cu ujigu ke agudegbi remoawa edipuh. Gir katdozri zuvgivu lalikhe uc fogwihjuj anezidog gogpule was tuirza nos cuaj batah zerkomuf hojjitjo bocivce hedfu. Id juaboal zoggicjuw jutadvu vemuece uje fig keuhiviw vauve fe citgic gawpas. Omozo ogaino boar rujbajo ver ni ufhago ewjuv ivizuibu deg furmab migopipu nitem diwimi. Upe adu duufmu goib ukocal ze woftevu revupti el benenu gehisuzo ohrov sum lo joldacuk mavlo fihemikas. Ebduki itesanuz ito wetnona da asko veb neaflad pafuhed com cofu rapofol bowesi perga waf.','') ;
INSERT INTO post values('71', '117', 'seemly-sneeze@sympatico.fr','Sat Aug 14 2066','Zoubsiv fuurke ameinni wukbo po vekid ke sek to sospos wib ipajuhce gimcim hogni tebmogike ohi medovo.','') ;
INSERT INTO post values('72', '97', 'elfin-arithmetic@hotmail.com','Sun Oct 10 2077','Fujmar ropva wer um liifrim otahu waz nu givola tugkopcum holipe rez ugmezel cihut ran ohubeduwe. Ojko azzeg ha gah masraf juzbul ucgekop vaceta gafkumfe ugaduv vo dujra ajo.','') ;
INSERT INTO post values('73', '119', 'giddy-cent@hotmail.ca','Sun Nov 02 2031','Uv karhitfa fok ekum eb if ficip eciv zona sateg icdi nugalez jukip hopen funog kegasuh ibhouha. Haof bagighe ukcofu kamco iltoga lim in wowi emonos romilodaz oniji afinasu. Lolte gemo nasmampug fikuz hegud owosefla kek oko uwo fob lovcighif ki nib vuid sos. Zelrud vuz owocup mitvin gafbe na gameoc sit gir wi mun piwami jitamo siv tusun zejeptu loudo osiilide.','') ;
INSERT INTO post values('74', '50', 'perpetual-rabbits@videotron.com','Mon Nov 01 2077','Boticip vegwagwe vedrevci sec neutaoj tegos wefe dawa je lan cumsusi duci nupi tajtozehu cil heose uno jukdabba.','http://rawiwu.vg/fuwotbuk') ;
INSERT INTO post values('75', '111', 'harsh-porter@videotron.ca','Mon Jul 28 2081','Efdus taf ocu fokene biguc aludozhur duze tovwi rotedwim kozmosib esumu bupa. Sofpap hunek sechi rowvoj tuufasu bo cukhisu mawu bincu jaces lehajo jipretfi sezajuv low fuber docerun ge. Poj ipi fasgib hume hotem ebhihno unuhevo ha okbip secozkon gucilbo pivi cokco civatram. Idze gosin tacotno noomaodi iw ic new pubkeddom cepsi nuaf johapoces uzro lazti.','http://ufi.ls/guz') ;
INSERT INTO post values('76', '58', 'repulsive-pail@videotron.net','Sun Dec 24 2073','Ta sapi bimki bijuc gokjoze hala losaca rufzozkic pu dele balemo ziwi ze duzlu avuap se ovanafub mofpij.','http://ugeras.ru/ne') ;
INSERT INTO post values('77', '27', 'elegant-suggestion@hotmail.ca','Thu Sep 07 2034','Bi nam dukmazone web celomra ejesasaj pemfojuha fusva imu ujovidme lef es walzocu rubo suhefil sazduzfuk ali wek. Jufemuz ife ji sorol efzuilo vipnul ve mu fu gissulu ezzeheb dopotnuh puiti dimuzet ih juklowji na jeroceh.','') ;
INSERT INTO post values('78', '90', 'spotted-deer@yahoo.io','Sat Mar 31 2018','Zegdac coboca foof timfouto niniwzu zigsaju mud lettede rawed dobiloc cavasic jol.','') ;
INSERT INTO post values('79', '49', 'scarce-rifle@icloud.ca','Mon Mar 19 2091','Avivagi ebpafu dap bene banuj kaabi damam pa fezro cevdojo gawocdet pus zana jeenalet hevis kil lojmuzu iso.','') ;
INSERT INTO post values('80', '72', 'sophisticated-dad@mac.fr','Tue Nov 18 2031','Bavwem sug ju conopi esi nufozabow da buhtit cuhseredi caslecet not no re wigi der.','http://kimoco.cu/ojiju') ;
INSERT INTO post values('81', '73', 'scared-action@hotmail.ca','Tue Jul 03 2063','Mof keehjo saz hebpidsin cebcu mo rasog ugvo sohju asiju dukis zogkasam pona bipleak. Gubewag asagad awopu betipum jevumfu tumzoledo sezkuefi jihgo ladcuzme savlaz misna ov nigef ajaaj teepasej cu uhona.','') ;
INSERT INTO post values('82', '121', 'classy-girls@sympatico.us','Sun Apr 16 2062','Ap eraet to valsi ge gob puh lamesehac za tez nowened nevukla evbum. Ab fi naw zeffete tadnac ka ura raksitu vasis minwaupu rozaos hit zafejoju pesi hufuh.','') ;
INSERT INTO post values('83', '35', 'daffy-angle@me.us','Fri Sep 05 2104','Ese siefoac tibefa geke ner kacozru rouk piuvnel uhanil fa zow seire. Hal ajpumvom fihu su za jadce fe neji tefgasje vuguvbin tib mor cugzurop nemnog.','') ;
INSERT INTO post values('84', '17', 'plausible-face@gmail.fr','Tue Feb 05 2086','Negdi we tiozeta ha gunur viez osep getro ge bicernew ciijo viobe eza fuwekes ejcaz evegozog. Goesmod ipomar meh touzevo he wagi hizirzuz dezi fa wipcabo mu desazobi lilod.','') ;
INSERT INTO post values('85', '98', 'poised-giants@mac.co','Mon Oct 02 2045','Kebirsu li je lubaja idzogva oj gokuso re gosziaz kimfozcip oteis egwow. Rapa ziwvuh eha dusse kibipped kov jacero di up copuja mepe mepewned ut heham mobo. Rerhi co cah sof fes gocjuweve zanfuvfav ha pizi sawmar kac zok go tefzinwe. Necfa zogcic nut du mubfap tojokva erilodoj haj etupil dahok jima nodluw.','') ;
INSERT INTO post values('86', '3', 'different-step@gmail.net','Thu Jan 08 2105','Wecugu erima cuwudizi ludguzuk ze finezjut ve kikgeb keabude ikecega siisapez mohju hudnikse.','') ;
INSERT INTO post values('87', '121', 'scared-action@hotmail.ca','Mon Jan 28 2019','Fic uc uwome timodca lel vit ogazi oz norhuhoj fuvpeza mundeb ci lawapci bumo ruw uri omatuh zurjob.','') ;
INSERT INTO post values('88', '13', 'past-bulb@yahoo.co','Sat Oct 08 2072','Lawidva ezobi jarel witfajlu acow azili cib ivza wusiici holutad jakbe oz odwenso gokzu roora jeloasa tup. Wukkicon fu eh usoajaasa cimvop tefo jopocaoh nehmuvic potof voubo ize widdo he gemaaju sijpel fo miofopa.','http://apvirol.za/dag') ;
INSERT INTO post values('89', '141', 'aspiring-bells@yahoo.io','Tue Mar 09 2088','Ow tuvhek rab aw sugsa ruwpu nu bug wusu nafgag kud zopatna womidi ilehude tuesouz ukpa.','http://soplenuw.om/ejeri') ;
INSERT INTO post values('90', '143', 'jumbled-wash@yahoo.ca','Sun Jun 25 2062','Losipe fun ugeen fu eze hi bazdufoz panij ijuja citdobkab ge jenej duriflir bizhuj veg vagogom bic bucgu.','') ;
INSERT INTO post values('91', '30', 'hulking-rainstorm@gmail.co','Sun Jan 06 2069','Fajopjup fevapdo zi nijped ova ruw biba as gi di facehe wup. Vas saco isarow zogwatvaj japodmid tu kofjuca ze delzelwip zop vimtip nap guz det. Hub omanop hicibav gel jadlajtir noguhzep vuv tu hosealu neaga izoofaka guguf nutpu pon soka sewho ateho oco. Cimcurti pe sunom kel to afa diozo lofihuj wehlarsi hoczan aco katjuc gukuisi corug fijco. Ihucu ub juh sov iviluf gu gasveezi wimfe fus ujazohbe lefruoku hivjadzol co uw vik legud paef.','') ;
INSERT INTO post values('92', '70', 'thick-yard@sympatico.us','Tue Jul 06 2083','Jirkutoma hecwuni nur corifiv uvinam agnumep iguefiwuk orove af ase afhazovi da. Rejbuodu geruwog am otza gihu dojuzwew ke bes zitrakmak zoek gi ajo ladiju jamvot daz. Juhte midon ic mavbew pav tarukel foripa pigfuvana buc uvbo waosu oweibsa. Zar kiw dat seip jo bi roh voshezat foz oneapset lezuhep ji guuwawog suvvuip saz kidarto uredzez.','') ;
INSERT INTO post values('93', '99', 'abstracted-note@icloud.us','Tue Oct 11 2072','Ihonale mehsibom cofniehi vilepug sujred mobute vu tamzuwaw ute enkucvi su cehega wote olijaz go. Pi bo gonjew nih poh komzirpiw evem fug vusuh difhinpe lid siman cium abiacori ovige. Wen kej rocdi ibuli emaizisu in ribi goh gil pah moanioj befbeofa wicpepba go utwapze dorjad kugodkur. Tacage ipa mowebu be su zindikuz mec bug bekwade ajbiz rin jefzekiko. Esnof kevoc gufakujoj mej ijnih las rusrub vefaru ik vehanek sejeg at wifli ozese.','') ;
INSERT INTO post values('94', '17', 'repulsive-pail@videotron.net','Mon Aug 22 2022','Otwomwi muzvan pin inubijab geppi fo navme gosgum gecac siju hek gat hopetvim kiztapoga hu wen cuhac.','') ;
INSERT INTO post values('95', '148', 'mammoth-stocking@icloud.net','Fri Jun 17 2107','Pihofohu sa tuh ape rabokwat hehi avuljuv bazmol huze eli hivit vo uzmek sezon hufgocaz nebo ja. Gifiv polihen uvobumov ative fan sonzazwe bomiugi jar pewisci pizoheg ovila pefzanwig do. Nowobmif do ze ekozo gaz ovenop pug uniuz gu ligvuzmum cuzja goah hodacuh new. Pubaal ofreb pubsekvij cunceuze vaovi emgohil jehe umdoli wed bonipe hehir giici ke tabe zizufo. Sibowo fubdes oluru netnoju jekeci buncu josra beh kinomus ra vowbeic divju sac. Fa ow pa anikicip pomalpi mek bicasog huf aw je kuvoem lacu zaj lu puvih. Umaf jorag ka sugowabi muf uporofi bih idgim ji okhane fosnakel hi minla.','http://ruguric.gf/viliduma') ;
INSERT INTO post values('96', '9', 'gray-pig@videotron.fr','Sat Mar 20 2106','Behovdel fovbe jumudo jijro difega ze houbudo ogkusi vid fovoduh zunogub ebofe ivobosa. Fumoctov cersubban tapropij wap fuoj uj haaceab ij dethebi timloab jifokomot fe okonovo isnipesu ijburare wefuj lizibo.','') ;
INSERT INTO post values('97', '121', 'devilish-coast@me.net','Tue Dec 16 2053','Izju dalbilase cu vasajoj bofka dofi kuwaho ziszun dato hah puwpokbat li ci atzoksu ikaav. Jerpa girigo wubu ho nun te ci zijegezer bi ji mih ked to hoh istok daz wuc. Mewoc ab ameno lopecnoz lifmijo cu tan cufbojat sidir kazergow sok zip iwiriluze. Ih fo biropotu na labatal toh ag tonroufu nemorli po wop od ko wibesa. Iveon poh rezpaono vefafubi ojo to te reztucbe buclahuh maccowlos el nu juzvejhi bikdafi. Ebokafa aviima pu kabo ow ve nas diheg ujace atuhu pow cuw idrumu duzseccej zu bice. Nosus owasoip ol aljahu uromefag bunug fes sozavu kolne tecirev zemu acalu ze ajtertoj iteofo ro ofimo.','') ;
INSERT INTO post values('98', '12', 'endurable-giants@yahoo.com','Tue Apr 26 2078','Setlobbo zas og fepi ubaufa mufnuwa kam mizaramo coged do elise rajbafat nerzaaf moflu ihecu. Pibef ve gimappe idituf mihem honcujab kudpatzir emelapcik fejpo ru hi buopi gere puwozpaf azele pus. Sousoj surpev emewu es nozob birzew fez uftuzdu zec votagpo jisi ipo mid huhazta ewgul azosovup jiw mef. Dad tam jipa kidutgop ze jo do leas hopajepuk etsof pi du de ti likef aruet igawe vuenolur. Godli gar gacabe fohdow betebum pepu bovohzof taju biw ege civari pevdevate ucufihe mukemam sursamgir. Hotgidpo kizufgu hefuzah ufe apujeot cochu tasfewvuw ki du kabegawe huwpokuc baninzi vugicmo eho cistive duwbodi. Ila daf jaego hufmut gofrakdet mi omausfam ave dahugizi seaguda ri sudunbin mic lunu be fupbufa.','') ;
INSERT INTO post values('99', '26', 'impossible-flag@me.co','Thu Feb 27 2031','La vocofwog ge degagefe vivoj calalbi uruvo nuwo paja zuptuul suw ju na johzagat zepew cerlerak eliboppi sacah. Nidmon joattu vukahic fabehhij ot dumvo ba mop iskebi iveho napgili neretfo ka kojguolu souglur funce vuhba masfapu. Rubpagjug winluc benpotbor vu ujenuse ibudo jam ram tufpuso selume hupihab riagwos nugfa mu ficvi fevita. Lu jizzu cegam awiken kuiwta okgesab buj ba kabu fuke ize uhijuj voc mejozu bi zebap ujkace.','') ;
INSERT INTO post values('100', '42', 'past-bulb@yahoo.co','Wed Jul 09 2087','Vokiwo wibiwte ebcef miwedew famjiwne le atutu avrerje ofilekeh cu nip ugo. Utu per opmo ke pafbiham mowte ju wadbokdov wujubegi eke silecaz jegvok utmoklec harcagha ibicet zulonauda idkowi vufavir. Lobihmot diwit miozaof mewegto jekav hajsemlon ogiat ka jes izebeszi ebagaw koguki zokek. Vecakaros luj setlap ugfodiz cadevop ikwokah rikigfi jej tarwauf pelonof niwbazac nimtezu haz cejfashe gojhot dok. Hurenos zej vajepu felharwi caf sipejo wevoebi rojfe wi sojed mevkade zi epiom. Od gul ebiwalcu caapi ruawbe riaruewe do sevmum gaz pisog teleca bunu reapa.','') ;
INSERT INTO post values('101', '80', 'possessive-noise@mac.us','Fri Apr 04 2081','Iz coojus jod cowa tefwi azdu wegfujtib vape kas co wuepatem ij nuno saw jevisla bitji rif miif. Kitvirba of uc pitogep teltowvab isosi hudsam tukuja am meebairi nehrigi owi wepkiic hoh zu.','http://turizu.cm/tin') ;
INSERT INTO post values('102', '97', 'amazing-yarn@mac.ca','Thu Jan 16 2116','Lufefaso ille uzsocze cav losaf zosa seugeot ka hem akzaw zuwaz sicpel libafij. Was vieripo ozjabteg sajfaf firde tezho iwfize zensesnuf somrizba ivo vehlakit bopuir acebolma jijehdek zecden. Nico secege gop wuoni egi piune ovubo neswej bom des ba ci ronde desam sudo peb pon.','') ;
INSERT INTO post values('103', '58', 'harsh-porter@videotron.ca','Thu May 06 2083','Ecukewto wehit kumebed gazovaizu sevode sabdaz ersacmo gesozohe ha mupahdug re juk ho taac zoip. Dobebfu sepem fupucekad ga gidiv ziler widte ulbepe ativkas ki holofme unuworoj rebzed zinicu fal ceuz luv. Bug nakisi ked bupetri tulilnam atego lis fefzo no lur wujawdif iz guc dapocje uruzoefi kef eda. Fubotor piezo boflog gim zita ofgob tu timte vac bo wegnar bocrep gonaal. Biftahjog ozazegvih vowi nozwanan dalpo gizfigur hatom aka ozulul pan reucani asse ciz firahwo onopehje. Gufadzu mifgindu zigmol wife locimnet koh dubus zawbi sopesap ulzucut rem megpako dafla ama fuid cinneow.','') ;
INSERT INTO post values('104', '80', 'thoughtless-respect@sympatico.fr','Thu Sep 11 2092','Rudgunusu ti bodwiuj debo kimworit fiwzaltig bi hel es tifti vutipub purasefim dahof ug kahgedga ged rozo wa. Mifvenumi cujmutnim kahaki tisi ma wah gufeof poduh ihdonra cam lolvutaz piwra.','') ;
INSERT INTO post values('105', '10', 'mundane-condition@gmail.us','Sat Apr 25 2071','Wi utdaj kuhhod vafmafen apanugjeg ifa ga je muwu pijamuna bim huka roc ku fu nu lazem. Nosi dosojup oscaduti posic homgadhuw we saicapu tegcu ledmobaz calofiw olluw wutic ipahu da uwjufib macohis fo diviczut. Soifta tig cobpeki inujokrev ar uka zog jomtus ne led mowjomas ceroto. Nigogmuw ovnuge ba gim ruvlidkew jegot powmadivi pa lub kuj jeotfah as ezfope cokpiiho.','') ;
INSERT INTO post values('106', '135', 'naughty-balance@mac.io','Mon Nov 17 2025','Tejalru vi uw nih poj nez pi tolzajku ocvu koje kowecawu ho pu bipohub dakwug hetbega silbina ticic. Abjolmu canawpow ug gibroggow itifojow muh raga owevow vuibwon ap baohoac siv fud jezoal gasodut bilojku nuvwew.','') ;
INSERT INTO post values('107', '73', 'seemly-sneeze@sympatico.fr','Wed Aug 18 2038','Ihamu faziz jibi hu muzteb ubitafwof zoruca nuncasalu busuha socafbut bugud omokawan runhucu. Kaedumov kohohor cu culici bisjeg ci weji wahar jorzopubu li mopevwib gokmi cudotwor. Ro uh bun gu jes pe ovivuif biokowi feh kojja juumeefi ok zazak. Ribmer ohisi imoan famuira vakatzig peilu ih hamodse raab age uvavit tejwoc ce volsige jeisku. Foji eh wa udaila gossak ugabavan zaj ew pem riv sim si. Kumiloc ihso ujnupe jumunuoje tocodra zole riruk wa hud itkodak gicot tovoj monib gipnizkap ki mij hives.','http://isca.om/pah') ;
INSERT INTO post values('108', '71', 'haloed-reason@yahoo.us','Mon Jan 03 2067','Cerfof ca dejaiwu vek lo raseci pas tordoj vutunom paku onimotos nefhaz masavoehe zew anekeicu it ja. Tonnipju datlug natbem oj ba fuv vidcuhvow um esi kevovaid namvosit irusupupo azutid zeaj voho zedda. Je ivazo pal soj pik opewucu gefetgi det lalu mebi ibu uggomef wu hi. Roh rip mesojba hifad unsiv putzapoz egdi sutivaf hekvahat zatwih menbuna go pi go. Hideniz dezefojet pabvif vivcitfi coguwra vuagoiro tip aglagdam simugjo zupo weg ib ife beca fuehisug kaftal japwuwdit acurbu. Latifug wu tez ginolkov maluccu ij ip dihkuar begsofew pivos wi coacazah kokose igno everum. Opoevune jocbi ra iddial ha sapeed ruc jaen simaw ve mi laj cepafka.','') ;
INSERT INTO post values('109', '122', 'solid-back@sympatico.io','Tue Nov 25 2092','Caf bilninlu sujeki gar zimuslo ri kof la fo ijomuvji febfifot waebu pecowe owagodo nibut tibvi. Uvu rejir lavilur mernaw faj rib ufe meedu uhlo jib hu cawpoud. Kal gogacogot kis lid cekgab zontardo imibehat hojnefag eb mabrocij ki keg rulob jogel angaso. Pu papopa liler ci po vunro adapo pu melag reses boga jonuka. Defobuv rubmuc ni niivvum apura miaw ugje sopanoc zewvo canlos taslofana omo hu potnoh lozu.','') ;
INSERT INTO post values('110', '68', 'classy-girls@sympatico.us','Thu Jul 25 2024','Towzu adokojoz pazotpi bemuk iduwize tasniubi gajdoru ecihuim wutres avotuc wagjous epevo il cu fak up mukojhe wof. Li fece fieka wajgolo kogpuhhuh guhi fezipnap gogbacigu dagbeso simamil tiwakit gudkulo ziblisgo zubocju ol cew.','') ;
INSERT INTO post values('111', '103', 'eminent-dock@yahoo.io','Mon Sep 30 2097','Pooppiz ikoniwpeb ebgupipu uhbekgan zokinu sez jodbitoh jesiw gagat gimki cep ag ujli gu tet ku pahmi. Ij babpuge hufco juf zotwe ni likil cajgupti utsuba guvnuw lizdo bol lonac se iko. Zulcodred ditmilfe zieham kiv evocoh woptirif ji ed bufo amwa ago etlu bulsut iz pain botumo dabub zoagawil. Seri ti ucbi gifzis oroowe etezuscu togojid oda vudzernic ijoufnuz piteb noce kuznuh bulawdus.','') ;
INSERT INTO post values('112', '140', 'haloed-reason@yahoo.us','Thu Apr 28 2089','Agubirtu sepepeno dosize lon cula buposo ved lectil ugnag ca igu ahijo se jaccoma. Kungomner izikomlu fat ciwkatce pepifaot geb nojalbod luwku guwsut en mofcuili nigtuz ijuvavo ogsi miwbiluc. Libguus jike zena vovukih kij caviruc para ahbeze ru gad atfac sicimuh biobi kaki hartug sobi vurfocop vawir. Arlak dawaz abebaeva sem koavve nuh zogherse pavfa riag wuffo ufni fagujbo novunga gakmijro taseoz. Noevu samluij nam jutboh nagga tehom gugdace akafe lippano bodca bakgaj tu rozapuh zuh.','') ;
INSERT INTO post values('113', '135', 'greasy-ground@mac.co','Sat Sep 29 2057','Mobuho bagkige ku mos vuk pohbeg ba olhadod sabfofo cewenubu rutce cibdu dahun zepi cifazu pacric. Wakfugez uniosu jurikhe movfofmog teskalpem vi izotom pakra bobtadel hineuno lik bopiwdi ak hogcode fafeju cacoez rer.','') ;
INSERT INTO post values('114', '139', 'gray-pig@videotron.fr','Mon May 03 2021','Digemiki iv vuw jojsef simli zisbepli opigifca dichacbig kupze ba vawoc hofpo uptizhur rapakijol hu zolep pac. Fodbal ude pipageik tikul pa li lekzicup gacka hogzafeg iliumeawe tep gigcak ukimalbev.','') ;
INSERT INTO post values('115', '45', 'cloistered-chin@mac.uk','Wed Feb 23 2078','Fanjuebu subijano apapife mif ojava egvumhen miajowiw webi nugtaali to ga atofimhug omci ij. Sibca fo vaj dukozkid ohege si jobu nopuj poj wac hafifnod nisuj no bewfowev lez gojewo ivros feh. Rajcuum jo bisulol ne hegis nolutgeg puzgahid humaw saen etobupcud tof ko. Vusvocuw igite gagmane uzuuni ajumegta kohnubu mi mul sistaz fapniw na ledbiso is vaawa wi. Wienaolu ege hakcefke luwih oremi fal ut wi kidlukfal sokceroc ekiwezlim insusse abu nufet vid hag.','') ;
INSERT INTO post values('116', '144', 'perpetual-rabbits@videotron.com','Thu Feb 26 2026','Meg zu un fe fi ek si adhov jorpemik la nemuhufe noz. Afeju ne favuvwi ervujli wociwav donek fed sovola tezig pob lucdarmot mahsin hitek logigbac.','') ;
INSERT INTO post values('117', '100', 'beefy-heat@hotmail.com','Sun Feb 03 2086','Mi kozwupe pi jumuwe zav wetzun liwoge jovuma dammifo fuf ujbo baw lu. Ug dikuwagu zavum te zowsom ko vubakal fikjewdi giwpan dule pat nogzajbez orucufib wumsoh bolkafcu.','') ;
INSERT INTO post values('118', '104', 'burly-pipe@videotron.us','Sat Jan 10 2093','Tojiwo natgo tolu je cu ric duof unatovpe cizinefe lammowko moza virtun. Kizbem kal lo opaca ran ze gawihsul fuiriwa wala diwe mesune golo. Ureba sewukpi pof wiwtuko mashic owulonih wudeg nevpiv ziniw jago jikwa ovo cofasar ri wubsiz tojkuh gekhi kemij.','http://inunefo.sr/asa') ;
INSERT INTO post values('119', '65', 'cloistered-chin@mac.uk','Wed Feb 26 2087','Lamoguz tegrohzi ecuoh wohehvuv su se kowkiol rat ge cejtahoc zodifsoc bitpotdo. Ora poodmep sovfedno ewe komzam kuhrek pavbace cezdeh bagivo ti av otige data ihomeme dourvok. Lan vuh fehsezif lidwec bora dawi bu anbagu ejilaj gajowic iw ujepo leg. Hov orwozwoz wa eb cowif fedzodlog weprur ipub ucunuoba gihuko zidu jeknise uspa. Lejnu kawvi bujvevgus tojki tufewna tuip jumtu mot jepbivpob pufwi nuwuwjof vi. Ip oza vukeb jewarurog zingin aplulmoz kejwo zigduz pe uva dijnav ul recdiwha otimepuf nu.','') ;
INSERT INTO post values('120', '76', 'untidy-notebook@videotron.uk','Tue Feb 14 2090','Rim zoapuigu ogfilol wo wofe ibogidma irisu motin vik row poslizti no ewiari tuk mapbejef. Pijmotkun te kob up igeonoobo ifanij saaji unetinov godoewe nosucgo rit sakoha nigneza hubric ade ca.','') ;
INSERT INTO post values('121', '78', 'daffy-angle@me.us','Fri Jun 29 2091','Romuv buhim lek ec bih hob feem ze aphar kehburun lojuvani micpe doztij wuvup hobuj fa cov. Sugap zo vi pauperu izaradsof jemjuuju tufanuk calavzuj ap zi hafina hewir.','') ;
INSERT INTO post values('122', '136', 'five-vase@sympatico.com','Wed Feb 08 2079','Balefev gifa ribanoma jepjuje no ojuugotar tef moslote podzuc ah ril ko mifes igvinji nor osmomgen wesemucoh fotce. Nombuw la riajomi jezoc resgo libmitvar padkegnas dice bonuh gat co gaib jicnibla.','http://jolnimcel.mm/junwaul') ;
INSERT INTO post values('123', '7', 'haloed-reason@yahoo.us','Sun Mar 24 2019','Tunsa tufterom pevuvoha haser bohodac tu egko set le kowvan aseog di kifwo rurka selmoga job comlejibu. Lu ladmuhfi kig tokbub itgiphi gocgog rup vefmaefu eja ses turrus kulimwi ijfimaw isped no ugotu li wigrut.','') ;
INSERT INTO post values('124', '17', 'elfin-arithmetic@hotmail.com','Tue Jan 26 2072','Evu di hig mo senim kegmob elbifzu hisuen jikefel pu lokgom edu sehipjeb ca. Bej wodiim lutrol ekov ti mafrisel dogmazi kiemu refmab jos niejef rigbig ekimoge pa av vouku huz mosab. Uh sajbe sem vokilfuv was ufefo tul tu parob voaw ham hecumuuj masheega mujsarju gedanave. Duaha ti ecwiud ho jijnas muwzo wedo mi hejufje ruskil ihtigu ji.','http://jopovof.et/dopukib') ;
INSERT INTO post values('125', '146', 'poised-giants@mac.co','Wed Jul 05 2073','Lopjecde cojnikig alvuvfij avvocsij hok rin metguva bacseb eg gijkor eccu da lilpan. Pewaz rovfah ra nulila fivcuwro ubotec mufo faozuaze jolupen fikonu uraobasin ili dico cihakzat encu izudoke korokaij.','http://locka.tl/ufupiwjo') ;
INSERT INTO post values('126', '147', 'utopian-beginner@sympatico.us','Thu Oct 12 2045','Du mekwocru cof verzujhuf pa nupefi fe anziov iwalow ogovu itudortum poc ne busawfo.','') ;
INSERT INTO post values('127', '23', 'impossible-flag@me.co','Thu Apr 25 2019','Vosujcu ecuju kesjedri ihdi jicha po fulunwi vipato kub ukoef fofap zondag cegvaj pa.','') ;
INSERT INTO post values('128', '81', 'fast-bikes@gmail.fr','Fri Jun 22 2074','Ruijipu vondeduv lib geg del kurcis ce jurepjad kid veotazo janzo bamgum. Fuw epma op pofbepimo sipwaw gatunte ar ciufi muj oj cuuh peja tuw.','') ;
INSERT INTO post values('129', '73', 'abstracted-note@icloud.us','Wed Aug 18 2094','Seid ebe roonfa di bamesof zi ezbur elkisve wo vi re nuhek lobhi.','') ;
INSERT INTO post values('130', '3', 'gray-pig@videotron.fr','Thu Aug 13 2043','Pirrafweh rosu pojgu fije de ruz ozawe eriijzis sus tobojcak uf oga tucud def zem. Kabicu cakkipaf huicmup ezhut nivifa unej bawurko resa lo bude ev hijhaluj zopbi zalozev if.','') ;
INSERT INTO post values('131', '52', 'gray-pig@videotron.fr','Tue Oct 13 2037','Kemekaf feshik otnonni buf ukogeti ug vo sepdopofo binohre hajkesog ebna gogip wi ca. Ubeikto mijose bu akufocuc le zut kov ditbiv nij egdinus zikeh vefu. Egere irerub wos roumumot bevufiere gozbu kiragavoj jam ajtan fuhar wigeez ol divduc. Wogsun ucuike kor ufha kawaomo fo dof vumir ufvoec da cokusriz sifunjiv ej efoed. Pahlur ruf garektik fin ji tevciad beraofo vajulvak wuftiwib temo weppi lobcaj. Wupketcel pucjazhim ar ihgo ugedo ofov vober dupiaju wovdincaj saf ca bifezse ke zusnunpej awmu.','') ;
INSERT INTO post values('132', '54', 'bent-argument@me.fr','Thu Mar 29 2103','Mejred doov fudeca lebigwev wo cu cuk pomu wok begpav mo apuwuzfuc fawi tirte.','http://pisuteite.gi/ijwowvuj') ;
INSERT INTO post values('133', '76', 'perpetual-rabbits@videotron.com','Fri Feb 15 2058','Zunuwde sobevo cu cossasod welkuhu wuekpal if fehfuege lopi hawur beldisa fikokku jo do guvojah jabki. Nicuz ijdigor gogcir furnatom zu datlazur tilvoh gu cohitsag rijuwo nildizef enikiag imoevano inkazez kecesa uda.','') ;
INSERT INTO post values('134', '21', 'redundant-laugh@sympatico.ca','Mon Apr 22 2115','Wabotgo epgo kewfaski hu id kel om lu sinkaz ucpo bufhos za zaj wen culpur.','') ;
INSERT INTO post values('135', '132', 'alluring-icicle@gmail.co','Fri Oct 04 2080','Ane kivinnig tec si izafacmap cumum ne muz eb belharlow el egapensit sa pecar micagiv orumu. Dapub hidu wisnictal urcofpat zutjonpit ulace oci vivvacite feerofu resubo attizbev duzko fuihi san. Co hivlejci ficleso lek hati gu kazjav si piphaffac pisope hegew gas ma sezewog ko wo. Araefu micogesu vu gonuwiw omvaffo sos wi razout sijvuc feegecam nu nib fanju nienowu hura tiwolpeb. Ka dokepib wuhta lotus hutrerrif sen etikora guzum neregi lo lup boef se lat mufu lewel. Seg rielo zezimfu zit pu ba vojefumod manda digiberam ke kecenwon eg nokvalalu jam home mecoz dulugir atasa. Lec worjo digsaafo berob wa gede urdeeti lirabu elobecu niwduk icvi finre siwzav.','http://alimuwak.dz/tik') ;
INSERT INTO post values('136', '79', 'trashy-board@videotron.fr','Sat Dec 22 2057','Opbuwsoz as hajnuk bopjijro ag ito zo divo latopej zag potik hiduliri. Me duerisur gamar acselmef inabe mewude atogidro bafzon sobfune totfizaf ukgippa ve ohihegzol tu nibaak awave mi.','') ;
INSERT INTO post values('137', '147', 'different-step@gmail.net','Fri Oct 01 2021','Wogile zidgo zif sezi je bafas hi caz peolta joefu ihbigif me damfoozi nadaz kugac nabtahvo bosoccoz.','') ;
INSERT INTO post values('138', '145', 'elegant-suggestion@hotmail.ca','Sat Apr 17 2066','Fun bud ibu cujuvu hocav gif wisajzuc cuve bajrin mipaso ce ur eguc damukej motwofe ze pek. Wufug jarotli ih beoko pu kif oco dejwiwaf gik zaftis kabu ilace dut few ho.','') ;
INSERT INTO post values('139', '50', 'solid-back@sympatico.io','Mon Aug 29 2095','Fanladnes fif fe sihci conlo uho ufefiv tekioce huwzaga pat limu nuwme. Jig hizef pajefo sir jaopu imo deniwwu vof ascewi nidog uhofemso zimaj huzfuh jew merju fatig. Ovibwol pos uzetona dubhefi bebuki bonacok dewafi ehevafigi te jaz vas acva rogiwuca litep avufefid kun medepbil. Tic nik juugoruc ho ajuz sohzureda ga dul zogkod niih nu judro sucgiluj. Do nakozlo oce veloem kihati ne pamirbug dewzekwok ibvelpi zom obo hosuilu upudegrec lak.','') ;
INSERT INTO post values('140', '107', 'vulgar-silk@mac.co','Thu Feb 16 2108','Wiceuli bop vec dijehgu sid evpewat dik ogjato koti nenaluj fapfinu uh gabajbe. Guzitep zivpa to foocoot womekbok hivezegu zivuji oz razike tatdew pi kuvis tohawni amakor. Pe tidulcit biz lizli cib re duh jeiro pu nihin irozeno fup jicagok uco poluf watol. Tuz wad unrulfi busogin vi vakwebtez roli ko uhe sor uputiddek he gi jepkic badbez nuwbaj gigarule rakag. Ruv daniro kohu hilubri labo om uveke tirapkil pikhafem avicueda adhar puutuwuc petusmop.','http://lokaov.za/fuis') ;
INSERT INTO post values('141', '20', 'moaning-plant@gmail.fr','Wed Jan 15 2020','Mudkekvi cofmeksar pamrij vof rivosa zumega wefgamsa muz tag luod guv hela ol ud nofdoj zurujuron vu otronkad. Fapmucud gulijbi mo upmofu wuzavos av ufegauc he ev miafa usuadiniv rir.','') ;
INSERT INTO post values('142', '27', 'daffy-angle@me.us','Wed Jun 19 2019','Renrufik nir tomub boonuis olwemjol ted riron ere hafak tifom ro dadarla ibodu.','') ;
INSERT INTO post values('143', '91', 'ideal-guitar@sympatico.co','Thu Mar 18 2032','Wi ezidu vepaf bel nih badim bupella kedbatu du urjodete vaco it sis tuwgicir kajzikeb fam woon. Hizuepe rucigun vovjuva keh liken sezej maaruhud de mizug be osilu minhi vitkitiv gowu fucuv. Ciwevoh pozjam daenames iduhaf lo unu rira naspofaj apalotop lup hosem ho giwopnif jozi osu.','') ;
INSERT INTO post values('144', '116', 'redundant-laugh@sympatico.ca','Tue Nov 18 2059','Vojen dihog iguzaut tut kupoohi zob of vaf zu malpes fahhacac nikut conivuuki ulegofaw comovfod coscoge bedadas.','') ;
INSERT INTO post values('145', '105', 'brash-pin@hotmail.com','Mon Jun 08 2054','Jodborlab bopoda jakus wagocpo citwo virurje sajor eku zejci fo uj degepuz ril gimbecka eguwespod tovim kizji. Kukerjo ge wivu da de tufi del socju mezwo buoccu adi goslomtu gaoroli gala. Ilsiezo ujri kig ojuehpuv cufidpis biizi lagidagi bep ce wasfar cal lanutho radosca poaffi dihi. Fa igbaj cacugdag mervonib ze febi wevaku hijirweh mito wuhrus zeh cabohraj pamu ur kizdop. Nu mocgub kucepak fatmikuz gonekoza sogneci natvagef ze pabze mezulico kivupu ow boeji. Orobev povzed gini ze patdocke jup ebid lacufvev cadip zo go aser gusuwlo ilsibot ido lizunwob eg edo. He bat udu efenu ca besuc loziupo deri neva fambu boj fu cipzegiru dugafah jal.','http://inaji.vu/afhiwzig') ;
INSERT INTO post values('146', '4', 'vulgar-silk@mac.co','Tue Apr 29 2053','Vatu kujzec olajej musazi aho ofubbi foawulim vik vi ehezi ci zolesaohu fese fe levog bukcurugu. Tefhaccar ah ar zaf eh hul kokedtoj warmowi jo ninacol ahero viv cugtic efoziife. Hijoj aksesgaf viohuub bekzo fiep kodol siwteik avane homla pos fe kahoba hobfeske emzohu. Vat sadgesbo kicmodov hulok oda bonbuwa edavoga logju fihgo gulo nanurpu ter kuvatin ful vojjo ciguctof. Kupe wuvom uvire buzajodov zoj gufizon omzoswul wu muj uvu lope dobefuub resovju tubgivseg ejeri zimegov eho. Hak gifani peopuwif nob gicwi am bamavasu noz avevwa kopo lotoju rag heka og apo cohuvul. Eljub gopilov zus sunde cah is rilokmij fehag fah meg bic pacli unvojzo diclumu otuduvug vujos.','') ;
INSERT INTO post values('147', '22', 'aquatic-rainstorm@yahoo.fr','Sat Sep 17 2072','Opuwohu sib ciikuefo mi hoznacti tul pefon ul vuvripca kepmo rijtus upre cajivlif.','http://ivzucpi.ky/akbosvif') ;
INSERT INTO post values('148', '40', 'different-step@gmail.net','Tue Mar 18 2087','Cugeduz fa araujukav kozi ho sujwep tu lewaghel go raz dafbo mot bulkakoma seetiic zipdiona ozfom nan.','') ;
INSERT INTO post values('149', '137', 'vulgar-silk@mac.co','Sat Jan 06 2052','Behkagub vodgivwa unovot gagzu wer oza darofsam wuvosno ackone bocoj ut im varbef ti midahac haskugiz la dewasvum. Piipefa pef di seswun jalic ikku rez lorfudig beg gene ka li cattije isu icneli zehunhus emedu ig.','') ;
INSERT INTO post values('150', '47', 'classy-girls@sympatico.us','Tue Jul 17 2029','Huhu tekvid pi ucejothoh besciw begop izmo gu uvoijaloh subitre gipfuifu lat. Zo cadsike ref sorza avhuza gu durzu kanahi dohehrec sis ezobomuk fo mimwiv zo masuw.','http://puhmiro.cf/ik') ;
/* Script generated Thu Feb 23 2017 19:41:38 GMT-0500 (Eastern Standard Time)*/

INSERT INTO comment values('1', '124', 'mindless-wave@icloud.fr','Fa fosher fed ge raldo vunogu vorur cotagnu kotmojfa dodec kebci dobab ud jezve esikusup gime.','Wed Feb 04 2071') ;
INSERT INTO comment values('2', '144', 'elfin-arithmetic@hotmail.com','Afag mefiteefe ecpag ziso efopen verkozgo ukhu riki wu macdiik colsudeko bu kuw ju.','Mon Nov 06 2028') ;
INSERT INTO comment values('3', '79', 'fanatical-visitor@videotron.net','Tutu kibmaj hep nod zufogu cupni ru kida puw mopasal zo acebihur naljec basjowe ij cej ehicobcu.','Mon Dec 06 2021') ;
INSERT INTO comment values('4', '99', 'mindless-wave@icloud.fr','Uta boleto pi wa fanja ruvvaami wapsa to rucar ca nizri ro saki zirtiko.','Thu Jan 17 2086') ;
INSERT INTO comment values('5', '60', 'haloed-reason@yahoo.us','Ozehuj wa cadohjew pum kehtiz sacalak kankovpej fupka fajsu heweci tiazfi ohuwomaj lajmepec.','Sun Apr 14 2047') ;
INSERT INTO comment values('6', '147', 'solid-back@sympatico.io','Igsag lungosa koifu viked mikwur ipak levoki wojukfo zucuw wol megkopje tus ingug ca doj.','Tue Sep 24 2030') ;
INSERT INTO comment values('7', '136', 'fanatical-visitor@videotron.net','Lemvoiha ezevdi okafujew pozuhus tibno edfoc munge pidni wiv hamho di em jam.','Sun Nov 02 2031') ;
INSERT INTO comment values('8', '24', 'secret-eyes@icloud.us','Ab wabu muvtoj peb mibic ozve alupoav burgo tab fo lermef puh melbo fibin.','Tue Feb 27 2091') ;
INSERT INTO comment values('9', '67', 'ratty-representative@sympatico.com','Nedpuk nozupome ja zas piefiave zonondam ihogemol dapi nabjislow hoc wej pas uwdi.','Wed May 24 2090') ;
INSERT INTO comment values('10', '126', 'aquatic-rainstorm@yahoo.fr','Siorecoh luujca emseguj pebavejov buukgi bajtohzub si rutob le vutjove lo fisa noterel.','Tue Jan 15 2104') ;
INSERT INTO comment values('11', '9', 'past-bulb@yahoo.co','Gogev sat teno bawikofav edueloica gicinjo nelat ne kizollup dikuhuw zap kurrape werat fi hobzu.','Tue Sep 20 2089') ;
INSERT INTO comment values('12', '23', 'five-vase@sympatico.com','Gogo paf iczir gosi guneser nidelwa pavaopo ne re bepe behuvgaz orcitapi ega ij ravura zoeb.','Sun Aug 10 2031') ;
INSERT INTO comment values('13', '85', 'elegant-suggestion@hotmail.ca','Leb vuvworjew seznufi taibibon pofwas rozidil bucugfu az pa tawu luz fum wigha fa rabputmuw vemevas tiwlit cojsafa.','Mon Aug 18 2104') ;
INSERT INTO comment values('14', '79', 'cloistered-chin@mac.uk','Gun tiba zekog naova de tewiof ujifpi re rov rurgud hivratow dofur.','Thu Jul 28 2033') ;
INSERT INTO comment values('15', '106', 'eminent-dock@yahoo.io','Gojif nu abiwoifa obojo saheliv desub fim fuvaren hiset baltimriv cetwehug amo zu gofeteco tugrouse taz.','Sun Feb 15 2032') ;
INSERT INTO comment values('16', '92', 'possessive-noise@mac.us','Hitpinu favojal olusentu co dojseni nu had we edaec jinub lebovkuz ovowdu lec.','Fri Mar 16 2074') ;
INSERT INTO comment values('17', '6', 'scared-action@hotmail.ca','Uhi ranu rusihca wuhkulpu labif rokgon eleso nij dilsibgah cewho notuga zeahu.','Wed May 14 2031') ;
INSERT INTO comment values('18', '112', 'fast-bikes@gmail.fr','Ja secehuh re jon lobta fu vep upe enbubve kaccol jimare bomjerhad.','Wed Feb 14 2029') ;
INSERT INTO comment values('19', '93', 'nauseating-song@sympatico.com','Ohinezma awo cu pehadta ama cejoj levez bugside haktenfiw lumovibi mum ebuhowar ris.','Tue May 13 2081') ;
INSERT INTO comment values('20', '15', 'nauseating-song@sympatico.com','Upoci pez gigejob veopima zanace ug ra owjub pa uha hiudiju giudas diwfi.','Mon Jun 20 2101') ;
INSERT INTO comment values('21', '82', 'giddy-cent@hotmail.ca','Ijdudde nirhi moigubuh ra uve nufgagi fehgavoc dil log coces sahijta reetran ictomiwo gajjujnod.','Sat Mar 28 2037') ;
INSERT INTO comment values('22', '52', 'romantic-match@yahoo.ca','Seg foissi hon va zegsoz bucnum edidowi emuta ofpuhok zicavawan uje cad piozeipo bulaseura josluk.','Fri Jul 19 2115') ;
INSERT INTO comment values('23', '57', 'the-toothpaste@mac.io','Bohamal fumurano vuva tufbela fowcadid fushah ferwih bebfagil uta remum piokaetu ki jalapun tehvog zigafeb ot dulrafeh.','Thu Oct 26 2034') ;
INSERT INTO comment values('24', '31', 'thick-yard@sympatico.us','Oskek iwhigoja ki osafu sammadik pozjar capilu na datusreh ob weaki hiddu sa mazadtak bug.','Mon Feb 05 2074') ;
INSERT INTO comment values('25', '73', 'jumbled-wash@yahoo.ca','Ces ugidacipe alokus rer net ti bosguseci fu epiegovej at hiz bem ugosizigi lifi dok.','Tue Sep 12 2045') ;
INSERT INTO comment values('26', '100', 'vulgar-silk@mac.co','Deh mul isdoj vej iwvene kojfikvu cizeh jinor polvis getara bete matav zele bizeafu.','Sun Jun 22 2092') ;
INSERT INTO comment values('27', '24', 'abstracted-note@icloud.us','Lit emicoszu we ev fog inahe jehejsuh liis pehzit lo camem uh ohhe.','Sun Nov 04 2114') ;
INSERT INTO comment values('28', '42', 'noted-creature@mac.uk','Iwmehus nanwe irenimu igofur sevew saemzo fac aza ruretep nucu dafwiv re sovmu mo.','Tue Feb 27 2052') ;
INSERT INTO comment values('29', '11', 'elastic-loss@gmail.com','Fowug lele iho rakik ifuhedwuz zezero pipdo cilowje lod dolahvog pupeme pil.','Tue Sep 21 2083') ;
INSERT INTO comment values('30', '34', 'elegant-suggestion@hotmail.ca','Gok owo fik puj ic ho fav be kazna zu didu tuhak raf wa.','Fri Apr 05 2052') ;
INSERT INTO comment values('31', '104', 'primo-coast@sympatico.uk','Forjance noz lupsodis raroc vu jo of bohov miwalaz rapwe saocuwuj va zekurji aza.','Wed Nov 29 2090') ;
INSERT INTO comment values('32', '17', 'endurable-giants@yahoo.com','Lel ho pakvakhaz uveewe do jag ji holan er ophezwet sen neda tolineb akeonehi ligco kela riminje wenta.','Tue Aug 10 2060') ;
INSERT INTO comment values('33', '53', 'chilly-grass@videotron.co','Fewucitic ufifumur tom dik giaju fofuzi tahak bod ataufpo digpum cozimovu jevjewevi bih taikud hagdu.','Thu Nov 15 2068') ;
INSERT INTO comment values('34', '44', 'devilish-coast@me.net','Bokejlu adiawuzo re cenuwut uwo jo gasegif hilten to jadsil si huj agopukzul dewiga enorvij silaivi.','Thu Jan 06 2095') ;
INSERT INTO comment values('35', '80', 'dear-hands@mac.io','Ta ca iz piihinez ojveico izupibev gewlurib nodcivok namenokuh po usdour getdurom vumuow sew zuufoji.','Tue Oct 03 2045') ;
INSERT INTO comment values('36', '107', 'elegant-suggestion@hotmail.ca','Teum fuj lunutbaz puswapjoz bujemosi legzazbid livawga ojvi jolig etiuvi cujlovog kagoz lavwijo.','Thu Feb 20 2031') ;
INSERT INTO comment values('37', '54', 'chilly-grass@videotron.co','Keelud puf was mewuno teguj ut rocew barraloh hobwolvic bori zekumot wa widu.','Wed May 22 2058') ;
INSERT INTO comment values('38', '87', 'naughty-balance@mac.io','Divehaj puzulafi lurivev dejul pa runo ohaol asuic nonezin ve obmuva bade ojhuahi sobe vede.','Sat Sep 19 2116') ;
INSERT INTO comment values('39', '91', 'futuristic-frog@sympatico.co','Rarvopdug ama wod vupjasfiv ves vihcuk ecaut bu nofouw madepa pibojec cirote.','Tue Apr 27 2038') ;
INSERT INTO comment values('40', '112', 'five-vase@sympatico.com','Janorrej galtizpot vikme sasun vopto eju evehutova rojbunmi suc izujev okgisas amujepi melje ciemuij ku.','Tue Jan 18 2033') ;
INSERT INTO comment values('41', '147', 'ideal-guitar@sympatico.co','Ruwbo cajfa wiwof vedtepu kogo ezza takne jan zieb mi laedu vivvezvu usle wizak icmotop gis.','Tue Jun 23 2116') ;
INSERT INTO comment values('42', '114', 'different-step@gmail.net','Hamnup zojvo bimnirhi rehetoj etlocop apetew wel fak ibe jamihdiv si niilo umud gi go pav eraih tifeb.','Sat Apr 30 2101') ;
INSERT INTO comment values('43', '15', 'rampant-thunder@gmail.io','Sirur ni tuccew vu hawot itiruco eto pubufo nu maedoku nehowo acjiku cu egjesev ovisiziw rar pevuk.','Tue Dec 22 2026') ;
INSERT INTO comment values('44', '6', 'sneaky-sense@yahoo.com','Sial udwon riivdep zoan ukuvupte velneebe ujbompaz foonuri rog puzpe fuokihif niwugibis he.','Sun Apr 14 2109') ;
INSERT INTO comment values('45', '137', 'rampant-thunder@gmail.io','Zewi gikdusu mezemoh ki id rodpenof ta efwo rorontel go newgev sodod.','Sun Oct 22 2028') ;
INSERT INTO comment values('46', '104', 'short-mailbox@gmail.uk','Capujmuj terow dul nacapov jal etzu nasa mobhe hep fewpi capoh ilezdi ami an tudjusra eti kanegpot.','Sat May 21 2050') ;
INSERT INTO comment values('47', '22', 'different-step@gmail.net','Ja ga guhsuic wu ko bew ac ijusapgac pad sob jatbo commobew sefsuh fi.','Thu Nov 15 2040') ;
INSERT INTO comment values('48', '59', 'hulking-rainstorm@gmail.co','Ozmi sameevi wubapge ru orifobvot kukgec gir te ros re zu fojfa.','Tue Oct 19 2049') ;
INSERT INTO comment values('49', '129', 'secret-eyes@icloud.us','Gid wa kedij wemuke vur gik wikdu rudvider afufec liweno wabet zokvi laso zonu holov.','Wed Mar 27 2024') ;
INSERT INTO comment values('50', '137', 'greasy-ground@mac.co','Ha wavi ba mewwe puwvi tokfof sal od piso pasbitop luvonme rijevuh de ogzum urke rab saja jarbo.','Wed Jul 13 2078') ;
INSERT INTO comment values('51', '110', 'lying-pencil@mac.io','Jotori ufumujtu zilzatreh mokahob wa wa zezzekked egi ke evco reimtu etaivedi wic vefrod kezu lomba utlucep.','Thu Oct 03 2058') ;
INSERT INTO comment values('52', '33', 'holistic-club@mac.com','Cenca papajevo biibmec fohja bohe sewabahip mojzuwlal sivorfib cuca udi jirekot siobzas jiziw jopa eceme famuote.','Tue Oct 26 2027') ;
INSERT INTO comment values('53', '131', 'sophisticated-dad@mac.fr','Azvo ru doza af ton zolin fite ga zinivek bune recij noj mapi buvevbi rumpin gi huztok.','Sun Mar 13 2061') ;
INSERT INTO comment values('54', '45', 'romantic-match@yahoo.ca','Ji nasniz felej eta durmoc ructi du laz cu imi ekeep abacobvuj lezu jiwkajub naccug diraz gekecebe rovof.','Wed Dec 01 2027') ;
INSERT INTO comment values('55', '91', 'ossified-scarf@sympatico.co','Vem mistiw foof we fe defeji zo jak zitej zok hun lu ka dob.','Fri Sep 30 2039') ;
INSERT INTO comment values('56', '33', 'beefy-heat@hotmail.com','Ju oke mep ugvi kareg poros ru kujmoji zabwom luovwi repuk co dug sesjofi zowi.','Thu Jul 03 2025') ;
INSERT INTO comment values('57', '35', 'futuristic-frog@sympatico.co','Laf ave bev zispi zu ipanoc lusbepva gut pi galco othap jipuv jom kubzuk lak gizi.','Thu Dec 10 2116') ;
INSERT INTO comment values('58', '62', 'naughty-balance@mac.io','Esowi varuz dahofofiw zojijofi bik nodove avgaapi saw ezeoza kaj tehuba cihlewro va peipker.','Tue Oct 19 2021') ;
INSERT INTO comment values('59', '17', 'amazing-yarn@mac.ca','Vetizgot hez ivga fevvof nibot codep pobe har kurile okizuri mos muz fanuseh ug ribvaso kojtejded vo.','Wed Nov 25 2105') ;
INSERT INTO comment values('60', '114', 'beefy-heat@hotmail.com','Pijcub ecopa su lepikol fuhje tokse huajno wipozid ekpez hitopji idoka bemvo pub ip.','Fri Apr 29 2033') ;
INSERT INTO comment values('61', '100', 'tacky-driving@icloud.us','Za dodesone okinuow nifobon icouwav tufe mial halbukmap tunadi usofuan uvje sut vulno arek.','Wed Jan 06 2100') ;
INSERT INTO comment values('62', '90', 'jazzed-queen@gmail.fr','Ado onatofol fokin kuke arowauz tosne su zala la uvo ma dek zelo uju hizi vuom rodipe en.','Sat Aug 02 2092') ;
INSERT INTO comment values('63', '79', 'holistic-club@mac.com','Caj jes da fi virbigfa hozfeohu renicput zi kokek jehucnec jerbor mekinoz zewvec liakduh felsujcug ato lu fuget.','Sun Sep 12 2106') ;
INSERT INTO comment values('64', '89', 'spotted-deer@yahoo.io','Obetu cikbej suw gijitufi fus cike otoja tewzuz si gupfemkit gibijfek zepdene.','Sat Apr 27 2097') ;
INSERT INTO comment values('65', '139', 'seemly-sneeze@sympatico.fr','Rukepug urehe hiwcor vu pizi urega gikunadud tejsajvom le lu ewapepgij nag.','Thu Jan 22 2065') ;
INSERT INTO comment values('66', '130', 'square-alarm@sympatico.ca','Wid hu zugu ge irafe zodnip paguw pah fadgu ete me usoipaku wicemid wenocief.','Sun Jun 23 2097') ;
INSERT INTO comment values('67', '134', 'the-toothpaste@mac.io','Viti fe migej wa ri vomug zah wo sic dibtis todi seh wus fufwiw difow pedsauc.','Tue Nov 27 2063') ;
INSERT INTO comment values('68', '34', 'cogent-weather@hotmail.us','Huvusu mal hos hecri ri logziv jabcopzuh siam co lo ca hicnico azifi de ep.','Wed Oct 22 2098') ;
INSERT INTO comment values('69', '117', 'cogent-weather@hotmail.us','Mef fotojaf da buzuva te cipeti hojlozet jaluve mu omkupja ava avoateto keliaj.','Tue Sep 28 2027') ;
INSERT INTO comment values('70', '140', 'the-toothpaste@mac.io','Kireh van camagiog ufabaovu oveec seluvrir sic sodasot fesig len jukmaj ulneb vuf wonmi bicedtor pu rifhuvtu.','Tue Dec 07 2027') ;
INSERT INTO comment values('71', '89', 'untidy-notebook@videotron.uk','Howfaiw ahuzemad bin japad amaci gohvafuz rafiwdep ulu wangojug sob lobmorog ru faugu avfo udcefep vut.','Tue Mar 06 2035') ;
INSERT INTO comment values('72', '113', 'scared-action@hotmail.ca','Uw bol nid vacul gawbun curep isvok il gaz weod wimsi ogbac asapun bucconhog isudu.','Mon Dec 15 2053') ;
INSERT INTO comment values('73', '131', 'moaning-plant@gmail.fr','Teoba buzulhen ef ebuzejpe im iku na igfes usheen ebu vak coc.','Wed Oct 20 2088') ;
INSERT INTO comment values('74', '41', 'kaput-cook@sympatico.us','Hip fa rusapvu ru nusraez nokir ul zufos niho ujpar beamaze apewa zunu.','Fri May 23 2025') ;
INSERT INTO comment values('75', '146', 'bent-argument@me.fr','Ni jesiba fat rog ih dev cuncona he rudzah kac damifu pafehbi faizuf hawi duruso res pisrijvow izivijedi.','Thu Mar 07 2058') ;
INSERT INTO comment values('76', '78', 'hurried-coal@icloud.io','Muhiwji co at bolbimuw buh cus uri gepoza koagaena nur iw pozdi.','Fri Aug 03 2085') ;
INSERT INTO comment values('77', '135', 'plausible-face@gmail.fr','Jah pidoob ciw sewnit fezubsas rejwo ipsu wuvaliw dig ag doz dugeji opi cemmu jowa.','Wed Nov 09 2072') ;
INSERT INTO comment values('78', '88', 'violent-advertisement@yahoo.us','Kiwak rapimze mu casiaf he fum balgan nawoctir lan suwfupap wimcofi moozeer zom.','Sat Dec 01 2018') ;
INSERT INTO comment values('79', '95', 'fast-bikes@gmail.fr','Inlido pib uru zirojuw lazej rosej bilju he ehelud do ijtul za omasodna zappumi dusujet ab.','Tue May 28 2030') ;
INSERT INTO comment values('80', '115', 'different-step@gmail.net','Fe totofa ukape rilhip uwi ipoib kija zeg zuablip ticlintuv zetsearo fore jesetow nol ede ew.','Thu Oct 20 2107') ;
INSERT INTO comment values('81', '36', 'fast-bikes@gmail.fr','Celawuiji zurcutej pagomib irujagar amek wedos nub to cirkapro cow ti gumitecav latranos loimipek orvavur fetceb.','Thu Apr 15 2077') ;
INSERT INTO comment values('82', '114', 'noted-creature@mac.uk','Wul get zul hov sawom viw nogetfa uvuk hurofif patasoani bezlidto ri bucbulag od mified jobuhah afa ujerino.','Fri Mar 06 2093') ;
INSERT INTO comment values('83', '96', 'alluring-icicle@gmail.co','Ilova loscajha keswi zatsulu fuilifa fis ijfessa abo luvosew zedlej ji ciruvag rewih wifrimes fu vaccidni ribpil.','Fri May 03 2052') ;
INSERT INTO comment values('84', '45', 'plausible-face@gmail.fr','Tocozi nedi budogure ipu jajazhe di ob bosethe irihepa to pozefo adkes aro ivekud ce.','Thu Dec 15 2112') ;
INSERT INTO comment values('85', '75', 'elfin-arithmetic@hotmail.com','Rok sohsofi fevenuz obeli zap jugugodi gesef rofimkoh fipzupri melup hattav rarfoca.','Mon Jun 17 2075') ;
INSERT INTO comment values('86', '112', 'gorgeous-sugar@sympatico.io','Do gih bimaun upucanu wudwipej cib mukife jan bajnaw fa pag ug etofatbo miw hufkokfu nivsusi sinejo zoena.','Thu Jan 02 2020') ;
INSERT INTO comment values('87', '86', 'violent-advertisement@yahoo.us','Kefahefud tu kek gitabhag lo bed ta fehliso nit kuc nuvcom se ofu fiwhe siugi eca.','Sun Mar 13 2061') ;
INSERT INTO comment values('88', '80', 'hushed-seashore@yahoo.uk','Foecgu lug suepiha hedi kor wadgo si kemev mif hitde sacca oktad fajarbof ago lower more.','Mon Aug 21 2062') ;
INSERT INTO comment values('89', '34', 'chilly-grass@videotron.co','Osidussa utgifwu vaffit ekaalav giv dorom del paumu vucila ata pusac pasco untaseh odipen wijeh witpiknas.','Tue Feb 28 2108') ;
INSERT INTO comment values('90', '91', 'sneaky-sense@yahoo.com','Sov hunu ejewidon tuferi hun befuhzi lesluv ic wazi pimo okcer to cu kehpiho ezuj ikuutfig zikrudoc mundeldi.','Fri Nov 06 2111') ;
INSERT INTO comment values('91', '124', 'redundant-laugh@sympatico.ca','Zoz sahizuc mezcin rujisru faebu sodvarmo ri tofdev fi vezmi cedi tefjadib hiwannuv ki amvilibu obka.','Sun Apr 20 2081') ;
INSERT INTO comment values('92', '9', 'jumbled-wash@yahoo.ca','Zukfis vo ac nujawimu zanpo nivedde girpor iwiga fobejzoh wohfih no rod.','Tue Jul 19 2061') ;
INSERT INTO comment values('93', '67', 'futuristic-frog@sympatico.co','Hocu fiv cunbuvgez hindavku kahmewso dak dugmadfig wira cam rekra jisov lepuisa sa.','Mon Jul 06 2048') ;
INSERT INTO comment values('94', '31', 'impossible-flag@me.co','Cogzansi tutgifo ez oha vuf nofip lav ucu gecokob ujaki le welahu jissu ega fu behagim vudufase.','Sat Jan 31 2060') ;
INSERT INTO comment values('95', '38', 'cloistered-chin@mac.uk','Bed eja kopin jeso egeokja egmues omomavcol ojmi ow otutanos jos gekdadi huj losezoez cece gabfudam.','Fri Sep 10 2038') ;
INSERT INTO comment values('96', '129', 'thriving-arm@yahoo.io','Disi pozjepfil ogusum vilouco tedo dow val ani rir fiuwikos ra sofhana zitoh.','Sun Jun 27 2088') ;
INSERT INTO comment values('97', '148', 'devilish-coast@me.net','Zeh upa atnul kewipadu oghig go zekakok fisnojona ol web fubleuf ablar lojige jaun ruve unutaca.','Wed May 21 2042') ;
INSERT INTO comment values('98', '73', 'tacky-driving@icloud.us','Re mubiszor suror burepu halsecnuj du azokaguv jap cisovese pupcires un rian wasuwfij.','Mon Sep 10 2114') ;
INSERT INTO comment values('99', '32', 'noted-creature@mac.uk','Ora cowtutof wol ezawi bibeag uwomahbu uwsavvij fezizo wo ko pi waciro fuaga ci ruj ped ogo.','Fri Jul 20 2018') ;
INSERT INTO comment values('100', '112', 'furtive-canvas@hotmail.com','Rekat cosam toham orezakha hivan mub arepu coigse aw epnoda sihforus miwkenvu wi lid we jov riobefo.','Tue Sep 20 2022') ;
INSERT INTO comment values('101', '114', 'the-toothpaste@mac.io','Jes wobbumnu ap jek fow zatep efotidi unomob pe vesas ap imimihuw edhuhcor jog.','Thu Jun 07 2018') ;
INSERT INTO comment values('102', '92', 'gnarly-number@mac.net','Regluv ideewa pausi cuti pimelte adowetar megmamup ciwe cale gofca bakabgaf supopza.','Wed Apr 25 2108') ;
INSERT INTO comment values('103', '73', 'sneaky-sense@yahoo.com','Heeta woowram kone vizpu rah okebehgem age rezgucub gamseneg duwcama jazid ru burowima owavo ve bigemol nagun etefodted.','Sun Sep 20 2065') ;
INSERT INTO comment values('104', '54', 'spotted-deer@yahoo.io','Hi mowjow peuha uwa ginvupnuk suvohihu jus jowca fechim ku pewzevif fik zemof wogo dikciida erohifmu.','Mon May 13 2069') ;
INSERT INTO comment values('105', '68', 'redundant-laugh@sympatico.ca','Ik jiz hoavopoh tuvziobi butopiju bonaf wobgohfow nucfu waztel gubip bo ajawo jijuanu loni jahol javok zecez fafivceb.','Mon Apr 18 2022') ;
INSERT INTO comment values('106', '89', 'haloed-reason@yahoo.us','Petjep ruzeawi ci ecudir zewrosu bem wo obiorono butmuwla vez da ta me ceulnav semgip.','Mon Feb 06 2102') ;
INSERT INTO comment values('107', '117', 'spotted-deer@yahoo.io','Ek dolo rowjot wocpak fozcim imicoj vubgol oblit jabbiip cu olauge lisat ka olcoik adazow.','Wed Apr 13 2078') ;
INSERT INTO comment values('108', '46', 'icky-crowd@mac.ca','Du seihza ucegele lotlim di av bunirlom zu jonjon darabfod pidudoga ji egaguomu fecim vejuju odigaah geibiun.','Wed May 20 2116') ;
INSERT INTO comment values('109', '117', 'jumbled-wash@yahoo.ca','Oc si fittuz nevuigo ocijucad nama ka alo ehhijop anota ki deruj ka.','Tue Aug 07 2108') ;
INSERT INTO comment values('110', '15', 'short-mailbox@gmail.uk','Tat ewesnak odik hajawcuj uvomihef ci ja bapapis vo nuba awemen naw bes onjivbo tusu jeras.','Fri Apr 23 2077') ;
INSERT INTO comment values('111', '111', 'hulking-rainstorm@gmail.co','Oviade tagcekwu disriec inrem wi nasvet ta nu wadcot ar potogo cipnuljo ne.','Tue Apr 20 2083') ;
INSERT INTO comment values('112', '59', 'hushed-seashore@yahoo.uk','Bucaf niis jopfahvar pulizew sih feak ko fufworwat huhaku gisuib dewjenum vuobpi wejde cernu ubvu.','Sun Apr 27 2092') ;
INSERT INTO comment values('113', '31', 'nosy-wave@yahoo.uk','Ve kuz nejmorhil gukajeowa wazosoc bipaden lo fimva vuhjopgek gokwuwdo kusjoc ilhe mulighup ripuf oma laz rawitira.','Fri Jun 18 2021') ;
INSERT INTO comment values('114', '147', 'jumbled-wash@yahoo.ca','Vi pep tucunpip gom ku po uforun kebi osokejsah kiktospi zig di bacfimzaz.','Fri May 23 2042') ;
INSERT INTO comment values('115', '19', 'nosy-wave@yahoo.uk','Oti ac sirje la re gubjicti nob pa ku avohizut up voguwhef.','Fri Jan 05 2091') ;
INSERT INTO comment values('116', '84', 'green-steam@me.net','Objorsaj nikevgah lednefvof ve ahcedci houk nefkaro fe su koco neguk era hadpek felasog kazholke ippawhur.','Fri Aug 29 2098') ;
INSERT INTO comment values('117', '133', 'scared-action@hotmail.ca','Esoz litfu lamfezsim zitavhid duhe wo ne zu babutu nen re pa gojeg ded cocom niur avavih baghedez.','Mon Apr 06 2026') ;
INSERT INTO comment values('118', '80', 'maddening-basketball@yahoo.co','Vofug tu nof ca laz cumidjus rasilba ruwe vogwoiw elojugo gadajovuk kin lup difihi waog det ja sagop.','Fri Dec 25 2082') ;
INSERT INTO comment values('119', '137', 'nauseating-song@sympatico.com','Rakvu nase ak ifji kobozi aze bunvucpaf hapub pek va vu vob dujekbi.','Wed Sep 10 2064') ;
INSERT INTO comment values('120', '83', 'past-bulb@yahoo.co','Decma kefko riw wiijdoj pemisdi bubesse ipihcup dojwe zumwuh le go bocpob luz wosdo gar cedutlu.','Sun Nov 25 2040') ;
INSERT INTO comment values('121', '138', 'tense-door@me.co','Hig gu faf su pu uzpa nivhoj li jofbola kolulepet otijot ho.','Thu Feb 10 2084') ;
INSERT INTO comment values('122', '150', 'giddy-cent@hotmail.ca','Niv imesiseh oviuz sabfinkid ajbunuh weevouji leucu du vag bobpetu belasga sipkogah mubfuru ke pitaduj.','Tue May 02 2023') ;
INSERT INTO comment values('123', '22', 'romantic-match@yahoo.ca','Aj op digide komof salidi sebinpa mawsus ujeci an ida vokdo sawoc vam apu.','Sun Dec 20 2054') ;
INSERT INTO comment values('124', '13', 'untidy-notebook@videotron.uk','Muat jesgo lombe am ni jeb paziduw kaplos vosinat kapbid mepgudop lofwihu wavirhu ne nohupur upug.','Thu Oct 27 2095') ;
INSERT INTO comment values('125', '88', 'haloed-reason@yahoo.us','Zuwu tamdictob fegi ukova hone hecege pun neisnok hokij otsetli gi icsizun eti.','Sat Sep 27 2110') ;
INSERT INTO comment values('126', '82', 'hurried-coal@icloud.io','Papa ad zibmu ezuavoena cilbenu ti jumjejcu kemer mev mi tag ra kasioso asapewe govtijde.','Sun Mar 17 2075') ;
INSERT INTO comment values('127', '69', 'vulgar-silk@mac.co','Tudcok poshosa fito ma iv sezugbug ta fa ebhuj puh law pebuv uwasunut izpuuj dumumoore laaha jetak rapgu.','Sun Jun 17 2108') ;
INSERT INTO comment values('128', '14', 'tacky-driving@icloud.us','Ligubu puc fazzeg ilejit wivje kijhedez le uksiru nocvel niw bi hupmu rim.','Thu May 19 2112') ;
INSERT INTO comment values('129', '140', 'dear-hands@mac.io','Hesdif fuccizku uv ew gopwizob wajuz nasek da hekan javka bo ri libur puftij ojuipa sihjes ategobo.','Fri May 25 2040') ;
INSERT INTO comment values('130', '72', 'utopian-beginner@sympatico.us','Okanu ciwez tariro uhujuva lok nunte wajega ja pefuzset bikidfi pengaz buber wikav wasnum.','Mon Jun 27 2039') ;
INSERT INTO comment values('131', '97', 'moaning-plant@gmail.fr','Bahoapi micze wewpi cawo nat uloifiibo gonobvu la wupmuib kojsusjet sokuh gi.','Fri Jul 16 2077') ;
INSERT INTO comment values('132', '12', 'greasy-ground@mac.co','Sug gej ful te cu aciukja lopzegam nivaffad ivfob la jeci zacle vopam wukoci dubdoewu ahwu.','Thu Nov 15 2085') ;
INSERT INTO comment values('133', '45', 'snappy-sack@sympatico.fr','Umbi paoja ibianojaj suzsab paz sinel nuceju iwice wojpiv zus hiz laddiw redhad li zuruc fo uwodifdip.','Mon Oct 01 2074') ;
INSERT INTO comment values('134', '138', 'spiteful-sugar@videotron.io','Wo fewpood detul begi kosranor otilosu gasliha en keulkoh zejidus dedid ju ha mor sewnovdot ifogeg.','Wed Aug 09 2023') ;
INSERT INTO comment values('135', '59', 'obese-trousers@me.ca','Fodapef fepef ohi muv anudir puhnecok oremoul utja jipobar ligcoka teltan ikicucu levpowuh paw epunijuj ahoevusu.','Thu Aug 30 2018') ;
INSERT INTO comment values('136', '137', 'honest-suggestion@sympatico.uk','Dibihu vofbi pupu kuj wopo puujuna uvjuwlu sigapbok par vep juc bu.','Sat Jul 08 2079') ;
INSERT INTO comment values('137', '29', 'sneaky-sense@yahoo.com','Hufsitu lo alutolfom so tese hemo wejwo natitud dodjokuc kajvudod riwdojo en tu tok kebgerri fobil pimiruguw.','Fri Feb 20 2105') ;
INSERT INTO comment values('138', '63', 'scared-action@hotmail.ca','Kahjor delreffi la ib fopud afinoga leitidob miwgome edikas efobohup kocpoz netzegkev po otoozje ugu.','Mon Jul 07 2104') ;
INSERT INTO comment values('139', '116', 'ossified-scarf@sympatico.co','Jihig gip gihvavub orbi zitok curu judsoju nudut wazov ce kujifid sos sorsepur.','Tue Jun 15 2077') ;
INSERT INTO comment values('140', '71', 'moaning-plant@gmail.fr','Egteguh gos barfag ves fa nagoris ub gigiwiv guhuplik hesop ilhiphun koc wolu epakmu.','Thu Mar 17 2095') ;
INSERT INTO comment values('141', '44', 'abstracted-note@icloud.us','Co suikne lazo menep kambe me gipah tog badzanu avsazoh ca gad fon je.','Fri Jan 18 2036') ;
INSERT INTO comment values('142', '3', 'thick-yard@sympatico.us','Erkew zeci ras ke naab unlu donahu jofjec fulcekuf ik nirlu dic ave kivujuvol jisik.','Sat Oct 03 2037') ;
INSERT INTO comment values('143', '130', 'vulgar-silk@mac.co','Tidguwkac salviz cel udefofva web osebo tumem diggowepe tin fene ih bofev tep om temdevaj marhiam zogmul koromi.','Wed Aug 08 2074') ;
INSERT INTO comment values('144', '10', 'tacky-driving@icloud.us','Zawca ara jurarroh jasim cezvisga jacezuwi hejrurmit jusiasa oge taknasfa nuffup olfa.','Thu Apr 25 2115') ;
INSERT INTO comment values('145', '21', 'icky-crowd@mac.ca','Fab onokahiro ha zogusi vuzoj ippu tajju edaephaf utwalin cutoce ta hi mohane iva owolasuc jezgihez uzu.','Fri Aug 20 2088') ;
INSERT INTO comment values('146', '124', 'alluring-icicle@gmail.co','Noj bicumut wottu izeirahaj noez lulad bimzu govadada lare eh pamjeh dilfug vuonfu utujoroji zeji huro.','Tue Dec 14 2083') ;
INSERT INTO comment values('147', '30', 'aspiring-bells@yahoo.io','Mew gen ceship minijihi epizuhej mav cu nunuvevu gaprod gi maedpi rihvede mup ut goni.','Tue Jul 26 2067') ;
INSERT INTO comment values('148', '5', 'redundant-laugh@sympatico.ca','Amejeoze hogopamu ta keprovgen bob esguta luvdahem lohsegin tis uv omjer gipnon wu hi.','Mon Feb 01 2044') ;
INSERT INTO comment values('149', '58', 'elegant-butter@icloud.us','Zu ovsujco fepnih guro himce huon avgarvi lu adi totacmuf wachi riodo ole kinfuz ufwod wuw cufaci agojuje.','Tue May 17 2033') ;
INSERT INTO comment values('150', '137', 'brash-pin@hotmail.com','Vubig minocob ezicuset toivuhed pic pe dogi awoja cid mupuhnu im diffejem nacbo dolicted ebefomu vowiw aka.','Tue Apr 19 2089') ;
INSERT INTO comment values('151', '57', 'cogent-weather@hotmail.us','Ruwnelve ufzu uhilih uj fukceno javhutdu ogieh wuzbig pi kirote sabizo gaja lakihiran asaru cahsiwa cilogvup.','Sat Apr 08 2084') ;
INSERT INTO comment values('152', '112', 'honest-suggestion@sympatico.uk','Emu merbenon avelzoh okovahowe buto dopva digtu cuh upujopep eg vil iroaf haza ja pakdeka wewca jagecowu sakku.','Thu Nov 09 2073') ;
INSERT INTO comment values('153', '140', 'endurable-giants@yahoo.com','Wagiuhi etazowza zez lenup gacfisvab lipiv pa az dadin keve licecro sotcoz wisfanta ajaboza losaze ine aku venseh.','Wed Oct 21 2111') ;
INSERT INTO comment values('154', '20', 'giddy-cent@hotmail.ca','Ganumvod ozolupeb ga ma jug me fukzah hi kahtot zet saveh ratitis iwkizjo ipise po sef pifejmah et.','Wed Nov 05 2081') ;
INSERT INTO comment values('155', '114', 'classy-girls@sympatico.us','Wat vor opvumdo ta vepdetek ruz ifwoc me lipkob boka roju vadajbu emi lofapfej tek lapafi bohipog ca.','Wed May 30 2096') ;
INSERT INTO comment values('156', '27', 'ossified-scarf@sympatico.co','Jewbap fac lotpopo oliziab ero wiwugsi vef leajeme fi wop ovzaihi akkih aguzumdu raimu godjem.','Fri Jul 06 2018') ;
INSERT INTO comment values('157', '56', 'naughty-balance@mac.io','Pipofo kiwhib zobnotrid taufi buzfo iz putkaco cosihre upubuti zaj panulak puciosu.','Sun Dec 28 2036') ;
INSERT INTO comment values('158', '141', 'beefy-heat@hotmail.com','Fog alubiwse bu ahizo luksa huk af unnu ri wilte mafbograd so uj.','Mon Nov 18 2041') ;
INSERT INTO comment values('159', '128', 'solid-back@sympatico.io','Gukjonas tif epweffiv wos taohrur je hajuzta wojij daetaco fab uperefu ne bolez mopu nastul ehuga zel.','Fri Dec 01 2079') ;
INSERT INTO comment values('160', '132', 'furtive-canvas@hotmail.com','Enmirad guzhahid ducigrul uv savimmaf uvmew riorawuc gab nule ipino ucouzu dewojeuho alaciom kigiab roztu atuim ro.','Tue Oct 21 2064') ;
INSERT INTO comment values('161', '3', 'bent-argument@me.fr','Iwibe absahsal mikupmoz ik uje gugvad pi deh soke mu lirabeha somvodamo cohosoz fa heze bazedi hecvid cazurum.','Tue May 11 2100') ;
INSERT INTO comment values('162', '116', 'utopian-beginner@sympatico.us','Co jokecu ajipiz gevhigas cijun tefro ved liceez orvoke vef vuseel dubiptep uftimum monfuz zi ubidi.','Fri Mar 01 2047') ;
INSERT INTO comment values('163', '117', 'icky-crowd@mac.ca','Fibe vaebpu hudan ludota sofaj wazviego nezevmo we fuzwe mitjuje fu ki gurhin.','Wed Sep 26 2068') ;
INSERT INTO comment values('164', '2', 'possessive-noise@mac.us','Sapvici ki vegoofu oma feube uwu pafos veogi zepziho lotepo lavpotos rur tafwe ki foduw bocikeji.','Tue Mar 30 2055') ;
INSERT INTO comment values('165', '15', 'sneaky-sense@yahoo.com','Powpoksec hed devvone zabvusup nobri gu em fesfised iz gerudi civmoj bozuhme.','Sat Apr 08 2090') ;
INSERT INTO comment values('166', '86', 'mindless-wave@icloud.fr','Uru rebbef lelziuw savamzun ci os naheb ohlimvo nemolez mog ul bumjo lusvu wowre jel uru juk.','Sat Jul 28 2085') ;
INSERT INTO comment values('167', '148', 'max-harbor@gmail.uk','Herzebzi takvuvpul gi oci vul mogceh rug pikcu welujod ratmuic hipwa va bocaglos uljup zo.','Mon Mar 21 2072') ;
INSERT INTO comment values('168', '43', 'moaning-plant@gmail.fr','Ros noiruem votwanwaj ji farme neloise ba gegzawko muzlo hedin po debowsez rotov din jagis neso navogga ruwasem.','Wed Dec 09 2026') ;
INSERT INTO comment values('169', '14', 'devilish-coast@me.net','Ces hej risoripa sitoz ohojofhon douf osodovjal ideul ovcasef tiha zutoz sug tes ar kezew ciacede ure.','Tue Feb 03 2088') ;
INSERT INTO comment values('170', '8', 'fast-bikes@gmail.fr','Ca ve civ dof larvufvej zus huemi telog il apewemagu detir odba.','Wed Mar 27 2115') ;
INSERT INTO comment values('171', '32', 'utopian-beginner@sympatico.us','Bepidi temhiuwa nuvoj wiso ninuwe wer zahgigbo zekfezak ruc wu heji ce ve oh eba te efbam ibra.','Sat Dec 31 2067') ;
INSERT INTO comment values('172', '17', 'violent-advertisement@yahoo.us','Ro ihderab gikuf olse kersi je ca it mabzal mozbumoc nata tite.','Fri Mar 14 2098') ;
INSERT INTO comment values('173', '32', 'past-bulb@yahoo.co','Wukgit he helehu lihomit eja goikaku sobid bev amrozfa ziz vawuvos mockebroj fezada owi musu.','Wed Sep 05 2103') ;
INSERT INTO comment values('174', '16', 'bent-argument@me.fr','Vogikij ezuuw ijjuro ho suz diveg kozu kujod jummakiw iv mubuvus bofre nomigmi cifewife gavobava nup.','Sun Jun 01 2104') ;
INSERT INTO comment values('175', '106', 'nosy-wave@yahoo.uk','Koavuefu hocpuulu bis me fikjop tuvzikiz soc kegoz tupuvsu zepe bouz nor zamojebi.','Tue Mar 23 2077') ;
INSERT INTO comment values('176', '14', 'rampant-thunder@gmail.io','Rumap tol labacuju lohulzak hujefig mot ruwva uwu vi kil faejibo cor cig ori.','Fri Apr 02 2049') ;
INSERT INTO comment values('177', '74', 'amazing-yarn@mac.ca','Va cepomo garlusdis iv duari enu eppil sike tewok bopib eruar nogobe wam uklitga kaarru behek.','Sat Oct 22 2095') ;
INSERT INTO comment values('178', '115', 'ludicrous-authority@videotron.fr','Atigi ke umnejow nafkomka fa cutuksi gi vamel ogkecum wozer milnece epejoca gebloda ile ho.','Tue Mar 14 2056') ;
INSERT INTO comment values('179', '117', 'bent-argument@me.fr','Rolelu sojwecjin ki amepuw as jup eli ridlo zamga wu kuspig temeah.','Fri Aug 13 2027') ;
INSERT INTO comment values('180', '50', 'sneaky-sense@yahoo.com','Dozbul fele we jehitren favwofjin lajrab ceir wawaz fojgep ribuputab fadolkij epu lej dinbijip bewe jebihap.','Wed Dec 10 2070') ;
INSERT INTO comment values('181', '17', 'honest-suggestion@sympatico.uk','Zo mi ci torra po ud mob zu dag nihzepo duve egukud hopzepas upipeola depowoge mesrezhuh vonvi.','Tue May 29 2068') ;
INSERT INTO comment values('182', '66', 'gnarly-number@mac.net','Voc de ebe nugaaba louselo worzah vab her bownon ojoceb sug wogjih ukaicavi be fuuna nenzin iritijsuc naovjo.','Thu Jul 24 2042') ;
INSERT INTO comment values('183', '74', 'honest-suggestion@sympatico.uk','Bovge lu oha okefemvir kilobwo fu ijocajcim iwa jow kob upopoja feb megucus netbediro loj efwis budatu ri.','Fri Dec 01 2034') ;
INSERT INTO comment values('184', '111', 'green-steam@me.net','Tomrutu bob iraig los eze ekaluf nofel sadra rojow pi wekve now te oloupoezo rirhewog.','Fri Mar 25 2095') ;
INSERT INTO comment values('185', '13', 'plausible-face@gmail.fr','Cec ikeaz ivizuj wiswe ma vukzugduk can hu nas ivibilaf vigmu zak iciahpa pim napuvo.','Thu Mar 02 2017') ;
INSERT INTO comment values('186', '21', 'nauseating-song@sympatico.com','Tadi daz buse iloseh bofutowa dezu eb leveflal gihnuri tuknih ireca leki lujcesi doba wovbes.','Sun Jun 19 2061') ;
INSERT INTO comment values('187', '99', 'max-harbor@gmail.uk','Vijke iki lec av purfu sigsawu kahonuiv fukuci macak vakdotu tizkiral ruma imroca wir razawdo.','Sat Jun 24 2051') ;
INSERT INTO comment values('188', '28', 'hulking-rainstorm@gmail.co','Sonek tupogki nik redvo dat hob dudviz se wiagaato difku dimde facsoc zud.','Tue Oct 04 2107') ;
INSERT INTO comment values('189', '63', 'seemly-sneeze@sympatico.fr','Mubuc ma akigib uwu ubo gulu hi tidat cipasog viz ja jic kampim goc irakop canbeaw hu tumsoru.','Sat Aug 11 2068') ;
INSERT INTO comment values('190', '73', 'endurable-giants@yahoo.com','Awob jad cohat ce pa riduffe telaj gikop ife jukej emki ji tak.','Sat Jul 31 2083') ;
INSERT INTO comment values('191', '142', 'past-bulb@yahoo.co','Dadko al commuzah rege dewzimin adu dog abupi jecwuto kutabus elabanbok cuveg ujiba wupkunep fes adi.','Fri Aug 02 2097') ;
INSERT INTO comment values('192', '51', 'gorgeous-sugar@sympatico.io','Pavige taputde mon kibtad aswesiza hemovfiz cuv ru wihucpek dob ta bi fisojje visuhob ilum owohin.','Tue Mar 08 2112') ;
INSERT INTO comment values('193', '40', 'vulgar-silk@mac.co','Obnaepi dib ru iwebobhej cub jifo pesoj pobwitfe itevoc lo huwpobzot gu we mado deati.','Sat Aug 11 2046') ;
INSERT INTO comment values('194', '145', 'abstracted-note@icloud.us','Nafse bip maar jot lijfow bawubo mooci mo pacag hiloh jow gu rega.','Sun Mar 25 2068') ;
INSERT INTO comment values('195', '77', 'primo-coast@sympatico.uk','Ce eropu cudaflop dejepo lirubof vu socfone vuwelin udeki ka tabfi ze ocuagoam wukaro sisi.','Tue Dec 21 2060') ;
INSERT INTO comment values('196', '137', 'tacky-driving@icloud.us','Jajte nep uz toeraepi opruhdi mozuba ci ji ele fatla epukihka momwukug put tamip mido evataho de.','Mon Mar 07 2022') ;
INSERT INTO comment values('197', '95', 'vulgar-silk@mac.co','Ci cadzaz jikceldaf votjib gul boon iwmat azoper hujimif tawi folozudo duwuni zanuc jownemo wobtuhok.','Fri Aug 30 2058') ;
INSERT INTO comment values('198', '118', 'naughty-balance@mac.io','Opadi bi zubutu unlasebe gubep avhiuf lorzah ato wifus gumoze ucuzaci cievaza nimza.','Fri Mar 08 2052') ;
INSERT INTO comment values('199', '60', 'fanatical-visitor@videotron.net','Tirguv ebwa idbic wej ti caewegew unuzoc vamovve jozilco luk lojwe cejow tulve.','Sun Oct 27 2041') ;
INSERT INTO comment values('200', '9', 'ludicrous-authority@videotron.fr','Na hizolud ekcer li go izretat le uvser gettutbo it hichid tek pujpuv uctoguw.','Sun May 23 2049') ;
INSERT INTO comment values('201', '57', 'romantic-match@yahoo.ca','Cijo debfav etjic namian juz ogafikhow laj maru pilupo hurid ilimu nebejfa.','Sat Apr 17 2117') ;
INSERT INTO comment values('202', '103', 'possessive-noise@mac.us','Eco wos zirafpog ledamowe kiblan ju efogifwu hepajiin hidcog ileah sa kumivere zevez saswail.','Fri Oct 12 2114') ;
INSERT INTO comment values('203', '79', 'mammoth-stocking@icloud.net','Pu zeiwa lewhaki rodgihpeh so ijiwaul juemo hih loz mat ve da ofudu nuvufuz fiwbo sit fop.','Wed Dec 31 2070') ;
INSERT INTO comment values('204', '107', 'elfin-arithmetic@hotmail.com','Rut zobpow cervohe vevjuf rawutnih zatha ed eh zel ic nelvafte kabba feb nilespad je lu.','Fri Sep 03 2032') ;
INSERT INTO comment values('205', '25', 'ludicrous-authority@videotron.fr','Akipasli amo ozipelo ohbin nadvab mohu enu dowsikzid foli nuv molvo luhvoso koconodi dawak.','Wed Sep 04 2075') ;
INSERT INTO comment values('206', '98', 'sophisticated-dad@mac.fr','Lip jonnit ak buvzu idusu rilji sewkuh ci mugvo anu lozba viugceg ugakugla.','Sun Feb 12 2068') ;
INSERT INTO comment values('207', '135', 'ideal-guitar@sympatico.co','Agwabi zemvooki kizzecak abite ub vefum iwi urojo abpavdi bakkoos owbo owu iwu sof si hafed wo.','Mon Sep 05 2067') ;
INSERT INTO comment values('208', '149', 'burly-pipe@videotron.us','Su elmez ramkojiv zicuca cilke lob eje zokruwes tonijuko se hiucu tig kiul onasetzi icocad afgub.','Tue Aug 16 2095') ;
INSERT INTO comment values('209', '142', 'showy-clam@videotron.uk','Fapecban othife nupoiz gel ace eva se mefze dewpup mu noh solhaw ikabizek da.','Mon Aug 02 2088') ;
INSERT INTO comment values('210', '103', 'scared-action@hotmail.ca','Awebu ci agesosa saeci vam kozkot icihiw oji asowidoj kitu fu ca ilidan laawavu.','Wed Oct 13 2106') ;
INSERT INTO comment values('211', '114', 'gnarly-number@mac.net','Cazdo wor nibek hedalkif samfapun mewke te huk fotti jesevzu rirled geg sogma.','Fri Nov 01 2069') ;
INSERT INTO comment values('212', '121', 'punchy-position@yahoo.com','Ziaj tugottif acpis vatvetiv habrosa bamolvo tekzufoki kafhakmu ametera nuffoike jub reslosah nuwcec vojce lo mu ruzve luvedo.','Sun May 27 2114') ;
INSERT INTO comment values('213', '133', 'rotten-front@videotron.io','Zin wuhewus sog feobewis tesutki zipdu zibune ruze epa zi war edi ipeaspo.','Tue Apr 03 2074') ;
INSERT INTO comment values('214', '80', 'jumbled-wash@yahoo.ca','Juv wudu pozcil nu log lumrutan bedhov hovcuhu zoc em guwemza esomemsan.','Sun Jul 27 2098') ;
INSERT INTO comment values('215', '143', 'ossified-scarf@sympatico.co','Affe jebupav nug ojoladoc oglujbi womuv kagigkih cu ko hilife gudale ojezek al ase pil ge lokbuwha dawfod.','Wed Jan 28 2093') ;
INSERT INTO comment values('216', '114', 'snappy-sack@sympatico.fr','Tezowej hifoub osuepuri ija ine aho ij am ovi vi ruzrok rez uze.','Tue Dec 12 2079') ;
INSERT INTO comment values('217', '33', 'cloistered-chin@mac.uk','Dogi ajafo mog vasuwon jecniv dasber ni egzim ibolsik kotdispa usigaw su cakzuti.','Wed Feb 20 2075') ;
INSERT INTO comment values('218', '84', 'sneaky-sense@yahoo.com','Ipadibo gi ot pu mepgohme bil bugew ubica tohag keh unu lo wefih zorkabki vuburok.','Sat Jan 12 2097') ;
INSERT INTO comment values('219', '101', 'bent-argument@me.fr','Rerul lupni bu om iba fiha juriz wosca bec isjih wonwo oj tad.','Mon Apr 28 2092') ;
INSERT INTO comment values('220', '64', 'greasy-ground@mac.co','Je vongowda so ciuhi ifida besuobu ebeslac ana kob cuf sub jaraj utilak simemli kug.','Tue Feb 22 2056') ;
INSERT INTO comment values('221', '99', 'cloistered-chin@mac.uk','Rasetwob veleg le asza her morku saikeut waude mumevumes boc facos no dora te adige bigabhu.','Mon Sep 05 2050') ;
INSERT INTO comment values('222', '43', 'trashy-board@videotron.fr','Ce hite wohbevrit ajidep co ebu fedzawda pan su ciso gida se eka uno lohtus uv.','Tue Feb 06 2046') ;
INSERT INTO comment values('223', '18', 'giddy-cent@hotmail.ca','Cugis minaobi mane waew imime jam vaha nac epkil fuz saeh okabaago monanuz ir ateruta ruhes daokeleb.','Wed Jul 11 2103') ;
INSERT INTO comment values('224', '58', 'jazzed-queen@gmail.fr','Ihhu mawsobuk ba zif dub taeju jubejwe omra buc gomuwpu geralah totak mofzukufe wutabdin tefacuuc ikezab uf.','Tue Apr 03 2068') ;
INSERT INTO comment values('225', '12', 'jazzed-queen@gmail.fr','Zuij nogjok ziveffo werif muel hegop si famlo guhbe ul rur kob.','Tue Jun 20 2113') ;
INSERT INTO comment values('226', '76', 'hushed-seashore@yahoo.uk','Lekwan fokob jan pewiprec nuh ajaroige ilo totu fojlavbu citi woep hi poala.','Wed Oct 24 2103') ;
INSERT INTO comment values('227', '87', 'mundane-condition@gmail.us','Me novufsa ne rejcakmuz afupohip gawurbut zi nelen colukiv mu orifeci wet vingipfa kurunu jakda fof.','Sat May 25 2080') ;
INSERT INTO comment values('228', '40', 'primo-coast@sympatico.uk','Fupedpib ejukeg ne ate wonifebu wum resil nec wacikis es bivev fufal kuur ibpuc evgipno.','Thu Jan 30 2087') ;
INSERT INTO comment values('229', '120', 'gnarly-number@mac.net','Fankit pulbov nojtu upte san cu feloc ral nu zowi goni ogo le zekew late.','Wed Apr 17 2069') ;
INSERT INTO comment values('230', '11', 'romantic-match@yahoo.ca','Jikwoco recor re couc teroweja fuvasan wal ezu rowofivuj ladib dosa odufe dumguwken.','Thu May 13 2100') ;
INSERT INTO comment values('231', '109', 'elastic-loss@gmail.com','Upnabo ga ugrat bigiga opcul cuv epauho ne nasuzaju be cagcip afore metot acnof he bebozdar cesotusos dud.','Wed Sep 25 2109') ;
INSERT INTO comment values('232', '139', 'poised-giants@mac.co','Ze zip bujbevic gogal kap na re pekragwes honocudu ku diduvo gucja zuvkolig hujune di.','Tue Jan 05 2083') ;
INSERT INTO comment values('233', '9', 'harsh-porter@videotron.ca','Ece je palrag agahefjam uhkij ponfufcab ahne rurwudik cafifros habowe nan veti nu.','Thu Apr 05 2114') ;
INSERT INTO comment values('234', '35', 'harsh-porter@videotron.ca','Moafovu tehbuwof ara vafsidi obu tidun oh zusoteguw eh nedecog asenic sum kedapzin.','Tue Jun 21 2067') ;
INSERT INTO comment values('235', '145', 'utopian-beginner@sympatico.us','Diglomam ramifceb vafvibbu ko ba gaw vitud nalcoiv ocapipwi zodzi jaup jutom kizwalew.','Sat Jul 31 2032') ;
INSERT INTO comment values('236', '14', 'ludicrous-authority@videotron.fr','Ru wufa feg belo turhu dut wohefhe oco cozonhi da ow kozja ideocrum.','Wed Jun 03 2043') ;
INSERT INTO comment values('237', '148', 'aquatic-rainstorm@yahoo.fr','Lur ima wi pucdev siifu pocuwo vul opi newvu pifudnuz idjupi jovo wo adwepe.','Mon Nov 13 2028') ;
INSERT INTO comment values('238', '43', 'square-alarm@sympatico.ca','Wet iwu pi tu tuchat ha wu tegij sawil cu peli li.','Fri Aug 01 2098') ;
INSERT INTO comment values('239', '22', 'spiteful-sugar@videotron.io','Da fonwame iv mutjok veoha leaf sid ran nug hisa agvuun lewfobuc bewgedu jarojter.','Wed Sep 15 2094') ;
INSERT INTO comment values('240', '120', 'rampant-thunder@gmail.io','Rujuz jeapba ula jacumag gut zorwevov havgusi fiev betnu digvuw putejwum joib.','Wed Jun 19 2047') ;
INSERT INTO comment values('241', '71', 'ratty-representative@sympatico.com','Pius cula nijirbih azfew odacuvki nij kife eno aclonca ada muh piwle wuf idovatet.','Mon Oct 03 2101') ;
INSERT INTO comment values('242', '83', 'lying-pencil@mac.io','Tu vegse ja cujo cahodab mipa todeh ane fiku wukdic pokjo mocbe te mas hadjof.','Mon Oct 14 2086') ;
INSERT INTO comment values('243', '15', 'cloistered-chin@mac.uk','Da cic butma giko ohku su jevovav jiv meg kiwu kealo omze vew fa istom lompudag fa ondo.','Wed Aug 14 2047') ;
INSERT INTO comment values('244', '103', 'plausible-face@gmail.fr','Tufnernez wabej vutajtic duwlusmu zatde riv bi ce vihheuci kaida ovu oc no.','Mon Jan 02 2073') ;
INSERT INTO comment values('245', '32', 'rotten-front@videotron.io','Kudker taehu po nilevugo kom tekmo uf cojhuusu lid vu fodilom loj ogri daz.','Sun Jun 28 2116') ;
INSERT INTO comment values('246', '55', 'aspiring-bells@yahoo.io','Med cicgeuro wu humbo ne uluupoke ule usnumhiw pebuz hamov zej waw wuhuib ufirungok bonu fi boomaewo.','Thu Apr 14 2067') ;
INSERT INTO comment values('247', '74', 'devilish-coast@me.net','Dimjoz uladalcu nalujiwu marasane omade bor ezpika reravlaj vatuw ca lozzun nu zed rojad.','Tue Sep 15 2071') ;
INSERT INTO comment values('248', '78', 'brash-pin@hotmail.com','Vabno ammodat la id konbeva nuc uz nadvifag no hijuzsod nakku hur ejahajaz ru.','Wed Dec 21 2078') ;
INSERT INTO comment values('249', '78', 'daffy-angle@me.us','Bur wemzutic gadwo gihsot bahdemuv poh baj ugi zeigo kahe veviipi kisekki waczig fas soartim.','Mon Sep 22 2053') ;
INSERT INTO comment values('250', '80', 'icky-crowd@mac.ca','Pi fon mubzu jewnioge todla for atohol nim litmi hicar cevfucla efacasos naze ofuiko.','Sun Sep 22 2109') ;
INSERT INTO comment values('251', '142', 'hushed-seashore@yahoo.uk','Cug eneguco puz sielbid uv anefeki umgod ci bozegel po raju ajumik di ju ecuevrew eldapzin.','Mon Apr 25 2033') ;
INSERT INTO comment values('252', '119', 'green-steam@me.net','Zuhfug ico evjukja mehazmo bitoju zepbolmas dopde nuked pirfuzin ret zippuwahi bofrumgi nejab upu igovojne so vicabga.','Wed Jun 23 2055') ;
INSERT INTO comment values('253', '31', 'past-bulb@yahoo.co','Girhol fusiwuv dep non woh vuifzer ajfetjol lufvip ha ma nuifakun afi ze gipe okibev bicpomuz.','Sat Jan 03 2088') ;
INSERT INTO comment values('254', '29', 'maddening-basketball@yahoo.co','Sir ku iv fatre womi elbi zerfendut otenu bomnigoh riszufsi teanobab fuz.','Wed May 25 2044') ;
INSERT INTO comment values('255', '65', 'scarce-rifle@icloud.ca','Gudaspam igapadom upak dezdibega wib lof guhteto lowdo bu dacokli wemwo safvedit hinu ew wen no.','Fri Jun 05 2116') ;
INSERT INTO comment values('256', '86', 'violent-advertisement@yahoo.us','Ificurdil cuhukgiw foc samihzow feinweg zikbunzob ip tudfeel moufne bahuzioba eniropfi lofjilic.','Wed Jan 21 2026') ;
INSERT INTO comment values('257', '62', 'obese-trousers@me.ca','Urjupez fojhuzec umufif sikbimof baf ve jierihim me ogufudgaw kulkopo fofeupi okwuto gaasi vesetuul mujefri beb we piku.','Fri Mar 05 2083') ;
INSERT INTO comment values('258', '3', 'primo-coast@sympatico.uk','Kejifo fel sosub vanso nosusu li ben ovegu mep satuco up ek dolevnu fo.','Sun Feb 26 2034') ;
INSERT INTO comment values('259', '15', 'ludicrous-authority@videotron.fr','Az finope kuk goflo if achuz rahwic ewha jij jaca ca ojgibdu hemagru gaih mig ja vila puiwu.','Tue Feb 14 2079') ;
INSERT INTO comment values('260', '32', 'gray-pig@videotron.fr','Ma wogkak kicoze fevios wonhe sewtehup uvaani zig ji koaj cola vega reviwon eno.','Fri Aug 13 2032') ;
INSERT INTO comment values('261', '80', 'cloistered-chin@mac.uk','Rok id nezilid labma moci la lafisuidi fije no cewjep dukrafu ped podo vu zes.','Fri Jul 27 2091') ;
INSERT INTO comment values('262', '28', 'icky-crowd@mac.ca','Nir depna unupu ladosa bam misivi sosu ru bumetgas nuk sachifoh boken ur iczur gibebvic pok jaffozves gusuruhah.','Sat Mar 05 2033') ;
INSERT INTO comment values('263', '113', 'greasy-ground@mac.co','Sujeez teibsi ceprek wa owfaodu owvam kikburvap huohzus ida tegaada keheciz jezif ormo acniew vo kiswikko oju kuhraja.','Fri Dec 04 2037') ;
INSERT INTO comment values('264', '120', 'secret-eyes@icloud.us','Koc ewoju zoziskus kipfijva milneb hicgup doperiw bawap lip gah etekecvaj afu az bebi.','Thu Jun 28 2114') ;
INSERT INTO comment values('265', '59', 'holistic-club@mac.com','Kesu ufuofa mip rif nitno ramma wolga buh sav dokeru at duejubo hillu cu obi zep.','Sun Jul 02 2017') ;
INSERT INTO comment values('266', '114', 'eminent-dock@yahoo.io','Ifi wejroba ur nug eme fufzufid wukawi curef dewda repaj robjevve revfuic suk paof zofvor karusid.','Wed May 17 2051') ;
INSERT INTO comment values('267', '126', 'redundant-laugh@sympatico.ca','Avupe we ivbamrah voffa la ohkadwam gosloce lecidkel becsodow kousa fancujju seigu ge ekkub.','Sat Oct 30 2060') ;
INSERT INTO comment values('268', '37', 'noted-creature@mac.uk','Racdapow vohuta ebju enezug bilbe vu cicpaw tomrif gul pe sopacoh tukja pidu jetunuf oma wunebo urmug jetjog.','Sat Nov 18 2034') ;
INSERT INTO comment values('269', '76', 'jumbled-wash@yahoo.ca','Lovce gehno apcad zab cergoj zogakob lizlihve kur ru nesta kisoce helug cus tu venfe hijnenog.','Mon Feb 02 2026') ;
INSERT INTO comment values('270', '124', 'seemly-sneeze@sympatico.fr','Ikre jicnaho zedsujzem fazcevab ifiholeho dicutud acwivbi uz norba radav noh emajabte cilcotebi.','Tue Jul 05 2095') ;
INSERT INTO comment values('271', '106', 'brash-pin@hotmail.com','Zahhu aca fud sitijjih dozuaj dupuber sik regej segufgok fovfu kalgen hiztemi rowmobjo vihdasep irogapat.','Mon Apr 20 2065') ;
INSERT INTO comment values('272', '145', 'different-step@gmail.net','Bezawa hira kaplamvik sogaldi zohij woz not hevwet wa gimeol mafu ladfapu.','Sat May 24 2110') ;
INSERT INTO comment values('273', '135', 'tacky-driving@icloud.us','Mov us voznu bofgenvuc sidoza lumura zaco cacalota vebok es lewarjic kaij.','Sat Dec 20 2042') ;
INSERT INTO comment values('274', '36', 'obese-trousers@me.ca','Farvasu jafaw pihi fet cogzon cihine cuisise to gelesutic wefa cu ore de hiz ke ahwe.','Mon Dec 23 2058') ;
INSERT INTO comment values('275', '29', 'gnarly-number@mac.net','Gucus uwaju oc ehpoteto esouhlag keoj ikhaafi sa kuw sopinib en sah nem du we ifo erzallag.','Wed Jan 05 2039') ;
INSERT INTO comment values('276', '60', 'fast-bikes@gmail.fr','Il po obawundad tuncivij wor vabi dupas zukiuk ju nusimuz zoso vemdazawi zemevov.','Sat Nov 23 2080') ;
INSERT INTO comment values('277', '87', 'untidy-notebook@videotron.uk','Hahratoc tev buwodjis cif igwo bug jap tan ubtam pekow badpoko ikto vuwuzuva sigom ij mose acmitju penogav.','Mon Nov 27 2045') ;
INSERT INTO comment values('278', '32', 'scared-action@hotmail.ca','Ekfaj ropkaz git hoboka culi jilsuuzu owa wacif cebmitfo jeog zighaldu fupzok.','Sun Jul 18 2077') ;
INSERT INTO comment values('279', '43', 'bent-argument@me.fr','Lonik jeh hikti fidzuk ahat polin ce jukrisoz baafmo edaluuju mardeim cuzare lacokuug merofij hudfal levhip.','Mon Aug 23 2055') ;
INSERT INTO comment values('280', '10', 'noted-creature@mac.uk','Itava me zatpik bob jatave etozu cipcow icaliej fo ga ho hukot iki.','Wed Apr 10 2041') ;
INSERT INTO comment values('281', '50', 'thoughtless-respect@sympatico.fr','Fohjawju pan hawouki piharizaj kade jip furriliv abaize nahsowe led asfem ne ciw.','Wed Mar 14 2103') ;
INSERT INTO comment values('282', '103', 'elegant-suggestion@hotmail.ca','Bej popa zapo coscek ro vur tesithak zaah zaruz ju zuwem doofe uk jaskir ruvihu fihe fawhezev.','Wed Mar 09 2095') ;
INSERT INTO comment values('283', '23', 'thoughtless-respect@sympatico.fr','Pe apemac zokozudi gihis lufbusot anhupsu dejlajvi zeizfa kedor ruvduec onja tubok nubortam bamhev gaaz guh.','Sat Jan 09 2072') ;
INSERT INTO comment values('284', '28', 'rampant-thunder@gmail.io','Sim dolrev so kuzkig uligogte ojocepi re as acsuvto so va jopo pi wej bu za nuoni.','Fri Aug 26 2044') ;
INSERT INTO comment values('285', '133', 'alluring-icicle@gmail.co','Di milum gihi bubozuwi tikulmuw li cucopi rulesuw se jeku hu ilipef.','Wed Apr 25 2046') ;
INSERT INTO comment values('286', '4', 'icky-crowd@mac.ca','Be poanona awbi zem ho hefvuko datof mow huvuruzu eseupe ewpiit laj liope wahrek odufajej rogu ponkok.','Sun Feb 26 2113') ;
INSERT INTO comment values('287', '55', 'redundant-laugh@sympatico.ca','Ecseput lofvegwag tow nidkawsig irtop nukole pegbagi tog po bok veukaula luzoral sezehu tun nu aneli hu ime.','Fri Dec 05 2070') ;
INSERT INTO comment values('288', '64', 'hushed-seashore@yahoo.uk','Sahduta ih ran edi govepob letig ifilaja vakij apebucheb ro wijiva emebu okuove gupgan uf jowdeslov dando apfed.','Thu Apr 11 2109') ;
INSERT INTO comment values('289', '65', 'impossible-flag@me.co','Rocowok taw zo gukid gipier garkofal topa te ehlug vafehaz kaho ijupijkus sop sos fokzo ga.','Thu Nov 07 2019') ;
INSERT INTO comment values('290', '21', 'honest-suggestion@sympatico.uk','Migrore lub igi namwiwne juvaje ifabun sozarti odo sahviz fejte lappa muca lecpokuj can vo.','Thu May 18 2113') ;
INSERT INTO comment values('291', '102', 'tacky-driving@icloud.us','Uwuosowe uprip rulabko fij alida turdice dotgi ivwid bunolep wupfeak rulaedu rewukkoz masite ho wecu mipvo zup lajgoobe.','Mon Dec 27 2066') ;
INSERT INTO comment values('292', '16', 'short-mailbox@gmail.uk','Riob sizmevniz ga omuiro gu kepsa pu ju vuf nenmuzub kuppuc rasemos selud tat wephauc ozo.','Sun Sep 28 2036') ;
INSERT INTO comment values('293', '134', 'five-vase@sympatico.com','Ar dejrere roj cuzefun rufwor felin ripu zuawpi cuh duzduba macigi emipugot pi ohjior jiloh.','Fri Jul 26 2115') ;
INSERT INTO comment values('294', '64', 'five-vase@sympatico.com','Reguji dazzenta vad lef pulsicak ogtirbaj savge iwu vivhi il fok hogadat aduotaeb wubvusujo rumovre hujlawa weod nainrib.','Mon Oct 05 2093') ;
INSERT INTO comment values('295', '72', 'green-steam@me.net','Wasorte beg ru vifujev nicaj cehebig itfu efaud ki uhi rudcasohi sen nukejlif bubodcu jucihkij paguc.','Thu Jul 31 2064') ;
INSERT INTO comment values('296', '34', 'haloed-reason@yahoo.us','Ucamalfo mawkobdej labpauj wahig liwtolsah rojzed fum be nuvap laduke wogwe pod mohaji.','Wed Aug 12 2076') ;
INSERT INTO comment values('297', '67', 'cloistered-chin@mac.uk','Mirow mev dawo ameiza pefa kowjotbuf hogotabil lumopu vog cupdo umget conumsol meh hibwisefe lelakmo huj.','Mon Dec 22 2064') ;
INSERT INTO comment values('298', '135', 'hulking-rainstorm@gmail.co','Cujozgu havu wu uhubas ataecbi ata ca maneke dazitbem af mekrufjih no apa ze vuuhmez be.','Thu Dec 05 2052') ;
INSERT INTO comment values('299', '75', 'perpetual-rabbits@videotron.com','Ep nosar neir ve izu vowcoet wavpagib kim oja vokli ov to.','Wed May 21 2081') ;
INSERT INTO comment values('300', '68', 'trashy-board@videotron.fr','Um cizlekjif dilfukmad di ocu samsow zenkipe be gum oliali viupfu enwe taow sufaek.','Wed Sep 23 2076') ;
INSERT INTO comment values('301', '62', 'tacky-driving@icloud.us','Elo bejajal nonuwo zu zupetolo if ilugmif wiv efozoci kothanzer dukcof fuj.','Sun Nov 13 2061') ;
INSERT INTO comment values('302', '146', 'different-step@gmail.net','Vozapo mikde cac fewos gablitci od goudi deb bobfuba buvapa ifima jatha.','Sat Jan 19 2092') ;
INSERT INTO comment values('303', '21', 'utopian-beginner@sympatico.us','Fecam cur duon gincin togcireh wovkovod ko upewuhij ewi ha la kar lanefiput pifli.','Mon Apr 10 2062') ;
INSERT INTO comment values('304', '127', 'elfin-arithmetic@hotmail.com','Ci va vujgica pubemmo go juvi dawdinoh lo fumzinake perafauda do lirfeva ucu vok sorji vazhohu.','Sat Dec 15 2040') ;
INSERT INTO comment values('305', '125', 'tacky-driving@icloud.us','Nagoh nibevazi pefsownuj iku dumvora debop omesup izewovu gitagzel je go za ofo gic ci vuaz nal.','Thu Oct 05 2084') ;
INSERT INTO comment values('306', '31', 'holistic-club@mac.com','Ibekaha agisodda bepkusow siswam he uc mu utlo nonizom hap ku vihedgel giva vab fi.','Wed Jun 08 2078') ;
INSERT INTO comment values('307', '27', 'kaput-cook@sympatico.us','Jeodvid va mal litimek gitcojapu wetpebot fabawses beh vejehhew gerahog hulu ubzateji.','Sat Sep 28 2086') ;
INSERT INTO comment values('308', '32', 'showy-clam@videotron.uk','Foso hukeez zaznu ar peheoje eniwic zuzotli cila hewsoc lok uz kulmotdak zago penopu be.','Sat Sep 28 2097') ;
INSERT INTO comment values('309', '145', 'short-mailbox@gmail.uk','Zuuc ko edi rovezmus woc vazivap wewjunto oheni bikuf ribru fucnag ec hurwep gilatru sev.','Wed May 22 2052') ;
INSERT INTO comment values('310', '141', 'classy-girls@sympatico.us','Rigoedi bedaha lelifa ciz siwcehi fa wum ruvihar igued gojar enicucu majiclan kedni vuhzowsos vupaj.','Mon Aug 25 2025') ;
INSERT INTO comment values('311', '4', 'haloed-reason@yahoo.us','Mam jir ned ul vejeiri kikirib pakav el ragosro cufa nibizmun wopvehi opje opoineho ga wijudta hofuza.','Mon May 10 2094') ;
INSERT INTO comment values('312', '104', 'giddy-cent@hotmail.ca','Upolvu iddiggen dic sazwefga zini adelo vewfuzuf mupolmi keicva ij ulzal wof nuvgada bek nu hi uholaf poha.','Wed Aug 02 2079') ;
INSERT INTO comment values('313', '140', 'rampant-thunder@gmail.io','Kifce beoh ajma detul mo pabihen ubsufni mauhhe efod imija nozewva roso vir ce.','Sun May 04 2064') ;
INSERT INTO comment values('314', '137', 'mindless-wave@icloud.fr','Tueco jugan kufoet odmauv ejenaf pad pogipep ic uwrulbo id ci isiv tohubev fi jebtilda dohpochi nohfowok zuz.','Fri Jun 13 2098') ;
INSERT INTO comment values('315', '140', 'amazing-yarn@mac.ca','Awupuumu mufraniw zowja omzibjij kozna kuibahu ed ducfe nik tulili le koh cunhu.','Wed Mar 15 2034') ;
INSERT INTO comment values('316', '113', 'gorgeous-sugar@sympatico.io','Ajlo huw tijcekwul jomikeno ka mic umafub jusap dazubzo toszabi ac gevop wap faf bof casec semipo.','Sun Jan 17 2049') ;
INSERT INTO comment values('317', '111', 'jumbled-wash@yahoo.ca','Wo casvaiw enu be ig cazapo ekuvukod ludbem lah dacavge ces ut uwsekpi hic lohuba pe dibole.','Mon Jan 04 2066') ;
INSERT INTO comment values('318', '64', 'amazing-yarn@mac.ca','Gelinopo seedo picu cefje haog epaduduno cilefupa huhartu waf nad tojutemab tagivufe viwzo ulparu zevco moz ha.','Tue Jul 11 2062') ;
INSERT INTO comment values('319', '85', 'gorgeous-sugar@sympatico.io','Imgaca ged lul kin ni hib gaigo ronmu wivwucep cigum sit haj wi jivgut zoehu ibgudvu hujohijum.','Wed Sep 08 2060') ;
INSERT INTO comment values('320', '37', 'perpetual-rabbits@videotron.com','Utu jiluwi repi me ok pun bucir dioju inmazu cirobva hucucnik kev gomgisuv mulgi bimubi va ruvvuz.','Wed Jun 06 2085') ;
INSERT INTO comment values('321', '3', 'noted-creature@mac.uk','Wef wa ku cedawiri nadbolfam an upku re og him feneta zouga lubu ma ugiige.','Sun May 25 2053') ;
INSERT INTO comment values('322', '101', 'mindless-wave@icloud.fr','Coves so cohgivob lenmobab pisdeuki guj tikihpov otupap dices tanupu huzta ove gegro rel buwem ita siw haneju.','Thu Sep 12 2047') ;
INSERT INTO comment values('323', '55', 'seemly-sneeze@sympatico.fr','Gokotiz lagiibe bodowiv voorlom om kiti it bud lekgit cu worliji kac uzevu ur um ih pos cuw.','Wed Apr 19 2090') ;
INSERT INTO comment values('324', '39', 'gorgeous-sugar@sympatico.io','Lahirsis do ap duti piwe vejden uv op ovca iro cerkifkuj teipeh to tauc pimba hah viz.','Fri Sep 10 2117') ;
INSERT INTO comment values('325', '50', 'thick-yard@sympatico.us','Kino par invaw hapeog je sereufa hugjo gunbanniz danhen kav eho garizaw zifpe pobez biciwlih.','Mon Jun 17 2030') ;
INSERT INTO comment values('326', '7', 'nosy-wave@yahoo.uk','Ik orunaliz sibed vodri tiocku mi davikmir ek tep hepuc hof doj afa tivik ve bashur pobagigor tipaotu.','Wed Mar 21 2103') ;
INSERT INTO comment values('327', '93', 'elegant-suggestion@hotmail.ca','Avego weso pafvurur bap ohu jurfihij bihroz emilu natpo nevcivfa sosumaku ga toba belpopu maz tehon kucimjo haspaeg.','Sun Dec 22 2019') ;
INSERT INTO comment values('328', '142', 'eminent-dock@yahoo.io','Ga ehvo pu tacit otegidaz racuwav luzraz kebuili bam ecogomce ereucred su tipe.','Fri Sep 28 2103') ;
INSERT INTO comment values('329', '122', 'haloed-reason@yahoo.us','Fuv tecalli ko forhuwup ca dezowug gionu gowo nadewuig dutlud hiv las mokomuka ruwenmag.','Thu Jun 18 2082') ;
INSERT INTO comment values('330', '124', 'brash-pin@hotmail.com','Ji maaza vuk ka zo ic adusonal gis nove hogtuoha momew baw min vocalta nurig heah.','Tue Nov 14 2073') ;
INSERT INTO comment values('331', '68', 'cogent-weather@hotmail.us','Bih ehifi relcof guh dem fu da tijuri bu um rapafbi vop pudime ofgis man gizahzi.','Sun Aug 11 2097') ;
INSERT INTO comment values('332', '145', 'dear-hands@mac.io','Tofus tab ferop am awe useho falpi ehouh molahide nebbablov tekoj tacofjun nupi how nezkenmaf.','Tue Nov 27 2103') ;
INSERT INTO comment values('333', '54', 'hulking-rainstorm@gmail.co','Mo namnihic sud cel lius be ulavan opejauwe zamhohci kikada man pu.','Thu Feb 06 2098') ;
INSERT INTO comment values('334', '37', 'furtive-canvas@hotmail.com','Sisha mopholdel safbih seel wibo ug feeli ivi eh mazumuom okzec hi.','Fri Aug 26 2072') ;
INSERT INTO comment values('335', '62', 'mundane-condition@gmail.us','Ade dez icawi onziv niw jalan kuucdaf ujodiha itenuti bu ulupow jihiz dulratvin afgoh.','Mon Sep 15 2064') ;
INSERT INTO comment values('336', '36', 'fast-bikes@gmail.fr','Sodci ascum re ujoza vene gitikocu edhegac tug kanzulvez gosod efi zawsaze uruje foguste za orhopmes.','Fri Sep 29 2102') ;
INSERT INTO comment values('337', '131', 'plausible-face@gmail.fr','Ze wu zopire iteba ho peg iratuuli uwisal zeilemat ku folbojpuf weirejes ensup bo ce jitirtov.','Wed Mar 19 2036') ;
INSERT INTO comment values('338', '7', 'showy-clam@videotron.uk','Obunaj ke za duva teduv duwo el pe sa luudi calfarap av.','Sat Mar 24 2096') ;
INSERT INTO comment values('339', '50', 'punchy-position@yahoo.com','Zu wel usu evdudko ilafeg zi ewo ovkam pac ukizeb utah opbeh locsojud daed.','Fri Dec 05 2081') ;
INSERT INTO comment values('340', '124', 'brash-pin@hotmail.com','Kow mudele dus tesoow zehi fosumas rillegura hiog fojme zihrifac jivkoz lucecpel gol mepjih ka oco hivwesos.','Sun Apr 18 2066') ;
INSERT INTO comment values('341', '137', 'sneaky-sense@yahoo.com','Il fepesen avilje meskuwfo naw dovzevsog pujip decikuzu lundauj waib simwuho go.','Tue Jan 29 2104') ;
INSERT INTO comment values('342', '138', 'moaning-plant@gmail.fr','Wiknavpi mu vakiku mi sempol bize iljuv gar su pablolo gek zoadlup cumnu asu.','Tue Apr 20 2032') ;
INSERT INTO comment values('343', '150', 'thriving-arm@yahoo.io','Ji ket nu nuvuzfat nud fogu uvuemwed puvmon nano luzoja den fopiwpu oneabu witlol ogrora cuh eza.','Wed Mar 08 2045') ;
INSERT INTO comment values('344', '94', 'abstracted-note@icloud.us','Gaweco ufaki fu bivum lujesaivu ujwaab bifmecen ozatirwi gefap recter imcohtu gin pa sis rorduge ogi omanah pumruv.','Sun Jul 15 2114') ;
INSERT INTO comment values('345', '103', 'past-bulb@yahoo.co','Sihjunuz sazin mow hediko odijacbuw nipeg soewo gafem bidul jij ojzeupi ab ekoke.','Wed Mar 31 2077') ;
INSERT INTO comment values('346', '67', 'fast-bikes@gmail.fr','Domluzen hirulwic cattuobi odcifeg vovge ni segnal rowcek nafa sokusah dodeksal tozpeut dan ol ceohgi niem ohu de.','Thu Feb 21 2047') ;
INSERT INTO comment values('347', '78', 'cogent-weather@hotmail.us','Ugehatzeb argu ki ohhohes titigubi luwbiha zol lu vatu nihawgo japgaf atiublez ha.','Sun Apr 12 2105') ;
INSERT INTO comment values('348', '27', 'devilish-coast@me.net','Gu fi fac haiz kurwonaf gi pid jipamav ole eputab nuh nonafke gupuk lolkoto nu vujapouze nutus.','Fri Apr 29 2078') ;
INSERT INTO comment values('349', '33', 'gray-pig@videotron.fr','Lasuzog ro bamcolem fevukvi wiscukoc focta enso moshomteg gum zejuh loggop du nam mikooc zafazob ce beuf.','Mon Dec 19 2039') ;
INSERT INTO comment values('350', '33', 'fast-bikes@gmail.fr','Tefut soigiuwu ket wulima batiipi bojtiva az teb do pium hebpanuw wel nowhe lobic avjecsel iz fitemu.','Fri Feb 18 2089') ;
INSERT INTO comment values('351', '40', 'daffy-angle@me.us','Tiato diuhukic livecok lol godal fusbuphor fuluawo wunze esi jofi ulemagop gurubdo dogepup weocores gorehva.','Wed Jul 28 2021') ;
INSERT INTO comment values('352', '84', 'moaning-plant@gmail.fr','Nut nik ivosavi deske lic gosu niupa seufovo kugwak uvobo iluke rot.','Wed Oct 08 2064') ;
INSERT INTO comment values('353', '139', 'untidy-notebook@videotron.uk','Caneudi ak bubda jiwiw zeri uhse agkis ocawehsa tilfabahu ku pusumri uhhise pifnofse.','Wed Apr 10 2030') ;
INSERT INTO comment values('354', '22', 'rotten-front@videotron.io','Pi ijiufco et gusav awbacgo deropli zujehitiv ehnawwoz kucero ki lu foh.','Sun May 12 2058') ;
INSERT INTO comment values('355', '66', 'burly-pipe@videotron.us','Hoji run ugaparus jeado obebvah jac madigne dotcu jepagmew zuvan jam cegfepde vid.','Sat Jan 11 2042') ;
INSERT INTO comment values('356', '25', 'daffy-angle@me.us','Of ef mazson zeahu umiza ojihogov gukizse naj af lop amuwuf ane wa kahroplo giupiho dopfeos hi.','Mon Dec 24 2029') ;
INSERT INTO comment values('357', '129', 'endurable-giants@yahoo.com','Vabafli ra to evututwut vu tokcurov virup led udaoh al odocek epujel luribuku sibrogso bid rerwipo areranu.','Wed Feb 15 2068') ;
INSERT INTO comment values('358', '103', 'jazzed-queen@gmail.fr','Se piubo eznej wuud omdu wij neraw mopu zujaot zontupvu ek wap ah utuiregi doced.','Fri Feb 28 2116') ;
INSERT INTO comment values('359', '144', 'different-step@gmail.net','Hugar nof fajhoviz jaj vete wa ilsacci bimbonji nokleg peha tih zanhoof sodovsa kevku fiwauw.','Sat Oct 01 2089') ;
INSERT INTO comment values('360', '103', 'cloistered-chin@mac.uk','Wehiha onu bafnope usavucez sidna jopo wogko isu wabi soosi kiwag tu bewomcep.','Mon Sep 16 2069') ;
INSERT INTO comment values('361', '6', 'fanatical-visitor@videotron.net','Dah bu vigajfe udrah paw at wumjagame lote veh co rom irugigfe lu goru.','Sat Nov 24 2040') ;
INSERT INTO comment values('362', '26', 'alluring-icicle@gmail.co','Kuzusogov kikloc gunajoci fesjica ovtu ekicavawi zefe zes ajnukic efojar ci zi.','Fri Jan 16 2065') ;
INSERT INTO comment values('363', '87', 'honest-suggestion@sympatico.uk','Unpa tut jawudi gogte wowfib fobbecsif icikettig cilzo uv nernali sumeis dukiod.','Mon Nov 10 2081') ;
INSERT INTO comment values('364', '47', 'nauseating-song@sympatico.com','Jeli vituf goibema hevibbu tag av vo anrab loof jokevu bummasek mocozupa vevnog pomliki wecivew vema caewuwe ges.','Fri Sep 17 2049') ;
INSERT INTO comment values('365', '145', 'lying-pencil@mac.io','Onusep damuhebi jabagoc limaruga vod hi etuzuh soatokop duj kenuj faak zut dezuj lah wuoru ke.','Mon Feb 19 2052') ;
INSERT INTO comment values('366', '12', 'ossified-scarf@sympatico.co','Ce he kite hud corahhir oclok awi bulpuf ve wu zo fupu cer.','Sat Mar 13 2100') ;
INSERT INTO comment values('367', '83', 'mundane-condition@gmail.us','Et ezovi urwes soohegus za piebeiz dip rentig faw golijos ca hoipraz.','Thu May 18 2062') ;
INSERT INTO comment values('368', '136', 'moaning-plant@gmail.fr','Ibsoefa num vo nuzja oh ma kor pehecoem umivu wuz rijdeis bivsaknod bathacji.','Thu Jun 16 2089') ;
INSERT INTO comment values('369', '41', 'endurable-giants@yahoo.com','Peet lu ago binfa iz ibumamder za tad girhelvor jovovijom atewaced adhacepi zolvaz.','Sun Sep 26 2038') ;
INSERT INTO comment values('370', '109', 'devilish-coast@me.net','Zebba tec jopsup mo patulde gaku retekzep uf heh sehomnom ihivizu dilis ek ud edifakes.','Sun May 30 2100') ;
INSERT INTO comment values('371', '82', 'scared-action@hotmail.ca','Panon gusop ta avaimira ebijit fumi ha kunpiv we ortuwur erozute disgu nojhe cigvi.','Wed May 01 2047') ;
INSERT INTO comment values('372', '30', 'abstracted-note@icloud.us','Nu jisok cowetho nigkimkij musoc comnideh nokit te la sal wufe rivane imo.','Fri Sep 17 2049') ;
INSERT INTO comment values('373', '75', 'mindless-wave@icloud.fr','Jegbubtas mij supor jomef pec sekfohdag ke orewuc cur bawcivob zile tovaceh bosuci pahuvbet.','Sat Nov 03 2029') ;
INSERT INTO comment values('374', '57', 'tense-door@me.co','Gowli ara rokwijo wasraz fussafro vulpa bane liripco bigo jol bi kinjejuzu tohzivsa.','Sat Feb 03 2074') ;
INSERT INTO comment values('375', '71', 'plausible-face@gmail.fr','Sucpe wiazu upcejoc rek uca riepa kif edwonut ha pog picmi zu taw wuwpazo bitit.','Fri Apr 21 2090') ;
INSERT INTO comment values('376', '71', 'hulking-rainstorm@gmail.co','Dubeawe atabi itcomru vul esidub ja nepjudog if naufunot takwi ulomekkaw iperok zoku ew gugufjez ku.','Sat Aug 11 2074') ;
INSERT INTO comment values('377', '35', 'past-bulb@yahoo.co','Wupmov ginkelik newaw on fu fifcacapo gudmap pu ho turvitesu tignoh nuzu.','Wed May 11 2067') ;
INSERT INTO comment values('378', '23', 'showy-clam@videotron.uk','Siiroave gitzosfoj otve ba wi bezbe wanpej ka rovcos wiwle posvu necge sa.','Wed Dec 21 2107') ;
INSERT INTO comment values('379', '128', 'ratty-representative@sympatico.com','Owi hogug vuc jewjuk upijveb emi mis gaocbim dos fuji rok woro.','Wed Oct 23 2052') ;
INSERT INTO comment values('380', '117', 'furtive-canvas@hotmail.com','Din ju nugobzor gairiw fed zibkeraz ije asufu weluj lan woel giiju voiso gic lodmolzug wo owuzawe jas.','Sun Jan 11 2026') ;
INSERT INTO comment values('381', '16', 'melodic-fruit@hotmail.io','Osuzuf ravga wevig caiz ko owuvicha himaup nuhozhi boptedku osotu mogpiah vo nilro cu makbu tewuezu kejujooz.','Wed Jun 29 2112') ;
INSERT INTO comment values('382', '31', 'max-harbor@gmail.uk','Hichojus vo ugauwu zemmil vih hobaha fucjad comado jelbedav nobko igebow enopucugu famam.','Sun Oct 19 2110') ;
INSERT INTO comment values('383', '11', 'cloistered-chin@mac.uk','Ceabpo ahzom hiwu dafuj aluni gowwo posazil febgo ipovodjuj voniuj viih jeumo.','Fri Dec 19 2092') ;
INSERT INTO comment values('384', '89', 'scared-action@hotmail.ca','Tuhorpo cibdu reedah fewuwdiv taduwoipo duradozu vibew beknimu kaf kav cekas ucacopba di bilumsez fi.','Sun Jul 14 2058') ;
INSERT INTO comment values('385', '84', 'futuristic-frog@sympatico.co','Oceevvon soav eflibuk fol pefnu ran bi led vukpobivo cefo ispetuk vamvukeb bu gahipta woh.','Tue Jan 14 2087') ;
INSERT INTO comment values('386', '89', 'green-steam@me.net','Cunihi zu do narvopon hirra zi cuz don dutre car sur lam nikow.','Sun Apr 02 2028') ;
INSERT INTO comment values('387', '94', 'mindless-wave@icloud.fr','Af gubres cu dutob mofap ufodube nupuboga pi epecuki wihpe ipupece mi cawsiha mankab mu wezat gabunawik kuocilam.','Sun Jun 04 2023') ;
INSERT INTO comment values('388', '95', 'hulking-rainstorm@gmail.co','Ag di wegolcid kumumibaj po wigdoujo vapvaac catbiulu gi sesac fape ugageaf ro kuhza.','Sun Jun 15 2053') ;
INSERT INTO comment values('389', '60', 'cloistered-chin@mac.uk','Lunezo tu gu mam nidku but certohepu fat kobefa tudaip vegah fapuci doculca nutej ba ficlijmuz uvcepgeg.','Thu Jul 30 2048') ;
INSERT INTO comment values('390', '116', 'untidy-notebook@videotron.uk','Tiran huv etrev ef taoti penzehhug usosaszu can vo udiva jiame ro ju.','Wed Jan 12 2067') ;
INSERT INTO comment values('391', '149', 'jazzed-queen@gmail.fr','Las jusahpe fan bozug jizmuk mezon kogjos safov pi pigsu ewisutzur buumusu noero get zizudega obuduk.','Thu Sep 02 2117') ;
INSERT INTO comment values('392', '139', 'brash-pin@hotmail.com','Ec holul jirtalac zazvowco fili sehej nugum eja fuj upani ne weza me wiwofes riwodo ce.','Sun Oct 13 2024') ;
INSERT INTO comment values('393', '103', 'the-toothpaste@mac.io','Zan edfeh nempo ra mamkuros jo muzreme jowutvud johi pegkuwe jubpeffo sisa vapdu vuwzi gugso.','Sun Dec 18 2022') ;
INSERT INTO comment values('394', '63', 'jazzed-queen@gmail.fr','Joawvu lap mum nozja evbi niwof sujvit fija mo timoha cogzom ahero ebdajve sofid.','Wed Feb 13 2104') ;
INSERT INTO comment values('395', '88', 'five-vase@sympatico.com','Mabi imo mechujpu jip tegcokpib hugpul cudovheb urjoduh ziero fumcetif lew jefleeh tifdelto elecihje otfoege bewnutin vorib girosa.','Mon Aug 13 2029') ;
INSERT INTO comment values('396', '150', 'elastic-loss@gmail.com','Bazoc fakla ivgeze vufwuron zi soekobe ovezipniv puznuz cutve obafeti gi ce.','Sun Sep 23 2018') ;
INSERT INTO comment values('397', '100', 'punchy-position@yahoo.com','Di opnozje me pobehar hokizvan vimmo co efu hir hiboc pes ce hawa hubtapsoc ele kitso tavij ile.','Mon Apr 15 2075') ;
INSERT INTO comment values('398', '25', 'ratty-representative@sympatico.com','Ezlucfe vik rid baguj ka iruev unoboz vu najpave neos das tot fes cij kapo da sa jotuzac.','Mon Mar 03 2104') ;
INSERT INTO comment values('399', '7', 'hushed-seashore@yahoo.uk','Ces pi te tuw fusli lo zez rugvas zuj bouj fo kiuvuoli giwsa seobo jo wuc fegrowuj bugaolo.','Sun Jun 10 2040') ;
INSERT INTO comment values('400', '8', 'elegant-suggestion@hotmail.ca','Rekvojoz cicec leuk tijeg cu ge muzboku ek dezuv bojocef oso hifap zec zuedubo lop za.','Sat Jan 04 2110') ;
INSERT INTO comment values('401', '63', 'square-alarm@sympatico.ca','Tecebig peluz obu laiba sin daedu bitoh afecuj ukevehig faz sevawe put cozileja tocu pisho.','Sun Aug 15 2038') ;
INSERT INTO comment values('402', '118', 'ossified-scarf@sympatico.co','Mouc rej dujurmo soijasi zo cehre ijemeawa go beh fevu muke wenacgij vem gus zijuh azehunnuj fahe foval.','Thu Oct 04 2074') ;
INSERT INTO comment values('403', '77', 'mammoth-stocking@icloud.net','Wod puvrew wukvu icnujas kam muwefego abfusip get oh wo uc ososa.','Tue Feb 11 2025') ;
INSERT INTO comment values('404', '82', 'ideal-guitar@sympatico.co','Avumivmal nulna hedug pa weh zezvo mokel hisaved nabu nazgu ucovog livgod votishap rotidma foisa hok.','Tue Jul 18 2023') ;
INSERT INTO comment values('405', '94', 'gorgeous-sugar@sympatico.io','Awosu tuckej otirannaf dec emkado fajutok zafbum zur aho se jecde bo kezbuw von keca mikidbuw.','Thu Jan 22 2026') ;
INSERT INTO comment values('406', '51', 'haloed-reason@yahoo.us','Nulenic emozojji nanca me aji dajenieg jinro nidat vav wojoko wez ri wavpop lud.','Tue May 04 2100') ;
INSERT INTO comment values('407', '21', 'haloed-reason@yahoo.us','Hakifasi ko ungudse zugojca ic wog wehkehuda pubipzof momivzow zabbo iricenmil ga je.','Tue Nov 04 2070') ;
INSERT INTO comment values('408', '18', 'harsh-porter@videotron.ca','Fedreto veelo ceplo rad luzgum aw leti fuzbamus ji felu nade guk wuudu nibzu ka sogje.','Tue Mar 28 2102') ;
INSERT INTO comment values('409', '109', 'moaning-plant@gmail.fr','Cuzot ruah fe zelzi mubejzos umi jigof nanijamo birolmuz nuobel secle eznu edtakir bof.','Sat Oct 02 2021') ;
INSERT INTO comment values('410', '133', 'past-bulb@yahoo.co','Epipadco memo rab cu tonza vim limiwu ruvwobezo wopaamu uwafa cibi jicbosrov lodibzo ituhoc es.','Wed Dec 04 2024') ;
INSERT INTO comment values('411', '39', 'possessive-noise@mac.us','Veb pej lozoalo illuf tetfujmu tovajju cupki no biklufic mem efiemcoh gegimjuw vieg ka pogapfu zebhiz.','Sat Nov 25 2017') ;
INSERT INTO comment values('412', '121', 'utopian-beginner@sympatico.us','Kovpah rigo ju sikewa dajron emjomca gegwihag gomhe kub ikuzizase umalufa verwewkir ruv ticzeh wireec le.','Wed Dec 24 2036') ;
INSERT INTO comment values('413', '105', 'futuristic-frog@sympatico.co','Miez une fi wa levgiene sap petati covojob uki alozu si humlivu asupe piduvem hizcoltem.','Wed Jan 02 2019') ;
INSERT INTO comment values('414', '110', 'maddening-basketball@yahoo.co','Fanuhofi ku san cabicma icuk dorjelnuk gecti nimajoviv renpugno ruga jocgifab hakpij.','Wed Feb 12 2087') ;
INSERT INTO comment values('415', '112', 'obese-trousers@me.ca','Rim femri aw napta kitesbo bevvamac nupejnam lokoum ruk ac oho widulog ojnim urejev sa.','Sun Nov 07 2117') ;
INSERT INTO comment values('416', '71', 'classy-girls@sympatico.us','Hepra lah cesti hubzo ikunijfef ufih mez luvad lusvoh ugsu iwevehe kuoze ugtufij.','Fri Sep 14 2103') ;
INSERT INTO comment values('417', '143', 'impossible-flag@me.co','Iheoni ulazeh ocaumi bowe jucodla urpe pi dichi muvo habasmo fa godpir.','Wed Nov 16 2050') ;
INSERT INTO comment values('418', '118', 'past-bulb@yahoo.co','Po piaje alianeto kafiame riokvuj copwu wuw koltofju cibhe utihipez germol epvu.','Sun Nov 28 2100') ;
INSERT INTO comment values('419', '41', 'perpetual-rabbits@videotron.com','Ladfidul cukakto ruz muzo zarfuzir abinikdas ke rita ge pibaza nizej magajac ehowusle wejsi bu.','Fri Nov 06 2048') ;
INSERT INTO comment values('420', '150', 'elegant-suggestion@hotmail.ca','Gud cumhe jeg pamlu tal ruj tedwegtur cigco iwfuila zapurfal camub tugcoge ud ma kuwniske.','Tue Aug 08 2056') ;
INSERT INTO comment values('421', '38', 'endurable-giants@yahoo.com','Gumac kojvewom janduvwa ciosugum wagej gic evcud ami fud govif da kozto pagogta betdafud vud fimkezsoc nap.','Sun Jun 15 2053') ;
INSERT INTO comment values('422', '78', 'ossified-scarf@sympatico.co','Ceki odefied agijukip fumob jobzelre pegisiiw bad vanej va sozcuc bac tufbaipi hel niuzci uropugdiv osofe uvahitun ku.','Sun Mar 05 2034') ;
INSERT INTO comment values('423', '11', 'greasy-ground@mac.co','Cufok duzenam vaboveciz jur aztumsi ufeupana cep reowluz neporwab no sizhor ahoecseg ka zoga mujitu difojo.','Wed Mar 07 2063') ;
INSERT INTO comment values('424', '37', 'mammoth-stocking@icloud.net','Kuw to bagzomop pehtob vid dec mellu egcev wo dejam gikharco rahe.','Sat Oct 20 2085') ;
INSERT INTO comment values('425', '121', 'elfin-arithmetic@hotmail.com','Cu pep je kamum nawnehkew luvmiv zet bav bij defjug utepaltaw fuezioc seihe torabar lip usoevihad hiunako.','Thu Sep 07 2084') ;
INSERT INTO comment values('426', '146', 'green-steam@me.net','Imuudfow emejagbad betamvom mobuz eloar log mob kef wupak pi jobmiga bup su hugduwpa.','Fri Nov 16 2108') ;
INSERT INTO comment values('427', '52', 'mammoth-stocking@icloud.net','Ben ne fivogbu junontu omazub summa garwani po puceji banvazaj urfu heg ahdufaz kot.','Wed Aug 11 2117') ;
INSERT INTO comment values('428', '69', 'plausible-face@gmail.fr','Adhetu apli hogri ep wipoji bu abumicci cossop ro odoogi gijcod ras be ihojouh tiga evvivuja muuti.','Fri Apr 28 2079') ;
INSERT INTO comment values('429', '81', 'gray-pig@videotron.fr','Le tavuwe mocirzic ogpo en ju og iwzo ziidi dun pebku boumudu gahtin suonoki.','Thu Oct 31 2109') ;
INSERT INTO comment values('430', '45', 'max-harbor@gmail.uk','Aciid if fozil tazekal bobok nelte ivi hafulo alamonat rozba hibuna ruzu gelnannoz meosokas ahevut jene ko fig.','Sun Jun 23 2086') ;
INSERT INTO comment values('431', '117', 'thoughtless-respect@sympatico.fr','Kudegor foje ticvico gajo picriruz jiisiwot va bec fi in bokajozo matgu.','Wed Mar 28 2103') ;
INSERT INTO comment values('432', '54', 'aquatic-rainstorm@yahoo.fr','Ri besmoh bufcifol tab bormum haoz ampirak peguf iro aptuja za medih.','Wed Dec 06 2090') ;
INSERT INTO comment values('433', '96', 'haloed-reason@yahoo.us','Jijbih fanogcuk ev ote biz radhuwo favpoof dovjo er ucrug ti geliffaj jafna owekazat.','Mon Jul 11 2089') ;
INSERT INTO comment values('434', '47', 'romantic-match@yahoo.ca','Wewiske sijjuc kosfot wibhiir afnajsi pa jacew tovoriiz vumi ta hekusa vudtecvuf win uzoboz heigoola.','Sun Feb 24 2115') ;
INSERT INTO comment values('435', '72', 'greasy-ground@mac.co','Vo kugwa dazim tuhicaza pacna dagkawem vesoj merjeba fejef ajgozosi mal gu lono besuzbu fotepi jup jeesaco.','Fri Dec 14 2096') ;
INSERT INTO comment values('436', '107', 'sneaky-sense@yahoo.com','Bamsedo cargu jat nuflat ubi zin guknowwu uhewoh dugci jueca wotti logkod uvaawakol joso.','Fri Aug 14 2054') ;
INSERT INTO comment values('437', '111', 'spotted-deer@yahoo.io','Biv puz ullesup fejfif wooje buwu rar bewiol zif hokbul kol apmi depovhon.','Tue Oct 06 2054') ;
INSERT INTO comment values('438', '33', 'mammoth-stocking@icloud.net','Sah wimkizpu wugiscas gaztinon ubivor moknuwe jog kovsiveg voszeghah zijasro dup puganeer mot rifzed gol.','Sat Feb 28 2088') ;
INSERT INTO comment values('439', '96', 'gorgeous-sugar@sympatico.io','Wem ger le ruzebtuk enzo fa azeela siz pagfe vebluh row otahepef catojpi juhrorar ipewelpu fu.','Fri Apr 24 2048') ;
INSERT INTO comment values('440', '75', 'furtive-canvas@hotmail.com','Lotodsu oge her vawivo kugihpop piz mudhar zu wi vo sucanur atebejim nudzasi rah lodi nerwabrot avo ceirho.','Fri Aug 23 2030') ;
INSERT INTO comment values('441', '1', 'nauseating-song@sympatico.com','Cuvum ur fasi jivma po vesritwal wu ezi wulbigu fa buv maro fu wuv hil gozewpa soalife atiri.','Tue Jun 01 2094') ;
INSERT INTO comment values('442', '148', 'thoughtless-respect@sympatico.fr','Atu piwa wesjoso acvaw opogead hep focu lal eta tevrohpor eluuse tohnu rojag.','Mon Oct 06 2104') ;
INSERT INTO comment values('443', '81', 'elegant-butter@icloud.us','Pejizli gefaja ve mofoov digwoana nuwbouf za bugbov odowi ewueglu tofbakaji guwoznez.','Wed May 03 2028') ;
INSERT INTO comment values('444', '5', 'beefy-heat@hotmail.com','Ganele nu si pobumhu ocutifid huvuk vujige gicula fi ijrir mumaba itose iwpigew run dojkib iwciz ekvod jowpupuk.','Sun Jul 24 2112') ;
INSERT INTO comment values('445', '64', 'solid-back@sympatico.io','Ujizcis zovofuce ribfetmu butistug verez pu wuzda evcek ubaosde huubawak viv jem pocpog.','Sat Aug 15 2082') ;
INSERT INTO comment values('446', '75', 'redundant-laugh@sympatico.ca','Fe pavu zub ku napavi hebmo uju nus ohiwoti ufafogef kenlapaw vugucal.','Tue Jan 29 2036') ;
INSERT INTO comment values('447', '142', 'tense-door@me.co','Tubsu rimohzo hovu ig cijnifci ju ijihof te cetiju da wo kengegu veerec.','Mon Jun 27 2095') ;
INSERT INTO comment values('448', '11', 'melodic-fruit@hotmail.io','Nepifa etopusus zecmah gohi jas beh kov ik nudnongi roco jehu ebikanpo lilubgi kumah rus godam zasowvow.','Tue Feb 18 2076') ;
INSERT INTO comment values('449', '94', 'noted-creature@mac.uk','Luzo se gozrozab mowop ovi mu soki sohmikre uh muleka foj zi pelbof ku logekavuc okusid giknab ti.','Mon Nov 20 2102') ;
INSERT INTO comment values('450', '140', 'endurable-giants@yahoo.com','Kativ azo madon za zemcimju lesubwiv lijjare resik ejonogag bofupe facojaj duwgup.','Wed Oct 15 2070') ;
/* Script generated Thu Feb 23 2017 19:41:39 GMT-0500 (Eastern Standard Time)*/

INSERT INTO follows values('hurried-coal@icloud.io', 'primo-coast@sympatico.uk', 'Tue Jan 20 2071') ;
INSERT INTO follows values('giddy-cent@hotmail.ca', 'alluring-icicle@gmail.co', 'Wed May 14 2087') ;
INSERT INTO follows values('crowded-death@hotmail.net', 'mindless-wave@icloud.fr', 'Sun Aug 14 2067') ;
INSERT INTO follows values('daffy-angle@me.us', 'rampant-thunder@gmail.io', 'Wed Mar 06 2097') ;
INSERT INTO follows values('rotten-front@videotron.io', 'futuristic-frog@sympatico.co', 'Thu Apr 08 2021') ;
INSERT INTO follows values('devilish-coast@me.net', 'untidy-notebook@videotron.uk', 'Wed Jun 02 2049') ;
INSERT INTO follows values('scarce-rifle@icloud.ca', 'greasy-ground@mac.co', 'Tue Jul 20 2060') ;
INSERT INTO follows values('max-harbor@gmail.uk', 'holistic-club@mac.com', 'Sun Nov 21 2049') ;
INSERT INTO follows values('scarce-rifle@icloud.ca', 'sneaky-sense@yahoo.com', 'Thu Nov 06 2098') ;
INSERT INTO follows values('punchy-position@yahoo.com', 'elegant-butter@icloud.us', 'Thu Jan 02 2098') ;
INSERT INTO follows values('furtive-canvas@hotmail.com', 'greasy-ground@mac.co', 'Thu Sep 06 2040') ;
INSERT INTO follows values('spotted-deer@yahoo.io', 'harsh-porter@videotron.ca', 'Sat Mar 17 2018') ;
INSERT INTO follows values('thoughtless-respect@sympatico.fr', 'fast-bikes@gmail.fr', 'Fri Feb 25 2056') ;
INSERT INTO follows values('ludicrous-authority@videotron.fr', 'untidy-notebook@videotron.uk', 'Wed Feb 11 2054') ;
INSERT INTO follows values('amazing-yarn@mac.ca', 'hulking-rainstorm@gmail.co', 'Wed Nov 02 2101') ;
INSERT INTO follows values('possessive-noise@mac.us', 'fanatical-visitor@videotron.net', 'Thu Apr 25 2041') ;
INSERT INTO follows values('haloed-reason@yahoo.us', 'redundant-laugh@sympatico.ca', 'Mon Nov 19 2074') ;
INSERT INTO follows values('elegant-butter@icloud.us', 'different-step@gmail.net', 'Thu May 01 2036') ;
INSERT INTO follows values('different-step@gmail.net', 'devilish-coast@me.net', 'Sun May 29 2022') ;
INSERT INTO follows values('short-mailbox@gmail.uk', 'ossified-scarf@sympatico.co', 'Tue Dec 18 2091') ;
INSERT INTO follows values('cogent-weather@hotmail.us', 'jazzed-queen@gmail.fr', 'Fri Jun 22 2018') ;
INSERT INTO follows values('gray-pig@videotron.fr', 'cogent-weather@hotmail.us', 'Thu Oct 01 2105') ;
INSERT INTO follows values('vulgar-silk@mac.co', 'bent-argument@me.fr', 'Sat Jan 25 2048') ;
INSERT INTO follows values('dear-hands@mac.io', 'holistic-club@mac.com', 'Fri Nov 15 2069') ;
INSERT INTO follows values('maddening-basketball@yahoo.co', 'nauseating-song@sympatico.com', 'Thu Apr 10 2104') ;
INSERT INTO follows values('amazing-yarn@mac.ca', 'elegant-butter@icloud.us', 'Wed Mar 04 2071') ;
INSERT INTO follows values('perpetual-rabbits@videotron.com', 'tense-door@me.co', 'Wed Jul 16 2042') ;
INSERT INTO follows values('naughty-balance@mac.io', 'elfin-arithmetic@hotmail.com', 'Tue Dec 01 2043') ;
INSERT INTO follows values('lying-pencil@mac.io', 'elegant-butter@icloud.us', 'Wed Oct 20 2100') ;
INSERT INTO follows values('holistic-club@mac.com', 'short-mailbox@gmail.uk', 'Sun Mar 03 2075') ;
INSERT INTO follows values('perpetual-rabbits@videotron.com', 'noted-creature@mac.uk', 'Thu Jul 22 2088') ;
INSERT INTO follows values('maddening-basketball@yahoo.co', 'classy-girls@sympatico.us', 'Thu Mar 28 2109') ;
INSERT INTO follows values('sophisticated-dad@mac.fr', 'thoughtless-respect@sympatico.fr', 'Thu Aug 01 2030') ;
INSERT INTO follows values('elegant-butter@icloud.us', 'devilish-coast@me.net', 'Thu Jul 03 2110') ;
INSERT INTO follows values('ideal-guitar@sympatico.co', 'thriving-arm@yahoo.io', 'Fri May 22 2105') ;
INSERT INTO follows values('crowded-death@hotmail.net', 'hurried-coal@icloud.io', 'Sun Mar 09 2104') ;
INSERT INTO follows values('green-steam@me.net', 'scared-action@hotmail.ca', 'Fri Oct 10 2025') ;
INSERT INTO follows values('square-alarm@sympatico.ca', 'spiteful-sugar@videotron.io', 'Fri Oct 22 2021') ;
INSERT INTO follows values('fast-bikes@gmail.fr', 'secret-eyes@icloud.us', 'Thu Aug 06 2082') ;
INSERT INTO follows values('mindless-wave@icloud.fr', 'spiteful-sugar@videotron.io', 'Thu Aug 14 2059') ;
INSERT INTO follows values('endurable-giants@yahoo.com', 'aquatic-rainstorm@yahoo.fr', 'Thu Aug 21 2031') ;
INSERT INTO follows values('aspiring-bells@yahoo.io', 'jumbled-wash@yahoo.ca', 'Fri Aug 27 2106') ;
INSERT INTO follows values('hulking-rainstorm@gmail.co', 'sneaky-sense@yahoo.com', 'Sat Jun 08 2024') ;
INSERT INTO follows values('square-alarm@sympatico.ca', 'impossible-flag@me.co', 'Sat Feb 01 2020') ;
INSERT INTO follows values('nosy-wave@yahoo.uk', 'the-toothpaste@mac.io', 'Sun Sep 06 2076') ;
INSERT INTO follows values('melodic-fruit@hotmail.io', 'scarce-rifle@icloud.ca', 'Fri Mar 10 2090') ;
INSERT INTO follows values('haloed-reason@yahoo.us', 'brash-pin@hotmail.com', 'Tue Jan 14 2042') ;
INSERT INTO follows values('gnarly-number@mac.net', 'fast-bikes@gmail.fr', 'Mon Jun 04 2108') ;
INSERT INTO follows values('secret-eyes@icloud.us', 'eminent-dock@yahoo.io', 'Mon Feb 03 2116') ;
INSERT INTO follows values('thick-yard@sympatico.us', 'bent-argument@me.fr', 'Tue Feb 19 2086') ;
INSERT INTO follows values('jazzed-queen@gmail.fr', 'rotten-front@videotron.io', 'Wed Nov 17 2049') ;
INSERT INTO follows values('elegant-butter@icloud.us', 'daffy-angle@me.us', 'Sat Jul 07 2046') ;
INSERT INTO follows values('the-toothpaste@mac.io', 'tense-door@me.co', 'Tue Jun 17 2087') ;
INSERT INTO follows values('cogent-weather@hotmail.us', 'elastic-loss@gmail.com', 'Sun Jan 27 2092') ;
INSERT INTO follows values('ratty-representative@sympatico.com', 'repulsive-pail@videotron.net', 'Thu Feb 04 2021') ;
INSERT INTO follows values('thriving-arm@yahoo.io', 'elastic-loss@gmail.com', 'Thu Jun 30 2050') ;
INSERT INTO follows values('vulgar-silk@mac.co', 'thriving-arm@yahoo.io', 'Wed Nov 14 2040') ;
INSERT INTO follows values('sophisticated-dad@mac.fr', 'noted-creature@mac.uk', 'Fri Feb 06 2105') ;
INSERT INTO follows values('poised-giants@mac.co', 'alluring-icicle@gmail.co', 'Sat Oct 15 2067') ;
INSERT INTO follows values('possessive-noise@mac.us', 'aspiring-bells@yahoo.io', 'Wed Jan 06 2112') ;
INSERT INTO follows values('mammoth-stocking@icloud.net', 'gray-pig@videotron.fr', 'Sat Oct 03 2043') ;
INSERT INTO follows values('abstracted-note@icloud.us', 'devilish-coast@me.net', 'Sun Mar 30 2098') ;
INSERT INTO follows values('furtive-canvas@hotmail.com', 'bent-argument@me.fr', 'Tue Feb 25 2110') ;
INSERT INTO follows values('greasy-ground@mac.co', 'possessive-noise@mac.us', 'Mon Sep 20 2094') ;
INSERT INTO follows values('mindless-wave@icloud.fr', 'poised-giants@mac.co', 'Wed Aug 24 2112') ;
INSERT INTO follows values('tacky-driving@icloud.us', 'maddening-basketball@yahoo.co', 'Mon Oct 22 2085') ;
INSERT INTO follows values('spiteful-sugar@videotron.io', 'fast-bikes@gmail.fr', 'Sat Apr 23 2061') ;
INSERT INTO follows values('honest-suggestion@sympatico.uk', 'punchy-position@yahoo.com', 'Tue Feb 26 2086') ;
INSERT INTO follows values('spotted-deer@yahoo.io', 'mindless-wave@icloud.fr', 'Mon Sep 19 2067') ;
INSERT INTO follows values('daffy-angle@me.us', 'past-bulb@yahoo.co', 'Fri Feb 10 2062') ;
INSERT INTO follows values('tense-door@me.co', 'beefy-heat@hotmail.com', 'Thu Dec 01 2112') ;
INSERT INTO follows values('gnarly-number@mac.net', 'elastic-loss@gmail.com', 'Thu Sep 30 2094') ;
INSERT INTO follows values('gray-pig@videotron.fr', 'square-alarm@sympatico.ca', 'Thu May 04 2090') ;
INSERT INTO follows values('amazing-yarn@mac.ca', 'naughty-balance@mac.io', 'Sat Apr 12 2098') ;
INSERT INTO follows values('thick-yard@sympatico.us', 'short-mailbox@gmail.uk', 'Wed Mar 19 2087') ;
INSERT INTO follows values('elegant-butter@icloud.us', 'gray-pig@videotron.fr', 'Fri Nov 23 2114') ;
INSERT INTO follows values('ratty-representative@sympatico.com', 'punchy-position@yahoo.com', 'Thu Jun 02 2089') ;
INSERT INTO follows values('poised-giants@mac.co', 'beefy-heat@hotmail.com', 'Mon Nov 06 2084') ;
INSERT INTO follows values('fanatical-visitor@videotron.net', 'plausible-face@gmail.fr', 'Tue Nov 19 2086') ;
INSERT INTO follows values('bent-argument@me.fr', 'ossified-scarf@sympatico.co', 'Fri Oct 02 2099') ;
INSERT INTO follows values('elegant-butter@icloud.us', 'past-bulb@yahoo.co', 'Tue Feb 21 2051') ;
INSERT INTO follows values('eminent-dock@yahoo.io', 'punchy-position@yahoo.com', 'Tue Jul 12 2112') ;
INSERT INTO follows values('primo-coast@sympatico.uk', 'solid-back@sympatico.io', 'Thu Oct 21 2100') ;
INSERT INTO follows values('devilish-coast@me.net', 'elfin-arithmetic@hotmail.com', 'Fri Jan 16 2071') ;
INSERT INTO follows values('burly-pipe@videotron.us', 'chilly-grass@videotron.co', 'Wed Aug 15 2103') ;
INSERT INTO follows values('moaning-plant@gmail.fr', 'the-toothpaste@mac.io', 'Mon Nov 03 2042') ;
INSERT INTO follows values('violent-advertisement@yahoo.us', 'romantic-match@yahoo.ca', 'Tue May 18 2066') ;
INSERT INTO follows values('different-step@gmail.net', 'secret-eyes@icloud.us', 'Sun Sep 03 2056') ;
INSERT INTO follows values('haloed-reason@yahoo.us', 'short-mailbox@gmail.uk', 'Wed Jul 21 2083') ;
INSERT INTO follows values('honest-suggestion@sympatico.uk', 'fast-bikes@gmail.fr', 'Mon Feb 24 2025') ;
INSERT INTO follows values('violent-advertisement@yahoo.us', 'maddening-basketball@yahoo.co', 'Wed Jun 30 2088') ;
INSERT INTO follows values('rampant-thunder@gmail.io', 'fanatical-visitor@videotron.net', 'Sun May 10 2099') ;
INSERT INTO follows values('impossible-flag@me.co', 'max-harbor@gmail.uk', 'Wed Oct 03 2114') ;
INSERT INTO follows values('ossified-scarf@sympatico.co', 'max-harbor@gmail.uk', 'Wed Apr 25 2035') ;
INSERT INTO follows values('secret-eyes@icloud.us', 'naughty-balance@mac.io', 'Sat Oct 14 2079') ;
INSERT INTO follows values('giddy-cent@hotmail.ca', 'fanatical-visitor@videotron.net', 'Wed Aug 17 2078') ;
INSERT INTO follows values('sneaky-sense@yahoo.com', 'mundane-condition@gmail.us', 'Mon Feb 03 2081') ;
INSERT INTO follows values('thick-yard@sympatico.us', 'kaput-cook@sympatico.us', 'Thu Jun 30 2061') ;
INSERT INTO follows values('moaning-plant@gmail.fr', 'perpetual-rabbits@videotron.com', 'Mon Feb 01 2106') ;
INSERT INTO follows values('gorgeous-sugar@sympatico.io', 'obese-trousers@me.ca', 'Sat Jun 26 2077') ;
INSERT INTO follows values('dear-hands@mac.io', 'sneaky-sense@yahoo.com', 'Fri Sep 29 2084') ;
INSERT INTO follows values('past-bulb@yahoo.co', 'possessive-noise@mac.us', 'Wed Apr 24 2058') ;
INSERT INTO follows values('furtive-canvas@hotmail.com', 'fanatical-visitor@videotron.net', 'Sun Jul 01 2085') ;
INSERT INTO follows values('cogent-weather@hotmail.us', 'tense-door@me.co', 'Fri May 20 2095') ;
INSERT INTO follows values('different-step@gmail.net', 'elfin-arithmetic@hotmail.com', 'Thu Nov 21 2030') ;
INSERT INTO follows values('icky-crowd@mac.ca', 'ideal-guitar@sympatico.co', 'Thu Jan 10 2047') ;
INSERT INTO follows values('brash-pin@hotmail.com', 'untidy-notebook@videotron.uk', 'Mon Feb 24 2031') ;
INSERT INTO follows values('secret-eyes@icloud.us', 'impossible-flag@me.co', 'Mon Feb 21 2101') ;
INSERT INTO follows values('nosy-wave@yahoo.uk', 'melodic-fruit@hotmail.io', 'Thu May 04 2045') ;
INSERT INTO follows values('futuristic-frog@sympatico.co', 'brash-pin@hotmail.com', 'Tue May 13 2042') ;
INSERT INTO follows values('abstracted-note@icloud.us', 'mammoth-stocking@icloud.net', 'Sun Nov 29 2105') ;
INSERT INTO follows values('aquatic-rainstorm@yahoo.fr', 'moaning-plant@gmail.fr', 'Fri Dec 30 2072') ;
INSERT INTO follows values('ossified-scarf@sympatico.co', 'hushed-seashore@yahoo.uk', 'Thu Sep 05 2041') ;
INSERT INTO follows values('bent-argument@me.fr', 'moaning-plant@gmail.fr', 'Fri Jan 14 2101') ;
INSERT INTO follows values('sneaky-sense@yahoo.com', 'jumbled-wash@yahoo.ca', 'Mon Oct 28 2086') ;
INSERT INTO follows values('sneaky-sense@yahoo.com', 'dear-hands@mac.io', 'Mon Mar 09 2105') ;
INSERT INTO follows values('moaning-plant@gmail.fr', 'gorgeous-sugar@sympatico.io', 'Mon Jul 24 2028') ;
INSERT INTO follows values('snappy-sack@sympatico.fr', 'elegant-suggestion@hotmail.ca', 'Mon May 28 2108') ;
INSERT INTO follows values('utopian-beginner@sympatico.us', 'max-harbor@gmail.uk', 'Thu Mar 21 2047') ;
INSERT INTO follows values('poised-giants@mac.co', 'green-steam@me.net', 'Sat Jan 14 2108') ;
INSERT INTO follows values('past-bulb@yahoo.co', 'cloistered-chin@mac.uk', 'Fri Oct 14 2044') ;
INSERT INTO follows values('tense-door@me.co', 'jazzed-queen@gmail.fr', 'Tue Apr 26 2067') ;
INSERT INTO follows values('the-toothpaste@mac.io', 'perpetual-rabbits@videotron.com', 'Sun Jul 13 2042') ;
INSERT INTO follows values('haloed-reason@yahoo.us', 'ludicrous-authority@videotron.fr', 'Mon Nov 30 2026') ;
INSERT INTO follows values('burly-pipe@videotron.us', 'elegant-butter@icloud.us', 'Thu Aug 11 2089') ;
INSERT INTO follows values('daffy-angle@me.us', 'maddening-basketball@yahoo.co', 'Thu Feb 05 2060') ;
INSERT INTO follows values('secret-eyes@icloud.us', 'square-alarm@sympatico.ca', 'Sun Apr 18 2077') ;
INSERT INTO follows values('possessive-noise@mac.us', 'vulgar-silk@mac.co', 'Mon Mar 06 2090') ;
INSERT INTO follows values('punchy-position@yahoo.com', 'brash-pin@hotmail.com', 'Sat Oct 02 2106') ;
INSERT INTO follows values('haloed-reason@yahoo.us', 'ossified-scarf@sympatico.co', 'Sun Sep 12 2038') ;
INSERT INTO follows values('secret-eyes@icloud.us', 'honest-suggestion@sympatico.uk', 'Tue Jun 15 2032') ;
INSERT INTO follows values('maddening-basketball@yahoo.co', 'snappy-sack@sympatico.fr', 'Wed Dec 19 2074') ;
INSERT INTO follows values('chilly-grass@videotron.co', 'thriving-arm@yahoo.io', 'Fri Jun 13 2064') ;
INSERT INTO follows values('noted-creature@mac.uk', 'chilly-grass@videotron.co', 'Tue Oct 26 2049') ;
INSERT INTO follows values('furtive-canvas@hotmail.com', 'showy-clam@videotron.uk', 'Wed Aug 25 2060') ;
INSERT INTO follows values('burly-pipe@videotron.us', 'scared-action@hotmail.ca', 'Sun Dec 04 2033') ;
INSERT INTO follows values('fanatical-visitor@videotron.net', 'haloed-reason@yahoo.us', 'Sun Apr 05 2076') ;
INSERT INTO follows values('ratty-representative@sympatico.com', 'ludicrous-authority@videotron.fr', 'Thu Feb 02 2079') ;
INSERT INTO follows values('showy-clam@videotron.uk', 'jazzed-queen@gmail.fr', 'Tue Feb 05 2036') ;
INSERT INTO follows values('plausible-face@gmail.fr', 'nauseating-song@sympatico.com', 'Mon Aug 05 2024') ;
INSERT INTO follows values('hulking-rainstorm@gmail.co', 'spotted-deer@yahoo.io', 'Tue Mar 03 2065') ;
INSERT INTO follows values('crowded-death@hotmail.net', 'rotten-front@videotron.io', 'Wed Dec 13 2017') ;
INSERT INTO follows values('elegant-suggestion@hotmail.ca', 'tacky-driving@icloud.us', 'Wed Oct 05 2044') ;
INSERT INTO follows values('jazzed-queen@gmail.fr', 'five-vase@sympatico.com', 'Sun Feb 19 2040') ;
INSERT INTO follows values('green-steam@me.net', 'abstracted-note@icloud.us', 'Mon Jun 20 2061') ;
INSERT INTO follows values('tense-door@me.co', 'dear-hands@mac.io', 'Tue Nov 08 2095') ;
INSERT INTO follows values('max-harbor@gmail.uk', 'lying-pencil@mac.io', 'Sun Jan 11 2082') ;
INSERT INTO follows values('aspiring-bells@yahoo.io', 'obese-trousers@me.ca', 'Thu Oct 24 2041') ;
INSERT INTO follows values('nosy-wave@yahoo.uk', 'crowded-death@hotmail.net', 'Thu Oct 25 2114') ;
INSERT INTO follows values('holistic-club@mac.com', 'elastic-loss@gmail.com', 'Fri Mar 24 2079') ;
INSERT INTO follows values('impossible-flag@me.co', 'aquatic-rainstorm@yahoo.fr', 'Mon Aug 12 2109') ;
INSERT INTO follows values('thriving-arm@yahoo.io', 'maddening-basketball@yahoo.co', 'Tue Jul 02 2024') ;
INSERT INTO follows values('mammoth-stocking@icloud.net', 'repulsive-pail@videotron.net', 'Sun Jan 22 2108') ;
INSERT INTO follows values('kaput-cook@sympatico.us', 'endurable-giants@yahoo.com', 'Thu Oct 28 2060') ;
INSERT INTO follows values('mammoth-stocking@icloud.net', 'seemly-sneeze@sympatico.fr', 'Thu Feb 01 2085') ;
INSERT INTO follows values('abstracted-note@icloud.us', 'ludicrous-authority@videotron.fr', 'Sun Mar 17 2030') ;
INSERT INTO follows values('different-step@gmail.net', 'eminent-dock@yahoo.io', 'Mon Jan 23 2023') ;
INSERT INTO follows values('untidy-notebook@videotron.uk', 'different-step@gmail.net', 'Sat Sep 23 2051') ;
INSERT INTO follows values('five-vase@sympatico.com', 'square-alarm@sympatico.ca', 'Sun Mar 30 2053') ;
INSERT INTO follows values('seemly-sneeze@sympatico.fr', 'gray-pig@videotron.fr', 'Sun Jan 10 2112') ;
INSERT INTO follows values('jazzed-queen@gmail.fr', 'the-toothpaste@mac.io', 'Fri Oct 01 2088') ;
INSERT INTO follows values('beefy-heat@hotmail.com', 'furtive-canvas@hotmail.com', 'Sat Jul 07 2096') ;
INSERT INTO follows values('endurable-giants@yahoo.com', 'hushed-seashore@yahoo.uk', 'Mon Sep 24 2063') ;
INSERT INTO follows values('solid-back@sympatico.io', 'vulgar-silk@mac.co', 'Thu May 08 2036') ;
INSERT INTO follows values('five-vase@sympatico.com', 'obese-trousers@me.ca', 'Sat Apr 13 2075') ;
INSERT INTO follows values('punchy-position@yahoo.com', 'chilly-grass@videotron.co', 'Tue Aug 19 2059') ;
INSERT INTO follows values('jazzed-queen@gmail.fr', 'solid-back@sympatico.io', 'Tue Oct 16 2029') ;
INSERT INTO follows values('ossified-scarf@sympatico.co', 'hurried-coal@icloud.io', 'Sat Dec 28 2075') ;
INSERT INTO follows values('impossible-flag@me.co', 'tense-door@me.co', 'Sat Apr 09 2095') ;
INSERT INTO follows values('impossible-flag@me.co', 'tacky-driving@icloud.us', 'Sat Sep 19 2105') ;
INSERT INTO follows values('untidy-notebook@videotron.uk', 'tense-door@me.co', 'Tue Dec 05 2051') ;
INSERT INTO follows values('maddening-basketball@yahoo.co', 'abstracted-note@icloud.us', 'Sun Jun 08 2042') ;
INSERT INTO follows values('elfin-arithmetic@hotmail.com', 'short-mailbox@gmail.uk', 'Tue Feb 27 2063') ;
INSERT INTO follows values('short-mailbox@gmail.uk', 'scarce-rifle@icloud.ca', 'Tue May 27 2104') ;
INSERT INTO follows values('naughty-balance@mac.io', 'ideal-guitar@sympatico.co', 'Thu May 03 2114') ;
INSERT INTO follows values('haloed-reason@yahoo.us', 'melodic-fruit@hotmail.io', 'Tue Nov 14 2051') ;
INSERT INTO follows values('trashy-board@videotron.fr', 'gray-pig@videotron.fr', 'Sat Aug 22 2111') ;
INSERT INTO follows values('harsh-porter@videotron.ca', 'rotten-front@videotron.io', 'Wed Nov 05 2042') ;
INSERT INTO follows values('elegant-butter@icloud.us', 'trashy-board@videotron.fr', 'Fri Jan 08 2112') ;
INSERT INTO follows values('poised-giants@mac.co', 'hulking-rainstorm@gmail.co', 'Thu Feb 10 2056') ;
INSERT INTO follows values('spotted-deer@yahoo.io', 'classy-girls@sympatico.us', 'Thu Jan 17 2036') ;
INSERT INTO follows values('plausible-face@gmail.fr', 'secret-eyes@icloud.us', 'Fri Jul 21 2056') ;
INSERT INTO follows values('giddy-cent@hotmail.ca', 'nauseating-song@sympatico.com', 'Sat May 29 2117') ;
INSERT INTO follows values('seemly-sneeze@sympatico.fr', 'solid-back@sympatico.io', 'Wed Apr 08 2111') ;
INSERT INTO follows values('the-toothpaste@mac.io', 'giddy-cent@hotmail.ca', 'Thu Oct 07 2066') ;
INSERT INTO follows values('elfin-arithmetic@hotmail.com', 'elegant-suggestion@hotmail.ca', 'Sat Jun 05 2055') ;
INSERT INTO follows values('hulking-rainstorm@gmail.co', 'secret-eyes@icloud.us', 'Fri Jun 09 2113') ;
INSERT INTO follows values('bent-argument@me.fr', 'alluring-icicle@gmail.co', 'Wed Nov 12 2064') ;
INSERT INTO follows values('endurable-giants@yahoo.com', 'sophisticated-dad@mac.fr', 'Sat Aug 08 2048') ;
INSERT INTO follows values('bent-argument@me.fr', 'thriving-arm@yahoo.io', 'Thu Jun 03 2060') ;
INSERT INTO follows values('daffy-angle@me.us', 'jazzed-queen@gmail.fr', 'Thu Sep 06 2074') ;
INSERT INTO follows values('elegant-suggestion@hotmail.ca', 'gorgeous-sugar@sympatico.io', 'Wed Oct 25 2073') ;
INSERT INTO follows values('short-mailbox@gmail.uk', 'spiteful-sugar@videotron.io', 'Sat Jan 29 2084') ;
INSERT INTO follows values('cloistered-chin@mac.uk', 'endurable-giants@yahoo.com', 'Sat Dec 22 2068') ;
INSERT INTO follows values('cogent-weather@hotmail.us', 'nosy-wave@yahoo.uk', 'Fri Feb 17 2068') ;
INSERT INTO follows values('rotten-front@videotron.io', 'plausible-face@gmail.fr', 'Wed Feb 01 2045') ;
INSERT INTO follows values('scared-action@hotmail.ca', 'spotted-deer@yahoo.io', 'Sun Jan 22 2102') ;
INSERT INTO follows values('daffy-angle@me.us', 'bent-argument@me.fr', 'Sun Nov 21 2094') ;
INSERT INTO follows values('endurable-giants@yahoo.com', 'haloed-reason@yahoo.us', 'Wed Dec 26 2108') ;
INSERT INTO follows values('obese-trousers@me.ca', 'thoughtless-respect@sympatico.fr', 'Fri Mar 27 2026') ;
/* Script generated Thu Feb 23 2017 19:41:39 GMT-0500 (Eastern Standard Time)*/

INSERT INTO message values('1' ,'haloed-reason@yahoo.us', '10','Mon Jun 08 2026','Poepurot rafkauhi fuuz jiufi rav olilocun nicfowa juw usatad cuwonu ecusodkic bojjer osoceku bob.') ;
INSERT INTO message values('2' ,'abstracted-note@icloud.us', '13','Thu Jan 15 2026','Tasukiwo ohuze bufi kagzuv obawonos pemfiaz idhale wijba kajreg ahu runapak cuz manap jeziwi.') ;
INSERT INTO message values('3' ,'giddy-cent@hotmail.ca', '21','Fri Sep 05 2081','Du buwugub cizcarac watojbif miktimec pomwuw ez dokuj bad zihbin cohurrok zez peh kerre lulaete nok kuowo.') ;
INSERT INTO message values('4' ,'naughty-balance@mac.io', '45','Sun Apr 24 2078','Mafuv ineic mompacse unlet id gadotra jetlu ridi ju jus vo ledap diweglu dac no keal lejas.') ;
INSERT INTO message values('5' ,'furtive-canvas@hotmail.com', '36','Fri Apr 09 2100','Nur gokuen zaeniruv ji itoborhaj vekavu ok bi vamoruma zihkamzev fopu viwjugka zawa isfupi.') ;
INSERT INTO message values('6' ,'thick-yard@sympatico.us', '46','Wed Jan 07 2054','Te ijotoce fapamki wojokdit leuk deleto ijfeh colikri vof lize muzruem uhluw amo.') ;
INSERT INTO message values('7' ,'gray-pig@videotron.fr', '34','Sun Jan 29 2034','Kew toj effinli ditke virkazeze funi ugubik la lewuljo gokge ko vadojpo nepceome ugoud lamuv bokaner kulidol ohesa.') ;
INSERT INTO message values('8' ,'haloed-reason@yahoo.us', '31','Wed Dec 01 2021','Ijijimek co ko egimave tevimmo ivoba tathon cirwew abobumon irizo ekzef cuzuke.') ;
INSERT INTO message values('9' ,'the-toothpaste@mac.io', '4','Tue Apr 24 2046','Edi lenoceec buog ek iwobi togil if veha cac amdofgot ta ziv somennu gakokiro etwud ke.') ;
INSERT INTO message values('10' ,'crowded-death@hotmail.net', '10','Wed Feb 13 2109','Emi wicbiv biihikid rulcemca oduhe nogmo zedodoso ir wamnod ge diopdac cemeb ef becjej seju wetem kodirac.') ;
INSERT INTO message values('11' ,'moaning-plant@gmail.fr', '14','Mon Sep 13 2032','Mehelohe ko rin depica sefbasud cu zazbaope ijuogikur mowviho imiime suksenru bajbem we sekup ijaedu tib giacili pasfe.') ;
INSERT INTO message values('12' ,'repulsive-pail@videotron.net', '33','Mon Nov 29 2021','Buvago sic benewi dudi levfo awek mecuszi curil dali jeh wu mo ir lupcu kirjavme gol si we.') ;
INSERT INTO message values('13' ,'abstracted-note@icloud.us', '45','Sun Aug 16 2020','Pel lu toghes zer arkuk lihonob abutone kugkimrin to how pe fuvfapsih am sapilca.') ;
INSERT INTO message values('14' ,'haloed-reason@yahoo.us', '6','Thu Feb 16 2096','Hilorluh loug vohaum cufar zeb te lo nidmonci uwofarow ok jadila nemu ozzij.') ;
INSERT INTO message values('15' ,'showy-clam@videotron.uk', '31','Thu Aug 25 2078','Ocu zobpejel jifobkil obam en wel kimer loh zodo rimujdih jijhav unewalju.') ;
INSERT INTO message values('16' ,'ludicrous-authority@videotron.fr', '40','Wed Apr 07 2027','Pec si ganicin nobnib veco uvu sil hahacjut arepemu lad lakvevsa so izikol olerebgez pirpupva azaibku ib.') ;
INSERT INTO message values('17' ,'possessive-noise@mac.us', '12','Thu Mar 31 2072','Wigfah rujaw it litpe azupu wif wahlo nondas ohidove uluobraz herbapdi vajotsoz.') ;
INSERT INTO message values('18' ,'futuristic-frog@sympatico.co', '8','Tue Oct 24 2017','Judikoh gom foevo upuboru pekmoecu jol miwupa acedag peevole hoshum mipgob bu loh afete kuros topwonvev.') ;
INSERT INTO message values('19' ,'eminent-dock@yahoo.io', '18','Fri Jun 06 2059','Eti bewlogjat ri zajogi elmun ezrin haah mitucag cufuge so kipoga do mum nu.') ;
INSERT INTO message values('20' ,'moaning-plant@gmail.fr', '14','Tue Aug 06 2047','Goalo ta zug bideh mojna sose cuzvate faji golu gu dor weanenag how sibca.') ;
INSERT INTO message values('21' ,'hulking-rainstorm@gmail.co', '16','Sat Oct 30 2032','Ca gib ukaupjom vopgom deake piccaebi tebadlu tid husil ikto mum vacuzot woepu pekobze silizsa.') ;
INSERT INTO message values('22' ,'impossible-flag@me.co', '12','Sat Dec 30 2079','Huajo we vec nusuos guj lora lukji of tabhac ditfowor zuggoguc tik kefojlo zahzowpib hajugnek ro.') ;
INSERT INTO message values('23' ,'brash-pin@hotmail.com', '36','Sat Sep 21 2115','Zezpi hi zogcu jir papow zul gi dasubweb za iki izovebe ki ofu catzipas.') ;
INSERT INTO message values('24' ,'aquatic-rainstorm@yahoo.fr', '7','Fri Mar 29 2041','Wukur oz muhdi awmesik va ufe ekebopa ezuji gehom mubog efwehez jedet ejfubud kael fi emu.') ;
INSERT INTO message values('25' ,'mindless-wave@icloud.fr', '40','Tue Aug 20 2024','Lu ocu bep eso lumbe zun up gelhihel kobgif edim eni testi fouf otlirse di bemiz hedadaco.') ;
INSERT INTO message values('26' ,'dear-hands@mac.io', '31','Wed Dec 17 2110','Fair ohebufih fovisi mepugju rik nigseraj mewba lu inuvob tu neboj efhifko wuzahu jumlic gedkizi id bir.') ;
INSERT INTO message values('27' ,'seemly-sneeze@sympatico.fr', '16','Sun Oct 31 2032','Rapumpo pav joktul kenbudeh zu luwekweh bafolo wovu hur nocajo silbawap giz ze uzpew fej.') ;
INSERT INTO message values('28' ,'greasy-ground@mac.co', '46','Sat Jul 21 2029','Nu lu bevakjan eliwupez cu kolekwo usubu suvob kowgi hagjozha late zew kog tatgam.') ;
INSERT INTO message values('29' ,'moaning-plant@gmail.fr', '39','Mon Jun 20 2044','Dakahudi kopa laj ir akdaatu fusrejab nufo wampejor metakfik dipa vosi efizaz.') ;
INSERT INTO message values('30' ,'poised-giants@mac.co', '19','Fri Sep 03 2094','Felju tute hasib coswi tun nuhluva za wi kupke wezalref kewsiihi hol tuz uce nagegka ji vahzub joffos.') ;
INSERT INTO message values('31' ,'solid-back@sympatico.io', '49','Sat Dec 26 2026','Iseuboja hihjer od hesle mokhe malokko hubi mizit jupkapus pauva loufa ticrum ihacu ri.') ;
INSERT INTO message values('32' ,'giddy-cent@hotmail.ca', '21','Sat Jan 11 2070','Sa wiruj ibobuko ger puniwtuf saknoter lek nemkud kez wib vucuc nul.') ;
INSERT INTO message values('33' ,'trashy-board@videotron.fr', '46','Wed Jun 14 2090','Vehoni kap gebejzac liatota azu daufe omadan ga kit wipisup coko rekot sipa.') ;
INSERT INTO message values('34' ,'eminent-dock@yahoo.io', '18','Thu Jun 28 2046','Life roediup suda vezta kad vi der sa hihlijcem todif muvusgal efugu.') ;
INSERT INTO message values('35' ,'primo-coast@sympatico.uk', '50','Thu Feb 18 2049','Vow deif go juw umeurasin nafulif fotcus azcivat ubuja fiugo het ba.') ;
INSERT INTO message values('36' ,'ludicrous-authority@videotron.fr', '31','Thu Feb 24 2101','Um wij lecan ugetaj zubva enoajuemo veca vovtiaro af lipvabdef lobak uw zoh osdo.') ;
INSERT INTO message values('37' ,'haloed-reason@yahoo.us', '31','Fri Aug 12 2107','Vaneche rotu zas migifa po dis cufun ajeorapa lu ukaeta uhiopbon ole.') ;
INSERT INTO message values('38' ,'poised-giants@mac.co', '19','Sun Jan 11 2082','Vu diku cubpev paputa ne hedubsi fetoroj hacgis fusfegru herki ewu bab muzatcu kuwhehol vok.') ;
INSERT INTO message values('39' ,'haloed-reason@yahoo.us', '31','Mon Oct 28 2115','Al ludhozmiz mij reku giknumuha oziwewazi kamlu tu ekulum huwa iniuh dafa he nifo cogiku eke ugion adikaeci.') ;
INSERT INTO message values('40' ,'elastic-loss@gmail.com', '16','Thu Jun 23 2039','Elu huharu muja gifaspuj awi la wev isogojac onmekkot garifeco piar netunuko zetrab pu iw hiv ga fihtokib.') ;
INSERT INTO message values('41' ,'scarce-rifle@icloud.ca', '16','Sat Jun 27 2043','Pehiid ecagi bujiseh fuipo to suswud bo hirab dauna bu zopnomacu wupu.') ;
INSERT INTO message values('42' ,'possessive-noise@mac.us', '12','Sun Sep 23 2068','Mi la ohokaf umabobi aparar fum bufe tumiwafa pufeseidi ra gasdof ko besfambo.') ;
INSERT INTO message values('43' ,'secret-eyes@icloud.us', '9','Sat May 29 2055','Lusutzos vo nogagumu viku likasla cacaco kolga jelilup uv moku daw pamfac ehi.') ;
INSERT INTO message values('44' ,'endurable-giants@yahoo.com', '30','Fri Dec 18 2105','Modwik molwodhed lavu walbu bavipap woltip nuteto ken hes difmihra ererov po fikid.') ;
INSERT INTO message values('45' ,'obese-trousers@me.ca', '18','Fri Jun 01 2035','Cecuwi cec kizfiflom letce ufe kumep tentezma has fivaj betubad led pehfiuze jev igimu.') ;
INSERT INTO message values('46' ,'crowded-death@hotmail.net', '10','Mon Sep 04 2073','Biguvtuz ciznafud lifdarmog upuigool hado pan gofijo gufi roh huanad ligni hi lultuze gacasut intuko.') ;
INSERT INTO message values('47' ,'jazzed-queen@gmail.fr', '41','Tue Jan 03 2051','Senlep bogip araroc cituzjo roozevi orrih enef memnef cew piod ri zuc but ge meta jicsuha.') ;
INSERT INTO message values('48' ,'beefy-heat@hotmail.com', '8','Wed Aug 11 2038','Ruvgutji ti ovnom ufuamu belpocag mez oga zob suvaj sozif aksul fuf pewutioso ajpanef micvil gec.') ;
INSERT INTO message values('49' ,'solid-back@sympatico.io', '20','Thu Nov 20 2042','Ji ze ofibetker geokur gu kezfencop vuosu sif wow nuj riildef he derzof talkif daseafu uwoanal vu avminah.') ;
INSERT INTO message values('50' ,'showy-clam@videotron.uk', '22','Thu Jul 11 2109','Uzo ligobfe pav ditibi bas radevos unotijfuv zeceko ho limure ramuner futuvacoj.') ;
INSERT INTO message values('51' ,'solid-back@sympatico.io', '49','Mon Aug 24 2076','Hawhasef elo do di virwaej umawe uviha usu vejtese oto sit haadisuk luibsa dehun jes am gihhomiv.') ;
INSERT INTO message values('52' ,'spotted-deer@yahoo.io', '20','Wed Mar 07 2018','Ga uviudmu miniz de du wicic fewi izo kuttowtu wuajowoc kime ujjudlic okigoji vo.') ;
INSERT INTO message values('53' ,'max-harbor@gmail.uk', '10','Sat Apr 25 2071','Ga kuvapzeg cimofnu juwovi siera itakudo fororne dupvilzem elu vo mecahjeg diamioni ulnizla rubaram du fouwo ki gaapo.') ;
INSERT INTO message values('54' ,'untidy-notebook@videotron.uk', '4','Mon Jun 10 2019','Ze ba do comape tuda fuj husobnuk atru lohoces nudpuv pup ejasi lelosaje oduibeki buedegut felkamu re naowilef.') ;
INSERT INTO message values('55' ,'possessive-noise@mac.us', '12','Sat Dec 01 2103','Jarez ceocuak leb upuga cegaw oggahe li putpof tetora bu sutzo rok hobkazli empekluk or.') ;
INSERT INTO message values('56' ,'abstracted-note@icloud.us', '45','Mon Sep 02 2097','Semij dihnivpu cafzossed ninuda rojkuul lecezfab wigifel cofbaofu iba kul fopo icebozes.') ;
INSERT INTO message values('57' ,'trashy-board@videotron.fr', '46','Sun Aug 22 2032','Min je el ilovosa ukeoka hihni galsiide upozadi datanale ivo rarumfat dutro simuro fana hezugem diw.') ;
INSERT INTO message values('58' ,'futuristic-frog@sympatico.co', '8','Sun Oct 29 2045','Eb ateodgo get ulate nuwazut jilvo sah mut jinuhhow pujig istos bog abevole paj so kidub fo fon.') ;
INSERT INTO message values('59' ,'hushed-seashore@yahoo.uk', '29','Tue Dec 01 2105','Oducez duc duvvik ej ogigebi rujsas cemdidego ridipi wib nimtuce tegzis avdow juwuin nud.') ;
INSERT INTO message values('60' ,'moaning-plant@gmail.fr', '14','Tue Apr 19 2072','Ogimoz ripjiara dajiv obbeki cahvuk odu ra lah tekop afe deg kawlif.') ;
INSERT INTO message values('61' ,'maddening-basketball@yahoo.co', '11','Sat Jul 09 2072','Onibi karaoz pevikec epakco ze poz kif ve pozrivoj jak zouldu do birgaefu jurub.') ;
INSERT INTO message values('62' ,'scarce-rifle@icloud.ca', '50','Wed Jun 18 2104','Lu otukowa uv juf iffos zo fehdib gac zo cit faam ru woluh ipwi dik.') ;
INSERT INTO message values('63' ,'abstracted-note@icloud.us', '19','Tue Oct 03 2073','Tafakvan iptalkun sejli jiwul omo ci rejturi cuf lani umlup zumupte zegmitme ebpuvjek.') ;
INSERT INTO message values('64' ,'max-harbor@gmail.uk', '2','Sun Oct 31 2100','Jigudano dusegasi fahe java sag jepgewlu pew morari pasawed ob govora zo er be.') ;
INSERT INTO message values('65' ,'aquatic-rainstorm@yahoo.fr', '7','Sat Aug 31 2052','Efi guob arzobig hiamicoj imosijeh fej gotedle cefmo ah no recba dacobe fofi eni tewsob.') ;
INSERT INTO message values('66' ,'primo-coast@sympatico.uk', '25','Fri Jul 28 2034','Bol emorup usleb hul jimbis rolrawzez tuhiwo oreraucu udimaad nomgiup fe funebuc wamlivheg dusig zokalge ulba sidewan.') ;
INSERT INTO message values('67' ,'icky-crowd@mac.ca', '47','Wed Mar 31 2066','Pabi wore heclobba kaet ja dahzos nilukfe ijlol mi zilweaj rezbojros tecerur bupuli.') ;
INSERT INTO message values('68' ,'mindless-wave@icloud.fr', '50','Thu Jan 15 2071','Hiv ga ji cibeba uditu nu nibiclul emi lek udod kesuti tamho cob.') ;
INSERT INTO message values('69' ,'moaning-plant@gmail.fr', '47','Sun Jun 08 2092','Bosavac wadic tidivbu jivluem ulmook nivodwe cubhen japojvah zav fedegu cin awujlu sacro ra.') ;
INSERT INTO message values('70' ,'hushed-seashore@yahoo.uk', '1','Tue Mar 25 2064','Ufzaiz fewpedam vazagoko owgise ca mojuju do ubbis egarudo boeztuz foh bup.') ;
INSERT INTO message values('71' ,'melodic-fruit@hotmail.io', '37','Fri Jul 08 2078','Vuzahja cez doulkop seh vusbalje cubotupem jov guhaf diadeegu le pa rahsisjod oliwe nofjonvuw.') ;
INSERT INTO message values('72' ,'eminent-dock@yahoo.io', '14','Fri Dec 04 2093','Du go adu uzo nuwvajo mupsom joloate hidtusbi rihreni ekiwab wobecus jikzus.') ;
INSERT INTO message values('73' ,'showy-clam@videotron.uk', '31','Sun Mar 11 2057','Fik gid jujom fo zodicoc sopte movwas nihiv ka ul kerguzof fenromuf.') ;
INSERT INTO message values('74' ,'showy-clam@videotron.uk', '31','Mon Feb 06 2079','Sad zita eniziwni ovnu gecfassu uzi raka rorir iciij nedfud ro nog jecku zudokeru kirofohu gabraze oc narige.') ;
INSERT INTO message values('75' ,'maddening-basketball@yahoo.co', '11','Sun Sep 05 2038','Jogerno tehgu vavub zatretwi veihte ris ko nawzegtu beblu udihuwo gurifcog lagnajzu fe kabza sum noteg tohaguw zu.') ;
INSERT INTO message values('76' ,'haloed-reason@yahoo.us', '31','Mon Nov 28 2089','Kitewpu tozulki fanfiksot bo ohogogno tej acugafu ejimamiwe to caf kov lorso avosersa tuvir fetevpa.') ;
INSERT INTO message values('77' ,'moaning-plant@gmail.fr', '47','Tue Oct 29 2019','Tevocekaj uf letofi keketga now awupo ruidren tenaho fervi bub nuh rihu fecedar utco pulapale vouzoule.') ;
INSERT INTO message values('78' ,'dear-hands@mac.io', '27','Fri Jan 10 2042','Pakam jujaruni wucbo mocfa cikopeco ozun mom casozi fa ketrehsu te anfiiva sa vipcif.') ;
INSERT INTO message values('79' ,'scared-action@hotmail.ca', '15','Mon May 06 2086','Wajil ge cigidet migpoole tuufowen gadjutize jitapaje lenuebe pup kapzi jontesrec je goutivuw awnan le em eweka pemnoleze.') ;
INSERT INTO message values('80' ,'utopian-beginner@sympatico.us', '9','Fri Feb 15 2069','Sow imuulhel ubti rive ta efimeke uj misuh nej abo bev fed man fafojli gineso om.') ;
INSERT INTO message values('81' ,'giddy-cent@hotmail.ca', '21','Thu Jan 31 2097','Nohisa le udwar vukabacef ceru uvmew rispioz umzacdo daepo evzim asahoran tivo wolvopcu oc okuojpo ufiaciiwa.') ;
INSERT INTO message values('82' ,'fanatical-visitor@videotron.net', '11','Tue Jun 28 2101','Ravasihi sic orep eklipa lekdib li joncub fit sozbu gi calisat gewwegram.') ;
INSERT INTO message values('83' ,'impossible-flag@me.co', '10','Sun Nov 14 2094','We lil gep oskemrud ba keppe abamoga erune vimip vi etbus mul ebaetmug meruzul huace ibzillir.') ;
INSERT INTO message values('84' ,'perpetual-rabbits@videotron.com', '45','Fri Aug 08 2081','Kas bugo puf vuotmup udi ewa ho douture kusvujhu ca mo hirwa ahizosgu jivaleti.') ;
INSERT INTO message values('85' ,'thick-yard@sympatico.us', '46','Wed Mar 23 2039','Pevumgu uhwo mo tolfueko nawotzuc japu ri tu sek vithali pu fohliehu.') ;
INSERT INTO message values('86' ,'showy-clam@videotron.uk', '22','Fri Feb 04 2061','Uzdez rusatar itumpec hon opalir jauzire tu lidwuzo vuh luizikuc howad wet addira bejemuz ba se dovnifi.') ;
INSERT INTO message values('87' ,'mindless-wave@icloud.fr', '50','Sat Nov 04 2113','Ho cirpug ugamad gaju vit zigvilso darpi wicto ori zouk enoko esi eba mupka suvumod zijvajid dunussu eduzihpe.') ;
INSERT INTO message values('88' ,'tacky-driving@icloud.us', '33','Mon Mar 20 2102','Senpolsa melfudalo opita iwku upuvipum sekgefhu gopomsof nonojhac dadgagzon imkufka ritpuupi riis olacase dookedo ciz mom de.') ;
INSERT INTO message values('89' ,'repulsive-pail@videotron.net', '49','Mon Mar 23 2076','Ikuwtut niput ho ba gaagamor peni ka rur ki rata fagse ha wiar de urzioh.') ;
INSERT INTO message values('90' ,'sneaky-sense@yahoo.com', '14','Mon May 12 2092','Moboji sagokerem fepizu mubzi udefe jahlaler degnowufi lizaji ep baref veztijnef vufhi pakajib vudlowol viles cacusat tipbicbiz dan.') ;
INSERT INTO message values('91' ,'gorgeous-sugar@sympatico.io', '24','Wed Jul 11 2114','Aperun zewaf pusadek ecguat waksih racmi cum lu za fufsi pebud naab zer ohi naka.') ;
INSERT INTO message values('92' ,'repulsive-pail@videotron.net', '49','Tue Feb 07 2034','Du wab gupomipu covsikuz inga efojovji hajgori atutafu izunogo femafal ni un weru obuvawun izuno guj moos ci.') ;
INSERT INTO message values('93' ,'elastic-loss@gmail.com', '16','Sun May 22 2078','Al fumodiw pacun cajewe farrum buj baigubid wikzaj rid wo mo matoc piltu dukacmer fiumfa kuvajpi.') ;
INSERT INTO message values('94' ,'crowded-death@hotmail.net', '10','Sat Dec 28 2075','Ujzegluw dig vepuje gupemne zog lulepe guwta jadelu ro wuf ufomo zuz jewhiz.') ;
INSERT INTO message values('95' ,'hulking-rainstorm@gmail.co', '15','Wed Nov 22 2045','Fapeva nabegta as irizas caz ril eba luciw wufifse tavetu norfeh ud va.') ;
INSERT INTO message values('96' ,'burly-pipe@videotron.us', '3','Mon Dec 28 2093','Nafe vo honupno ta ewusa giwatiz ka sevduzow zah cevmaf litsez tetugcog awu.') ;
INSERT INTO message values('97' ,'mindless-wave@icloud.fr', '50','Sat Feb 26 2039','Vavcu huc nak rawuhi namkoik vevepi luf suno fatmur redpat sohze riho vemzav wubjiwup.') ;
INSERT INTO message values('98' ,'naughty-balance@mac.io', '45','Wed Jul 19 2079','Febefbe laz muckuro ti ka uhevewik zizvafnaj eta nur tapci hibeitu geiwo ta zeeju vid.') ;
INSERT INTO message values('99' ,'harsh-porter@videotron.ca', '49','Thu Jun 25 2076','Pecike haksos ep ja ekige udi fimah oki utidol opam elogis wundokat.') ;
INSERT INTO message values('100' ,'bent-argument@me.fr', '1','Mon Dec 25 2045','Cuhufur dizonuvo ziconufu su le dipciwto fojej pudhesas ba niuma cef osahow muh ju dilirlu jewu.') ;
INSERT INTO message values('101' ,'ratty-representative@sympatico.com', '30','Wed May 22 2019','Tuztog zos zi lic murinpe ri nezlaf voka wisobmi vekusuvi enakut posewa ge haknofcif esmu joemuge muntud.') ;
INSERT INTO message values('102' ,'showy-clam@videotron.uk', '8','Tue Apr 09 2109','Vav uwu wucacfa rirahgi hifdum higissi vo lejav mornipmis gedrof koujaabu himduno iwiduca attabes vobopaj ze fagifuj.') ;
INSERT INTO message values('103' ,'cogent-weather@hotmail.us', '18','Sun May 11 2104','Taz todnul kubas zofjo ki irsuh an dab wevejlor kit ameredipe izesis ruri buj.') ;
INSERT INTO message values('104' ,'solid-back@sympatico.io', '49','Tue Jul 20 2060','Sica tizfanfo roufoov wi re evogovbi zuullit nidiruda suhosut jabo jiul fulafane waco utozies ba ritnen tuzocpe.') ;
INSERT INTO message values('105' ,'dear-hands@mac.io', '27','Tue Apr 04 2023','Zutcubab ur ukfilu efofag es ketvel giptijpol zone gu mojjuher cehic enmiwov.') ;
INSERT INTO message values('106' ,'gorgeous-sugar@sympatico.io', '19','Sat Jan 01 2056','Woti ceus uworapwi edu bepo cule merob lamuz hefwaule kolasfam satem bufugel labzoku tilruk oho.') ;
INSERT INTO message values('107' ,'ludicrous-authority@videotron.fr', '40','Sat May 09 2048','Vodutja hugani deolfe ma ipevoh aso gi hemodcit idvu zitiveh revewim cecot.') ;
INSERT INTO message values('108' ,'giddy-cent@hotmail.ca', '36','Mon Jul 04 2022','To sal upuza jesnu varsijun nej je fih kadawef se wu volcetuge urfikda poftin ogiza ujivonzem kahogah eviurnok.') ;
INSERT INTO message values('109' ,'moaning-plant@gmail.fr', '39','Sun Sep 23 2103','Iv kebah guibadiz wokfu fina evluado gu deru tam tu vihulu tikle tintirset.') ;
INSERT INTO message values('110' ,'abstracted-note@icloud.us', '13','Sat Oct 16 2049','Nohe givav vo dudod darogan egaf iwsa erdifguj attaije fenisaw teb goc ofuvzuh ubkub.') ;
INSERT INTO message values('111' ,'utopian-beginner@sympatico.us', '9','Mon Jan 21 2115','Uguzi koges cigpa kizre saclikveb dij obaweddu amega sum ve jotudaf fulgi.') ;
INSERT INTO message values('112' ,'rampant-thunder@gmail.io', '25','Mon Jul 10 2028','Opifuhec fo udled divfipek elewofmi ohpim pabuk gilowpi tu tecduwnej sure bul rudzobda zukuosa.') ;
INSERT INTO message values('113' ,'abstracted-note@icloud.us', '45','Sun Feb 04 2035','Saole je vocsa bezata bepsa mubris fo zula gebi upba ram tabav ve veli pivhovmuk.') ;
INSERT INTO message values('114' ,'icky-crowd@mac.ca', '11','Wed Sep 02 2037','Wa kalunvi cijdi haf megaf ukro keh kenaci hotih wope noklocru iwo tuhedo ravkas.') ;
INSERT INTO message values('115' ,'untidy-notebook@videotron.uk', '14','Mon Jun 11 2091','Uvbec dacra vernupo hajul wailras ro luhbi favkita uwavidce onaciswon efatu jofsam zivo sasu dibalo.') ;
INSERT INTO message values('116' ,'hushed-seashore@yahoo.uk', '1','Wed Feb 19 2110','Fo avzam potnan kedgir rocli apilar nisfojnod algatkom gijinu daerbo hi vu ummo devo ke ev.') ;
INSERT INTO message values('117' ,'icky-crowd@mac.ca', '6','Wed Jul 31 2075','Live neldojul kiragjo fep etfej bikimobu ijasosuk kopjofar cuhimor betijpa paref le.') ;
INSERT INTO message values('118' ,'holistic-club@mac.com', '5','Sun Dec 13 2048','Tepi vonroepe vanpih bewwej hapu fudomdij fog li raz tupujib til en jazamu josez nubez humde vod kipew.') ;
INSERT INTO message values('119' ,'eminent-dock@yahoo.io', '29','Fri Dec 05 2053','Wigiuji ifeziv mesdub bece lalip ere oc baobavem femvek abema bujodevog akugafeze vavi epadam pejecofef lo.') ;
INSERT INTO message values('120' ,'solid-back@sympatico.io', '20','Thu Jun 09 2061','Ru oconibi fa eh gupebas wo werec wej se ilba duum jigkug ersac ge.') ;
INSERT INTO message values('121' ,'haloed-reason@yahoo.us', '10','Mon Oct 14 2097','Hutrig alis efatotos rig muk jobroz dof babbe fakca akkudewu ukonewco necwaja sulaf uv go.') ;
INSERT INTO message values('122' ,'max-harbor@gmail.uk', '2','Thu Mar 27 2036','Sien es daef cojapros ku cisahrif hu zekcosu ficluvvan digoze orha vohatruc roc hufji.') ;
INSERT INTO message values('123' ,'scarce-rifle@icloud.ca', '10','Sun Mar 04 2096','Bohej es hi hom opeje fag sev abaahako kezoppu gebe tej lofic semo.') ;
INSERT INTO message values('124' ,'hulking-rainstorm@gmail.co', '1','Wed Dec 28 2095','Ewpi deje der zemwucog sa la fu selfok gasedpi tat wocosvac cob ew gaceb.') ;
INSERT INTO message values('125' ,'giddy-cent@hotmail.ca', '21','Fri Jun 17 2112','Atvihij kudpiv zihcu otiugedav hochusbu huhu copom puremuce kurezu zut horupoba utawre otu tikejvaw zugapolo cutmebma.') ;
INSERT INTO message values('126' ,'brash-pin@hotmail.com', '42','Tue Dec 25 2057','Cusam ri nijehrif juwobkes kaucowot ewcegpet gi caw adba pe ejoswo alewe pu isu cisibmuz.') ;
INSERT INTO message values('127' ,'greasy-ground@mac.co', '46','Wed Jun 23 2106','Bive viri tekre ren ta omapalab saudsef napav ezu pe sife petvo vuwan.') ;
INSERT INTO message values('128' ,'hulking-rainstorm@gmail.co', '1','Thu Jun 30 2112','Rav wogovmo pa kerifgek sabvic kegipman dieh juaw iruaco avco apiuw rawatlir dopecje owu iburigo mi.') ;
INSERT INTO message values('129' ,'secret-eyes@icloud.us', '9','Wed Sep 26 2085','Putek jeeg opani dupin ofabhu foveoda takehbo kosnepe ipiku zijoz ahoid sas ac hi.') ;
INSERT INTO message values('130' ,'ludicrous-authority@videotron.fr', '38','Tue May 30 2028','Luwena zu ame utsir eci wal tuczep zub ejte amuteb urmeji cu wop kosjef lus veaz satrawu ire.') ;
INSERT INTO message values('131' ,'melodic-fruit@hotmail.io', '25','Sun Jan 01 2079','Te magjez ri bopikjop hig kig hagirte mus teveh dolweg uh igeino sibat bine.') ;
INSERT INTO message values('132' ,'rotten-front@videotron.io', '28','Tue Jul 30 2097','Iv vidisaasi po hifdabusi vup zaklufvug ifo vi pizfin bof tigoju bagbukeh er ehimur.') ;
INSERT INTO message values('133' ,'giddy-cent@hotmail.ca', '21','Fri Sep 03 2066','Tigabiki luci gusdumet fe ru tilgozi jircaz kaaviz etipehu burolijo vu puhoko of do gatfef obacikzu izcesro.') ;
INSERT INTO message values('134' ,'the-toothpaste@mac.io', '36','Sun Dec 29 2075','Zapmazpu ham zip zize epkoguw hetumwo kowosu kesmoj hesu ena umta sufzewiv juhkud gam.') ;
INSERT INTO message values('135' ,'abstracted-note@icloud.us', '13','Fri Apr 01 2033','Nukiuru icoda kiwo bajibo fuic ajo oh gobute olrulla pu upu jijtis fid ci lewpi sicu.') ;
INSERT INTO message values('136' ,'bent-argument@me.fr', '11','Sun Sep 21 2042','Isaima go supsuso fas ven cadakedud buwur za ibihod kazedo erucufe dagizu huhe gapa tezkawke wovpepi du.') ;
INSERT INTO message values('137' ,'primo-coast@sympatico.uk', '25','Wed Aug 05 2020','Rasfufru mafi tutoaje hipnom pat zu vafocgip zacicpe ew cosotde notpidwot ansa wuwekpaf tugago badhate tatov wukper to.') ;
INSERT INTO message values('138' ,'abstracted-note@icloud.us', '19','Mon Nov 01 2094','Suwa fusalri ma kadesu lupri kial fo eha herazif omime govmo in fuori cucfihme ev.') ;
INSERT INTO message values('139' ,'icky-crowd@mac.ca', '47','Thu Mar 17 2089','Ri faip na mifsapjuh lovelcis wure piew kus zerwubo waj ceg pu buhi cinufgi ohudif eg wu.') ;
INSERT INTO message values('140' ,'trashy-board@videotron.fr', '46','Fri Dec 10 2100','Bedu misdob zebkovve oc zosrocto adupuh cisdar mipru marbepe mizij himaor nofnasu vifsipo neobo.') ;
INSERT INTO message values('141' ,'fast-bikes@gmail.fr', '26','Thu Dec 02 2117','Culi vos baj ifrizpe aro giwedceb fo imoaso rerace ko natcidfi neswogi fujukkoc cu zorhaope ubapain dan afsusma.') ;
INSERT INTO message values('142' ,'fanatical-visitor@videotron.net', '11','Mon Jan 16 2023','Ajaota et pefa utoviila vezous viih ra lipe pukne wehnu asha suahzig vihi vav.') ;
INSERT INTO message values('143' ,'showy-clam@videotron.uk', '8','Thu May 28 2026','Humida colijeop gefazda vipek cuj dole faw bo mugeej rieri zaehi wocmol onomes cubreweda.') ;
INSERT INTO message values('144' ,'hulking-rainstorm@gmail.co', '1','Sun Oct 15 2045','Zuih mo bafwej aha wacjot egeelidu ed anupuror fe wecig varom juvbejal codnopas.') ;
INSERT INTO message values('145' ,'eminent-dock@yahoo.io', '23','Sat Oct 16 2032','Bopaju conimire odo viraw ahuahiku sawtep nulgefag ticolehel vocreki fa pini migok tonwes.') ;
INSERT INTO message values('146' ,'rampant-thunder@gmail.io', '25','Mon Oct 30 2062','Ce guag apbut zofelmoj fi hef gudicji otbu otiledso abora fe su sespodi luc lozmo tirot pi puag.') ;
INSERT INTO message values('147' ,'thick-yard@sympatico.us', '2','Tue Apr 26 2022','Ecbin du je ardo idseliz wosod tuwbe ibkaci nup hebpeil fuwuz imjomfon bif bo up fec.') ;
INSERT INTO message values('148' ,'scarce-rifle@icloud.ca', '50','Sun Dec 23 2096','Gatu le tat lesab he su nedup ug divi lezohzut dokgigu jej cel gigla didorbal.') ;
INSERT INTO message values('149' ,'possessive-noise@mac.us', '44','Wed Sep 29 2049','Wiw udinudov nuc toc fih gebisa tidcukut zokzunuko vunefov caoba la cive goj geb mel.') ;
INSERT INTO message values('150' ,'hushed-seashore@yahoo.uk', '1','Wed Feb 11 2088','Toka mudemes haag ran gofkuf te celpigki izira ji lutvu eladesig wapit bikte.') ;
INSERT INTO message values('151' ,'primo-coast@sympatico.uk', '25','Sat Jun 02 2035','Zocad buum alulad juishov po uratu gu du wak mur mu kahan.') ;
INSERT INTO message values('152' ,'rampant-thunder@gmail.io', '36','Sat Dec 29 2018','Tanmep hemarwof ha zafsed jor do ojjofa cir hogco aga azukohad zimjaj aja.') ;
INSERT INTO message values('153' ,'possessive-noise@mac.us', '44','Thu Nov 30 2090','Uma mescozpe ce cet bigmowiha somalib be kurfes pauku fat hura ehpoam fica ca ke haihu.') ;
INSERT INTO message values('154' ,'aquatic-rainstorm@yahoo.fr', '8','Thu Feb 02 2113','Cuh favjimfef enu re duju vu wa buihma sucujo racaowa wiktutol gem sibne ken zav vomogi dod.') ;
INSERT INTO message values('155' ,'thick-yard@sympatico.us', '2','Fri Dec 19 2031','Habesmo hogte lohje poinwi motute lonmicpes ufna ho bolod jusgetjup ziver wotju kobisim bavgiufa cezud.') ;
INSERT INTO message values('156' ,'primo-coast@sympatico.uk', '25','Mon Nov 13 2062','Hosbimruf ubtev pufvihub idewu ashaja gowsu cehane behoce ivisa luegkiw sor so va.') ;
INSERT INTO message values('157' ,'abstracted-note@icloud.us', '1','Tue Aug 10 2077','Urituca sev sat sotuj vavpu bi sebetdad ce jectoni ruarvu cutukpo huza.') ;
INSERT INTO message values('158' ,'gorgeous-sugar@sympatico.io', '19','Sat Apr 15 2073','Eni bupidar baneb kuc doaj uljud to caswuh vej wa kehe josun dato bilbapu zo.') ;
INSERT INTO message values('159' ,'haloed-reason@yahoo.us', '6','Fri Aug 13 2021','Ju dacicso kofeziv uwunifam gikpu be guleccar tufaz ikzuila giwofufes tiddilcic map icjuar.') ;
INSERT INTO message values('160' ,'mindless-wave@icloud.fr', '50','Mon Aug 02 2117','Efpo te pudi jezor jucico juzeniuhe cefnop mek laj aw da japwimtes acijikzu filbig fasalez kazipi veb taeke.') ;
INSERT INTO message values('161' ,'showy-clam@videotron.uk', '5','Fri Jan 30 2093','Roodah vik hu umu anjilsek gujar muw an gorziza wuhnabbun resocir bev ubwes ozoze talagodob eka sosauji.') ;
INSERT INTO message values('162' ,'untidy-notebook@videotron.uk', '4','Fri Jul 29 2112','Jumpiipa vefpi tu igicre wiw vaejanor fovave nuhbezcag riemsum wofew niguvca nofvirev ivfej gujcorja zas uvi wulwotoz laf.') ;
INSERT INTO message values('163' ,'rotten-front@videotron.io', '28','Wed Dec 10 2081','Duw vuritdo cunavgak neusaku pamcunec catmef si dimwajoku ufo uwusirnug fokpencud vojli nebvow ovi teebose talfu sikti gimofpu.') ;
INSERT INTO message values('164' ,'hushed-seashore@yahoo.uk', '1','Fri Apr 05 2030','Uckudvi cohci ecafe et lu geg ti siewmi im domvuhlub ifeagraw huki.') ;
INSERT INTO message values('165' ,'dear-hands@mac.io', '47','Fri Oct 25 2080','Jesjavofi do ta gum disep pi la ahzaz fun geumaruh sod viwlorkez.') ;
INSERT INTO message values('166' ,'haloed-reason@yahoo.us', '10','Wed Sep 17 2081','Joszebhop to ponnuncud kelfugev wevo oze feib veptugfok betla okbeane riumanod kir caj.') ;
INSERT INTO message values('167' ,'eminent-dock@yahoo.io', '23','Wed Aug 13 2042','Ri serovedi moz limsup ver wub divviltu onusu ju ziotgij ce zib tibajuz gop davipifag fu.') ;
INSERT INTO message values('168' ,'eminent-dock@yahoo.io', '29','Sat Jan 24 2088','Hofic ba cochat vuz tiswesigo ag izsijog piuwo uruj zew pa fimaica navukec tinlucic locomiof kahocvak.') ;
INSERT INTO message values('169' ,'scarce-rifle@icloud.ca', '16','Sun May 19 2097','Fo ozage jiholji ipahaah bizkofaz kobot suf ca jo kes hajnawugi tufnolim.') ;
INSERT INTO message values('170' ,'haloed-reason@yahoo.us', '10','Thu Apr 24 2092','Sanib ugurokace lojed hocis kutugro liavame ec luotu we maho pamcinise baed gowa.') ;
INSERT INTO message values('171' ,'perpetual-rabbits@videotron.com', '45','Tue Aug 24 2027','Opu hu wo kirmogbi zahhuce vo mavvemu lugumip zilitgi abeicfa ofurumone joruz wiv beguhna rugon omi ruf acogujlib.') ;
INSERT INTO message values('172' ,'haloed-reason@yahoo.us', '31','Thu May 28 2043','Supsic uju moonta wip ekubu je peliora avanociza imoko muccal avab hurbew tavotgot napnuli wati nivmuvov.') ;
INSERT INTO message values('173' ,'endurable-giants@yahoo.com', '30','Fri Mar 02 2040','Aril imkev ud pirog zunme esuli rigbonu olunibzog ubebguw laklohne im ta iju sewpez bawwaci oci caka suzurtog.') ;
INSERT INTO message values('174' ,'scarce-rifle@icloud.ca', '50','Tue Mar 24 2048','Cohubu suaca tawkut nitih hefvew zetgezmus ze jeikime jugoj fuipuuka sa zaz mujogiw afijasca.') ;
INSERT INTO message values('175' ,'gray-pig@videotron.fr', '34','Wed Apr 11 2068','Dajpisoz ficoris ataama so ejalehem voatiede li vec sicawi vamrozaz nahwu nom rodadhet jagbic kejuviles zosotfo ak.') ;
INSERT INTO message values('176' ,'the-toothpaste@mac.io', '4','Wed Mar 15 2028','Fesuc izeelke saewjoj dupbec zi ehumuf movtase otean cozi pe vubkines ve pepto jalmudfim jawerzo.') ;
INSERT INTO message values('177' ,'haloed-reason@yahoo.us', '6','Fri Aug 27 2066','Jiwarume ta uwnibew sifet dinezo ojabica obulane dicepib jawaj koj hu hin go gat teri kaepe mej.') ;
INSERT INTO message values('178' ,'beefy-heat@hotmail.com', '8','Fri Jul 03 2048','Sevun zodhira re tuikup dinbukzim locfe be lil dapupe tut du vem lemreg.') ;
INSERT INTO message values('179' ,'maddening-basketball@yahoo.co', '11','Sun Aug 30 2071','Westofjog torela akroppah akgagu viajumir da mukpi ove hozejne doccezho wiwbas moniv.') ;
INSERT INTO message values('180' ,'ludicrous-authority@videotron.fr', '12','Mon Feb 20 2079','Danhobew paoto zubopetu sipefetu bistu niuwa sihih kulcom her fubofes gazpilge vu du nucti kal vavivi nenaze.') ;
INSERT INTO message values('181' ,'untidy-notebook@videotron.uk', '22','Sun Dec 17 2113','Famugfef cedivo gugupewas ker diblemar ruoc azebakpe okauva re nowdaluc ricwitna ce su bej jog duhife ivfefuv.') ;
INSERT INTO message values('182' ,'sophisticated-dad@mac.fr', '28','Mon Jan 01 2114','Udtuvmon babah ri izawi bi utvoh ti wufu suzadirow le janvu foreru dukcut gew awi.') ;
INSERT INTO message values('183' ,'scarce-rifle@icloud.ca', '50','Thu Feb 25 2055','Afitopge ecwuja ecga pi won adafo tibvufo ro sevena nek tilzes gocgujuvu mewcerfi purawuez itifoge ewaruj caocoole.') ;
INSERT INTO message values('184' ,'rampant-thunder@gmail.io', '36','Thu Aug 11 2089','Pofof hul bifnudiv di ci vezav wo kir bafsolta iho fada fovif wanbiw we tun efeig.') ;
INSERT INTO message values('185' ,'showy-clam@videotron.uk', '8','Sun Mar 15 2076','Ju pe eb icihipmas afuimu ofkucpa zohwognub goezjis dul vutopogif gujenup fahimut emuso.') ;
INSERT INTO message values('186' ,'dear-hands@mac.io', '31','Thu Apr 19 2057','Wi dulo gu ufe kenli iziebuic usuuvuwi luphew esiscug le pefurik pi hamusec hehap mu maaha bu efeahoni.') ;
INSERT INTO message values('187' ,'furtive-canvas@hotmail.com', '36','Sat Feb 01 2059','Akuvoc golisuhu vieswi tumooke sowjatcis sunzi wed sohice mukfedem wiula ne ricew cezwomu usibijihu feri up fuvnorab li.') ;
INSERT INTO message values('188' ,'max-harbor@gmail.uk', '10','Tue Jul 04 2023','Vaohunij kekbo kihdehru eka vu pagra hac urafoihu umibuzgim on ipvud luju.') ;
INSERT INTO message values('189' ,'icky-crowd@mac.ca', '11','Tue Jun 21 2022','Aciavajil acudeetu kirezsah rar poffa fo obo dewobe nuzu afu jocukwo juzossok pefour.') ;
INSERT INTO message values('190' ,'perpetual-rabbits@videotron.com', '45','Sat Feb 24 2063','Zaikavor nu jizi muwtuki divaje lavimabo wakowwi fufvioga bajega vevjo efmoseko ta hofmegror cab.') ;
INSERT INTO message values('191' ,'repulsive-pail@videotron.net', '49','Wed Oct 27 2094','Jo juufi hob bel butfu pe sawjavwar iv ojutow tuzrouma afipaw goc beavacun balahibi puwhe oguza.') ;
INSERT INTO message values('192' ,'ratty-representative@sympatico.com', '30','Sun Sep 19 2100','Wibihtuk gahto za pihalo hu oto huhvopkuc sofzokmib afovo bihuz mepkabbuz ovlig asopeb cedkaik red ajosebzed workoahi nori.') ;
INSERT INTO message values('193' ,'abstracted-note@icloud.us', '13','Fri Nov 19 2094','Fusutes jepe kag tonzote bogu iknohom ije wim capbow giguc itfideg acapotvov luhojeza sozhizine rogju guvu egzuzik ufolik.') ;
INSERT INTO message values('194' ,'fanatical-visitor@videotron.net', '11','Sun Jul 22 2029','Riz hukte bik bi sucpu rekhik tep vam ermuh odfooz catvakse ohejuas tu wosbowuwu fup tut zulo bivanuawe.') ;
INSERT INTO message values('195' ,'scarce-rifle@icloud.ca', '19','Tue Apr 09 2041','Zawemi waroco ra latbi it juc udpagal ec ivbi lihaw tav tonarja nan mesti.') ;
INSERT INTO message values('196' ,'trashy-board@videotron.fr', '44','Fri Nov 21 2110','Sejupaahe jukil uwuni wecde gi ezupe ikfir lasgawmi bacbo des ta mecej enabinem oto.') ;
INSERT INTO message values('197' ,'naughty-balance@mac.io', '10','Sat May 10 2059','Na ade cehvuor lunig ufgo seswokkok jehilheh ikdujli picfinzi babmal daj ru koz ohjoefu jaldeh juruz wacisu vucbevmuf.') ;
INSERT INTO message values('198' ,'greasy-ground@mac.co', '46','Thu Nov 14 2024','Ovocev emut icuna cape zih efoco labdis fe laune je jej wozubaat na gik bijusuz gig haupefoj rogojjip.') ;
INSERT INTO message values('199' ,'abstracted-note@icloud.us', '13','Fri Dec 27 2052','Ce pa inve hak zofleig ulgaru okgetez surfaken hi nilomo juhjub afaavkok zawsep dof.') ;
INSERT INTO message values('200' ,'crowded-death@hotmail.net', '10','Tue Aug 08 2056','Guh vavrutob defdu poshuhlil kim jeup wo lejagmo wig gozani emuniot nedzuij nivi dij mir ka raparwu uguwes.') ;
INSERT INTO message values('201' ,'moaning-plant@gmail.fr', '47','Tue Feb 14 2045','Zel wozpabab nekup wero buhluvop sicujmiv didpukeg ta sa anwecu asateave adma geawasa hamovo zen.') ;
INSERT INTO message values('202' ,'sophisticated-dad@mac.fr', '28','Fri Jun 08 2035','Izne opgid riilo tecimecug adewwul hivikuja jerutel azfumgo zinusu dazitwi lejseca wur ludodo.') ;
INSERT INTO message values('203' ,'untidy-notebook@videotron.uk', '26','Thu Oct 22 2105','Boja nodew ozijunug suk carli vawlep feboben mugulti ahi fosbij ta pevkil.') ;
INSERT INTO message values('204' ,'abstracted-note@icloud.us', '19','Wed Mar 23 2039','Suafaece siguvaj hojorwu ji ermes pagsozih zil leza afena kehir re wetmorah vo pazovez li nobo.') ;
INSERT INTO message values('205' ,'naughty-balance@mac.io', '10','Sat Apr 29 2090','Iwawuer fekuvcij wohiaki mizrag omili ju subnur weh vesumidi doprabuv buf ne kamizrod.') ;
INSERT INTO message values('206' ,'ratty-representative@sympatico.com', '8','Thu Mar 28 2080','Hefsejol guwobaze ho jub rof lospiro ekowino pureb gupic unegadumo ror esuzaki.') ;
INSERT INTO message values('207' ,'showy-clam@videotron.uk', '8','Sun Sep 26 2066','Pulu wa vod ad owi ja vozkeba durogkuv kuz se fovnokew firtid vesdiz tek.') ;
INSERT INTO message values('208' ,'eminent-dock@yahoo.io', '23','Sat Sep 27 2110','Id coek udka ebeawluf ji jikdup atiten soruvuwi iwelgud luihgan hehigu gounveg migzosof vosop op peloved sojpu fujvov.') ;
INSERT INTO message values('209' ,'hurried-coal@icloud.io', '34','Sun Jul 02 2062','Isetu ozre koduj copo guca hatra zafaw daepebeh ihcor diheera wipjihni seb ane.') ;
INSERT INTO message values('210' ,'aquatic-rainstorm@yahoo.fr', '8','Sat Jul 13 2086','Tajraw em ek silduhif gibze ephe maniched mitrafwik hovvam avecfev wuj hiodidag hidiwo tow fecuw fowlimri zer.') ;
INSERT INTO message values('211' ,'elastic-loss@gmail.com', '16','Mon Oct 03 2095','Zavobiika fop wi facu jip ciib wuf wuecupir hedvugi riornek icdote bu iclijpus imhadfoj ge pozos osaotes kotvow.') ;
INSERT INTO message values('212' ,'fanatical-visitor@videotron.net', '11','Tue Oct 02 2114','Cu vikgohpaz egcaroc lunesajo fu puhfo nuwolfa sujicsu hiemoopa du jed diaw orlafha co ku itizi.') ;
INSERT INTO message values('213' ,'ludicrous-authority@videotron.fr', '12','Fri Jun 05 2048','Ogbuh dubwup tigube pu gohu girhi nawufiwit zagbepodi zesdohaco daettav zegcu zenedla lobubde docede fo ibi icfaitu.') ;
INSERT INTO message values('214' ,'scarce-rifle@icloud.ca', '16','Thu Sep 24 2076','Omgotec jaf tetfol ofugeas so je napmec vuftur zeawuvo luliv bikut ne juv zuh.') ;
INSERT INTO message values('215' ,'gorgeous-sugar@sympatico.io', '24','Fri Jun 05 2026','Hi kiji lo zimabo bomisudi cupubi toripcul ci cuomuc ra ciduwoaku oz onugi tickoh baeffe busfevub fup iro.') ;
INSERT INTO message values('216' ,'spotted-deer@yahoo.io', '47','Sat Mar 26 2089','Hanoib er ap geci roradivek rotka letbo omifukehi il ofezec wogmel ze cef rutedu pejom tarubra has.') ;
INSERT INTO message values('217' ,'cogent-weather@hotmail.us', '18','Sat Mar 07 2048','Giwji cuset ileci ul pem rur zenodlab kamne ge komomra lo jed zevuz.') ;
INSERT INTO message values('218' ,'gorgeous-sugar@sympatico.io', '19','Sat May 10 2110','Uje nus idjas sidujub jenumo mit wube kavpebu botegmes fodweib ovuvobiw fimildo oneavfa wa gen horkopuzi wuzu.') ;
INSERT INTO message values('219' ,'futuristic-frog@sympatico.co', '13','Wed Apr 23 2064','Pagoaw vohlozmu awifisi en puwe jigbe rirudgal cec tog er po regi liaso jusvemur uku zeij tedawacu.') ;
INSERT INTO message values('220' ,'hurried-coal@icloud.io', '31','Thu Jul 14 2112','Di ras juenues mej ej geki lumtori me ihuba zehije elcupu weto.') ;
INSERT INTO message values('221' ,'aquatic-rainstorm@yahoo.fr', '8','Thu Jan 11 2029','Mawmu tovgub dozsurig fazuben na fidzo wojezcu gefem tadbof azoaca romomhuz wiwkijwer socen rurbeake fubod ro gog.') ;
INSERT INTO message values('222' ,'thoughtless-respect@sympatico.fr', '10','Sat Jan 24 2043','Gi ozdar si pimhiata vaj jig kul wafzoz munta zec rul kakebu.') ;
INSERT INTO message values('223' ,'cogent-weather@hotmail.us', '18','Sun Aug 04 2024','Ha mi epomanof lu adazisaz go suwok mutel igtulu sovzo epni bus zemfibsaj.') ;
INSERT INTO message values('224' ,'melodic-fruit@hotmail.io', '37','Tue Mar 26 2080','Ni hi ladona fo tusarbo jeagi jil te agu gis lahip caopi lapodin wap ruv fof te.') ;
INSERT INTO message values('225' ,'thoughtless-respect@sympatico.fr', '10','Thu Jan 13 2022','Kogavcob uviuwvun as mifgan gid co ohowir denuledig napesmok seppi lubiczif cu heupuiwu gocitkol cib sif tur do.') ;
INSERT INTO message values('226' ,'greasy-ground@mac.co', '46','Fri Jun 03 2044','Tusopa vizaap dut hu duw futonku fuz icbilhul tar teopuib fez guzleh.') ;
INSERT INTO message values('227' ,'abstracted-note@icloud.us', '45','Mon May 09 2044','Ute kaw nufpukka dapme vowi wig uv saplof ufemoba mu punno hocotuco suzlompor ti bedilem ubovekeko jomci.') ;
INSERT INTO message values('228' ,'untidy-notebook@videotron.uk', '12','Tue Jan 13 2060','Ciwlu uv hul ozic vemir holu napsok ena es fa avorewe lusmu nu zet wu.') ;
INSERT INTO message values('229' ,'futuristic-frog@sympatico.co', '13','Wed Jan 28 2065','Sed pajkafvu si beh jino za pef wawbeupa ociti afuge mitmuew wofad boncote pukbujfu vide juweroro lip ickuv.') ;
INSERT INTO message values('230' ,'hulking-rainstorm@gmail.co', '1','Thu Jul 24 2098','Ukzewzu hasob jukpetin ra vakof rozju fawmogif la bebwetem gejgopes es nasenibon fo pipes lab ufe eb.') ;
INSERT INTO message values('231' ,'moaning-plant@gmail.fr', '39','Tue May 27 2025','Sogisco baugihe cizabdi efdinve zico aguwom ca ziv dab mi isiwu okfohwef gajkawra jokwo utci woppazwin.') ;
INSERT INTO message values('232' ,'abstracted-note@icloud.us', '19','Thu Feb 20 2031','Ihuogo othud sagepdod favus liguz ajezahfa pu itiso ciluf wacuv sopah ju jomah ida oni fidew ej.') ;
INSERT INTO message values('233' ,'showy-clam@videotron.uk', '5','Thu Jul 24 2064','Evi fuiwabun bon or vemegbum jugnukak dutoz emwe azeowaha adikifuru basbusip bidbonvo kitan rin icocinco ejulavo.') ;
INSERT INTO message values('234' ,'giddy-cent@hotmail.ca', '36','Sun Feb 28 2066','Wuw jiwol johjil nur vuv ba foruvumec dad fejdih vas vafacilam jig.') ;
INSERT INTO message values('235' ,'ludicrous-authority@videotron.fr', '38','Tue Mar 16 2094','Me oreecaura emifosni ni wumbi vofto reih hodammu buneh kik so racrobu.') ;
INSERT INTO message values('236' ,'gorgeous-sugar@sympatico.io', '19','Tue Aug 29 2051','Hetih secel raf ne ibulebut pe akono ijroj ucuidric gipugug il hulejo dewvo.') ;
INSERT INTO message values('237' ,'greasy-ground@mac.co', '46','Tue Aug 22 2090','At dez acumitaf mikse luru de umu nuhuz hazivmom bugmi ezolommob fafojajo egosoco jujniwliv.') ;
INSERT INTO message values('238' ,'scarce-rifle@icloud.ca', '50','Tue Nov 06 2063','Okiubco icruno jan gisab fawijis dupwuara sod serobe wu ze ser popgem viabpe koptimzul.') ;
INSERT INTO message values('239' ,'brash-pin@hotmail.com', '36','Tue Dec 04 2063','Wosworwa bogzogu kivac larogjo got put musve joteune zu ja davuiv facej lichiopo bevko.') ;
INSERT INTO message values('240' ,'ratty-representative@sympatico.com', '30','Thu Mar 05 2111','Poc jal gu zutbabca bibuwal ibparha zohig nujozi ulekakajo nusana ho ahewoju dizefbup nawu.') ;
INSERT INTO message values('241' ,'repulsive-pail@videotron.net', '33','Fri Feb 19 2027','Radipano opuegho aca azno taznupra aro lum dod palhi kuako elana unvop.') ;
INSERT INTO message values('242' ,'solid-back@sympatico.io', '49','Wed Sep 01 2027','Labakruj gezjus vufut irjo jem uge zovaka nu wijlid kar rovuelo felmefba onfa vosgus ze ke ig mi.') ;
INSERT INTO message values('243' ,'ludicrous-authority@videotron.fr', '40','Mon Sep 26 2022','Rez dezapak op dos ge ha do zive wan abnocfi fobad fuhuca lezukge evru guso.') ;
INSERT INTO message values('244' ,'sophisticated-dad@mac.fr', '12','Fri Feb 06 2032','Va ivfowez vilhu ez rogupim ohazo hun pu awzufneg wof eta kumokfas zu.') ;
INSERT INTO message values('245' ,'possessive-noise@mac.us', '12','Sat Jul 24 2027','Uc dik lieco tadete si tud dinse zofjiik ma wodbep kazis hohon.') ;
INSERT INTO message values('246' ,'obese-trousers@me.ca', '18','Sat Apr 05 2070','Kofhabwuf ewih bavoja zusnofsug rovetif howafhud deredi hobizbir ara solbone lod pak rowgi pem.') ;
INSERT INTO message values('247' ,'obese-trousers@me.ca', '18','Fri Mar 12 2077','Lo liazimek hucbiib pu cojoep supu omoew miktef ek vibedip wup gi ron lomba le ajkerhu.') ;
INSERT INTO message values('248' ,'honest-suggestion@sympatico.uk', '28','Tue Jul 07 2071','Pe ter givo fuc nam radzus dew cisbo wel il gokumip go.') ;
INSERT INTO message values('249' ,'holistic-club@mac.com', '27','Sun May 19 2019','Nucaluri ozamutpi cumikha cideel ge emihe balduzizo rizzupfa dibgawab ilegafka jep abkeon.') ;
INSERT INTO message values('250' ,'secret-eyes@icloud.us', '9','Sun Aug 07 2089','Ca zazopo wowu zo tire lulana rah nuhiwusi fulfik nojlu apeream ho.') ;
INSERT INTO message values('251' ,'noted-creature@mac.uk', '19','Sat Mar 29 2092','Hodijom ojuhezof afu irgaj tauhe fopmomo duugvep jeecafuk tur go ukevo fuovduk vucuj kopzoj baes tevmukomi ar.') ;
INSERT INTO message values('252' ,'possessive-noise@mac.us', '12','Sun Sep 10 2017','Nodon ec poomulog laczi uve juz gip vuedagah wot def so ronitrew puwhuzfo wubwu ka fivoc.') ;
INSERT INTO message values('253' ,'ratty-representative@sympatico.com', '41','Sun Dec 06 2105','Forwi akaragcon ciw ivimi eji we ja og law pujo gircuz otdir cuhodu lin ilvi keaceir.') ;
INSERT INTO message values('254' ,'scared-action@hotmail.ca', '15','Mon Mar 15 2094','Ju seh pubueka onazubca re ep loluhwi laehaw retva fotebufu hil lej.') ;
INSERT INTO message values('255' ,'hulking-rainstorm@gmail.co', '1','Fri Mar 02 2035','Ir eruuw welcihof valcube asulejsuv nidtan ora repkosu reve fuwhi sotves kasoloj nipoke motimot cijasef.') ;
INSERT INTO message values('256' ,'scarce-rifle@icloud.ca', '50','Wed Mar 31 2038','Petmoglu ze wevmaksi ekaja vedu ifefujner rowi mir gezuzeco goktuas neg opime urupa utnuju ralla.') ;
INSERT INTO message values('257' ,'icky-crowd@mac.ca', '47','Sun Oct 24 2077','Ocenama on macew pacenu anke ma zisoete ek ulre majow oke erhur novan.') ;
INSERT INTO message values('258' ,'possessive-noise@mac.us', '44','Mon May 08 2051','Ah moz marpa ico ireega giferma etaopi furda vowi anoti kahaab ew.') ;
INSERT INTO message values('259' ,'max-harbor@gmail.uk', '10','Sun Mar 27 2039','Midbupca elmucag cekpuji awifug na uzala zuwwiz nesi puhhewana apute apfa savjo if regke sed bubabmez.') ;
INSERT INTO message values('260' ,'moaning-plant@gmail.fr', '14','Tue Apr 03 2114','Lutbenel baakuzu dipiwi weludda otuofa ip kuzwahpa uwu babude hohiru hateb puc opafoson mi but im.') ;
INSERT INTO message values('261' ,'perpetual-rabbits@videotron.com', '45','Tue Oct 19 2021','Deehha vorpu ipzeed hivur tuzdunig iwmac refitibe won wu gaf cu es zideg.') ;
INSERT INTO message values('262' ,'cloistered-chin@mac.uk', '11','Sat Jul 02 2095','Ca zi jinanube dojajuzi vasep edu he bedpobhuz bowuded juif jikraw wiobeni zapozba vehwa soszac es.') ;
INSERT INTO message values('263' ,'utopian-beginner@sympatico.us', '9','Tue Dec 13 2067','Jise cawakgib hojogpam ze zojgi vewez fiisuazi atujowev zulza vatej litlu mi.') ;
INSERT INTO message values('264' ,'beefy-heat@hotmail.com', '8','Mon Apr 21 2070','Gu azo vew conifokav hudnir pu cup ci marenob vez rilicu vavgibi dasbijo.') ;
INSERT INTO message values('265' ,'five-vase@sympatico.com', '18','Wed Jan 11 2108','Lafa mejmog si lik zop kaherho lutsa obo fin jujvein davijdu ekbom jasejbas vecururo daz.') ;
INSERT INTO message values('266' ,'repulsive-pail@videotron.net', '49','Thu Dec 07 2090','Jaido bokducok vupsasac ceel dolzahsib naj ufjik pun avbueca sugtow cecbuwab tuto acajagves necaka jiv cofeg dostuep inkujot.') ;
INSERT INTO message values('267' ,'holistic-club@mac.com', '5','Sat Jun 06 2099','Ote suokimo at ni kufiv nuwfig hipeg hu up mazawgi ne gip uhe fohefa wa peug mukak mijwas.') ;
INSERT INTO message values('268' ,'untidy-notebook@videotron.uk', '22','Thu Feb 28 2086','Dufdol suziniji low ficav honofno gim on kool odugoaf ovhugo eviize zubwe.') ;
INSERT INTO message values('269' ,'untidy-notebook@videotron.uk', '22','Sun Oct 11 2037','Ka lav tabmumka evoku hud difuuj wagkobhe zelkaf sodumgo zina vubtoklep lidehji.') ;
INSERT INTO message values('270' ,'obese-trousers@me.ca', '9','Tue Apr 05 2112','Tecejak hikejtov tu niwlum dofus dig kuvumdo juzzev disimoco ekano faguhda kevoav riipemis ikoref rahiz acdivfun.') ;
INSERT INTO message values('271' ,'fanatical-visitor@videotron.net', '25','Mon Oct 10 2044','Libkihul gel cu genis na sedbowuw pojzeggaw ze cuf riwrodez juziwop etgaslu fa mivtol bovelro petnodrin.') ;
INSERT INTO message values('272' ,'ratty-representative@sympatico.com', '30','Sat Aug 23 2064','Aknen jamdogbi ivo bus lep fordun sompoza ku bazi lasecmo lautefar agimuv so ijlum woususi be zuk gejoti.') ;
INSERT INTO message values('273' ,'square-alarm@sympatico.ca', '40','Tue Jan 11 2056','Mimojgiz si zamu foh jazo poge walmoshi sa feebhe idugir geloctoj gaklivuh oz.') ;
INSERT INTO message values('274' ,'hushed-seashore@yahoo.uk', '29','Sat May 31 2098','Zanaju fantu to ceco lihka kugi ab jiw cokugse bicgodguf re hunzitcuj war hi pad vul vuri totidjem.') ;
INSERT INTO message values('275' ,'spiteful-sugar@videotron.io', '18','Thu Oct 24 2080','Wodnozul zofkodwoz wuwoli pi ojhus uni tejheb mecazkuj mo kalase letupo got uneovouha onawuf fid onpulo tibag.') ;
INSERT INTO message values('276' ,'sophisticated-dad@mac.fr', '28','Sun Jul 07 2069','Biz getteidu kodcoj gokec laded ciror siga wu ilegusbak tagsu vemmow huljizos ulejuvziz asvucmit.') ;
INSERT INTO message values('277' ,'honest-suggestion@sympatico.uk', '28','Mon Apr 11 2078','Kuzedzi igu giwo elrucu otlu ve jeoz orisibac da usfiho li re juzabzap dicbop zedrejri suldo vi ko.') ;
INSERT INTO message values('278' ,'primo-coast@sympatico.uk', '25','Wed Jul 04 2063','Razokaz jacbe tahot parcahig owavatef as zikica kuhje epotoham zu zoldop degzafo dozeh ko balub corogza.') ;
INSERT INTO message values('279' ,'eminent-dock@yahoo.io', '14','Thu Feb 19 2105','Wiok kukzuow zebak cuap vinine ek dolrotag dat juehbaj du kijek gis ozfu.') ;
INSERT INTO message values('280' ,'jazzed-queen@gmail.fr', '41','Wed Apr 26 2084','Ku it jufamco jec salimnek ni halu mupmus pob foniv je sujca aribiduj mukov.') ;
INSERT INTO message values('281' ,'max-harbor@gmail.uk', '2','Tue Jul 03 2096','Jesofip revbop cif fo hovolsi le pilig usi bilolvak bemuginu te rebija ugecu ilomuzuz ji anpubib ros ad.') ;
INSERT INTO message values('282' ,'aquatic-rainstorm@yahoo.fr', '7','Sun Apr 02 2023','Pungo bahur hilon ri wew ma gerlolse iba apvigbeh kekud pu akdu puf uvhijok nos joniwva jeciep.') ;
INSERT INTO message values('283' ,'giddy-cent@hotmail.ca', '21','Sun Jul 29 2091','Omo zamcote ici kive kivi fab gu ron ki kowenuci cino fodidar pid jamipew bavef liduw vusbudpi.') ;
INSERT INTO message values('284' ,'ossified-scarf@sympatico.co', '32','Wed Nov 21 2063','Zonma pazi fifcisak co lag ihawuije gulziw ub cofo vi pi vupirifoj oro joce.') ;
INSERT INTO message values('285' ,'showy-clam@videotron.uk', '22','Tue Mar 31 2076','Pauji ecu amo havfisde kibev re kuomga nijreb hovdohnet bimuggo wapicusod zerofoc otaopu otu kucob doh denupa awvuno.') ;
INSERT INTO message values('286' ,'crowded-death@hotmail.net', '50','Sat Mar 15 2110','Jak vimilim ludzipzaz mangepu cuba cogop ev mil zim bulnat zouce ukiupu ziudenah nak wamoh omtuz jo.') ;
INSERT INTO message values('287' ,'mindless-wave@icloud.fr', '50','Tue Mar 06 2085','Gezza dibzija gauvbo fuoftek tul zizo je mavufbu za izaim liuvafi vojiremij sikag zes.') ;
INSERT INTO message values('288' ,'tacky-driving@icloud.us', '33','Sat Jan 21 2017','Ta cobzeti gorpu pe ul bu ren kaad mazokwef tincum uga abser ji wez zuka ceopu mueto.') ;
INSERT INTO message values('289' ,'ludicrous-authority@videotron.fr', '40','Tue Mar 14 2023','Cerapjuv aro mewbu luc wusih rok bacjen wutetbiv mis ehnuke pah raba jaowuan lakis wekavguw.') ;
INSERT INTO message values('290' ,'rampant-thunder@gmail.io', '48','Sat Dec 01 2063','Tuatama dutgujvus zezu sufezpa bugze vaamwuz marfubrah carmu odbakfa lovaka opozo liog ucimos hesuis caw loj riupu.') ;
INSERT INTO message values('291' ,'mindless-wave@icloud.fr', '40','Fri Apr 08 2107','Owupa fepdol ron zah tutde ijkollif uwuhuih man tom ibakicu du gasga.') ;
INSERT INTO message values('292' ,'eminent-dock@yahoo.io', '14','Mon May 07 2074','Ja re wesoz zigebtan kef liwup vo vepha cetubcaz tasadu bomcemos sajawi ip tewo ak ipeholej it ira.') ;
INSERT INTO message values('293' ,'scarce-rifle@icloud.ca', '10','Tue Aug 05 2081','Hev co ot depuve gim rajojhaj ogma po kijce huh latvo odijehiw wuba kec piho wuje juh.') ;
INSERT INTO message values('294' ,'mammoth-stocking@icloud.net', '44','Mon Sep 28 2043','Japepevo ega odo urlus zomho bor pereki keneug fu junket ibapekovo puem fiuheme.') ;
INSERT INTO message values('295' ,'ludicrous-authority@videotron.fr', '1','Wed Nov 21 2074','Oheva mohowum bogfeeg panuloh ro vi vasciko ucika me tovonzoc alibu bovza koafo laktit tizi he.') ;
INSERT INTO message values('296' ,'haloed-reason@yahoo.us', '6','Wed May 05 2066','Abebafluj oj dertapve voparo livboro sa ukotu lav nu kumako jopbaf sameku wozca seljima lek ifjolhac etcu mesre.') ;
INSERT INTO message values('297' ,'primo-coast@sympatico.uk', '50','Mon Oct 30 2062','Bucop zifve jufaja nud fihowril bonfarom vok ujsohi fo japse nel ca vamfotis su una woho.') ;
INSERT INTO message values('298' ,'abstracted-note@icloud.us', '1','Sun Jan 15 2062','Jinehha ikho jo focew giksavez modam vi pojut up donheag fuimu ike nago wowboklev furbide cib.') ;
INSERT INTO message values('299' ,'eminent-dock@yahoo.io', '18','Fri Apr 22 2112','Nutdo nuoj fogkimdib go pepum tegizel kocum haku zop vefolil kunek owocen febakef not il.') ;
INSERT INTO message values('300' ,'haloed-reason@yahoo.us', '10','Sat Jul 09 2033','Oto cahduvo ris hoeb gud jitab bulef het se omoeb ja maubco weftuoz elte onogo.') ;
INSERT INTO message values('301' ,'cloistered-chin@mac.uk', '11','Sat Apr 13 2069','Jazlada fazah umzatse bakon egote revir bijbiwa fegik zik cajoc ivo awedu.') ;
INSERT INTO message values('302' ,'obese-trousers@me.ca', '18','Sat Oct 17 2048','Iku fi zito mijgan tifmizna ne ze ih alduaj ciruwu fop lonoh rik acu hotzuh za.') ;
INSERT INTO message values('303' ,'tense-door@me.co', '28','Thu Jul 06 2028','Mecpelal dekjaso ala nawedfa pifod ap bueci mazkoso wavofuuka bazodwip ijocle ru.') ;
INSERT INTO message values('304' ,'futuristic-frog@sympatico.co', '13','Sat Jan 05 2047','Jel bageh tuhe izouwi weszosgiv dinolo nakfunok ufuku fojjutpe hiaw jin ovu vufici zutes.') ;
INSERT INTO message values('305' ,'spotted-deer@yahoo.io', '47','Fri Jun 19 2105','Cizefac ikola pe ak how pe wiup vaactoc wimot we do vip obfa.') ;
INSERT INTO message values('306' ,'endurable-giants@yahoo.com', '30','Thu Oct 21 2088','Oksiz aneke duiteci zeuwjid ope dof bibse pu tohoes hu toozpuf be rizcefal cafo puk bi pijus.') ;
INSERT INTO message values('307' ,'greasy-ground@mac.co', '46','Tue May 25 2060','Cala ajdobef gimi zione fujuptut ugolopa puf bivepdu vig ustozuc bitamcof munso ugkivbe bemam.') ;
INSERT INTO message values('308' ,'haloed-reason@yahoo.us', '31','Thu Jul 04 2024','Emojag fodi akutdi kefogdi ha isejisak adihojko pozdolim iskeze bobu ebulufdac romka wo si ha dom ojezizvop.') ;
INSERT INTO message values('309' ,'crowded-death@hotmail.net', '50','Mon Dec 22 2042','Baimci hicuine nejas kek hikguz za ikpadiri nemtedev vudhezpo fudvos hutin va ewezirsu kunkelus.') ;
INSERT INTO message values('310' ,'hurried-coal@icloud.io', '31','Tue Jun 11 2058','Re mew buwsotuk mez anajano ifuena tizo kij nasicfud ke lu jervenve da vehaha noivu celel.') ;
INSERT INTO message values('311' ,'tense-door@me.co', '28','Mon Jul 09 2029','Ive ike ruzjekemo ve ib owza felo tuhbi kakwi ohosabal hog if pobfiin motutazi sicidgam dela.') ;
INSERT INTO message values('312' ,'showy-clam@videotron.uk', '31','Wed Nov 02 2101','Ecefow peawugar saav oppovij uvpe ifaju ip jejeeju rargi eg non hi jakobceh.') ;
INSERT INTO message values('313' ,'thick-yard@sympatico.us', '46','Fri Nov 17 2090','Melme ceffil atcom wotadov viobte rore zafheg jow kicine iwpomoka gezzej zuwewa paupo.') ;
INSERT INTO message values('314' ,'thriving-arm@yahoo.io', '8','Wed Feb 10 2066','Aduudoha oc wit humatpow huk tak jofza maboc dotpom ok tenehzi fu avhilu moowaeca gurpamzah.') ;
INSERT INTO message values('315' ,'abstracted-note@icloud.us', '45','Wed Feb 23 2028','Didcirled olemokdid motgoel zug liwnozoco ruhtosiw hejidku le sal ek wumgekbo ugime jut mojdefome nimgil.') ;
INSERT INTO message values('316' ,'cogent-weather@hotmail.us', '18','Mon Nov 23 2065','Pag holko ehiraza pa weme mifvo lede kocoepu dujujfed gamabo iflamna vid gudbilol kon duavi soh cewor ed.') ;
INSERT INTO message values('317' ,'mammoth-stocking@icloud.net', '44','Wed Sep 02 2082','Rosini ki row umloduno gib akeveec wet lul cehvazod siwjen ka ta ruz uhukacam ute of.') ;
INSERT INTO message values('318' ,'haloed-reason@yahoo.us', '32','Wed Jun 09 2055','Us cogifig vumawol gucbinus ecci suive oreini di olodu botzerwi rotoda ekmo lidpu gat cikdi.') ;
INSERT INTO message values('319' ,'possessive-noise@mac.us', '25','Tue Sep 06 2039','Kooc cucnum gual ufneju corog uwoal ucvu degbe zofaz amjum ekagaag nena karegig gucoicu lodo awani bibembin.') ;
INSERT INTO message values('320' ,'hurried-coal@icloud.io', '34','Fri Jun 04 2060','Bapoj jopo tovtuma tafbot ci korip bip ek mu oho em li su lorno ej.') ;
INSERT INTO message values('321' ,'crowded-death@hotmail.net', '50','Thu Jun 06 2041','Mu nuilu isuk elvew wac nijfiwaj miuv ret edcupo ru finme ge mokdi tucorekit.') ;
INSERT INTO message values('322' ,'eminent-dock@yahoo.io', '29','Wed Jul 28 2038','Ilkeki iwi huwziful dowhija jele op afa imraw sa daf mamit cun ale dob jubi pej dac.') ;
INSERT INTO message values('323' ,'gray-pig@videotron.fr', '34','Sat Dec 29 2057','Tar jadek la feidear avudahoj valso ujazomi mo he fos fal red co momedpe wu eve pi.') ;
INSERT INTO message values('324' ,'dear-hands@mac.io', '31','Wed Nov 22 2079','Cimfuga vugov gureej zuhfif ganaz vogtub luefze otfok uzpom pop bufwu bihvir wazkirin mef goj izikoma net macbo.') ;
INSERT INTO message values('325' ,'holistic-club@mac.com', '27','Thu Aug 13 2037','Citmuzraw da morek femdubjuf fo pobaddiz vilivuwa pihsid lupogus kuof mifoca lap humo zi dega.') ;
INSERT INTO message values('326' ,'moaning-plant@gmail.fr', '47','Thu Sep 08 2039','Niba kaw meici wa gogajun eho co co jaizbi mopeg maco ba towgo ubaecva fal.') ;
INSERT INTO message values('327' ,'abstracted-note@icloud.us', '45','Wed Dec 29 2094','Cacov aviwaofu cikti dagneb sitaka ji it am nujsuce luveiru rup givsu huresa ufaol zuloca.') ;
INSERT INTO message values('328' ,'trashy-board@videotron.fr', '46','Wed Nov 03 2088','Icuap mege vuh fod ogakat nun buswah jegdo totalob odjaece semrak sim re cak isdon nata jusba.') ;
INSERT INTO message values('329' ,'icky-crowd@mac.ca', '47','Wed Jan 17 2035','Jifjur invohu eddofda ajo zin pih povu soked opvuni jokteb dep jidmajcu tis lebam.') ;
INSERT INTO message values('330' ,'melodic-fruit@hotmail.io', '37','Sat Dec 09 2102','Vajibef pun wac owicob lukmuw ipi ewe obehe ofhemu robkuov gimar ne sunli fok.') ;
INSERT INTO message values('331' ,'obese-trousers@me.ca', '9','Thu Jan 10 2069','Nob hu hu pafigse ife hivu tet ocezubam lubo bodusa cuwomahu pac sissoki lojem orifojnuk.') ;
INSERT INTO message values('332' ,'icky-crowd@mac.ca', '6','Sun Mar 06 2095','Selhizew elmeuk jawkawtib kimfi bek faduv uni tet tigezi nod un agsolgit.') ;
INSERT INTO message values('333' ,'endurable-giants@yahoo.com', '30','Fri Jul 08 2112','Siico nogkabvo pedas atite pasi isu ubwa ciucusi fucfoidi atu mik romubse gug ahcitof.') ;
INSERT INTO message values('334' ,'possessive-noise@mac.us', '25','Wed May 31 2090','Bihem ovuwuiri ubidej ovvitki avi ofoticra lofhukuj neele te tebpig wi neb fu vewvi fe la muzfip itho.') ;
INSERT INTO message values('335' ,'square-alarm@sympatico.ca', '40','Mon Dec 09 2069','Gonrozjo uhuru ucijo duzvohu sohhahhub dispuk ik mowrosfa mi kasiefu jihabo hekmalat ib ren.') ;
INSERT INTO message values('336' ,'melodic-fruit@hotmail.io', '37','Sat Nov 21 2037','Ta mo kud sugkab wadbah jus abge ajo limajo bugizki edofkes pidzifhe atza bawu.') ;
INSERT INTO message values('337' ,'elastic-loss@gmail.com', '16','Tue Jul 03 2108','Iwe ceaguw zadnahec wi tozmuju zuko unutaz atavin uvevogve alewi mapfupew wu nusi rofeoc epeeguelo.') ;
INSERT INTO message values('338' ,'eminent-dock@yahoo.io', '23','Mon Mar 30 2093','Tekba ruzboc vo kojtuba japtoho fikannoc dosfu aji gadur deplatlop gig tokoj gap koz ewnebu vezihwed sivju.') ;
INSERT INTO message values('339' ,'obese-trousers@me.ca', '9','Thu Jan 23 2048','Ifi fefi puvi hic ra bozuhik ewikarzit bujov asaidpi sebemsop ruadwa huhedceg wo.') ;
INSERT INTO message values('340' ,'furtive-canvas@hotmail.com', '36','Sun Feb 14 2077','Wumi tufjenda lenfe reg diz koho ojje fuz izupieh ritlito kupokcim huakete fubu.') ;
INSERT INTO message values('341' ,'burly-pipe@videotron.us', '3','Tue Jun 18 2024','Poovvog repo elciv sadiwozug ej bikjoh foisove hizot gasebwib ruhuba abzu pelijna opi sarmuhe vod niadfe foh nocezekaw.') ;
INSERT INTO message values('342' ,'mundane-condition@gmail.us', '49','Thu Aug 22 2109','Bus ihoocig rakir mo dehwofvu bumahure senat ca etza ga sewiw mawaw neuhe rocegira.') ;
INSERT INTO message values('343' ,'square-alarm@sympatico.ca', '40','Wed Apr 05 2062','Jejpevan vaf zolzopu gok uleru ijopodog fiupaasu saf avba etazonak raw nejraz pivkozuz.') ;
INSERT INTO message values('344' ,'gorgeous-sugar@sympatico.io', '24','Sun Nov 04 2096','Ora upla miwtif ifo vu oro meipa nonre cednemre bovu va dowalapo zivug diha.') ;
INSERT INTO message values('345' ,'eminent-dock@yahoo.io', '29','Sun Mar 05 2073','Kiwobit icadimi zivegpi zunifep onmoc wacive jabciw vaun guhguv icik zisum nu ninoca ibe ebauma ohevel culid.') ;
INSERT INTO message values('346' ,'impossible-flag@me.co', '12','Fri Aug 12 2095','Pe sunadbim rufjimsu ka ado ekasu tonofop hocwad ke caritam cepigi kejijuve hacpaj utnopca.') ;
INSERT INTO message values('347' ,'gorgeous-sugar@sympatico.io', '19','Fri Jan 04 2047','Orpidit banu lusjecu howatut tovehpot luv rurkinduv laharah eke rede ri urol sog fuccow turac reb wurlel wampera.') ;
INSERT INTO message values('348' ,'maddening-basketball@yahoo.co', '11','Sat Feb 15 2020','Sutad viovma ze cacre mad kevesi wu vehzioge weckal asvu fejehi wab it woj nawca.') ;
INSERT INTO message values('349' ,'green-steam@me.net', '49','Tue Sep 25 2085','Hejucce im can iguiphe uje vuahric rodudous halac ojacor ekmawoh nokukok fetejedo arootemas miriki vezeguc.') ;
INSERT INTO message values('350' ,'ludicrous-authority@videotron.fr', '31','Mon Jan 14 2109','Usowejimo wilaolu in helvom kanhaota elrewfut osvopi puv wefuw lodve evur sevreba guhmo node ge wietmol.') ;
INSERT INTO message values('351' ,'greasy-ground@mac.co', '46','Wed Dec 29 2032','Oka na vu sileb tovtamen lig es siv ova hibrilag jozu keuk ulupi.') ;
INSERT INTO message values('352' ,'square-alarm@sympatico.ca', '40','Sun Nov 01 2071','Erefolek dusoj zicuj ez ubaazehev vam fowtic kave mep ti la ra re.') ;
INSERT INTO message values('353' ,'thriving-arm@yahoo.io', '8','Wed Feb 22 2113','Pug valfi neb dobis jon hihin zopejoza nuwliheb ohlafcu jul ci neneune fid kunenkew ase eko namifuh.') ;
INSERT INTO message values('354' ,'mindless-wave@icloud.fr', '50','Wed Apr 10 2097','Wooti pu da hiew lak neij wevici il su gas evje nibip jojihaj tofdaeti ciwsuluh zual mohivlod wuicevo.') ;
INSERT INTO message values('355' ,'aquatic-rainstorm@yahoo.fr', '7','Thu Jun 10 2027','Ukuzi jebnadtu uv kem id tiap agdem mu ni ufepi pifpam bivame he.') ;
INSERT INTO message values('356' ,'trashy-board@videotron.fr', '46','Sun Jul 15 2091','Gad migirmaf ruknub cim dilses ke damcaro fosbib ofadoziz sut bodgiezo vov vika fanif hub.') ;
INSERT INTO message values('357' ,'abstracted-note@icloud.us', '19','Sat Nov 11 2056','Po belati aditeaz nu nutuhti me afa vupwi avu cebda tipzajug varev li sif viorozo mesaw atfutit.') ;
INSERT INTO message values('358' ,'elfin-arithmetic@hotmail.com', '23','Sat Feb 10 2046','Kozape batubat vus siguvi lakha ul geza agi saewiera kojwubna ki pena fef az osmew nolud wufderra sozhe.') ;
INSERT INTO message values('359' ,'mindless-wave@icloud.fr', '40','Sat Mar 27 2106','Rup kodo tormuz redair uk kozreso upiho mez ise hidonho bu ti po.') ;
INSERT INTO message values('360' ,'tense-door@me.co', '28','Sun Sep 28 2070','Cu ci ifbopru befuhpim saunjeh bi eceme latep za wud itamuko pij.') ;
INSERT INTO message values('361' ,'eminent-dock@yahoo.io', '18','Sun Dec 05 2032','Me ve mipusi vug izropi ti poc efetegoka risiecu zeb zucijsi rilum uheku gutitet.') ;
INSERT INTO message values('362' ,'eminent-dock@yahoo.io', '14','Fri Jul 02 2083','Vifve govmiep ivavi zi ri porge zurgav ogepi inusichul fi merzafsi deppu foleda kebla sapmeuhe pinacur vibev.') ;
INSERT INTO message values('363' ,'impossible-flag@me.co', '10','Tue May 02 2113','Ziikiz niene vujbak ab posrapuf rad vi pe bor fota ta tekmurwaw biawuwob.') ;
INSERT INTO message values('364' ,'tacky-driving@icloud.us', '33','Thu Feb 28 2086','Sugwafi wuhwo was vutuswi etenog ca rour uznit roc mugweiru opu vuli.') ;
INSERT INTO message values('365' ,'aquatic-rainstorm@yahoo.fr', '8','Sat Mar 06 2117','Saloemi ega hatiusu cazjuj ati jobu wobal gon luhjaowa enutostuz zokav kip da facuni aciwu.') ;
INSERT INTO message values('366' ,'ideal-guitar@sympatico.co', '13','Sat Mar 11 2028','Emzom zajuk heuno korufjad hukrebuw ezu gugoku pozuhujaf kitu jiljeaw din awubu jo uzge nibkapiv zasenu awuje di.') ;
INSERT INTO message values('367' ,'fanatical-visitor@videotron.net', '11','Sun Nov 05 2090','Mototu ugawehi vonbe liw wo je ulo kebder joldora no guipjiw ridizu seperi of tefor fijotzog fe ci.') ;
INSERT INTO message values('368' ,'repulsive-pail@videotron.net', '27','Wed Aug 26 2020','Jodebri eke mojfahcij afsum bilco hafot lu navgob zoz panus ceihin arafo risodej kovoew.') ;
INSERT INTO message values('369' ,'obese-trousers@me.ca', '18','Tue Jan 30 2052','Ru uno og morareuhi rim conpu cufeb junsuc vib cuz bapgod tun caveh ubisiw luisime damiv uzuutfop becce.') ;
INSERT INTO message values('370' ,'melodic-fruit@hotmail.io', '37','Sat Jul 14 2057','Gecepdo zu ipu si survez abuco zubre gi hafir wimesji vebnejfa puf ite luh loswopi nulori evhupozu.') ;
INSERT INTO message values('371' ,'aquatic-rainstorm@yahoo.fr', '8','Tue Apr 23 2030','Oci ik mob bi cu pa wu se kivuj gumevuf ro cares le dacuec.') ;
INSERT INTO message values('372' ,'cogent-weather@hotmail.us', '12','Sat Apr 03 2106','Ca we bon sulin epago waroc ce jod wuz lebtecul ruzo huv pize sopzodal surcujun duhpibas deme zugta.') ;
INSERT INTO message values('373' ,'haloed-reason@yahoo.us', '10','Sat Sep 30 2079','Laoh tecre dezij ukucilzip abne eporo udifufo pi ce comov moafu lizar ikabfu ocdun hunherkez makbut fewa ahhah.') ;
INSERT INTO message values('374' ,'eminent-dock@yahoo.io', '23','Tue Aug 09 2072','Tomkokig fiplegij kavut papo dunsi awuiba aj nihonkut fanosah ludo sare cijwi.') ;
INSERT INTO message values('375' ,'square-alarm@sympatico.ca', '34','Mon Jun 18 2091','Hefoit wupdu wukelo argukef weren jurca gehe bomi cuhif we ki sahag mowur ub enne etbib vagogib bi.') ;
INSERT INTO message values('376' ,'utopian-beginner@sympatico.us', '9','Sat Sep 07 2047','Evuju patonlu fu se toweri famjevo gesubmiz hu sesero wic oz zi cif nuwtu fipzisus tec.') ;
INSERT INTO message values('377' ,'tense-door@me.co', '28','Thu Jan 12 2090','Gi kopezli aj rebnijza efeiho ib vam di are bahkor kamkoj ippap pajuput ve voka afiavme.') ;
INSERT INTO message values('378' ,'seemly-sneeze@sympatico.fr', '16','Fri Jul 10 2111','Wamgu doinnul amzamu karebi fubewil gesjeet dowgew okerouz ipoligib bijudtu zekavoca womaov zerrojkeb raokipe.') ;
INSERT INTO message values('379' ,'hushed-seashore@yahoo.uk', '1','Sat Jan 26 2092','Vetetim jev carochaz cahizli escufse rodiiwo paelgaj ojco kibtuneg wezdadi zel hobpi hishitan bichihtel gacaimu lehsomnag.') ;
INSERT INTO message values('380' ,'abstracted-note@icloud.us', '45','Thu Nov 02 2017','Jib te olni waz luvsin molsisfu ruf tologbaz conurur fukjato denra kojojoc.') ;
INSERT INTO message values('381' ,'maddening-basketball@yahoo.co', '11','Sat Oct 11 2081','Cicikaafa enuakofej gadgu kinra ija egazah mejgeg jakavlic etfofsub cohe beuf sade.') ;
INSERT INTO message values('382' ,'showy-clam@videotron.uk', '31','Mon May 01 2102','Usanabsik epaeficu loem nunal cige najlide fot pi ib tihojzo zedefab iviekepev.') ;
INSERT INTO message values('383' ,'ludicrous-authority@videotron.fr', '12','Fri Sep 13 2041','Weelitu nugupe asmik si loz irusaz febuv nebfefwe una zufelloj wunsumsag epjukuk ra cis etaseb tacespaj.') ;
INSERT INTO message values('384' ,'impossible-flag@me.co', '10','Sat Feb 13 2117','Me one owevo bos tefuso uncelsa odzeb ja ejpukma tared ve von elad be uro ju gihhi gedfi.') ;
INSERT INTO message values('385' ,'bent-argument@me.fr', '1','Fri Jan 01 2077','Bujmi jujuja isu veweg reup kaifa gi lip doh awov tibjoh degsev bebobi carve.') ;
INSERT INTO message values('386' ,'abstracted-note@icloud.us', '19','Mon Jun 07 2083','Moj nifson zu fij zedga ekaoc cantegem taze ful wo ledda mi rumiusa iwge maptutjek.') ;
INSERT INTO message values('387' ,'thick-yard@sympatico.us', '2','Wed Oct 18 2017','Porbocgoz nudlulla fu monre at mavupre waderkug fi soge wu godhi kube luzikco vikokel nag.') ;
INSERT INTO message values('388' ,'elfin-arithmetic@hotmail.com', '23','Tue Jul 26 2061','Wuv cocipmat safuj hujizbut wopib ripi va ligvusad wahafwo okem iv nupfikas zizil.') ;
INSERT INTO message values('389' ,'futuristic-frog@sympatico.co', '8','Fri Aug 09 2058','Dekuver ruso dazzuta watveug roiraki gis amu rijotawu tu ebowugiv udo jinjurluk fe.') ;
INSERT INTO message values('390' ,'square-alarm@sympatico.ca', '34','Thu Jul 30 2054','Pifobu at tirilba wifte cawa zukekot sibi fabjep bu jalelleg kikmopke mos gilrahbum neziwuh felo.') ;
INSERT INTO message values('391' ,'rampant-thunder@gmail.io', '25','Mon Jul 31 2056','Ukiefobip miziti kabupavuz dihdo wolsi pevimig dinu rak lapupik fig tenum ru zozono.') ;
INSERT INTO message values('392' ,'beefy-heat@hotmail.com', '8','Fri Nov 19 2066','Mos rofbavi abamodo ami tipowrow road saworan irpedfib wigki bim gajkos ciltor pazfisid tu wose.') ;
INSERT INTO message values('393' ,'aquatic-rainstorm@yahoo.fr', '7','Mon Jan 27 2020','Ecava hugzufji viiv iwo aruvombe li tujen hastosoz uregejina feudo munwuc su lasos ma lan agificfat liojam.') ;
INSERT INTO message values('394' ,'greasy-ground@mac.co', '46','Thu Jul 08 2088','Duava gin vovwizu tiipe osbe va ozelibo ewnaet lova lak go zi fo.') ;
INSERT INTO message values('395' ,'tacky-driving@icloud.us', '33','Tue Aug 05 2025','Baozo huuva pez zi ome veli im vad sukco izo ha wumo wa un omfi.') ;
INSERT INTO message values('396' ,'utopian-beginner@sympatico.us', '9','Fri Nov 11 2044','Vohosofe ebowij wekode okreoka lar wepubuc zuvfashog didhir pog ac erevem retesuloc zuzgogri eti.') ;
INSERT INTO message values('397' ,'secret-eyes@icloud.us', '9','Tue Dec 31 2086','Awa re en gaji ikibisi juohvag fuwnu anpu ud rupagi vulde san jok opmom zatde liriv.') ;
INSERT INTO message values('398' ,'scarce-rifle@icloud.ca', '50','Mon Apr 28 2092','Uve sovo kocu susohi vuir visjeren neg sudvamob je caemaha wafzinew litketfo.') ;
INSERT INTO message values('399' ,'haloed-reason@yahoo.us', '6','Wed Jul 02 2098','Des go gifpid kedtisrir vacibro walhac kirbehu ujiminwih tozibur cov kotu nu nu miwdine.') ;
INSERT INTO message values('400' ,'giddy-cent@hotmail.ca', '36','Thu Nov 10 2050','Topu vulsogker gowepegi ki kusim tumolim bu jupe nargehod pik cagcezhur oniuh noujpam gaeka cozkiha gomde.') ;
INSERT INTO message values('401' ,'mindless-wave@icloud.fr', '50','Sun Aug 13 2113','Jedtot uhekaek wickaz mojurcij fonolji giziar tooloje goid vavlu akidedfan gaekupup legzo innoijo jokmesgag ri.') ;
INSERT INTO message values('402' ,'the-toothpaste@mac.io', '36','Mon May 27 2047','Robog sokutelu uge temzec atopiwu gozalre ijlus omeet wahad sogosre jihicpi lusjavez bu rob jabagat kebfuke.') ;
INSERT INTO message values('403' ,'furtive-canvas@hotmail.com', '36','Fri Apr 30 2077','Pudev for ehe zecivas zecave ipijob pavpifon vowhumzac dailo tasakro ilmar duag fabubli nonofmug fiwenol monij joje.') ;
INSERT INTO message values('404' ,'the-toothpaste@mac.io', '36','Tue Oct 21 2070','Jiropueni veh kuw hedeudu ohukez riktar gid utgaf fivnuz igleg lic macodana obocis.') ;
INSERT INTO message values('405' ,'crowded-death@hotmail.net', '50','Thu Aug 19 2032','Kic ge ackozzah kot wazri zucmo wuson luama pefugu geeciibi irran azot.') ;
INSERT INTO message values('406' ,'amazing-yarn@mac.ca', '19','Tue Jul 13 2077','Anpi bailgul nowta tuhso waijo tepvub noul tifwukiw kiczaceh ov fu rel.') ;
INSERT INTO message values('407' ,'possessive-noise@mac.us', '12','Fri Mar 06 2093','Lew sig lin upodasev ferdum nebho vuka zir do fe livum gukteb biwapo.') ;
INSERT INTO message values('408' ,'five-vase@sympatico.com', '18','Wed Aug 14 2047','Kifikat bec gub si cupfi fuso pukuzuhif vozses ajo ek ru zif hokubge.') ;
INSERT INTO message values('409' ,'abstracted-note@icloud.us', '13','Sat Nov 09 2024','Ru lud gegdep sudozu raamtod je juzasiic oto roatfu tishoce sozufcig za am zatib hohlu.') ;
INSERT INTO message values('410' ,'icky-crowd@mac.ca', '47','Sat Oct 05 2041','Zi abu ab biska bi difutgok zide ucu lowiskod saawukag no eg giri po wi ezjavi.') ;
INSERT INTO message values('411' ,'scarce-rifle@icloud.ca', '50','Mon Feb 12 2103','Wa irsoc opwefte ihjob dar ek fadta puzeh tiaz kasiri na lilno.') ;
INSERT INTO message values('412' ,'maddening-basketball@yahoo.co', '11','Thu Dec 28 2090','Tas vo giphafzaz japgat uc pinfaufe ruga rakmi ot ozlaih fabjebef aluub za iktak zov lalapbat ribul upuani.') ;
INSERT INTO message values('413' ,'gorgeous-sugar@sympatico.io', '19','Wed Jun 30 2117','Celris odbulka lubce gik viavu taddaraku hik boel il haj tuftinfi ihopi mefe jolu fohge wuar.') ;
INSERT INTO message values('414' ,'brash-pin@hotmail.com', '42','Wed Jul 19 2028','Cocagucu iv toz vuvace be go geav cavremuv fonnuhih socuko lu idku oj.') ;
INSERT INTO message values('415' ,'brash-pin@hotmail.com', '42','Sat Sep 25 2032','Sacig nil bahcipub nesaru wemte ulki te hezrofcek ekavabud ofe pajecu gegici.') ;
INSERT INTO message values('416' ,'jazzed-queen@gmail.fr', '41','Mon Apr 29 2024','Jeruiw purok kul uzusi kotemjuw cigbi najawjig bufulri kupceew bijdewira bafwolow igebuhisu kefizov.') ;
INSERT INTO message values('417' ,'furtive-canvas@hotmail.com', '36','Sat Aug 28 2032','Mulrudali baus cogez cu ezokovre fe tifi relvimo jesu ez zuvelu lad bubnuvepo celkosor foljaboc ji pibi.') ;
INSERT INTO message values('418' ,'eminent-dock@yahoo.io', '18','Tue Jul 26 2072','He zofnomgik wikutke wikjumak cobvem jiese avurigop zizime lersagag am pus usepozbol pokanwow mowasus.') ;
INSERT INTO message values('419' ,'ossified-scarf@sympatico.co', '32','Mon Apr 22 2041','Jeiz igopenih faw tesfuv cibwof lubhuc nor jisigmu golha locurec ma mevvovor fodole.') ;
INSERT INTO message values('420' ,'eminent-dock@yahoo.io', '18','Mon Aug 05 2019','Fi hithajiv wabsekez tico kilut sof kasurda run sumap bikihupa uve sekda fekasouzu.') ;
INSERT INTO message values('421' ,'untidy-notebook@videotron.uk', '22','Mon May 14 2040','Zigobo roj lituppo ameecu vove efmu amo muv ruf vi pocogu faleis.') ;
INSERT INTO message values('422' ,'giddy-cent@hotmail.ca', '36','Sun Sep 06 2071','Ku mabi ucawawmiw cetet tum potfa ka zem vusa gic uttip miwi pa turi.') ;
INSERT INTO message values('423' ,'cogent-weather@hotmail.us', '12','Wed Nov 04 2076','Ven ero lugehhuh ewoojji ofe wug odeco haf tocluk efta ru na.') ;
INSERT INTO message values('424' ,'untidy-notebook@videotron.uk', '22','Sat Dec 04 2117','Pevdoc puwog oju nizipuma eb muzjis kohen wub famuwwu ilha gemuhuf ivlunrec ro wubi sahujidar onomul.') ;
INSERT INTO message values('425' ,'repulsive-pail@videotron.net', '27','Wed Dec 10 2104','Femuped ov jadruow uvopi fet ginceg ileho wojzomulo hijuvi migo viupna warez fe rolel dajufo habe mewo.') ;
INSERT INTO message values('426' ,'gray-pig@videotron.fr', '34','Mon Jun 09 2053','Solo huzej um jehni lobvavlo utobijet bani jimwa vazpimib mawwahiw buvoli lofu fiw.') ;
INSERT INTO message values('427' ,'abstracted-note@icloud.us', '45','Sun Aug 12 2108','Hakopa ol muipde izojo fov wew gohni un hem fonizi telmitimi verebsa ram.') ;
INSERT INTO message values('428' ,'abstracted-note@icloud.us', '19','Sun Apr 08 2063','Mod tu zugam gifgum honawu opceipa rurfotwiw no su zorikuuh zoz emure tena lewi imepaov taajmat taz labo.') ;
INSERT INTO message values('429' ,'rampant-thunder@gmail.io', '25','Mon Nov 24 2098','Aloh pawleb ovsum ralaf sirikkez hep unjik redkor pi sal mifepgi gougke.') ;
INSERT INTO message values('430' ,'showy-clam@videotron.uk', '31','Mon May 11 2026','Ta sohfe umfoofe fi je wadfozi vuma galace vitpa miburew ojofi meecire bebinnu tecjutut vu wirnujup.') ;
INSERT INTO message values('431' ,'scarce-rifle@icloud.ca', '10','Tue Mar 18 2031','Bo madawotud luvra capenu nuca zikro pojufuw ofkigziz zunuupu tamuf zepujej vupwi cid akamuwi nawmuihi adugus.') ;
INSERT INTO message values('432' ,'possessive-noise@mac.us', '25','Thu Oct 15 2116','Fu tu ojevo folsendos ko ikuolani cotid ejmo ni fujodpe lem ka wimimevo nowe sursup soajjih.') ;
INSERT INTO message values('433' ,'untidy-notebook@videotron.uk', '12','Sun May 08 2033','Do ceru pu geje foiredi vavora badidov notan zeg demnewvo de hibamve mos movzupu.') ;
INSERT INTO message values('434' ,'ideal-guitar@sympatico.co', '45','Thu May 24 2096','Jelu do ke dises pekzelup fuctuf ziflij kaki ro ho tozog bi setwupsi cida ucibla huz.') ;
INSERT INTO message values('435' ,'spotted-deer@yahoo.io', '20','Sat Feb 15 2031','Sawcilnel sirep za dufcaf ji topma molubfuh seguvame uzeavjib cuhuis migotzes siji nicoago juhbe tus.') ;
INSERT INTO message values('436' ,'abstracted-note@icloud.us', '45','Wed Apr 06 2044','Si tefeke zi pu run vise dozrureb bu pukef obo ojuruf ga owduura awev.') ;
INSERT INTO message values('437' ,'gorgeous-sugar@sympatico.io', '24','Mon Sep 08 2042','Fil kifagvu fihif vusehpa zahof rub se bip igo pin afi jeb fo vabareke tevo ficar anep.') ;
INSERT INTO message values('438' ,'hurried-coal@icloud.io', '34','Fri Feb 16 2085','Co sijci sunru gozamel ebebek loacuze aszedgi jataw vigafow ad ge tagsoznu ivizapomi ijfu teab as tenipef.') ;
INSERT INTO message values('439' ,'mammoth-stocking@icloud.net', '44','Sun Feb 16 2053','Zimtobi jefzo kuwkic nobfumut pakka depwa civ ratedi neizeli dapri orwi vaz nuwotle zi gegepono.') ;
INSERT INTO message values('440' ,'obese-trousers@me.ca', '18','Tue Sep 30 2081','Woz ruf ut ev motjo kafemvic kugomej foddar vowob wawwuh calad hicin lipde ze vifebu me gogenez nuho.') ;
INSERT INTO message values('441' ,'eminent-dock@yahoo.io', '14','Sat Apr 13 2080','Ru vifec li teamiepe maziz dejop bu ferbecbu ikokugib bohe pir ufagatig fifiben vewjevwa ne jirefvuj mor fodfu.') ;
INSERT INTO message values('442' ,'utopian-beginner@sympatico.us', '9','Fri Jan 07 2050','Jogbaufe pawudot zuga kafif tangewfed cacfi hijhe ewokal lat fib ihgajfaj gapmo volwur naktav.') ;
INSERT INTO message values('443' ,'repulsive-pail@videotron.net', '49','Mon Jul 20 2099','Usgiw buggeh towrawme jeveetu fesemeno fofojmed feti obretu cuf si wof mutuzbo jagiwel ge teh not nodosza ce.') ;
INSERT INTO message values('444' ,'ratty-representative@sympatico.com', '30','Sat Apr 20 2069','Pup kubjed odle zi mufi pocomna ov giful si banod jebganrop gofo balnabhul licucek gidow cogfihkor faj.') ;
INSERT INTO message values('445' ,'mindless-wave@icloud.fr', '50','Sat Jun 09 2096','Pes vazoifo mahajim mo bad otji gem taate pahfuhu utejihkip su udmu osdivra tu.') ;
INSERT INTO message values('446' ,'fast-bikes@gmail.fr', '49','Thu Apr 19 2040','Ubefoh du ilbab co bo tafucisu rahave de tobduep he ra hesecu lohij uki zomsahza jiglap lil ute.') ;
INSERT INTO message values('447' ,'eminent-dock@yahoo.io', '14','Thu Nov 13 2098','Oc ile facpavil obiofi ze cuvrofra wilep vabjoum ejicawak lik cizpo ezo wepsuzi su.') ;
INSERT INTO message values('448' ,'ratty-representative@sympatico.com', '41','Thu Jan 21 2038','Huv zovi juhmut um paasadeg bitni gid itual guhevdi enjanmod jid pus.') ;
INSERT INTO message values('449' ,'hulking-rainstorm@gmail.co', '15','Mon Aug 02 2083','Pirmuh womu ov kafobwu juzaze rawlin ulso kihuszin jij sam ad taso muc ublu dezobij pinmijelu pem badnot.') ;
INSERT INTO message values('450' ,'abstracted-note@icloud.us', '1','Tue Jun 08 2106','Ovebig ar fiehoje ew nu ezala lu ecepup arowimje rozunroz duwohan towudbe jomjilsi.') ;
/* Script generated Thu Feb 23 2017 19:41:39 GMT-0500 (Eastern Standard Time)*/

INSERT INTO commentreaction values('385', 'melodic-fruit@hotmail.io', 'angry') ;
INSERT INTO commentreaction values('44', 'obese-trousers@me.ca', 'like') ;
INSERT INTO commentreaction values('26', 'chilly-grass@videotron.co', 'happy') ;
INSERT INTO commentreaction values('322', 'aspiring-bells@yahoo.io', 'sad') ;
INSERT INTO commentreaction values('341', 'sophisticated-dad@mac.fr', 'like') ;
INSERT INTO commentreaction values('38', 'amazing-yarn@mac.ca', 'happy') ;
INSERT INTO commentreaction values('284', 'max-harbor@gmail.uk', 'like') ;
INSERT INTO commentreaction values('334', 'cloistered-chin@mac.uk', 'angry') ;
INSERT INTO commentreaction values('233', 'rotten-front@videotron.io', 'happy') ;
INSERT INTO commentreaction values('334', 'max-harbor@gmail.uk', 'like') ;
INSERT INTO commentreaction values('388', 'haloed-reason@yahoo.us', 'happy') ;
INSERT INTO commentreaction values('173', 'rotten-front@videotron.io', 'excited') ;
INSERT INTO commentreaction values('325', 'rotten-front@videotron.io', 'happy') ;
INSERT INTO commentreaction values('371', 'honest-suggestion@sympatico.uk', 'excited') ;
INSERT INTO commentreaction values('268', 'giddy-cent@hotmail.ca', 'excited') ;
INSERT INTO commentreaction values('371', 'sophisticated-dad@mac.fr', 'angry') ;
INSERT INTO commentreaction values('207', 'moaning-plant@gmail.fr', 'excited') ;
INSERT INTO commentreaction values('337', 'cogent-weather@hotmail.us', 'like') ;
INSERT INTO commentreaction values('253', 'ideal-guitar@sympatico.co', 'like') ;
INSERT INTO commentreaction values('80', 'brash-pin@hotmail.com', 'excited') ;
INSERT INTO commentreaction values('430', 'scarce-rifle@icloud.ca', 'excited') ;
INSERT INTO commentreaction values('284', 'nauseating-song@sympatico.com', 'happy') ;
INSERT INTO commentreaction values('376', 'jumbled-wash@yahoo.ca', 'happy') ;
INSERT INTO commentreaction values('330', 'chilly-grass@videotron.co', 'happy') ;
INSERT INTO commentreaction values('356', 'ideal-guitar@sympatico.co', 'angry') ;
INSERT INTO commentreaction values('177', 'perpetual-rabbits@videotron.com', 'excited') ;
INSERT INTO commentreaction values('28', 'honest-suggestion@sympatico.uk', 'happy') ;
INSERT INTO commentreaction values('180', 'seemly-sneeze@sympatico.fr', 'like') ;
INSERT INTO commentreaction values('205', 'gorgeous-sugar@sympatico.io', 'happy') ;
INSERT INTO commentreaction values('222', 'daffy-angle@me.us', 'angry') ;
INSERT INTO commentreaction values('176', 'nauseating-song@sympatico.com', 'angry') ;
INSERT INTO commentreaction values('145', 'classy-girls@sympatico.us', 'like') ;
INSERT INTO commentreaction values('385', 'crowded-death@hotmail.net', 'like') ;
INSERT INTO commentreaction values('389', 'five-vase@sympatico.com', 'excited') ;
INSERT INTO commentreaction values('195', 'devilish-coast@me.net', 'sad') ;
INSERT INTO commentreaction values('225', 'gnarly-number@mac.net', 'sad') ;
INSERT INTO commentreaction values('281', 'the-toothpaste@mac.io', 'like') ;
INSERT INTO commentreaction values('267', 'green-steam@me.net', 'excited') ;
INSERT INTO commentreaction values('450', 'snappy-sack@sympatico.fr', 'angry') ;
INSERT INTO commentreaction values('185', 'brash-pin@hotmail.com', 'sad') ;
INSERT INTO commentreaction values('319', 'the-toothpaste@mac.io', 'happy') ;
INSERT INTO commentreaction values('129', 'obese-trousers@me.ca', 'sad') ;
INSERT INTO commentreaction values('250', 'trashy-board@videotron.fr', 'like') ;
INSERT INTO commentreaction values('265', 'gorgeous-sugar@sympatico.io', 'sad') ;
INSERT INTO commentreaction values('126', 'seemly-sneeze@sympatico.fr', 'sad') ;
INSERT INTO commentreaction values('189', 'rampant-thunder@gmail.io', 'happy') ;
INSERT INTO commentreaction values('253', 'furtive-canvas@hotmail.com', 'excited') ;
INSERT INTO commentreaction values('81', 'redundant-laugh@sympatico.ca', 'angry') ;
INSERT INTO commentreaction values('79', 'thriving-arm@yahoo.io', 'happy') ;
INSERT INTO commentreaction values('349', 'snappy-sack@sympatico.fr', 'like') ;
INSERT INTO commentreaction values('124', 'furtive-canvas@hotmail.com', 'excited') ;
INSERT INTO commentreaction values('143', 'five-vase@sympatico.com', 'like') ;
INSERT INTO commentreaction values('247', 'mundane-condition@gmail.us', 'angry') ;
INSERT INTO commentreaction values('145', 'noted-creature@mac.uk', 'excited') ;
INSERT INTO commentreaction values('225', 'romantic-match@yahoo.ca', 'happy') ;
INSERT INTO commentreaction values('443', 'greasy-ground@mac.co', 'angry') ;
INSERT INTO commentreaction values('69', 'sneaky-sense@yahoo.com', 'like') ;
INSERT INTO commentreaction values('344', 'snappy-sack@sympatico.fr', 'sad') ;
INSERT INTO commentreaction values('410', 'kaput-cook@sympatico.us', 'angry') ;
INSERT INTO commentreaction values('232', 'thick-yard@sympatico.us', 'angry') ;
INSERT INTO commentreaction values('253', 'past-bulb@yahoo.co', 'excited') ;
INSERT INTO commentreaction values('445', 'thriving-arm@yahoo.io', 'like') ;
INSERT INTO commentreaction values('220', 'burly-pipe@videotron.us', 'angry') ;
INSERT INTO commentreaction values('79', 'abstracted-note@icloud.us', 'like') ;
INSERT INTO commentreaction values('376', 'chilly-grass@videotron.co', 'sad') ;
INSERT INTO commentreaction values('217', 'lying-pencil@mac.io', 'excited') ;
INSERT INTO commentreaction values('398', 'spiteful-sugar@videotron.io', 'happy') ;
INSERT INTO commentreaction values('200', 'untidy-notebook@videotron.uk', 'excited') ;
INSERT INTO commentreaction values('412', 'primo-coast@sympatico.uk', 'excited') ;
INSERT INTO commentreaction values('110', 'gray-pig@videotron.fr', 'sad') ;
INSERT INTO commentreaction values('47', 'ludicrous-authority@videotron.fr', 'happy') ;
INSERT INTO commentreaction values('405', 'tacky-driving@icloud.us', 'angry') ;
INSERT INTO commentreaction values('81', 'square-alarm@sympatico.ca', 'sad') ;
INSERT INTO commentreaction values('240', 'mammoth-stocking@icloud.net', 'angry') ;
INSERT INTO commentreaction values('318', 'aspiring-bells@yahoo.io', 'happy') ;
INSERT INTO commentreaction values('355', 'ossified-scarf@sympatico.co', 'angry') ;
INSERT INTO commentreaction values('123', 'hurried-coal@icloud.io', 'angry') ;
INSERT INTO commentreaction values('442', 'gorgeous-sugar@sympatico.io', 'happy') ;
INSERT INTO commentreaction values('2', 'showy-clam@videotron.uk', 'like') ;
INSERT INTO commentreaction values('382', 'green-steam@me.net', 'angry') ;
INSERT INTO commentreaction values('144', 'greasy-ground@mac.co', 'like') ;
INSERT INTO commentreaction values('344', 'haloed-reason@yahoo.us', 'angry') ;
INSERT INTO commentreaction values('207', 'thick-yard@sympatico.us', 'excited') ;
INSERT INTO commentreaction values('288', 'gorgeous-sugar@sympatico.io', 'excited') ;
INSERT INTO commentreaction values('387', 'showy-clam@videotron.uk', 'happy') ;
INSERT INTO commentreaction values('259', 'futuristic-frog@sympatico.co', 'happy') ;
INSERT INTO commentreaction values('22', 'romantic-match@yahoo.ca', 'excited') ;
INSERT INTO commentreaction values('163', 'obese-trousers@me.ca', 'angry') ;
INSERT INTO commentreaction values('119', 'maddening-basketball@yahoo.co', 'excited') ;
INSERT INTO commentreaction values('11', 'harsh-porter@videotron.ca', 'angry') ;
INSERT INTO commentreaction values('111', 'crowded-death@hotmail.net', 'happy') ;
INSERT INTO commentreaction values('240', 'moaning-plant@gmail.fr', 'sad') ;
INSERT INTO commentreaction values('62', 'showy-clam@videotron.uk', 'sad') ;
INSERT INTO commentreaction values('210', 'fanatical-visitor@videotron.net', 'like') ;
INSERT INTO commentreaction values('260', 'brash-pin@hotmail.com', 'like') ;
INSERT INTO commentreaction values('437', 'brash-pin@hotmail.com', 'excited') ;
INSERT INTO commentreaction values('89', 'jumbled-wash@yahoo.ca', 'angry') ;
INSERT INTO commentreaction values('171', 'kaput-cook@sympatico.us', 'happy') ;
INSERT INTO commentreaction values('270', 'chilly-grass@videotron.co', 'excited') ;
INSERT INTO commentreaction values('107', 'thriving-arm@yahoo.io', 'like') ;
INSERT INTO commentreaction values('207', 'showy-clam@videotron.uk', 'like') ;
INSERT INTO commentreaction values('24', 'greasy-ground@mac.co', 'angry') ;
INSERT INTO commentreaction values('410', 'gorgeous-sugar@sympatico.io', 'angry') ;
INSERT INTO commentreaction values('91', 'romantic-match@yahoo.ca', 'sad') ;
INSERT INTO commentreaction values('266', 'cloistered-chin@mac.uk', 'happy') ;
INSERT INTO commentreaction values('152', 'trashy-board@videotron.fr', 'like') ;
INSERT INTO commentreaction values('246', 'fanatical-visitor@videotron.net', 'angry') ;
INSERT INTO commentreaction values('138', 'elegant-suggestion@hotmail.ca', 'sad') ;
INSERT INTO commentreaction values('380', 'futuristic-frog@sympatico.co', 'excited') ;
INSERT INTO commentreaction values('252', 'square-alarm@sympatico.ca', 'happy') ;
INSERT INTO commentreaction values('102', 'tacky-driving@icloud.us', 'like') ;
INSERT INTO commentreaction values('34', 'showy-clam@videotron.uk', 'happy') ;
INSERT INTO commentreaction values('143', 'burly-pipe@videotron.us', 'angry') ;
INSERT INTO commentreaction values('97', 'furtive-canvas@hotmail.com', 'happy') ;
INSERT INTO commentreaction values('151', 'nosy-wave@yahoo.uk', 'sad') ;
INSERT INTO commentreaction values('339', 'trashy-board@videotron.fr', 'excited') ;
INSERT INTO commentreaction values('78', 'past-bulb@yahoo.co', 'like') ;
INSERT INTO commentreaction values('291', 'the-toothpaste@mac.io', 'sad') ;
INSERT INTO commentreaction values('359', 'tacky-driving@icloud.us', 'happy') ;
INSERT INTO commentreaction values('329', 'square-alarm@sympatico.ca', 'happy') ;
INSERT INTO commentreaction values('348', 'burly-pipe@videotron.us', 'like') ;
INSERT INTO commentreaction values('209', 'repulsive-pail@videotron.net', 'happy') ;
INSERT INTO commentreaction values('324', 'melodic-fruit@hotmail.io', 'sad') ;
INSERT INTO commentreaction values('239', 'possessive-noise@mac.us', 'like') ;
INSERT INTO commentreaction values('429', 'noted-creature@mac.uk', 'excited') ;
INSERT INTO commentreaction values('139', 'perpetual-rabbits@videotron.com', 'like') ;
INSERT INTO commentreaction values('294', 'utopian-beginner@sympatico.us', 'like') ;
INSERT INTO commentreaction values('253', 'giddy-cent@hotmail.ca', 'excited') ;
INSERT INTO commentreaction values('268', 'futuristic-frog@sympatico.co', 'excited') ;
INSERT INTO commentreaction values('295', 'elegant-butter@icloud.us', 'excited') ;
INSERT INTO commentreaction values('253', 'alluring-icicle@gmail.co', 'like') ;
INSERT INTO commentreaction values('23', 'elfin-arithmetic@hotmail.com', 'excited') ;
INSERT INTO commentreaction values('388', 'fast-bikes@gmail.fr', 'sad') ;
INSERT INTO commentreaction values('143', 'max-harbor@gmail.uk', 'sad') ;
INSERT INTO commentreaction values('37', 'honest-suggestion@sympatico.uk', 'sad') ;
INSERT INTO commentreaction values('318', 'romantic-match@yahoo.ca', 'like') ;
INSERT INTO commentreaction values('227', 'short-mailbox@gmail.uk', 'like') ;
INSERT INTO commentreaction values('202', 'ideal-guitar@sympatico.co', 'sad') ;
INSERT INTO commentreaction values('54', 'elfin-arithmetic@hotmail.com', 'sad') ;
INSERT INTO commentreaction values('311', 'violent-advertisement@yahoo.us', 'happy') ;
INSERT INTO commentreaction values('15', 'chilly-grass@videotron.co', 'sad') ;
INSERT INTO commentreaction values('317', 'endurable-giants@yahoo.com', 'happy') ;
INSERT INTO commentreaction values('37', 'solid-back@sympatico.io', 'excited') ;
INSERT INTO commentreaction values('59', 'harsh-porter@videotron.ca', 'angry') ;
INSERT INTO commentreaction values('248', 'nosy-wave@yahoo.uk', 'sad') ;
INSERT INTO commentreaction values('71', 'maddening-basketball@yahoo.co', 'sad') ;
INSERT INTO commentreaction values('354', 'short-mailbox@gmail.uk', 'like') ;
INSERT INTO commentreaction values('44', 'alluring-icicle@gmail.co', 'excited') ;
INSERT INTO commentreaction values('157', 'vulgar-silk@mac.co', 'like') ;
INSERT INTO commentreaction values('424', 'vulgar-silk@mac.co', 'excited') ;
INSERT INTO commentreaction values('178', 'thriving-arm@yahoo.io', 'sad') ;
INSERT INTO commentreaction values('441', 'snappy-sack@sympatico.fr', 'angry') ;
INSERT INTO commentreaction values('319', 'ratty-representative@sympatico.com', 'happy') ;
INSERT INTO commentreaction values('241', 'endurable-giants@yahoo.com', 'angry') ;
INSERT INTO commentreaction values('198', 'different-step@gmail.net', 'happy') ;
INSERT INTO commentreaction values('23', 'naughty-balance@mac.io', 'angry') ;
INSERT INTO commentreaction values('268', 'haloed-reason@yahoo.us', 'excited') ;
INSERT INTO commentreaction values('274', 'tacky-driving@icloud.us', 'like') ;
INSERT INTO commentreaction values('312', 'naughty-balance@mac.io', 'like') ;
INSERT INTO commentreaction values('255', 'plausible-face@gmail.fr', 'like') ;
INSERT INTO commentreaction values('302', 'perpetual-rabbits@videotron.com', 'like') ;
INSERT INTO commentreaction values('332', 'dear-hands@mac.io', 'excited') ;
INSERT INTO commentreaction values('250', 'different-step@gmail.net', 'like') ;
INSERT INTO commentreaction values('87', 'holistic-club@mac.com', 'sad') ;
INSERT INTO commentreaction values('113', 'violent-advertisement@yahoo.us', 'angry') ;
INSERT INTO commentreaction values('350', 'showy-clam@videotron.uk', 'angry') ;
INSERT INTO commentreaction values('34', 'thriving-arm@yahoo.io', 'happy') ;
INSERT INTO commentreaction values('10', 'different-step@gmail.net', 'happy') ;
INSERT INTO commentreaction values('36', 'rampant-thunder@gmail.io', 'sad') ;
INSERT INTO commentreaction values('158', 'furtive-canvas@hotmail.com', 'like') ;
INSERT INTO commentreaction values('254', 'burly-pipe@videotron.us', 'happy') ;
INSERT INTO commentreaction values('156', 'tacky-driving@icloud.us', 'happy') ;
INSERT INTO commentreaction values('396', 'vulgar-silk@mac.co', 'angry') ;
INSERT INTO commentreaction values('41', 'cloistered-chin@mac.uk', 'sad') ;
INSERT INTO commentreaction values('264', 'lying-pencil@mac.io', 'like') ;
INSERT INTO commentreaction values('237', 'devilish-coast@me.net', 'excited') ;
INSERT INTO commentreaction values('273', 'daffy-angle@me.us', 'like') ;
INSERT INTO commentreaction values('103', 'jazzed-queen@gmail.fr', 'happy') ;
INSERT INTO commentreaction values('267', 'alluring-icicle@gmail.co', 'like') ;
INSERT INTO commentreaction values('151', 'greasy-ground@mac.co', 'happy') ;
INSERT INTO commentreaction values('443', 'alluring-icicle@gmail.co', 'sad') ;
INSERT INTO commentreaction values('370', 'crowded-death@hotmail.net', 'angry') ;
INSERT INTO commentreaction values('105', 'holistic-club@mac.com', 'like') ;
INSERT INTO commentreaction values('80', 'sneaky-sense@yahoo.com', 'excited') ;
INSERT INTO commentreaction values('245', 'obese-trousers@me.ca', 'sad') ;
INSERT INTO commentreaction values('110', 'ratty-representative@sympatico.com', 'sad') ;
INSERT INTO commentreaction values('407', 'utopian-beginner@sympatico.us', 'happy') ;
INSERT INTO commentreaction values('73', 'nosy-wave@yahoo.uk', 'angry') ;
INSERT INTO commentreaction values('364', 'thoughtless-respect@sympatico.fr', 'excited') ;
INSERT INTO commentreaction values('217', 'punchy-position@yahoo.com', 'excited') ;
INSERT INTO commentreaction values('278', 'maddening-basketball@yahoo.co', 'angry') ;
INSERT INTO commentreaction values('424', 'obese-trousers@me.ca', 'angry') ;
INSERT INTO commentreaction values('172', 'elastic-loss@gmail.com', 'angry') ;
INSERT INTO commentreaction values('305', 'giddy-cent@hotmail.ca', 'happy') ;
INSERT INTO commentreaction values('233', 'different-step@gmail.net', 'happy') ;
INSERT INTO commentreaction values('235', 'trashy-board@videotron.fr', 'like') ;
INSERT INTO commentreaction values('444', 'nauseating-song@sympatico.com', 'happy') ;
INSERT INTO commentreaction values('196', 'utopian-beginner@sympatico.us', 'sad') ;
INSERT INTO commentreaction values('77', 'poised-giants@mac.co', 'like') ;
INSERT INTO commentreaction values('10', 'ideal-guitar@sympatico.co', 'angry') ;
INSERT INTO commentreaction values('91', 'mundane-condition@gmail.us', 'sad') ;
INSERT INTO commentreaction values('377', 'aspiring-bells@yahoo.io', 'sad') ;
INSERT INTO commentreaction values('84', 'gnarly-number@mac.net', 'sad') ;
INSERT INTO commentreaction values('155', 'gray-pig@videotron.fr', 'excited') ;
INSERT INTO commentreaction values('48', 'spotted-deer@yahoo.io', 'like') ;
INSERT INTO commentreaction values('241', 'redundant-laugh@sympatico.ca', 'sad') ;
INSERT INTO commentreaction values('183', 'jumbled-wash@yahoo.ca', 'like') ;
INSERT INTO commentreaction values('328', 'chilly-grass@videotron.co', 'sad') ;
INSERT INTO commentreaction values('203', 'scarce-rifle@icloud.ca', 'angry') ;
INSERT INTO commentreaction values('320', 'bent-argument@me.fr', 'excited') ;
INSERT INTO commentreaction values('444', 'burly-pipe@videotron.us', 'happy') ;
INSERT INTO commentreaction values('24', 'ludicrous-authority@videotron.fr', 'excited') ;
INSERT INTO commentreaction values('385', 'devilish-coast@me.net', 'like') ;
INSERT INTO commentreaction values('263', 'noted-creature@mac.uk', 'excited') ;
INSERT INTO commentreaction values('381', 'fast-bikes@gmail.fr', 'angry') ;
INSERT INTO commentreaction values('313', 'chilly-grass@videotron.co', 'angry') ;
INSERT INTO commentreaction values('334', 'vulgar-silk@mac.co', 'sad') ;
INSERT INTO commentreaction values('431', 'max-harbor@gmail.uk', 'angry') ;
INSERT INTO commentreaction values('179', 'nauseating-song@sympatico.com', 'angry') ;
INSERT INTO commentreaction values('351', 'maddening-basketball@yahoo.co', 'happy') ;
INSERT INTO commentreaction values('7', 'five-vase@sympatico.com', 'excited') ;
INSERT INTO commentreaction values('377', 'endurable-giants@yahoo.com', 'angry') ;
INSERT INTO commentreaction values('333', 'thriving-arm@yahoo.io', 'sad') ;
INSERT INTO commentreaction values('65', 'aquatic-rainstorm@yahoo.fr', 'excited') ;
INSERT INTO commentreaction values('73', 'max-harbor@gmail.uk', 'like') ;
INSERT INTO commentreaction values('316', 'hulking-rainstorm@gmail.co', 'angry') ;
INSERT INTO commentreaction values('274', 'nosy-wave@yahoo.uk', 'excited') ;
INSERT INTO commentreaction values('227', 'mindless-wave@icloud.fr', 'excited') ;
INSERT INTO commentreaction values('62', 'mammoth-stocking@icloud.net', 'angry') ;
INSERT INTO commentreaction values('197', 'bent-argument@me.fr', 'sad') ;
INSERT INTO commentreaction values('190', 'fast-bikes@gmail.fr', 'angry') ;
INSERT INTO commentreaction values('158', 'vulgar-silk@mac.co', 'excited') ;
INSERT INTO commentreaction values('198', 'melodic-fruit@hotmail.io', 'happy') ;
INSERT INTO commentreaction values('330', 'maddening-basketball@yahoo.co', 'like') ;
INSERT INTO commentreaction values('168', 'gray-pig@videotron.fr', 'happy') ;
INSERT INTO commentreaction values('90', 'alluring-icicle@gmail.co', 'angry') ;
INSERT INTO commentreaction values('108', 'seemly-sneeze@sympatico.fr', 'happy') ;
INSERT INTO commentreaction values('36', 'romantic-match@yahoo.ca', 'excited') ;
INSERT INTO commentreaction values('28', 'harsh-porter@videotron.ca', 'excited') ;
INSERT INTO commentreaction values('33', 'violent-advertisement@yahoo.us', 'excited') ;
INSERT INTO commentreaction values('64', 'giddy-cent@hotmail.ca', 'like') ;
INSERT INTO commentreaction values('45', 'ossified-scarf@sympatico.co', 'excited') ;
INSERT INTO commentreaction values('441', 'giddy-cent@hotmail.ca', 'excited') ;
INSERT INTO commentreaction values('232', 'furtive-canvas@hotmail.com', 'sad') ;
INSERT INTO commentreaction values('428', 'moaning-plant@gmail.fr', 'like') ;
INSERT INTO commentreaction values('238', 'dear-hands@mac.io', 'excited') ;
INSERT INTO commentreaction values('169', 'burly-pipe@videotron.us', 'angry') ;
INSERT INTO commentreaction values('71', 'jumbled-wash@yahoo.ca', 'happy') ;
INSERT INTO commentreaction values('145', 'different-step@gmail.net', 'angry') ;
INSERT INTO commentreaction values('298', 'kaput-cook@sympatico.us', 'sad') ;
INSERT INTO commentreaction values('103', 'solid-back@sympatico.io', 'like') ;
INSERT INTO commentreaction values('64', 'jumbled-wash@yahoo.ca', 'sad') ;
INSERT INTO commentreaction values('293', 'ossified-scarf@sympatico.co', 'sad') ;
INSERT INTO commentreaction values('86', 'maddening-basketball@yahoo.co', 'happy') ;
INSERT INTO commentreaction values('147', 'noted-creature@mac.uk', 'angry') ;
INSERT INTO commentreaction values('68', 'elastic-loss@gmail.com', 'angry') ;
INSERT INTO commentreaction values('406', 'showy-clam@videotron.uk', 'angry') ;
INSERT INTO commentreaction values('130', 'thoughtless-respect@sympatico.fr', 'angry') ;
INSERT INTO commentreaction values('248', 'endurable-giants@yahoo.com', 'sad') ;
INSERT INTO commentreaction values('364', 'ideal-guitar@sympatico.co', 'happy') ;
INSERT INTO commentreaction values('356', 'possessive-noise@mac.us', 'excited') ;
INSERT INTO commentreaction values('230', 'scarce-rifle@icloud.ca', 'angry') ;
INSERT INTO commentreaction values('338', 'short-mailbox@gmail.uk', 'angry') ;
INSERT INTO commentreaction values('190', 'moaning-plant@gmail.fr', 'excited') ;
INSERT INTO commentreaction values('422', 'ossified-scarf@sympatico.co', 'like') ;
INSERT INTO commentreaction values('24', 'nosy-wave@yahoo.uk', 'happy') ;
INSERT INTO commentreaction values('197', 'dear-hands@mac.io', 'angry') ;
INSERT INTO commentreaction values('163', 'endurable-giants@yahoo.com', 'angry') ;
INSERT INTO commentreaction values('273', 'green-steam@me.net', 'happy') ;
INSERT INTO commentreaction values('228', 'untidy-notebook@videotron.uk', 'excited') ;
INSERT INTO commentreaction values('261', 'impossible-flag@me.co', 'angry') ;
INSERT INTO commentreaction values('118', 'eminent-dock@yahoo.io', 'like') ;
INSERT INTO commentreaction values('107', 'crowded-death@hotmail.net', 'sad') ;
INSERT INTO commentreaction values('358', 'square-alarm@sympatico.ca', 'excited') ;
INSERT INTO commentreaction values('413', 'punchy-position@yahoo.com', 'sad') ;
INSERT INTO commentreaction values('18', 'furtive-canvas@hotmail.com', 'sad') ;
INSERT INTO commentreaction values('79', 'romantic-match@yahoo.ca', 'sad') ;
INSERT INTO commentreaction values('437', 'max-harbor@gmail.uk', 'happy') ;
INSERT INTO commentreaction values('28', 'romantic-match@yahoo.ca', 'sad') ;
INSERT INTO commentreaction values('166', 'ratty-representative@sympatico.com', 'sad') ;
INSERT INTO commentreaction values('304', 'endurable-giants@yahoo.com', 'happy') ;
INSERT INTO commentreaction values('71', 'alluring-icicle@gmail.co', 'excited') ;
INSERT INTO commentreaction values('122', 'devilish-coast@me.net', 'angry') ;
INSERT INTO commentreaction values('440', 'romantic-match@yahoo.ca', 'excited') ;
INSERT INTO commentreaction values('48', 'repulsive-pail@videotron.net', 'happy') ;
INSERT INTO commentreaction values('242', 'punchy-position@yahoo.com', 'happy') ;
INSERT INTO commentreaction values('445', 'possessive-noise@mac.us', 'angry') ;
INSERT INTO commentreaction values('207', 'thoughtless-respect@sympatico.fr', 'happy') ;
INSERT INTO commentreaction values('406', 'gorgeous-sugar@sympatico.io', 'like') ;
INSERT INTO commentreaction values('197', 'short-mailbox@gmail.uk', 'angry') ;
INSERT INTO commentreaction values('75', 'rampant-thunder@gmail.io', 'like') ;
INSERT INTO commentreaction values('100', 'dear-hands@mac.io', 'sad') ;
INSERT INTO commentreaction values('319', 'ludicrous-authority@videotron.fr', 'excited') ;
INSERT INTO commentreaction values('193', 'haloed-reason@yahoo.us', 'like') ;
INSERT INTO commentreaction values('293', 'spotted-deer@yahoo.io', 'excited') ;
INSERT INTO commentreaction values('141', 'nauseating-song@sympatico.com', 'angry') ;
INSERT INTO commentreaction values('119', 'fanatical-visitor@videotron.net', 'like') ;
INSERT INTO commentreaction values('339', 'elegant-suggestion@hotmail.ca', 'happy') ;
INSERT INTO commentreaction values('440', 'fanatical-visitor@videotron.net', 'happy') ;
INSERT INTO commentreaction values('374', 'ratty-representative@sympatico.com', 'sad') ;
INSERT INTO commentreaction values('172', 'mindless-wave@icloud.fr', 'angry') ;
INSERT INTO commentreaction values('425', 'the-toothpaste@mac.io', 'excited') ;
INSERT INTO commentreaction values('47', 'violent-advertisement@yahoo.us', 'like') ;
INSERT INTO commentreaction values('305', 'amazing-yarn@mac.ca', 'angry') ;
INSERT INTO commentreaction values('350', 'perpetual-rabbits@videotron.com', 'happy') ;
INSERT INTO commentreaction values('307', 'holistic-club@mac.com', 'excited') ;
INSERT INTO commentreaction values('446', 'five-vase@sympatico.com', 'angry') ;
INSERT INTO commentreaction values('318', 'gorgeous-sugar@sympatico.io', 'sad') ;
INSERT INTO commentreaction values('281', 'thoughtless-respect@sympatico.fr', 'excited') ;
INSERT INTO commentreaction values('262', 'secret-eyes@icloud.us', 'angry') ;
INSERT INTO commentreaction values('370', 'thriving-arm@yahoo.io', 'like') ;
INSERT INTO commentreaction values('414', 'gnarly-number@mac.net', 'like') ;
INSERT INTO commentreaction values('260', 'abstracted-note@icloud.us', 'angry') ;
INSERT INTO commentreaction values('92', 'dear-hands@mac.io', 'excited') ;
INSERT INTO commentreaction values('268', 'secret-eyes@icloud.us', 'angry') ;
INSERT INTO commentreaction values('401', 'dear-hands@mac.io', 'sad') ;
INSERT INTO commentreaction values('286', 'furtive-canvas@hotmail.com', 'like') ;
INSERT INTO commentreaction values('256', 'obese-trousers@me.ca', 'sad') ;
INSERT INTO commentreaction values('361', 'utopian-beginner@sympatico.us', 'sad') ;
INSERT INTO commentreaction values('444', 'devilish-coast@me.net', 'angry') ;
INSERT INTO commentreaction values('291', 'secret-eyes@icloud.us', 'sad') ;
INSERT INTO commentreaction values('167', 'seemly-sneeze@sympatico.fr', 'sad') ;
INSERT INTO commentreaction values('409', 'elegant-butter@icloud.us', 'happy') ;
INSERT INTO commentreaction values('401', 'tacky-driving@icloud.us', 'happy') ;
INSERT INTO commentreaction values('221', 'ratty-representative@sympatico.com', 'excited') ;
INSERT INTO commentreaction values('113', 'punchy-position@yahoo.com', 'like') ;
INSERT INTO commentreaction values('11', 'holistic-club@mac.com', 'happy') ;
INSERT INTO commentreaction values('195', 'obese-trousers@me.ca', 'excited') ;
INSERT INTO commentreaction values('348', 'obese-trousers@me.ca', 'excited') ;
INSERT INTO commentreaction values('286', 'thriving-arm@yahoo.io', 'happy') ;
INSERT INTO commentreaction values('131', 'primo-coast@sympatico.uk', 'angry') ;
INSERT INTO commentreaction values('331', 'past-bulb@yahoo.co', 'sad') ;
INSERT INTO commentreaction values('365', 'sneaky-sense@yahoo.com', 'sad') ;
INSERT INTO commentreaction values('48', 'hulking-rainstorm@gmail.co', 'like') ;
INSERT INTO commentreaction values('8', 'sophisticated-dad@mac.fr', 'happy') ;
INSERT INTO commentreaction values('62', 'sophisticated-dad@mac.fr', 'excited') ;
INSERT INTO commentreaction values('448', 'giddy-cent@hotmail.ca', 'excited') ;
INSERT INTO commentreaction values('307', 'endurable-giants@yahoo.com', 'angry') ;
INSERT INTO commentreaction values('217', 'aspiring-bells@yahoo.io', 'happy') ;
INSERT INTO commentreaction values('10', 'hulking-rainstorm@gmail.co', 'angry') ;
INSERT INTO commentreaction values('3', 'jumbled-wash@yahoo.ca', 'excited') ;
INSERT INTO commentreaction values('13', 'untidy-notebook@videotron.uk', 'happy') ;
INSERT INTO commentreaction values('256', 'aquatic-rainstorm@yahoo.fr', 'angry') ;
INSERT INTO commentreaction values('233', 'hurried-coal@icloud.io', 'like') ;
INSERT INTO commentreaction values('4', 'thick-yard@sympatico.us', 'like') ;
INSERT INTO commentreaction values('420', 'furtive-canvas@hotmail.com', 'like') ;
INSERT INTO commentreaction values('432', 'five-vase@sympatico.com', 'excited') ;
INSERT INTO commentreaction values('341', 'rotten-front@videotron.io', 'excited') ;
INSERT INTO commentreaction values('348', 'secret-eyes@icloud.us', 'sad') ;
INSERT INTO commentreaction values('233', 'eminent-dock@yahoo.io', 'angry') ;
INSERT INTO commentreaction values('316', 'possessive-noise@mac.us', 'sad') ;
INSERT INTO commentreaction values('290', 'noted-creature@mac.uk', 'angry') ;
INSERT INTO commentreaction values('419', 'elastic-loss@gmail.com', 'sad') ;
INSERT INTO commentreaction values('311', 'honest-suggestion@sympatico.uk', 'angry') ;
INSERT INTO commentreaction values('344', 'five-vase@sympatico.com', 'sad') ;
INSERT INTO commentreaction values('192', 'aquatic-rainstorm@yahoo.fr', 'happy') ;
INSERT INTO commentreaction values('400', 'different-step@gmail.net', 'happy') ;
INSERT INTO commentreaction values('300', 'primo-coast@sympatico.uk', 'happy') ;
INSERT INTO commentreaction values('189', 'scarce-rifle@icloud.ca', 'excited') ;
INSERT INTO commentreaction values('446', 'obese-trousers@me.ca', 'like') ;
INSERT INTO commentreaction values('379', 'abstracted-note@icloud.us', 'like') ;
INSERT INTO commentreaction values('439', 'seemly-sneeze@sympatico.fr', 'excited') ;
INSERT INTO commentreaction values('387', 'icky-crowd@mac.ca', 'excited') ;
INSERT INTO commentreaction values('446', 'nosy-wave@yahoo.uk', 'sad') ;
INSERT INTO commentreaction values('235', 'harsh-porter@videotron.ca', 'excited') ;
INSERT INTO commentreaction values('323', 'crowded-death@hotmail.net', 'angry') ;
INSERT INTO commentreaction values('226', 'chilly-grass@videotron.co', 'like') ;
INSERT INTO commentreaction values('439', 'futuristic-frog@sympatico.co', 'like') ;
INSERT INTO commentreaction values('318', 'different-step@gmail.net', 'sad') ;
INSERT INTO commentreaction values('249', 'aquatic-rainstorm@yahoo.fr', 'excited') ;
INSERT INTO commentreaction values('37', 'kaput-cook@sympatico.us', 'happy') ;
INSERT INTO commentreaction values('80', 'maddening-basketball@yahoo.co', 'angry') ;
INSERT INTO commentreaction values('272', 'crowded-death@hotmail.net', 'happy') ;
INSERT INTO commentreaction values('58', 'solid-back@sympatico.io', 'angry') ;
INSERT INTO commentreaction values('221', 'past-bulb@yahoo.co', 'like') ;
INSERT INTO commentreaction values('400', 'showy-clam@videotron.uk', 'sad') ;
INSERT INTO commentreaction values('345', 'aquatic-rainstorm@yahoo.fr', 'like') ;
INSERT INTO commentreaction values('185', 'five-vase@sympatico.com', 'sad') ;
INSERT INTO commentreaction values('271', 'obese-trousers@me.ca', 'like') ;
INSERT INTO commentreaction values('211', 'hushed-seashore@yahoo.uk', 'excited') ;
INSERT INTO commentreaction values('201', 'fanatical-visitor@videotron.net', 'angry') ;
INSERT INTO commentreaction values('251', 'abstracted-note@icloud.us', 'sad') ;
INSERT INTO commentreaction values('156', 'thoughtless-respect@sympatico.fr', 'sad') ;
INSERT INTO commentreaction values('313', 'harsh-porter@videotron.ca', 'like') ;
INSERT INTO commentreaction values('248', 'cloistered-chin@mac.uk', 'angry') ;
INSERT INTO commentreaction values('237', 'max-harbor@gmail.uk', 'happy') ;
INSERT INTO commentreaction values('369', 'giddy-cent@hotmail.ca', 'like') ;
INSERT INTO commentreaction values('426', 'perpetual-rabbits@videotron.com', 'happy') ;
INSERT INTO commentreaction values('102', 'ludicrous-authority@videotron.fr', 'sad') ;
INSERT INTO commentreaction values('202', 'devilish-coast@me.net', 'happy') ;
INSERT INTO commentreaction values('423', 'repulsive-pail@videotron.net', 'sad') ;
INSERT INTO commentreaction values('88', 'romantic-match@yahoo.ca', 'like') ;
INSERT INTO commentreaction values('276', 'hushed-seashore@yahoo.uk', 'like') ;
INSERT INTO commentreaction values('347', 'chilly-grass@videotron.co', 'angry') ;
INSERT INTO commentreaction values('290', 'fanatical-visitor@videotron.net', 'angry') ;
INSERT INTO commentreaction values('315', 'violent-advertisement@yahoo.us', 'like') ;
INSERT INTO commentreaction values('360', 'poised-giants@mac.co', 'like') ;
INSERT INTO commentreaction values('322', 'hushed-seashore@yahoo.uk', 'like') ;
INSERT INTO commentreaction values('187', 'maddening-basketball@yahoo.co', 'angry') ;
INSERT INTO commentreaction values('261', 'icky-crowd@mac.ca', 'like') ;
/* Script generated Thu Feb 23 2017 19:41:39 GMT-0500 (Eastern Standard Time)*/

INSERT INTO postreaction values('115', 'chilly-grass@videotron.co', 'excited') ;
INSERT INTO postreaction values('149', 'cloistered-chin@mac.uk', 'excited') ;
INSERT INTO postreaction values('32', 'seemly-sneeze@sympatico.fr', 'sad') ;
INSERT INTO postreaction values('108', 'thriving-arm@yahoo.io', 'excited') ;
INSERT INTO postreaction values('113', 'maddening-basketball@yahoo.co', 'happy') ;
INSERT INTO postreaction values('19', 'tacky-driving@icloud.us', 'sad') ;
INSERT INTO postreaction values('86', 'rotten-front@videotron.io', 'angry') ;
INSERT INTO postreaction values('82', 'lying-pencil@mac.io', 'happy') ;
INSERT INTO postreaction values('29', 'solid-back@sympatico.io', 'angry') ;
INSERT INTO postreaction values('82', 'sneaky-sense@yahoo.com', 'happy') ;
INSERT INTO postreaction values('32', 'gray-pig@videotron.fr', 'excited') ;
INSERT INTO postreaction values('114', 'mammoth-stocking@icloud.net', 'like') ;
INSERT INTO postreaction values('26', 'nosy-wave@yahoo.uk', 'sad') ;
INSERT INTO postreaction values('137', 'different-step@gmail.net', 'like') ;
INSERT INTO postreaction values('122', 'short-mailbox@gmail.uk', 'angry') ;
INSERT INTO postreaction values('61', 'ideal-guitar@sympatico.co', 'happy') ;
INSERT INTO postreaction values('22', 'past-bulb@yahoo.co', 'like') ;
INSERT INTO postreaction values('130', 'ludicrous-authority@videotron.fr', 'excited') ;
INSERT INTO postreaction values('64', 'redundant-laugh@sympatico.ca', 'like') ;
INSERT INTO postreaction values('74', 'untidy-notebook@videotron.uk', 'angry') ;
INSERT INTO postreaction values('123', 'hushed-seashore@yahoo.uk', 'like') ;
INSERT INTO postreaction values('100', 'tense-door@me.co', 'angry') ;
INSERT INTO postreaction values('42', 'moaning-plant@gmail.fr', 'angry') ;
INSERT INTO postreaction values('63', 'plausible-face@gmail.fr', 'sad') ;
INSERT INTO postreaction values('135', 'short-mailbox@gmail.uk', 'happy') ;
INSERT INTO postreaction values('51', 'elegant-butter@icloud.us', 'happy') ;
INSERT INTO postreaction values('116', 'naughty-balance@mac.io', 'like') ;
INSERT INTO postreaction values('1', 'hurried-coal@icloud.io', 'angry') ;
INSERT INTO postreaction values('43', 'vulgar-silk@mac.co', 'happy') ;
INSERT INTO postreaction values('52', 'five-vase@sympatico.com', 'like') ;
INSERT INTO postreaction values('133', 'alluring-icicle@gmail.co', 'happy') ;
INSERT INTO postreaction values('99', 'ludicrous-authority@videotron.fr', 'excited') ;
INSERT INTO postreaction values('43', 'the-toothpaste@mac.io', 'like') ;
INSERT INTO postreaction values('63', 'bent-argument@me.fr', 'like') ;
INSERT INTO postreaction values('149', 'untidy-notebook@videotron.uk', 'happy') ;
INSERT INTO postreaction values('114', 'moaning-plant@gmail.fr', 'excited') ;
INSERT INTO postreaction values('83', 'showy-clam@videotron.uk', 'like') ;
INSERT INTO postreaction values('92', 'beefy-heat@hotmail.com', 'excited') ;
INSERT INTO postreaction values('86', 'spiteful-sugar@videotron.io', 'happy') ;
INSERT INTO postreaction values('107', 'tense-door@me.co', 'excited') ;
INSERT INTO postreaction values('71', 'rampant-thunder@gmail.io', 'angry') ;
INSERT INTO postreaction values('51', 'nauseating-song@sympatico.com', 'sad') ;
INSERT INTO postreaction values('122', 'aquatic-rainstorm@yahoo.fr', 'excited') ;
INSERT INTO postreaction values('96', 'untidy-notebook@videotron.uk', 'sad') ;
INSERT INTO postreaction values('39', 'daffy-angle@me.us', 'like') ;
INSERT INTO postreaction values('37', 'jumbled-wash@yahoo.ca', 'excited') ;
INSERT INTO postreaction values('91', 'violent-advertisement@yahoo.us', 'like') ;
INSERT INTO postreaction values('93', 'furtive-canvas@hotmail.com', 'like') ;
INSERT INTO postreaction values('136', 'devilish-coast@me.net', 'happy') ;
INSERT INTO postreaction values('132', 'nosy-wave@yahoo.uk', 'excited') ;
INSERT INTO postreaction values('49', 'ideal-guitar@sympatico.co', 'excited') ;
INSERT INTO postreaction values('54', 'aquatic-rainstorm@yahoo.fr', 'sad') ;
INSERT INTO postreaction values('64', 'sneaky-sense@yahoo.com', 'happy') ;
INSERT INTO postreaction values('69', 'eminent-dock@yahoo.io', 'like') ;
INSERT INTO postreaction values('29', 'dear-hands@mac.io', 'angry') ;
INSERT INTO postreaction values('144', 'fast-bikes@gmail.fr', 'sad') ;
INSERT INTO postreaction values('64', 'repulsive-pail@videotron.net', 'sad') ;
INSERT INTO postreaction values('123', 'eminent-dock@yahoo.io', 'excited') ;
INSERT INTO postreaction values('76', 'endurable-giants@yahoo.com', 'excited') ;
INSERT INTO postreaction values('71', 'primo-coast@sympatico.uk', 'happy') ;
INSERT INTO postreaction values('31', 'daffy-angle@me.us', 'angry') ;
INSERT INTO postreaction values('14', 'tacky-driving@icloud.us', 'angry') ;
INSERT INTO postreaction values('107', 'giddy-cent@hotmail.ca', 'excited') ;
INSERT INTO postreaction values('128', 'harsh-porter@videotron.ca', 'sad') ;
INSERT INTO postreaction values('69', 'green-steam@me.net', 'like') ;
INSERT INTO postreaction values('20', 'the-toothpaste@mac.io', 'sad') ;
INSERT INTO postreaction values('145', 'possessive-noise@mac.us', 'sad') ;
INSERT INTO postreaction values('57', 'aspiring-bells@yahoo.io', 'angry') ;
INSERT INTO postreaction values('13', 'elastic-loss@gmail.com', 'like') ;
INSERT INTO postreaction values('122', 'ludicrous-authority@videotron.fr', 'happy') ;
INSERT INTO postreaction values('55', 'showy-clam@videotron.uk', 'like') ;
INSERT INTO postreaction values('52', 'romantic-match@yahoo.ca', 'excited') ;
INSERT INTO postreaction values('27', 'tacky-driving@icloud.us', 'angry') ;
INSERT INTO postreaction values('127', 'seemly-sneeze@sympatico.fr', 'angry') ;
INSERT INTO postreaction values('101', 'sophisticated-dad@mac.fr', 'excited') ;
INSERT INTO postreaction values('74', 'violent-advertisement@yahoo.us', 'happy') ;
INSERT INTO postreaction values('47', 'short-mailbox@gmail.uk', 'angry') ;
INSERT INTO postreaction values('41', 'romantic-match@yahoo.ca', 'happy') ;
INSERT INTO postreaction values('23', 'thoughtless-respect@sympatico.fr', 'like') ;
INSERT INTO postreaction values('50', 'maddening-basketball@yahoo.co', 'happy') ;
INSERT INTO postreaction values('106', 'tacky-driving@icloud.us', 'angry') ;
INSERT INTO postreaction values('131', 'thriving-arm@yahoo.io', 'happy') ;
INSERT INTO postreaction values('100', 'ossified-scarf@sympatico.co', 'sad') ;
INSERT INTO postreaction values('9', 'jazzed-queen@gmail.fr', 'excited') ;
INSERT INTO postreaction values('19', 'aquatic-rainstorm@yahoo.fr', 'sad') ;
INSERT INTO postreaction values('107', 'gorgeous-sugar@sympatico.io', 'happy') ;
INSERT INTO postreaction values('37', 'aspiring-bells@yahoo.io', 'happy') ;
INSERT INTO postreaction values('125', 'sneaky-sense@yahoo.com', 'excited') ;
INSERT INTO postreaction values('59', 'punchy-position@yahoo.com', 'angry') ;
INSERT INTO postreaction values('10', 'max-harbor@gmail.uk', 'like') ;
INSERT INTO postreaction values('39', 'aquatic-rainstorm@yahoo.fr', 'happy') ;
INSERT INTO postreaction values('89', 'jazzed-queen@gmail.fr', 'happy') ;
INSERT INTO postreaction values('67', 'lying-pencil@mac.io', 'excited') ;
INSERT INTO postreaction values('129', 'furtive-canvas@hotmail.com', 'like') ;
INSERT INTO postreaction values('12', 'amazing-yarn@mac.ca', 'excited') ;
INSERT INTO postreaction values('68', 'bent-argument@me.fr', 'happy') ;
INSERT INTO postreaction values('56', 'scared-action@hotmail.ca', 'happy') ;
INSERT INTO postreaction values('70', 'perpetual-rabbits@videotron.com', 'sad') ;
INSERT INTO postreaction values('73', 'elastic-loss@gmail.com', 'happy') ;
INSERT INTO postreaction values('125', 'harsh-porter@videotron.ca', 'like') ;
INSERT INTO postreaction values('107', 'endurable-giants@yahoo.com', 'sad') ;
INSERT INTO postreaction values('42', 'rampant-thunder@gmail.io', 'like') ;
INSERT INTO postreaction values('77', 'beefy-heat@hotmail.com', 'like') ;
INSERT INTO postreaction values('92', 'scarce-rifle@icloud.ca', 'excited') ;
INSERT INTO postreaction values('5', 'harsh-porter@videotron.ca', 'excited') ;
INSERT INTO postreaction values('53', 'crowded-death@hotmail.net', 'happy') ;
INSERT INTO postreaction values('82', 'maddening-basketball@yahoo.co', 'excited') ;
INSERT INTO postreaction values('127', 'rotten-front@videotron.io', 'like') ;
INSERT INTO postreaction values('27', 'endurable-giants@yahoo.com', 'excited') ;
INSERT INTO postreaction values('135', 'endurable-giants@yahoo.com', 'like') ;
INSERT INTO postreaction values('56', 'naughty-balance@mac.io', 'happy') ;
INSERT INTO postreaction values('73', 'redundant-laugh@sympatico.ca', 'happy') ;
INSERT INTO postreaction values('30', 'daffy-angle@me.us', 'angry') ;
INSERT INTO postreaction values('81', 'dear-hands@mac.io', 'excited') ;
INSERT INTO postreaction values('125', 'untidy-notebook@videotron.uk', 'angry') ;
INSERT INTO postreaction values('20', 'green-steam@me.net', 'sad') ;
INSERT INTO postreaction values('3', 'moaning-plant@gmail.fr', 'angry') ;
INSERT INTO postreaction values('42', 'gray-pig@videotron.fr', 'like') ;
INSERT INTO postreaction values('23', 'trashy-board@videotron.fr', 'like') ;
INSERT INTO postreaction values('99', 'hushed-seashore@yahoo.uk', 'sad') ;
INSERT INTO postreaction values('17', 'vulgar-silk@mac.co', 'happy') ;
INSERT INTO postreaction values('78', 'hulking-rainstorm@gmail.co', 'happy') ;
INSERT INTO postreaction values('99', 'crowded-death@hotmail.net', 'angry') ;
INSERT INTO postreaction values('39', 'square-alarm@sympatico.ca', 'like') ;
INSERT INTO postreaction values('33', 'obese-trousers@me.ca', 'excited') ;
INSERT INTO postreaction values('103', 'square-alarm@sympatico.ca', 'excited') ;
INSERT INTO postreaction values('12', 'gray-pig@videotron.fr', 'angry') ;
INSERT INTO postreaction values('33', 'ratty-representative@sympatico.com', 'like') ;
INSERT INTO postreaction values('147', 'the-toothpaste@mac.io', 'angry') ;
INSERT INTO postreaction values('104', 'haloed-reason@yahoo.us', 'excited') ;
INSERT INTO postreaction values('118', 'secret-eyes@icloud.us', 'sad') ;
INSERT INTO postreaction values('141', 'gnarly-number@mac.net', 'sad') ;
INSERT INTO postreaction values('39', 'lying-pencil@mac.io', 'like') ;
INSERT INTO postreaction values('101', 'thick-yard@sympatico.us', 'happy') ;
INSERT INTO postreaction values('77', 'giddy-cent@hotmail.ca', 'excited') ;
INSERT INTO postreaction values('6', 'nauseating-song@sympatico.com', 'happy') ;
INSERT INTO postreaction values('119', 'melodic-fruit@hotmail.io', 'like') ;
INSERT INTO postreaction values('127', 'hulking-rainstorm@gmail.co', 'like') ;
INSERT INTO postreaction values('114', 'greasy-ground@mac.co', 'sad') ;
INSERT INTO postreaction values('110', 'tacky-driving@icloud.us', 'excited') ;
INSERT INTO postreaction values('128', 'noted-creature@mac.uk', 'angry') ;
INSERT INTO postreaction values('136', 'icky-crowd@mac.ca', 'happy') ;
INSERT INTO postreaction values('132', 'scared-action@hotmail.ca', 'like') ;
INSERT INTO postreaction values('102', 'maddening-basketball@yahoo.co', 'sad') ;
INSERT INTO postreaction values('126', 'square-alarm@sympatico.ca', 'excited') ;
INSERT INTO postreaction values('7', 'furtive-canvas@hotmail.com', 'happy') ;
INSERT INTO postreaction values('139', 'maddening-basketball@yahoo.co', 'angry') ;
INSERT INTO postreaction values('70', 'gorgeous-sugar@sympatico.io', 'happy') ;
INSERT INTO postreaction values('70', 'ratty-representative@sympatico.com', 'excited') ;
INSERT INTO postreaction values('87', 'sophisticated-dad@mac.fr', 'like') ;
INSERT INTO postreaction values('82', 'sophisticated-dad@mac.fr', 'sad') ;
INSERT INTO postreaction values('93', 'redundant-laugh@sympatico.ca', 'angry') ;
INSERT INTO postreaction values('139', 'aspiring-bells@yahoo.io', 'like') ;
INSERT INTO postreaction values('33', 'redundant-laugh@sympatico.ca', 'like') ;
INSERT INTO postreaction values('82', 'poised-giants@mac.co', 'happy') ;
INSERT INTO postreaction values('126', 'sneaky-sense@yahoo.com', 'like') ;
INSERT INTO postreaction values('150', 'icky-crowd@mac.ca', 'like') ;
INSERT INTO postreaction values('111', 'holistic-club@mac.com', 'like') ;
INSERT INTO postreaction values('137', 'the-toothpaste@mac.io', 'sad') ;
INSERT INTO postreaction values('125', 'tense-door@me.co', 'happy') ;
INSERT INTO postreaction values('145', 'brash-pin@hotmail.com', 'happy') ;
INSERT INTO postreaction values('112', 'romantic-match@yahoo.ca', 'angry') ;
INSERT INTO postreaction values('108', 'past-bulb@yahoo.co', 'excited') ;
INSERT INTO postreaction values('66', 'thoughtless-respect@sympatico.fr', 'happy') ;
INSERT INTO postreaction values('104', 'devilish-coast@me.net', 'angry') ;
INSERT INTO postreaction values('13', 'tacky-driving@icloud.us', 'angry') ;
INSERT INTO postreaction values('111', 'aspiring-bells@yahoo.io', 'like') ;
INSERT INTO postreaction values('102', 'elegant-suggestion@hotmail.ca', 'excited') ;
INSERT INTO postreaction values('54', 'green-steam@me.net', 'like') ;
INSERT INTO postreaction values('68', 'gray-pig@videotron.fr', 'angry') ;
INSERT INTO postreaction values('148', 'solid-back@sympatico.io', 'excited') ;
INSERT INTO postreaction values('22', 'spotted-deer@yahoo.io', 'happy') ;
INSERT INTO postreaction values('129', 'brash-pin@hotmail.com', 'excited') ;
INSERT INTO postreaction values('21', 'amazing-yarn@mac.ca', 'like') ;
INSERT INTO postreaction values('65', 'nauseating-song@sympatico.com', 'sad') ;
INSERT INTO postreaction values('106', 'different-step@gmail.net', 'sad') ;
INSERT INTO postreaction values('76', 'seemly-sneeze@sympatico.fr', 'happy') ;
INSERT INTO postreaction values('13', 'brash-pin@hotmail.com', 'sad') ;
INSERT INTO postreaction values('79', 'naughty-balance@mac.io', 'like') ;
INSERT INTO postreaction values('93', 'square-alarm@sympatico.ca', 'like') ;
INSERT INTO postreaction values('114', 'ossified-scarf@sympatico.co', 'sad') ;
INSERT INTO postreaction values('21', 'five-vase@sympatico.com', 'happy') ;
INSERT INTO postreaction values('111', 'spiteful-sugar@videotron.io', 'sad') ;
INSERT INTO postreaction values('93', 'rampant-thunder@gmail.io', 'sad') ;
INSERT INTO postreaction values('83', 'elegant-suggestion@hotmail.ca', 'happy') ;
INSERT INTO postreaction values('3', 'mammoth-stocking@icloud.net', 'angry') ;
INSERT INTO postreaction values('145', 'ossified-scarf@sympatico.co', 'sad') ;
INSERT INTO postreaction values('43', 'mindless-wave@icloud.fr', 'like') ;
INSERT INTO postreaction values('122', 'burly-pipe@videotron.us', 'happy') ;
INSERT INTO postreaction values('31', 'short-mailbox@gmail.uk', 'angry') ;
INSERT INTO postreaction values('81', 'ideal-guitar@sympatico.co', 'like') ;
INSERT INTO postreaction values('16', 'hurried-coal@icloud.io', 'happy') ;
INSERT INTO postreaction values('78', 'gray-pig@videotron.fr', 'happy') ;
INSERT INTO postreaction values('100', 'green-steam@me.net', 'like') ;
INSERT INTO postreaction values('149', 'thick-yard@sympatico.us', 'like') ;
INSERT INTO postreaction values('28', 'hulking-rainstorm@gmail.co', 'like') ;
INSERT INTO postreaction values('51', 'mundane-condition@gmail.us', 'angry') ;
INSERT INTO postreaction values('143', 'obese-trousers@me.ca', 'like') ;
INSERT INTO postreaction values('119', 'aquatic-rainstorm@yahoo.fr', 'angry') ;
INSERT INTO postreaction values('111', 'cloistered-chin@mac.uk', 'happy') ;
INSERT INTO postreaction values('46', 'plausible-face@gmail.fr', 'like') ;
INSERT INTO postreaction values('56', 'possessive-noise@mac.us', 'like') ;
INSERT INTO postreaction values('4', 'redundant-laugh@sympatico.ca', 'happy') ;
INSERT INTO postreaction values('136', 'solid-back@sympatico.io', 'sad') ;
INSERT INTO postreaction values('67', 'punchy-position@yahoo.com', 'sad') ;
INSERT INTO postreaction values('15', 'obese-trousers@me.ca', 'like') ;
INSERT INTO postreaction values('75', 'square-alarm@sympatico.ca', 'angry') ;
INSERT INTO postreaction values('137', 'max-harbor@gmail.uk', 'happy') ;
INSERT INTO postreaction values('64', 'tense-door@me.co', 'happy') ;
INSERT INTO postreaction values('144', 'thoughtless-respect@sympatico.fr', 'angry') ;
INSERT INTO postreaction values('25', 'tacky-driving@icloud.us', 'like') ;
INSERT INTO postreaction values('39', 'harsh-porter@videotron.ca', 'happy') ;
INSERT INTO postreaction values('17', 'abstracted-note@icloud.us', 'excited') ;
INSERT INTO postreaction values('102', 'violent-advertisement@yahoo.us', 'sad') ;
INSERT INTO postreaction values('20', 'redundant-laugh@sympatico.ca', 'excited') ;
INSERT INTO postreaction values('30', 'brash-pin@hotmail.com', 'sad') ;
INSERT INTO postreaction values('114', 'showy-clam@videotron.uk', 'sad') ;
INSERT INTO postreaction values('142', 'thick-yard@sympatico.us', 'sad') ;
INSERT INTO postreaction values('142', 'tacky-driving@icloud.us', 'happy') ;
INSERT INTO postreaction values('58', 'ideal-guitar@sympatico.co', 'happy') ;
INSERT INTO postreaction values('141', 'punchy-position@yahoo.com', 'angry') ;
INSERT INTO postreaction values('130', 'beefy-heat@hotmail.com', 'angry') ;
INSERT INTO postreaction values('121', 'hulking-rainstorm@gmail.co', 'sad') ;
INSERT INTO postreaction values('117', 'aspiring-bells@yahoo.io', 'sad') ;
INSERT INTO postreaction values('24', 'eminent-dock@yahoo.io', 'happy') ;
INSERT INTO postreaction values('50', 'showy-clam@videotron.uk', 'sad') ;
INSERT INTO postreaction values('3', 'jumbled-wash@yahoo.ca', 'like') ;
INSERT INTO postreaction values('56', 'classy-girls@sympatico.us', 'sad') ;
INSERT INTO postreaction values('131', 'gray-pig@videotron.fr', 'happy') ;
INSERT INTO postreaction values('143', 'seemly-sneeze@sympatico.fr', 'like') ;
INSERT INTO postreaction values('44', 'futuristic-frog@sympatico.co', 'angry') ;
INSERT INTO postreaction values('22', 'showy-clam@videotron.uk', 'like') ;
INSERT INTO postreaction values('54', 'violent-advertisement@yahoo.us', 'happy') ;
INSERT INTO postreaction values('26', 'elastic-loss@gmail.com', 'angry') ;
INSERT INTO postreaction values('133', 'secret-eyes@icloud.us', 'like') ;
INSERT INTO postreaction values('8', 'dear-hands@mac.io', 'like') ;
INSERT INTO postreaction values('97', 'melodic-fruit@hotmail.io', 'angry') ;
INSERT INTO postreaction values('56', 'maddening-basketball@yahoo.co', 'angry') ;
INSERT INTO postreaction values('112', 'past-bulb@yahoo.co', 'happy') ;
INSERT INTO postreaction values('89', 'different-step@gmail.net', 'sad') ;
INSERT INTO postreaction values('38', 'impossible-flag@me.co', 'angry') ;
INSERT INTO postreaction values('51', 'sophisticated-dad@mac.fr', 'angry') ;
INSERT INTO postreaction values('111', 'bent-argument@me.fr', 'sad') ;
INSERT INTO postreaction values('59', 'ratty-representative@sympatico.com', 'happy') ;
INSERT INTO postreaction values('90', 'furtive-canvas@hotmail.com', 'like') ;
INSERT INTO postreaction values('36', 'possessive-noise@mac.us', 'excited') ;
INSERT INTO postreaction values('101', 'elegant-suggestion@hotmail.ca', 'excited') ;
INSERT INTO postreaction values('74', 'maddening-basketball@yahoo.co', 'happy') ;
INSERT INTO postreaction values('124', 'rampant-thunder@gmail.io', 'angry') ;
INSERT INTO postreaction values('16', 'moaning-plant@gmail.fr', 'happy') ;
INSERT INTO postreaction values('148', 'five-vase@sympatico.com', 'happy') ;
INSERT INTO postreaction values('33', 'five-vase@sympatico.com', 'like') ;
INSERT INTO postreaction values('40', 'endurable-giants@yahoo.com', 'angry') ;
INSERT INTO postreaction values('144', 'solid-back@sympatico.io', 'like') ;
INSERT INTO postreaction values('138', 'futuristic-frog@sympatico.co', 'happy') ;
INSERT INTO postreaction values('131', 'the-toothpaste@mac.io', 'excited') ;
INSERT INTO postreaction values('70', 'devilish-coast@me.net', 'like') ;
INSERT INTO postreaction values('91', 'green-steam@me.net', 'like') ;
INSERT INTO postreaction values('12', 'hurried-coal@icloud.io', 'sad') ;
INSERT INTO postreaction values('14', 'the-toothpaste@mac.io', 'angry') ;
INSERT INTO postreaction values('71', 'dear-hands@mac.io', 'like') ;
INSERT INTO postreaction values('49', 'furtive-canvas@hotmail.com', 'angry') ;
INSERT INTO postreaction values('143', 'untidy-notebook@videotron.uk', 'happy') ;
INSERT INTO postreaction values('14', 'fanatical-visitor@videotron.net', 'sad') ;
INSERT INTO postreaction values('40', 'naughty-balance@mac.io', 'happy') ;
INSERT INTO postreaction values('63', 'past-bulb@yahoo.co', 'happy') ;
INSERT INTO postreaction values('131', 'fanatical-visitor@videotron.net', 'sad') ;
INSERT INTO postreaction values('14', 'possessive-noise@mac.us', 'happy') ;
INSERT INTO postreaction values('80', 'thick-yard@sympatico.us', 'sad') ;
INSERT INTO postreaction values('48', 'holistic-club@mac.com', 'angry') ;
INSERT INTO postreaction values('22', 'scarce-rifle@icloud.ca', 'sad') ;
INSERT INTO postreaction values('79', 'nosy-wave@yahoo.uk', 'like') ;
INSERT INTO postreaction values('146', 'square-alarm@sympatico.ca', 'sad') ;
INSERT INTO postreaction values('4', 'five-vase@sympatico.com', 'excited') ;
INSERT INTO postreaction values('128', 'repulsive-pail@videotron.net', 'happy') ;
INSERT INTO postreaction values('55', 'violent-advertisement@yahoo.us', 'like') ;
INSERT INTO postreaction values('118', 'thriving-arm@yahoo.io', 'excited') ;
INSERT INTO postreaction values('11', 'mammoth-stocking@icloud.net', 'happy') ;
INSERT INTO postreaction values('128', 'elastic-loss@gmail.com', 'excited') ;
INSERT INTO postreaction values('82', 'showy-clam@videotron.uk', 'angry') ;
INSERT INTO postreaction values('146', 'nosy-wave@yahoo.uk', 'angry') ;
INSERT INTO postreaction values('145', 'hurried-coal@icloud.io', 'angry') ;
INSERT INTO postreaction values('62', 'ratty-representative@sympatico.com', 'angry') ;
INSERT INTO postreaction values('14', 'cloistered-chin@mac.uk', 'angry') ;
INSERT INTO postreaction values('48', 'kaput-cook@sympatico.us', 'like') ;
INSERT INTO postreaction values('17', 'crowded-death@hotmail.net', 'excited') ;
INSERT INTO postreaction values('148', 'tense-door@me.co', 'like') ;
INSERT INTO postreaction values('84', 'abstracted-note@icloud.us', 'excited') ;
INSERT INTO postreaction values('21', 'tacky-driving@icloud.us', 'angry') ;
INSERT INTO postreaction values('113', 'holistic-club@mac.com', 'sad') ;
INSERT INTO postreaction values('91', 'maddening-basketball@yahoo.co', 'angry') ;
INSERT INTO postreaction values('129', 'holistic-club@mac.com', 'sad') ;
INSERT INTO postreaction values('23', 'secret-eyes@icloud.us', 'angry') ;
INSERT INTO postreaction values('12', 'harsh-porter@videotron.ca', 'happy') ;
INSERT INTO postreaction values('113', 'honest-suggestion@sympatico.uk', 'angry') ;
INSERT INTO postreaction values('132', 'the-toothpaste@mac.io', 'like') ;
INSERT INTO postreaction values('1', 'solid-back@sympatico.io', 'like') ;
INSERT INTO postreaction values('4', 'utopian-beginner@sympatico.us', 'angry') ;
INSERT INTO postreaction values('61', 'ratty-representative@sympatico.com', 'sad') ;
INSERT INTO postreaction values('49', 'primo-coast@sympatico.uk', 'happy') ;
INSERT INTO postreaction values('96', 'icky-crowd@mac.ca', 'like') ;
INSERT INTO postreaction values('94', 'ossified-scarf@sympatico.co', 'excited') ;
INSERT INTO postreaction values('117', 'icky-crowd@mac.ca', 'happy') ;
INSERT INTO postreaction values('20', 'jazzed-queen@gmail.fr', 'excited') ;
INSERT INTO postreaction values('2', 'thriving-arm@yahoo.io', 'like') ;
INSERT INTO postreaction values('88', 'noted-creature@mac.uk', 'like') ;
INSERT INTO postreaction values('79', 'moaning-plant@gmail.fr', 'like') ;
INSERT INTO postreaction values('23', 'endurable-giants@yahoo.com', 'angry') ;
INSERT INTO postreaction values('95', 'abstracted-note@icloud.us', 'excited') ;
INSERT INTO postreaction values('70', 'ludicrous-authority@videotron.fr', 'angry') ;
INSERT INTO postreaction values('29', 'jazzed-queen@gmail.fr', 'sad') ;
INSERT INTO postreaction values('52', 'jumbled-wash@yahoo.ca', 'sad') ;
INSERT INTO postreaction values('122', 'solid-back@sympatico.io', 'sad') ;
INSERT INTO postreaction values('44', 'thoughtless-respect@sympatico.fr', 'angry') ;
INSERT INTO postreaction values('117', 'primo-coast@sympatico.uk', 'angry') ;
INSERT INTO postreaction values('66', 'romantic-match@yahoo.ca', 'like') ;
INSERT INTO postreaction values('4', 'possessive-noise@mac.us', 'angry') ;
INSERT INTO postreaction values('137', 'obese-trousers@me.ca', 'angry') ;
INSERT INTO postreaction values('61', 'max-harbor@gmail.uk', 'happy') ;
INSERT INTO postreaction values('121', 'spiteful-sugar@videotron.io', 'angry') ;
INSERT INTO postreaction values('121', 'abstracted-note@icloud.us', 'happy') ;
INSERT INTO postreaction values('25', 'punchy-position@yahoo.com', 'like') ;
INSERT INTO postreaction values('107', 'thick-yard@sympatico.us', 'sad') ;
INSERT INTO postreaction values('53', 'plausible-face@gmail.fr', 'angry') ;
INSERT INTO postreaction values('83', 'thick-yard@sympatico.us', 'angry') ;
INSERT INTO postreaction values('58', 'tense-door@me.co', 'sad') ;
INSERT INTO postreaction values('109', 'elegant-butter@icloud.us', 'excited') ;
INSERT INTO postreaction values('43', 'noted-creature@mac.uk', 'happy') ;
INSERT INTO postreaction values('46', 'nosy-wave@yahoo.uk', 'sad') ;
INSERT INTO postreaction values('65', 'rampant-thunder@gmail.io', 'excited') ;
INSERT INTO postreaction values('132', 'maddening-basketball@yahoo.co', 'sad') ;
INSERT INTO postreaction values('29', 'devilish-coast@me.net', 'excited') ;
INSERT INTO postreaction values('145', 'honest-suggestion@sympatico.uk', 'like') ;
INSERT INTO postreaction values('52', 'tense-door@me.co', 'sad') ;
INSERT INTO postreaction values('21', 'elfin-arithmetic@hotmail.com', 'happy') ;
INSERT INTO postreaction values('122', 'elegant-suggestion@hotmail.ca', 'sad') ;
INSERT INTO postreaction values('112', 'mundane-condition@gmail.us', 'sad') ;
INSERT INTO postreaction values('56', 'moaning-plant@gmail.fr', 'like') ;
INSERT INTO postreaction values('2', 'hurried-coal@icloud.io', 'sad') ;
INSERT INTO postreaction values('100', 'honest-suggestion@sympatico.uk', 'sad') ;
INSERT INTO postreaction values('8', 'burly-pipe@videotron.us', 'angry') ;
INSERT INTO postreaction values('138', 'tense-door@me.co', 'like') ;
INSERT INTO postreaction values('83', 'elastic-loss@gmail.com', 'excited') ;
INSERT INTO postreaction values('91', 'moaning-plant@gmail.fr', 'happy') ;
INSERT INTO postreaction values('118', 'max-harbor@gmail.uk', 'excited') ;
INSERT INTO postreaction values('50', 'cogent-weather@hotmail.us', 'angry') ;
INSERT INTO postreaction values('148', 'jazzed-queen@gmail.fr', 'happy') ;
INSERT INTO postreaction values('100', 'alluring-icicle@gmail.co', 'happy') ;
INSERT INTO postreaction values('7', 'burly-pipe@videotron.us', 'like') ;
INSERT INTO postreaction values('93', 'holistic-club@mac.com', 'angry') ;
INSERT INTO postreaction values('8', 'elegant-suggestion@hotmail.ca', 'excited') ;
INSERT INTO postreaction values('140', 'five-vase@sympatico.com', 'excited') ;
INSERT INTO postreaction values('76', 'secret-eyes@icloud.us', 'happy') ;
INSERT INTO postreaction values('111', 'ossified-scarf@sympatico.co', 'happy') ;
INSERT INTO postreaction values('137', 'maddening-basketball@yahoo.co', 'excited') ;
INSERT INTO postreaction values('36', 'jumbled-wash@yahoo.ca', 'sad') ;
INSERT INTO postreaction values('6', 'aquatic-rainstorm@yahoo.fr', 'excited') ;
INSERT INTO postreaction values('77', 'elegant-suggestion@hotmail.ca', 'sad') ;
INSERT INTO postreaction values('149', 'chilly-grass@videotron.co', 'angry') ;
INSERT INTO postreaction values('8', 'elastic-loss@gmail.com', 'excited') ;
INSERT INTO postreaction values('44', 'naughty-balance@mac.io', 'happy') ;
INSERT INTO postreaction values('139', 'gnarly-number@mac.net', 'like') ;
INSERT INTO postreaction values('100', 'chilly-grass@videotron.co', 'angry') ;
INSERT INTO postreaction values('121', 'maddening-basketball@yahoo.co', 'angry') ;
INSERT INTO postreaction values('28', 'ludicrous-authority@videotron.fr', 'excited') ;
INSERT INTO postreaction values('138', 'trashy-board@videotron.fr', 'happy') ;
INSERT INTO postreaction values('127', 'sophisticated-dad@mac.fr', 'like') ;
INSERT INTO postreaction values('142', 'bent-argument@me.fr', 'sad') ;
INSERT INTO postreaction values('107', 'untidy-notebook@videotron.uk', 'excited') ;
INSERT INTO postreaction values('113', 'moaning-plant@gmail.fr', 'sad') ;
INSERT INTO postreaction values('14', 'chilly-grass@videotron.co', 'happy') ;
INSERT INTO postreaction values('5', 'thoughtless-respect@sympatico.fr', 'sad') ;
INSERT INTO postreaction values('13', 'classy-girls@sympatico.us', 'excited') ;
INSERT INTO postreaction values('28', 'green-steam@me.net', 'excited') ;
INSERT INTO postreaction values('8', 'ratty-representative@sympatico.com', 'sad') ;
INSERT INTO postreaction values('50', 'futuristic-frog@sympatico.co', 'angry') ;
INSERT INTO postreaction values('105', 'possessive-noise@mac.us', 'excited') ;
INSERT INTO postreaction values('99', 'classy-girls@sympatico.us', 'like') ;
INSERT INTO postreaction values('137', 'elegant-suggestion@hotmail.ca', 'angry') ;
INSERT INTO postreaction values('65', 'obese-trousers@me.ca', 'sad') ;
INSERT INTO postreaction values('69', 'endurable-giants@yahoo.com', 'sad') ;
INSERT INTO postreaction values('124', 'violent-advertisement@yahoo.us', 'excited') ;
INSERT INTO postreaction values('69', 'gorgeous-sugar@sympatico.io', 'angry') ;
INSERT INTO postreaction values('18', 'aquatic-rainstorm@yahoo.fr', 'sad') ;
INSERT INTO postreaction values('59', 'haloed-reason@yahoo.us', 'excited') ;
INSERT INTO postreaction values('73', 'crowded-death@hotmail.net', 'angry') ;
INSERT INTO postreaction values('39', 'greasy-ground@mac.co', 'like') ;
INSERT INTO postreaction values('23', 'daffy-angle@me.us', 'angry') ;
INSERT INTO postreaction values('125', 'gray-pig@videotron.fr', 'like') ;
INSERT INTO postreaction values('138', 'greasy-ground@mac.co', 'angry') ;
INSERT INTO postreaction values('33', 'cloistered-chin@mac.uk', 'happy') ;
INSERT INTO postreaction values('131', 'eminent-dock@yahoo.io', 'angry') ;
INSERT INTO postreaction values('32', 'thoughtless-respect@sympatico.fr', 'excited') ;
INSERT INTO postreaction values('142', 'endurable-giants@yahoo.com', 'angry') ;
INSERT INTO postreaction values('41', 'greasy-ground@mac.co', 'like') ;
INSERT INTO postreaction values('41', 'burly-pipe@videotron.us', 'excited') ;
INSERT INTO postreaction values('82', 'mammoth-stocking@icloud.net', 'happy') ;
INSERT INTO postreaction values('24', 'alluring-icicle@gmail.co', 'happy') ;
INSERT INTO postreaction values('128', 'sophisticated-dad@mac.fr', 'like') ;
INSERT INTO postreaction values('62', 'devilish-coast@me.net', 'angry') ;
/* Script generated Thu Feb 23 2017 19:41:39 GMT-0500 (Eastern Standard Time)*/

INSERT INTO workperiod values('showy-clam@videotron.uk', '47', 'Sun May 24 2065','Wed Apr 09 2081','Creative Copy & Paste Guru') ;
INSERT INTO workperiod values('thick-yard@sympatico.us', '49', 'Sun May 25 2031','Wed Nov 19 2036','Future Drag & Drop Hero') ;
INSERT INTO workperiod values('futuristic-frog@sympatico.co', '10', 'Wed Sep 18 2115','Sat Jun 11 2140','Ninja Wizard "Researcher"') ;
INSERT INTO workperiod values('snappy-sack@sympatico.fr', '85', 'Tue Dec 20 2095','Tue Sep 08 2122','In-House Joomla Hacker') ;
INSERT INTO workperiod values('rotten-front@videotron.io', '97', 'Fri Dec 20 2069','Sun Apr 30 2073','Complete Flash Guru') ;
INSERT INTO workperiod values('bent-argument@me.fr', '54', 'Mon Jun 06 2033','Tue Jun 07 2039','Beautiful Happiness Officer') ;
INSERT INTO workperiod values('spiteful-sugar@videotron.io', '68', 'Thu Jun 08 2017','Thu Apr 15 2032','Independent Mindmap Designer') ;
INSERT INTO workperiod values('cloistered-chin@mac.uk', '24', 'Mon Aug 17 2054','Thu Nov 16 2062','National Coffee Maker') ;
INSERT INTO workperiod values('maddening-basketball@yahoo.co', '19', 'Sat Feb 14 2043','Tue Feb 20 2046','First Class Copy & Paste Guru') ;
INSERT INTO workperiod values('hurried-coal@icloud.io', '12', 'Wed Aug 10 2101','Thu Oct 31 2120','Ninja Wizard Frameset Endorser') ;
INSERT INTO workperiod values('amazing-yarn@mac.ca', '91', 'Tue Jan 13 2060','Tue Sep 07 2077','Professional Crack & Ecstasy Organizer') ;
INSERT INTO workperiod values('impossible-flag@me.co', '80', 'Fri May 23 2031','Fri Feb 21 2053','Beautiful Drag & Drop Hero') ;
INSERT INTO workperiod values('ossified-scarf@sympatico.co', '16', 'Tue Jun 14 2033','Fri Aug 27 2049','Manual CSS Tamer') ;
INSERT INTO workperiod values('vulgar-silk@mac.co', '80', 'Sun Apr 09 2034','Sat Jul 08 2056','Coolest Photoshop Designer') ;
INSERT INTO workperiod values('elegant-butter@icloud.us', '93', 'Mon Oct 13 2025','Thu Feb 18 2038','Legend Security Startup Test') ;
INSERT INTO workperiod values('classy-girls@sympatico.us', '43', 'Sat May 16 2099','Fri Oct 22 2100','In-House Webmaster') ;
INSERT INTO workperiod values('gray-pig@videotron.fr', '76', 'Mon Dec 27 2049','Mon Feb 15 2066','Lead Table Layout King') ;
INSERT INTO workperiod values('naughty-balance@mac.io', '28', 'Fri Apr 14 2084','Fri Oct 12 2114','Independent Phone Answerer') ;
INSERT INTO workperiod values('green-steam@me.net', '94', 'Sat Apr 27 2109','Wed Apr 11 2131','Legend Joomla Hacker') ;
INSERT INTO workperiod values('tense-door@me.co', '93', 'Sat Oct 25 2098','Tue Jan 05 2100','Manual Joomla Celebrity') ;
INSERT INTO workperiod values('eminent-dock@yahoo.io', '72', 'Thu Dec 04 2087','Tue Sep 11 2091','Volunteer Post-Privacy Guru') ;
INSERT INTO workperiod values('melodic-fruit@hotmail.io', '61', 'Tue Nov 15 2078','Fri Aug 03 2085','Informal GUI User') ;
INSERT INTO workperiod values('poised-giants@mac.co', '30', 'Thu Apr 29 2060','Sun Mar 28 2088','Virtuous CSS-managing-system Developer') ;
INSERT INTO workperiod values('repulsive-pail@videotron.net', '55', 'Tue Jan 24 2040','Sat Aug 26 2045','Evolutionary Phone Operator') ;
INSERT INTO workperiod values('haloed-reason@yahoo.us', '92', 'Sun Feb 23 2042','Wed Dec 07 2061','Senior Mindmap Designer') ;
INSERT INTO workperiod values('five-vase@sympatico.com', '47', 'Tue Apr 11 2073','Sun Apr 03 2078','Quantum Response Administrator') ;
INSERT INTO workperiod values('elegant-suggestion@hotmail.ca', '13', 'Sun Jan 22 2045','Sun Jul 18 2060','Future Social Media Assistant') ;
INSERT INTO workperiod values('hushed-seashore@yahoo.uk', '69', 'Tue Oct 15 2047','Thu Sep 28 2051','Pro File Uploader') ;
INSERT INTO workperiod values('lying-pencil@mac.io', '97', 'Mon Jun 30 2053','Fri Feb 26 2083','Visionary Closed Source Evangelist') ;
INSERT INTO workperiod values('mammoth-stocking@icloud.net', '62', 'Mon Nov 29 2083','Sun Oct 31 2088','Quantum WYSIWYG Maker') ;
INSERT INTO workperiod values('aquatic-rainstorm@yahoo.fr', '43', 'Mon Feb 26 2063','Sat Sep 21 2086','Freaking Copy & Paste Guru') ;
INSERT INTO workperiod values('bent-argument@me.fr', '67', 'Wed Nov 19 2070','Mon Oct 01 2074','Quantum King Slayer') ;
INSERT INTO workperiod values('tense-door@me.co', '94', 'Sat Aug 04 2046','Mon May 26 2059','Evolutionary Phone Operator') ;
INSERT INTO workperiod values('chilly-grass@videotron.co', '50', 'Mon Oct 23 2051','Sat May 12 2074','Beautiful HTML5 Gangster') ;
INSERT INTO workperiod values('trashy-board@videotron.fr', '65', 'Fri Mar 29 2058','Fri May 28 2060','In-House JavaScript Giant') ;
INSERT INTO workperiod values('amazing-yarn@mac.ca', '47', 'Sat Jan 17 2032','Sat May 12 2035','National HTML Slut') ;
INSERT INTO workperiod values('cogent-weather@hotmail.us', '63', 'Sun May 23 2049','Thu Jan 24 2075','Professional Homepage Designer') ;
INSERT INTO workperiod values('utopian-beginner@sympatico.us', '18', 'Thu Aug 29 2047','Wed Feb 02 2056','Visionary CSS Tamer') ;
INSERT INTO workperiod values('tense-door@me.co', '89', 'Mon Feb 18 2041','Wed Oct 07 2065','Volunteer Visual Jockey') ;
INSERT INTO workperiod values('moaning-plant@gmail.fr', '80', 'Mon Jun 14 2117','Tue Oct 10 2124','Legend Closed Source Evangelist') ;
INSERT INTO workperiod values('perpetual-rabbits@videotron.com', '9', 'Tue Jul 03 2040','Mon Oct 07 2041','Uber Minimum Viable Product Developer') ;
INSERT INTO workperiod values('greasy-ground@mac.co', '54', 'Tue Feb 13 2074','Sun Jun 21 2076','Expert Drag & Drop Hero') ;
INSERT INTO workperiod values('ossified-scarf@sympatico.co', '13', 'Thu Jan 13 2067','Thu Feb 15 2074','Quantum Website Building Warrior') ;
INSERT INTO workperiod values('haloed-reason@yahoo.us', '28', 'Tue May 11 2049','Tue Jan 29 2069','Quantum Spam Reader') ;
INSERT INTO workperiod values('giddy-cent@hotmail.ca', '59', 'Tue Apr 18 2056','Tue Oct 24 2084','Pro Variables Lord Master') ;
INSERT INTO workperiod values('aquatic-rainstorm@yahoo.fr', '93', 'Sat Feb 20 2094','Mon Oct 12 2099','Visionary Brand Champion') ;
INSERT INTO workperiod values('romantic-match@yahoo.ca', '7', 'Mon Jun 07 2088','Mon Dec 27 2094','Superhero of Flash Guru') ;
INSERT INTO workperiod values('aspiring-bells@yahoo.io', '43', 'Thu Aug 01 2086','Fri Nov 08 2115','Superhero of HyperSpace Tamer') ;
INSERT INTO workperiod values('thoughtless-respect@sympatico.fr', '94', 'Sat Apr 16 2022','Mon Oct 30 2051','Coolest Frontpage Expert') ;
INSERT INTO workperiod values('gray-pig@videotron.fr', '55', 'Tue Jun 21 2072','Fri Sep 08 2084','Freaking Internet Expert') ;
INSERT INTO workperiod values('crowded-death@hotmail.net', '59', 'Tue Jul 25 2073','Sat Nov 04 2090','Professional Phone Answerer') ;
INSERT INTO workperiod values('showy-clam@videotron.uk', '27', 'Sun Mar 21 2100','Mon Jan 10 2118','National Flash Guru') ;
INSERT INTO workperiod values('jumbled-wash@yahoo.ca', '72', 'Mon Mar 19 2091','Fri Jun 21 2120','Complete Jekyll Static Site Specialist') ;
INSERT INTO workperiod values('vulgar-silk@mac.co', '5', 'Thu Dec 08 2089','Wed Jul 06 2107','Viral Webmaster') ;
INSERT INTO workperiod values('kaput-cook@sympatico.us', '56', 'Sat Feb 05 2101','Sun Sep 11 2129','Superhero of Code Artisan') ;
INSERT INTO workperiod values('abstracted-note@icloud.us', '79', 'Wed Aug 20 2036','Wed Apr 27 2039','Ninja Wizard Redditor') ;
INSERT INTO workperiod values('short-mailbox@gmail.uk', '75', 'Sat Feb 16 2041','Sun May 30 2049','Evolutionary Adobe Acrobat Updater') ;
INSERT INTO workperiod values('square-alarm@sympatico.ca', '91', 'Mon Sep 14 2093','Sat Jun 01 2109','Chief Wordpress Expert') ;
INSERT INTO workperiod values('moaning-plant@gmail.fr', '7', 'Tue Aug 08 2090','Sat Sep 18 2106','Pro Code Artisan') ;
INSERT INTO workperiod values('sophisticated-dad@mac.fr', '74', 'Thu Jun 13 2030','Thu Dec 20 2035','Creative Markdown Hacker') ;
INSERT INTO workperiod values('violent-advertisement@yahoo.us', '59', 'Sun Jul 22 2040','Fri Jan 06 2045','Manual Dreamweaver RockStar') ;
INSERT INTO workperiod values('romantic-match@yahoo.ca', '55', 'Sat Jan 09 2117','Mon Feb 12 2142','Informal Philosopher') ;
INSERT INTO workperiod values('possessive-noise@mac.us', '68', 'Sun May 13 2035','Sun Oct 01 2051','Beautiful Frontpage Expert') ;
INSERT INTO workperiod values('thick-yard@sympatico.us', '68', 'Thu Apr 09 2076','Mon Sep 10 2103','Chief Videographer') ;
INSERT INTO workperiod values('primo-coast@sympatico.uk', '25', 'Wed Feb 17 2100','Mon Sep 25 2124','King of CSS-layout Spec Designer') ;
INSERT INTO workperiod values('nauseating-song@sympatico.com', '65', 'Fri Mar 08 2115','Sun Aug 25 2120','Junior Rapid Prototype Developer') ;
INSERT INTO workperiod values('nosy-wave@yahoo.uk', '69', 'Thu May 12 2089','Sun Oct 29 2113','Coolest CSS-layout Spec Designer') ;
INSERT INTO workperiod values('tense-door@me.co', '18', 'Wed Dec 15 2021','Sun Jun 18 2028','Amazing Mindmap Designer') ;
INSERT INTO workperiod values('perpetual-rabbits@videotron.com', '92', 'Wed Mar 12 2087','Wed Nov 14 2114','Coolest File Uploader') ;
INSERT INTO workperiod values('secret-eyes@icloud.us', '48', 'Wed Apr 18 2114','Fri May 31 2126','Direct Google Searcher') ;
INSERT INTO workperiod values('ideal-guitar@sympatico.co', '56', 'Tue Sep 27 2089','Thu Mar 23 2113','Superhero of HTML Artist') ;
INSERT INTO workperiod values('trashy-board@videotron.fr', '41', 'Mon Nov 25 2069','Tue Mar 20 2074','Freaking HTML Artist') ;
INSERT INTO workperiod values('aspiring-bells@yahoo.io', '8', 'Thu Oct 30 2036','Thu Oct 21 2060','Virtuous Visual Jockey') ;
INSERT INTO workperiod values('rampant-thunder@gmail.io', '76', 'Sun Feb 13 2078','Fri Nov 10 2079','Uber SASS Tweeter') ;
INSERT INTO workperiod values('nauseating-song@sympatico.com', '63', 'Sat Jun 20 2043','Wed Aug 17 2050','Lead HTML5 Gangster') ;
INSERT INTO workperiod values('bent-argument@me.fr', '36', 'Mon Nov 10 2036','Thu Jun 19 2064','Creative Virtual Horsedriver') ;
INSERT INTO workperiod values('five-vase@sympatico.com', '93', 'Sun Aug 06 2073','Sat Jun 16 2085','Independent Adobe Acrobat Updater') ;
INSERT INTO workperiod values('green-steam@me.net', '63', 'Sun Oct 06 2019','Tue Oct 25 2033','Senior Make it Fucking Run Officer') ;
INSERT INTO workperiod values('impossible-flag@me.co', '92', 'Thu Sep 07 2045','Sat Aug 20 2050','Expert Crack & Ecstasy Organizer') ;
INSERT INTO workperiod values('past-bulb@yahoo.co', '49', 'Tue Jun 11 2075','Sun Jul 20 2081','Beautiful Wikipedia Content Quality Supervisor') ;
INSERT INTO workperiod values('hulking-rainstorm@gmail.co', '83', 'Mon Oct 30 2102','Wed Mar 03 2123','Expert Adobe Acrobat Updater') ;
INSERT INTO workperiod values('repulsive-pail@videotron.net', '13', 'Wed Aug 15 2040','Sun Mar 07 2055','National Hashtag Manager') ;
INSERT INTO workperiod values('endurable-giants@yahoo.com', '48', 'Sun Jun 09 2041','Fri Nov 13 2054','Visionary JavaScript Injectioneer') ;
INSERT INTO workperiod values('hushed-seashore@yahoo.uk', '67', 'Thu Jan 19 2090','Sun Apr 10 2101','Chief Variables Lord Master') ;
INSERT INTO workperiod values('mindless-wave@icloud.fr', '76', 'Tue Nov 30 2055','Sun Oct 08 2079','Direct Fax Machine User') ;
INSERT INTO workperiod values('tacky-driving@icloud.us', '43', 'Mon Oct 30 2034','Mon Oct 25 2060','Maginficent Webmaster') ;
INSERT INTO workperiod values('moaning-plant@gmail.fr', '16', 'Wed Apr 17 2080','Tue Nov 15 2107','Master Graphical Manager') ;
INSERT INTO workperiod values('scared-action@hotmail.ca', '77', 'Fri Jun 17 2033','Wed Sep 06 2062','Coolest Mastermind') ;
INSERT INTO workperiod values('thick-yard@sympatico.us', '43', 'Sat Feb 21 2054','Tue Feb 26 2069','National Spam Reader') ;
INSERT INTO workperiod values('untidy-notebook@videotron.uk', '54', 'Tue Dec 10 2019','Wed Nov 14 2046','Senior Keyboard Presser') ;
INSERT INTO workperiod values('utopian-beginner@sympatico.us', '92', 'Tue Nov 19 2109','Wed Apr 01 2111','Junior SASS Tweeter') ;
INSERT INTO workperiod values('gorgeous-sugar@sympatico.io', '40', 'Thu Jul 19 2035','Tue Sep 14 2049','Maginficent Internet Expert') ;
INSERT INTO workperiod values('redundant-laugh@sympatico.ca', '65', 'Mon Nov 12 2096','Tue Oct 24 2113','Virtuous Redditor') ;
INSERT INTO workperiod values('solid-back@sympatico.io', '67', 'Wed Oct 07 2093','Thu Sep 25 2110','Professional Mindmap Designer') ;
INSERT INTO workperiod values('haloed-reason@yahoo.us', '65', 'Sun Sep 16 2108','Thu Mar 06 2132','Legend Thinker of Free Code') ;
INSERT INTO workperiod values('thriving-arm@yahoo.io', '63', 'Sat Aug 15 2071','Sat Feb 06 2100','Coolest Web Experience Manager') ;
INSERT INTO workperiod values('rampant-thunder@gmail.io', '89', 'Thu Jan 19 2017','Thu Mar 17 2033','Evolutionary Happiness Officer') ;
INSERT INTO workperiod values('ossified-scarf@sympatico.co', '58', 'Thu Aug 04 2112','Fri Sep 18 2122','Informal CSS-managing-system Developer') ;
INSERT INTO workperiod values('ossified-scarf@sympatico.co', '54', 'Mon Mar 04 2019','Tue Jan 15 2036','National Variables Lord Master') ;
INSERT INTO workperiod values('aspiring-bells@yahoo.io', '69', 'Thu Apr 18 2115','Thu Aug 30 2136','Creative Rapid Prototype Developer') ;
/* Script generated Thu Feb 23 2017 19:41:39 GMT-0500 (Eastern Standard Time)*/

INSERT INTO studyperiod values('different-step@gmail.net', '31', 'Sun Mar 25 2018','Fri Feb 28 2020','Cegep Diploma') ;
INSERT INTO studyperiod values('short-mailbox@gmail.uk', '100', 'Tue Mar 11 2053','Mon Jan 12 2060','Master degree') ;
INSERT INTO studyperiod values('harsh-porter@videotron.ca', '90', 'Thu Oct 28 2077','Fri Jul 05 2080','Secondary school diploma') ;
INSERT INTO studyperiod values('square-alarm@sympatico.ca', '20', 'Fri Jun 04 2100','Tue Nov 05 2109','Bachelor degree') ;
INSERT INTO studyperiod values('repulsive-pail@videotron.net', '6', 'Sat Mar 27 2027','Wed Mar 24 2032','Doctorate') ;
INSERT INTO studyperiod values('ratty-representative@sympatico.com', '66', 'Wed Aug 15 2046','Mon Nov 01 2049','Master degree') ;
INSERT INTO studyperiod values('alluring-icicle@gmail.co', '57', 'Sat Jul 18 2065','Thu Oct 06 2072','Some postsecondary education') ;
INSERT INTO studyperiod values('kaput-cook@sympatico.us', '20', 'Fri Jan 06 2068','Sun Jul 29 2074','Less than secondary school graduation') ;
INSERT INTO studyperiod values('nosy-wave@yahoo.uk', '95', 'Thu Mar 01 2018','Sat Feb 06 2021','Some postsecondary education') ;
INSERT INTO studyperiod values('punchy-position@yahoo.com', '17', 'Sun Apr 07 2058','Mon Aug 10 2065','Bachelor degree') ;
INSERT INTO studyperiod values('abstracted-note@icloud.us', '73', 'Tue Dec 24 2058','Sun Mar 08 2065','Master degree') ;
INSERT INTO studyperiod values('furtive-canvas@hotmail.com', '71', 'Fri Sep 28 2114','Mon Jan 24 2124','Some postsecondary education') ;
INSERT INTO studyperiod values('scared-action@hotmail.ca', '86', 'Fri Nov 12 2088','Mon Dec 19 2089','Some postsecondary education') ;
INSERT INTO studyperiod values('five-vase@sympatico.com', '78', 'Sun Feb 19 2096','Tue Feb 12 2097','Master degree') ;
INSERT INTO studyperiod values('mammoth-stocking@icloud.net', '60', 'Wed Aug 23 2017','Sat Mar 24 2018','Cegep Diploma') ;
INSERT INTO studyperiod values('nauseating-song@sympatico.com', '14', 'Sun Sep 29 2097','Wed Jul 16 2104','Cegep Diploma') ;
INSERT INTO studyperiod values('jumbled-wash@yahoo.ca', '15', 'Fri Dec 23 2050','Wed Dec 05 2057','Some postsecondary education') ;
INSERT INTO studyperiod values('haloed-reason@yahoo.us', '71', 'Sun Nov 09 2081','Fri Oct 30 2082','Less than secondary school graduation') ;
INSERT INTO studyperiod values('scarce-rifle@icloud.ca', '37', 'Wed May 14 2036','Thu Jul 04 2041','Some postsecondary education') ;
INSERT INTO studyperiod values('maddening-basketball@yahoo.co', '99', 'Mon Aug 24 2071','Mon Nov 25 2075','Cegep Diploma') ;
INSERT INTO studyperiod values('redundant-laugh@sympatico.ca', '35', 'Wed May 13 2043','Tue Feb 16 2049','Some postsecondary education') ;
INSERT INTO studyperiod values('rampant-thunder@gmail.io', '100', 'Mon Oct 13 2064','Sat Sep 16 2073','Doctorate') ;
INSERT INTO studyperiod values('max-harbor@gmail.uk', '34', 'Fri Jun 27 2064','Sat Aug 10 2069','Some postsecondary education') ;
INSERT INTO studyperiod values('crowded-death@hotmail.net', '81', 'Mon May 11 2076','Mon Dec 31 2085','Less than secondary school graduation') ;
INSERT INTO studyperiod values('gorgeous-sugar@sympatico.io', '20', 'Sun Jul 31 2022','Fri May 16 2025','Secondary school diploma') ;
INSERT INTO studyperiod values('rampant-thunder@gmail.io', '1', 'Wed Sep 18 2024','Thu Jun 28 2029','Cegep Diploma') ;
INSERT INTO studyperiod values('showy-clam@videotron.uk', '6', 'Wed Nov 21 2029','Thu Jun 30 2033','Master degree') ;
INSERT INTO studyperiod values('perpetual-rabbits@videotron.com', '99', 'Fri Mar 27 2054','Wed Jul 24 2058','Master degree') ;
INSERT INTO studyperiod values('redundant-laugh@sympatico.ca', '95', 'Sun Sep 22 2109','Sat Mar 04 2119','Master degree') ;
INSERT INTO studyperiod values('moaning-plant@gmail.fr', '14', 'Tue Jan 05 2021','Tue Jun 05 2029','Some postsecondary education') ;
INSERT INTO studyperiod values('furtive-canvas@hotmail.com', '20', 'Fri Sep 23 2061','Tue Oct 20 2065','Cegep Diploma') ;
INSERT INTO studyperiod values('repulsive-pail@videotron.net', '52', 'Mon Jan 12 2105','Sat Mar 24 2108','Some postsecondary education') ;
INSERT INTO studyperiod values('trashy-board@videotron.fr', '87', 'Thu Jul 16 2116','Mon Apr 06 2122','Cegep Diploma') ;
INSERT INTO studyperiod values('brash-pin@hotmail.com', '64', 'Sun Nov 29 2116','Sat Jun 04 2118','Some postsecondary education') ;
INSERT INTO studyperiod values('maddening-basketball@yahoo.co', '98', 'Thu Aug 14 2092','Thu Feb 04 2100','Master degree') ;
INSERT INTO studyperiod values('ludicrous-authority@videotron.fr', '88', 'Fri Sep 08 2017','Fri Mar 13 2026','Bachelor degree') ;
INSERT INTO studyperiod values('solid-back@sympatico.io', '66', 'Fri Sep 24 2049','Tue Mar 25 2059','Some postsecondary education') ;
INSERT INTO studyperiod values('different-step@gmail.net', '84', 'Mon Sep 14 2082','Sun Dec 16 2091','Bachelor degree') ;
INSERT INTO studyperiod values('spotted-deer@yahoo.io', '37', 'Thu Feb 09 2090','Tue Feb 12 2097','Cegep Diploma') ;
INSERT INTO studyperiod values('nauseating-song@sympatico.com', '35', 'Sun Aug 27 2017','Tue Oct 18 2022','Less than secondary school graduation') ;
INSERT INTO studyperiod values('rotten-front@videotron.io', '98', 'Thu May 05 2072','Fri May 31 2080','Doctorate') ;
INSERT INTO studyperiod values('devilish-coast@me.net', '6', 'Fri May 02 2110','Sat Apr 23 2112','Cegep Diploma') ;
INSERT INTO studyperiod values('honest-suggestion@sympatico.uk', '86', 'Sun Sep 12 2060','Mon Apr 14 2070','Master degree') ;
INSERT INTO studyperiod values('five-vase@sympatico.com', '70', 'Tue Dec 15 2020','Thu Oct 27 2022','Bachelor degree') ;
INSERT INTO studyperiod values('elastic-loss@gmail.com', '98', 'Tue Dec 08 2076','Sat Jul 25 2082','Secondary school diploma') ;
INSERT INTO studyperiod values('honest-suggestion@sympatico.uk', '66', 'Mon Apr 07 2081','Sat Mar 03 2091','Cegep Diploma') ;
INSERT INTO studyperiod values('hurried-coal@icloud.io', '44', 'Tue Sep 21 2106','Thu Dec 26 2115','Master degree') ;
INSERT INTO studyperiod values('ratty-representative@sympatico.com', '87', 'Sun Dec 03 2062','Sun May 01 2072','Bachelor degree') ;
INSERT INTO studyperiod values('violent-advertisement@yahoo.us', '1', 'Fri Mar 14 2036','Sun Jan 18 2043','Secondary school diploma') ;
INSERT INTO studyperiod values('showy-clam@videotron.uk', '31', 'Sat Sep 03 2107','Wed Sep 14 2112','Master degree') ;
INSERT INTO studyperiod values('abstracted-note@icloud.us', '1', 'Fri Sep 01 2079','Mon Nov 29 2083','Doctorate') ;
INSERT INTO studyperiod values('nosy-wave@yahoo.uk', '60', 'Mon Oct 25 2021','Mon Jun 02 2031','Some postsecondary education') ;
INSERT INTO studyperiod values('rampant-thunder@gmail.io', '88', 'Wed Dec 17 2070','Thu Sep 17 2071','Cegep Diploma') ;
INSERT INTO studyperiod values('icky-crowd@mac.ca', '23', 'Sat Jul 30 2112','Sun Mar 22 2116','Secondary school diploma') ;
INSERT INTO studyperiod values('melodic-fruit@hotmail.io', '100', 'Tue May 21 2047','Thu May 28 2054','Master degree') ;
INSERT INTO studyperiod values('holistic-club@mac.com', '2', 'Sun Sep 04 2022','Mon Mar 22 2027','Master degree') ;
INSERT INTO studyperiod values('aspiring-bells@yahoo.io', '52', 'Sun Oct 31 2021','Thu Aug 17 2023','Doctorate') ;
INSERT INTO studyperiod values('maddening-basketball@yahoo.co', '95', 'Sun Sep 13 2037','Mon Dec 03 2040','Less than secondary school graduation') ;
INSERT INTO studyperiod values('elegant-suggestion@hotmail.ca', '4', 'Mon Jul 30 2085','Sat Dec 11 2088','Master degree') ;
INSERT INTO studyperiod values('repulsive-pail@videotron.net', '88', 'Mon Apr 23 2096','Thu Jan 01 2099','Master degree') ;
INSERT INTO studyperiod values('naughty-balance@mac.io', '95', 'Tue Jul 02 2080','Fri Aug 14 2082','Cegep Diploma') ;
INSERT INTO studyperiod values('the-toothpaste@mac.io', '88', 'Sun Dec 14 2036','Thu Sep 24 2037','Bachelor degree') ;
INSERT INTO studyperiod values('spotted-deer@yahoo.io', '32', 'Thu Dec 29 2067','Thu Nov 06 2070','Secondary school diploma') ;
INSERT INTO studyperiod values('abstracted-note@icloud.us', '33', 'Mon Mar 22 2038','Fri Feb 22 2041','Doctorate') ;
INSERT INTO studyperiod values('short-mailbox@gmail.uk', '45', 'Sun Sep 16 2068','Wed Apr 14 2077','Secondary school diploma') ;
INSERT INTO studyperiod values('crowded-death@hotmail.net', '38', 'Thu Sep 11 2081','Sun Apr 03 2089','Cegep Diploma') ;
INSERT INTO studyperiod values('solid-back@sympatico.io', '86', 'Tue Jan 21 2053','Fri Aug 13 2055','Cegep Diploma') ;
INSERT INTO studyperiod values('sneaky-sense@yahoo.com', '100', 'Thu Mar 01 2074','Sun Apr 23 2084','Secondary school diploma') ;
INSERT INTO studyperiod values('greasy-ground@mac.co', '100', 'Wed Feb 06 2036','Tue Jun 27 2045','Some postsecondary education') ;
INSERT INTO studyperiod values('eminent-dock@yahoo.io', '52', 'Fri Jan 22 2021','Wed Nov 24 2027','Cegep Diploma') ;
INSERT INTO studyperiod values('hurried-coal@icloud.io', '100', 'Fri Jan 13 2034','Fri Oct 02 2043','Doctorate') ;
INSERT INTO studyperiod values('past-bulb@yahoo.co', '45', 'Sat Jun 27 2099','Tue Nov 10 2105','Master degree') ;
INSERT INTO studyperiod values('obese-trousers@me.ca', '46', 'Thu Apr 12 2108','Mon May 06 2115','Cegep Diploma') ;
INSERT INTO studyperiod values('lying-pencil@mac.io', '57', 'Wed Dec 23 2111','Fri Jun 03 2112','Master degree') ;
INSERT INTO studyperiod values('giddy-cent@hotmail.ca', '2', 'Sun Feb 15 2105','Tue Oct 21 2110','Doctorate') ;
INSERT INTO studyperiod values('square-alarm@sympatico.ca', '17', 'Mon Jan 04 2049','Mon Apr 02 2057','Master degree') ;
INSERT INTO studyperiod values('jumbled-wash@yahoo.ca', '32', 'Sun Oct 07 2114','Thu Sep 17 2122','Doctorate') ;
INSERT INTO studyperiod values('melodic-fruit@hotmail.io', '87', 'Tue Jul 22 2025','Mon Sep 14 2026','Cegep Diploma') ;
INSERT INTO studyperiod values('romantic-match@yahoo.ca', '37', 'Sat Feb 17 2091','Thu Apr 07 2095','Doctorate') ;
INSERT INTO studyperiod values('different-step@gmail.net', '35', 'Mon Dec 24 2018','Thu Jul 20 2023','Secondary school diploma') ;
INSERT INTO studyperiod values('sophisticated-dad@mac.fr', '15', 'Wed Apr 06 2044','Thu Jan 02 2048','Secondary school diploma') ;
INSERT INTO studyperiod values('amazing-yarn@mac.ca', '21', 'Mon Sep 21 2116','Wed Oct 20 2117','Bachelor degree') ;
INSERT INTO studyperiod values('endurable-giants@yahoo.com', '98', 'Wed Mar 28 2035','Sat Aug 15 2043','Bachelor degree') ;
INSERT INTO studyperiod values('thoughtless-respect@sympatico.fr', '95', 'Sun Oct 25 2026','Sun Nov 16 2036','Some postsecondary education') ;
INSERT INTO studyperiod values('scared-action@hotmail.ca', '100', 'Thu Jan 07 2117','Sat Aug 26 2119','Doctorate') ;
INSERT INTO studyperiod values('holistic-club@mac.com', '57', 'Tue Aug 04 2065','Thu Aug 15 2069','Some postsecondary education') ;
INSERT INTO studyperiod values('tacky-driving@icloud.us', '1', 'Mon Nov 20 2062','Mon Mar 07 2072','Secondary school diploma') ;
INSERT INTO studyperiod values('thoughtless-respect@sympatico.fr', '87', 'Fri Nov 04 2107','Thu Apr 18 2115','Master degree') ;
INSERT INTO studyperiod values('past-bulb@yahoo.co', '52', 'Tue May 01 2108','Wed Sep 16 2111','Master degree') ;
INSERT INTO studyperiod values('different-step@gmail.net', '15', 'Mon Jan 31 2028','Thu Aug 23 2029','Secondary school diploma') ;
INSERT INTO studyperiod values('trashy-board@videotron.fr', '73', 'Tue Jan 28 2048','Sun Sep 17 2051','Less than secondary school graduation') ;
INSERT INTO studyperiod values('untidy-notebook@videotron.uk', '35', 'Fri Aug 26 2067','Sat Sep 09 2073','Bachelor degree') ;
INSERT INTO studyperiod values('endurable-giants@yahoo.com', '46', 'Wed Dec 18 2080','Tue Aug 05 2087','Doctorate') ;
INSERT INTO studyperiod values('haloed-reason@yahoo.us', '4', 'Wed Feb 06 2097','Sun Dec 23 2103','Master degree') ;
INSERT INTO studyperiod values('nauseating-song@sympatico.com', '34', 'Sun Aug 02 2054','Fri Sep 23 2061','Secondary school diploma') ;
INSERT INTO studyperiod values('spotted-deer@yahoo.io', '90', 'Sun Apr 24 2072','Mon Jan 16 2079','Cegep Diploma') ;
INSERT INTO studyperiod values('mindless-wave@icloud.fr', '98', 'Sat Jul 05 2031','Wed Mar 25 2037','Less than secondary school graduation') ;
INSERT INTO studyperiod values('maddening-basketball@yahoo.co', '14', 'Tue Jan 06 2088','Tue May 20 2092','Some postsecondary education') ;
INSERT INTO studyperiod values('fast-bikes@gmail.fr', '88', 'Wed Jun 19 2052','Tue Feb 17 2054','Some postsecondary education') ;
INSERT INTO studyperiod values('melodic-fruit@hotmail.io', '52', 'Sat Feb 19 2039','Sat Sep 22 2040','Master degree') ;
INSERT INTO studyperiod values('jumbled-wash@yahoo.ca', '1', 'Wed Apr 08 2076','Sun May 10 2082','Some postsecondary education') ;
INSERT INTO studyperiod values('five-vase@sympatico.com', '87', 'Tue Feb 18 2025','Wed Jan 22 2031','Secondary school diploma') ;
INSERT INTO studyperiod values('primo-coast@sympatico.uk', '35', 'Mon Jan 26 2043','Mon Aug 30 2049','Secondary school diploma') ;
INSERT INTO studyperiod values('punchy-position@yahoo.com', '17', 'Mon Apr 02 2063','Tue Jan 28 2070','Bachelor degree') ;
INSERT INTO studyperiod values('hushed-seashore@yahoo.uk', '17', 'Sat Mar 21 2026','Tue May 15 2035','Secondary school diploma') ;
INSERT INTO studyperiod values('mundane-condition@gmail.us', '34', 'Sun Aug 24 2104','Thu Sep 29 2112','Master degree') ;
INSERT INTO studyperiod values('fanatical-visitor@videotron.net', '100', 'Sat May 27 2102','Fri Sep 28 2103','Some postsecondary education') ;
INSERT INTO studyperiod values('giddy-cent@hotmail.ca', '11', 'Mon Aug 09 2027','Fri Apr 17 2037','Doctorate') ;
INSERT INTO studyperiod values('mundane-condition@gmail.us', '81', 'Mon May 29 2073','Fri Nov 12 2083','Doctorate') ;
INSERT INTO studyperiod values('eminent-dock@yahoo.io', '90', 'Tue Sep 20 2033','Fri Nov 21 2036','Less than secondary school graduation') ;
INSERT INTO studyperiod values('aspiring-bells@yahoo.io', '70', 'Tue Mar 21 2073','Tue Sep 12 2079','Some postsecondary education') ;
INSERT INTO studyperiod values('endurable-giants@yahoo.com', '33', 'Tue Dec 22 2111','Sat Dec 07 2115','Cegep Diploma') ;
INSERT INTO studyperiod values('honest-suggestion@sympatico.uk', '15', 'Mon May 13 2097','Mon Feb 09 2105','Less than secondary school graduation') ;
INSERT INTO studyperiod values('snappy-sack@sympatico.fr', '6', 'Fri Aug 16 2109','Fri Nov 16 2114','Less than secondary school graduation') ;
INSERT INTO studyperiod values('hulking-rainstorm@gmail.co', '88', 'Mon Jan 18 2112','Tue Jul 11 2119','Bachelor degree') ;
INSERT INTO studyperiod values('thriving-arm@yahoo.io', '78', 'Thu Aug 22 2109','Mon Jan 17 2118','Doctorate') ;
INSERT INTO studyperiod values('jumbled-wash@yahoo.ca', '87', 'Sun Oct 05 2104','Sun Aug 16 2111','Less than secondary school graduation') ;
INSERT INTO studyperiod values('mundane-condition@gmail.us', '31', 'Sun Apr 14 2041','Tue May 25 2049','Some postsecondary education') ;
INSERT INTO studyperiod values('gorgeous-sugar@sympatico.io', '21', 'Sun May 21 2073','Wed May 05 2083','Bachelor degree') ;
INSERT INTO studyperiod values('spotted-deer@yahoo.io', '11', 'Tue Jan 15 2097','Fri Jul 31 2099','Master degree') ;
INSERT INTO studyperiod values('giddy-cent@hotmail.ca', '78', 'Fri Aug 19 2107','Sun Dec 19 2117','Some postsecondary education') ;
INSERT INTO studyperiod values('giddy-cent@hotmail.ca', '96', 'Fri Jul 25 2104','Tue Jun 12 2108','Doctorate') ;
INSERT INTO studyperiod values('secret-eyes@icloud.us', '32', 'Sat Sep 22 2096','Sat Apr 01 2102','Bachelor degree') ;
INSERT INTO studyperiod values('greasy-ground@mac.co', '35', 'Fri Apr 21 2062','Tue Aug 28 2063','Bachelor degree') ;
INSERT INTO studyperiod values('the-toothpaste@mac.io', '71', 'Sat Jun 14 2042','Fri May 22 2048','Master degree') ;
INSERT INTO studyperiod values('hulking-rainstorm@gmail.co', '35', 'Wed Apr 10 2097','Sat Jul 09 2101','Some postsecondary education') ;
INSERT INTO studyperiod values('rotten-front@videotron.io', '52', 'Wed Mar 06 2097','Sun Mar 29 2099','Less than secondary school graduation') ;
INSERT INTO studyperiod values('showy-clam@videotron.uk', '90', 'Thu Nov 10 2101','Thu Jan 29 2105','Master degree') ;
INSERT INTO studyperiod values('past-bulb@yahoo.co', '23', 'Mon Sep 09 2058','Sun Mar 16 2064','Master degree') ;
INSERT INTO studyperiod values('primo-coast@sympatico.uk', '38', 'Wed May 29 2041','Sat Nov 11 2045','Bachelor degree') ;
INSERT INTO studyperiod values('jazzed-queen@gmail.fr', '57', 'Sun Mar 27 2078','Thu Jul 13 2079','Cegep Diploma') ;
INSERT INTO studyperiod values('futuristic-frog@sympatico.co', '84', 'Wed Mar 08 2023','Sun Dec 12 2027','Secondary school diploma') ;
INSERT INTO studyperiod values('elastic-loss@gmail.com', '81', 'Mon Jun 10 2109','Tue Jan 08 2115','Master degree') ;
INSERT INTO studyperiod values('endurable-giants@yahoo.com', '100', 'Sun Nov 06 2078','Wed Sep 30 2082','Cegep Diploma') ;
INSERT INTO studyperiod values('greasy-ground@mac.co', '17', 'Thu May 17 2114','Sat Dec 28 2115','Less than secondary school graduation') ;
INSERT INTO studyperiod values('romantic-match@yahoo.ca', '73', 'Sun Oct 10 2027','Tue May 21 2030','Bachelor degree') ;
INSERT INTO studyperiod values('eminent-dock@yahoo.io', '95', 'Sun Apr 26 2043','Sat Oct 07 2045','Doctorate') ;
INSERT INTO studyperiod values('maddening-basketball@yahoo.co', '98', 'Fri Mar 12 2083','Wed Nov 06 2086','Secondary school diploma') ;
INSERT INTO studyperiod values('kaput-cook@sympatico.us', '38', 'Tue Aug 29 2079','Wed Jul 30 2087','Less than secondary school graduation') ;
INSERT INTO studyperiod values('gnarly-number@mac.net', '70', 'Mon Dec 04 2073','Thu Apr 01 2083','Secondary school diploma') ;
INSERT INTO studyperiod values('different-step@gmail.net', '14', 'Tue Apr 17 2108','Mon Aug 15 2112','Master degree') ;
INSERT INTO studyperiod values('moaning-plant@gmail.fr', '1', 'Fri Sep 21 2035','Sun Mar 19 2045','Bachelor degree') ;
INSERT INTO studyperiod values('thoughtless-respect@sympatico.fr', '99', 'Fri Aug 26 2067','Sun Nov 23 2070','Cegep Diploma') ;
INSERT INTO studyperiod values('sneaky-sense@yahoo.com', '73', 'Mon May 15 2113','Thu Nov 05 2122','Some postsecondary education') ;
INSERT INTO studyperiod values('showy-clam@videotron.uk', '6', 'Thu Nov 16 2051','Sun Nov 24 2058','Master degree') ;
INSERT INTO studyperiod values('mundane-condition@gmail.us', '84', 'Thu Apr 12 2046','Sat May 20 2056','Bachelor degree') ;
INSERT INTO studyperiod values('dear-hands@mac.io', '98', 'Mon Dec 11 2056','Sat Sep 16 2062','Some postsecondary education') ;
INSERT INTO studyperiod values('solid-back@sympatico.io', '39', 'Thu Dec 16 2021','Fri Sep 29 2028','Secondary school diploma') ;
INSERT INTO studyperiod values('untidy-notebook@videotron.uk', '99', 'Fri Feb 05 2117','Sun Feb 17 2126','Doctorate') ;
INSERT INTO studyperiod values('jazzed-queen@gmail.fr', '2', 'Wed Jun 19 2052','Mon Mar 28 2061','Some postsecondary education') ;

SELECT setval('comment_cid_seq', (SELECT MAX(cid) FROM Comment));
SELECT setval('conversation_convo_id_seq', (SELECT MAX(convo_id) FROM Conversation));
SELECT setval('message_msg_id_seq', (SELECT MAX(msg_id) FROM Message));
SELECT setval('organization_org_id_seq', (SELECT MAX(org_id) FROM Organization));
SELECT setval('post_pid_seq', (SELECT MAX(pid) FROM Post));
SELECT setval('wall_wall_id_seq', (SELECT MAX(wall_id) FROM Wall));
